Time,Latitude,Longitude,LLH,CorrectedLLH
512164684.9496639,-25.117617,34.498551,11.0395,10.9706
512164685.0005993,-25.114624,34.497786,11.0768,11.0079
512164685.05153394,-25.111629999999998,34.497022,11.1191,11.0502
512164685.1024694,-25.108636999999998,34.496257,11.1483,11.0794
512164685.1534049,-25.105643,34.495492999999996,11.0967,11.0278
512164685.20434046,-25.10265,34.494729,11.1347,11.0658
512164685.2552759,-25.099657,34.493964,11.0524,10.9835
512164685.3062115,-25.096663,34.4932,11.0566,10.9878
512164685.3571469,-25.09367,34.492436,11.0766,11.0077
512164685.4080825,-25.090676,34.491671,11.0802,11.0114
512164685.459018,-25.087683,34.490907,11.0591,10.9902
512164685.5099532,-25.084688999999997,34.490142999999996,11.0181,10.9493
512164685.56088877,-25.081695999999997,34.489379,11.0599,10.9911
512164685.6118243,-25.078702,34.488614999999996,11.0558,10.9870
512164685.6627598,-25.075709,34.487851,10.9736,10.9048
512164685.7136953,-25.072715,34.487086,11.1706,11.1017
512164685.7646308,-25.069722,34.486322,11.0961,11.0273
512164685.81556624,-25.066727999999998,34.485558,11.0241,10.9552
512164685.8665018,-25.063734999999998,34.484794,10.9043,10.8355
512164685.91743726,-25.060741,34.48403,11.0150,10.9462
512164685.9683728,-25.057748,34.483266,11.0054,10.9366
512164686.01930827,-25.054754,34.482502,10.9181,10.8493
512164686.0702447,-25.051761,34.481738,11.0156,10.9468
512164686.12118024,-25.048766999999998,34.480975,10.9632,10.8944
512164686.17211574,-25.045773999999998,34.480211,10.9700,10.9012
512164686.22305125,-25.04278,34.479447,11.0060,10.9372
512164686.2739868,-25.039787,34.478683,10.9402,10.8714
512164686.32492226,-25.036793,34.477919,10.8919,10.8231
512164686.37585783,-25.0338,34.477156,11.0005,10.9317
512164686.42679334,-25.030806,34.476392,10.9909,10.9221
512164686.4777288,-25.027813,34.475628,10.9766,10.9078
512164686.52866435,-25.024818999999997,34.474864,10.8723,10.8035
512164686.5795998,-25.021825999999997,34.474101,10.8444,10.7756
512164686.63053536,-25.018832,34.473337,10.8989,10.8301
512164686.6814709,-25.015838,34.472574,10.8816,10.8128
512164686.7324064,-25.012845,34.47181,10.9116,10.8428
512164686.7833419,-25.009850999999998,34.471046,10.8436,10.7748
512164686.83427733,-25.006857999999998,34.470282999999995,10.7927,10.7239
512164686.8852129,-25.003864,34.469519,10.8769,10.8081
512164686.93614835,-25.000871,34.468756,10.8910,10.8222
512164686.9870838,-24.997877,34.467993,10.7052,10.6364
512164687.0380182,-24.994884,34.467228999999996,10.9137,10.8449
512164687.0889537,-24.991889999999998,34.466466,10.9226,10.8538
512164687.1398892,-24.988896,34.465702,10.7856,10.7168
512164687.1908245,-24.985903,34.464939,10.7702,10.7014
512164687.24175996,-24.982909,34.464176,10.8033,10.7345
512164687.2926955,-24.979916,34.463412999999996,10.8133,10.7445
512164687.3436309,-24.976922,34.462649,10.7672,10.6984
512164687.3945665,-24.973927999999997,34.461886,10.8009,10.7321
512164687.445502,-24.970934999999997,34.461123,10.8138,10.7450
512164687.4964375,-24.967941,34.46036,10.6445,10.5757
512164687.547373,-24.964948,34.459596999999995,10.8843,10.8155
512164687.59830844,-24.961954,34.458833,10.8911,10.8223
512164687.649244,-24.958959999999998,34.45807,10.8996,10.8308
512164687.7001795,-24.955966999999998,34.457307,10.8552,10.7864
512164687.751115,-24.952973,34.456544,10.7808,10.7120
512164687.80205053,-24.949979,34.455781,10.7301,10.6613
512164687.8529861,-24.946986,34.455017999999995,10.8086,10.7398
512164687.90392154,-24.943991999999998,34.454254999999996,10.7757,10.7069
512164687.9548571,-24.940998,34.453492,10.7801,10.7113
512164688.0057926,-24.938005,34.452729,10.7075,10.6387
512164688.05672914,-24.935011,34.451966999999996,10.6934,10.6246
512164688.10766464,-24.932017,34.451204,10.7929,10.7241
512164688.1586001,-24.929024,34.450441,10.7896,10.7208
512164688.20953566,-24.926029999999997,34.449678,10.8390,10.7701
512164688.2604711,-24.923036,34.448915,10.7069,10.6380
512164688.3114067,-24.920043,34.448153,10.6694,10.6005
512164688.3623421,-24.917049,34.44739,10.7058,10.6369
512164688.4132777,-24.914054999999998,34.446627,10.7668,10.6979
512164688.46421313,-24.911061999999998,34.445864,10.4406,10.3717
512164688.51514864,-24.908068,34.445102,10.1986,10.1297
512164688.56608415,-24.905074,34.444339,8.3541,8.2852
512164688.61701965,-24.902081,34.443577,8.7743,8.7053
512164689.43198663,-24.854181,34.431379,11.9058,11.8363
512164690.85818154,-24.770353999999998,34.410049,-50.0235,-50.0948
512164690.909117,-24.76736,34.409287,-46.9449,-47.0163
512164690.96005255,-24.764366,34.408526,-44.2990,-44.3704
512164691.01098806,-24.761371999999998,34.407765,-42.3744,-42.4459
512164691.7750194,-24.716464,34.396347,-36.2759,-36.3476
512164691.8259549,-24.713469999999997,34.395586,-39.0665,-39.1381
512164691.8768904,-24.710476,34.394825,-36.6579,-36.7296
512164691.927826,-24.707482,34.394065,-40.0527,-40.1244
512164691.97876143,-24.704487999999998,34.393304,-38.4914,-38.5631
512164692.02969795,-24.701494,34.392542999999996,-40.7337,-40.8054
512164692.08063346,-24.6985,34.391782,-41.0271,-41.0988
512164692.1315689,-24.695505999999998,34.391020999999995,-40.2401,-40.3118
512164692.1825045,-24.692511999999997,34.390260999999995,-41.2058,-41.2774
512164692.2334399,-24.689518,34.3895,-44.6162,-44.6879
512164692.2843755,-24.686524,34.388739,-45.4318,-45.5034
512164693.36545396,-24.622978,34.3726,27.7422,27.6706
512164693.41638947,-24.619984,34.37184,23.3715,23.2999
512164693.772938,-24.599024999999997,34.366519,18.5485,18.4769
512164693.874809,-24.593037,34.365,14.3134,14.2418
512164696.6050565,-24.432541999999998,34.324304999999995,16.9620,16.8905
512164697.0634749,-24.405593999999997,34.317479999999996,29.2299,29.1584
512164697.1144104,-24.402599,34.316722,33.2563,33.1848
512164697.2162814,-24.396611,34.315205,38.9049,38.8334
512164697.2672167,-24.393615999999998,34.314447,30.1395,30.0680
512164697.3181522,-24.390622,34.313689,29.8746,29.8031
512164697.36908776,-24.387628,34.312931,30.3831,30.3116
512164697.7256363,-24.366667,34.307625,29.8653,29.7938
512164699.4065097,-24.26785,34.282627,54.5572,54.4858
512164699.45744514,-24.264855999999998,34.281869,50.9314,50.8600
512164699.50838065,-24.261861,34.281112,49.2576,49.1862
512164699.5593162,-24.258867,34.280355,66.6292,66.5578
512164699.61025167,-24.255872,34.279598,72.9121,72.8407
512164699.66118723,-24.252878,34.278841,73.7810,73.7096
512164699.7121227,-24.249883,34.278084,75.0184,74.9470
512164699.76305795,-24.246889,34.277327,76.4467,76.3753
512164699.8139935,-24.243893999999997,34.276571,76.2755,76.2041
512164699.86492896,-24.2409,34.275814,76.8203,76.7489
512164699.9158645,-24.237904999999998,34.275057,77.7687,77.6973
512164699.9668,-24.234911,34.2743,79.4689,79.3975
512164700.01773554,-24.231916,34.273543,80.3926,80.3212
512164700.0686701,-24.228921999999997,34.272785999999996,81.1791,81.1077
512164700.11960554,-24.225927,34.27203,78.9468,78.8754
512164700.1705411,-24.222932999999998,34.271273,63.1445,63.0731
512164700.22147655,-24.219938,34.270516,63.2729,63.2015
512164700.2724121,-24.216943999999998,34.26976,65.4233,65.3519
512164700.3233476,-24.213949,34.269003,65.8808,65.8094
512164700.476154,-24.204964999999998,34.266732999999995,68.8391,68.7677
512164700.5270896,-24.201971,34.265976,69.6529,69.5815
512164700.57802486,-24.198976,34.26522,70.7531,70.6817
512164700.6289603,-24.195981999999997,34.264463,72.9354,72.8640
512164700.67989594,-24.192987,34.263707,75.9549,75.8835
512164700.7308311,-24.189992,34.262951,82.3493,82.2779
512164700.78176665,-24.186998,34.262194,83.7899,83.7185
512164700.83270216,-24.184003,34.261438,84.7307,84.6593
512164700.88363767,-24.181009,34.260681,84.8972,84.8258
512164700.9345732,-24.178013999999997,34.259924999999996,84.6282,84.5568
512164700.9855086,-24.175019,34.259169,84.7211,84.6497
512164701.0364454,-24.172024999999998,34.258412,84.4893,84.4179
512164701.08738065,-24.16903,34.257656,84.5191,84.4477
512164701.1383162,-24.166034999999997,34.2569,84.3907,84.3193
512164701.18925166,-24.163041,34.256144,84.2981,84.2267
512164701.2401872,-24.160045999999998,34.255387,84.3668,84.2954
512164701.2911227,-24.157052,34.254630999999996,84.3527,84.2813
512164701.34205824,-24.154056999999998,34.253875,84.0811,84.0098
512164701.39299375,-24.151062,34.253119,83.6887,83.6174
512164701.44392926,-24.148068,34.252362999999995,83.5594,83.4880
512164701.8004777,-24.127105,34.247071,84.2713,84.2000
512164701.85141325,-24.124109999999998,34.246314999999996,84.5503,84.4790
512164701.90234876,-24.121116,34.245559,85.3248,85.2535
512164701.95328426,-24.118121,34.244803,86.6727,86.6014
512164702.0042198,-24.115126,34.244047,86.4148,86.3435
512164702.055154,-24.112132,34.243292,87.4209,87.3496
512164702.1060896,-24.109137,34.242536,88.1659,88.0946
512164702.1570251,-24.106142,34.24178,88.2878,88.2165
512164702.20796055,-24.103147999999997,34.241023999999996,86.8843,86.8130
512164702.2588961,-24.100153,34.240269,74.2291,74.1578
512164702.30983156,-24.097158,34.239512999999995,74.0518,73.9805
512164702.5645092,-24.082185,34.235735,78.8859,78.8146
512164702.61544466,-24.07919,34.234978999999996,78.8039,78.7326
512164702.66638017,-24.076195,34.234224,79.1959,79.1246
512164702.7173157,-24.0732,34.233467999999995,79.4502,79.3789
512164702.7682512,-24.070206,34.232713,82.1258,82.0545
512164702.9719932,-24.058227,34.229690999999995,81.4180,81.3467
512164703.0229297,-24.055232,34.228936,81.7083,81.6370
512164703.0738652,-24.052236999999998,34.228181,82.1334,82.0621
512164703.1248006,-24.049242,34.227426,81.8176,81.7463
512164703.1757362,-24.046248,34.22667,82.5967,82.5254
512164703.2266717,-24.043253,34.225915,84.8791,84.8078
512164703.27760714,-24.040257999999998,34.225159999999995,85.2878,85.2165
512164703.3285427,-24.037263,34.224405,85.3385,85.2672
512164703.3794782,-24.034267999999997,34.22365,85.8276,85.7563
512164703.4304135,-24.031274,34.222894,86.0791,86.0078
512164703.481349,-24.028278999999998,34.222139,86.3130,86.2417
512164703.5322845,-24.025284,34.221384,86.5934,86.5221
512164703.58322,-24.022289,34.220628999999995,86.4698,86.3985
512164703.6341555,-24.019294,34.219874,86.3130,86.2417
512164703.685091,-24.016299999999998,34.219119,88.6116,88.5403
512164703.7360265,-24.013305,34.218364,88.4335,88.3622
512164703.7869621,-24.01031,34.217608999999996,91.0569,90.9856
512164703.83789754,-24.007315,34.216854,91.5173,91.4460
512164703.8888331,-24.00432,34.216099,91.6292,91.5579
512164703.93976855,-24.001326,34.215345,91.8621,91.7908
512164703.9907041,-23.998331,34.21459,92.0507,91.9794
512164704.0416384,-23.995335999999998,34.213834999999996,92.2191,92.1478
512164704.0925739,-23.992341,34.21308,92.3282,92.2569
512164704.14350945,-23.989345999999998,34.212325,92.7521,92.6809
512164704.1944449,-23.986351,34.211571,92.9603,92.8890
512164704.2453804,-23.983356999999998,34.210816,92.9411,92.8698
512164704.2963159,-23.980362,34.210060999999996,93.3159,93.2446
512164704.3472514,-23.977366999999997,34.209306,93.7104,93.6391
512164704.3981869,-23.974372,34.208552,94.2262,94.1550
512164704.4491224,-23.971377,34.207797,95.0726,95.0013
512164704.500058,-23.968382,34.207043,95.8529,95.7816
512164704.55099344,-23.965387999999997,34.206288,96.8111,96.7399
512164704.60192895,-23.962393,34.205532999999996,97.5876,97.5163
512164704.6528645,-23.959398,34.204778999999995,98.9281,98.8569
512164704.70379996,-23.956402999999998,34.204024,100.1210,100.0498
512164704.7547355,-23.953408,34.203269999999996,101.4482,101.3770
512164704.805671,-23.950412999999998,34.202515999999996,102.5871,102.5159
512164704.8566064,-23.947418,34.201761,103.6275,103.5562
512164704.90754205,-23.944423,34.201007,104.5309,104.4597
512164704.95847744,-23.941428,34.200252,105.2678,105.1966
512164705.009413,-23.938433999999997,34.199498,105.7735,105.7023
512164705.06034946,-23.935439,34.198744,106.2762,106.2050
512164705.111285,-23.932444,34.197989,106.7510,106.6798
512164705.1622205,-23.929448999999998,34.197235,108.5956,108.5244
512164705.213156,-23.926454,34.196481,109.2169,109.1457
512164705.2640915,-23.923458999999998,34.195727,107.5642,107.4930
512164705.315027,-23.920464,34.194972,107.8095,107.7383
512164705.3659625,-23.917469,34.194218,107.9277,107.8565
512164705.416898,-23.914474,34.193464,108.2374,108.1662
512164705.46783334,-23.911479,34.19271,108.6512,108.5800
512164705.5187688,-23.908483999999998,34.191956,109.0536,108.9824
512164705.56970435,-23.905489,34.191202,109.5623,109.4911
512164705.62063956,-23.902493999999997,34.190447999999996,109.9066,109.8354
512164705.67157507,-23.899499,34.189693999999996,110.1426,110.0714
512164705.72251064,-23.896504,34.188939999999995,110.5410,110.4698
512164705.7734461,-23.89351,34.188186,110.7555,110.6843
512164705.82438165,-23.890515,34.187432,110.8600,110.7888
512164705.8753171,-23.88752,34.186678,111.1758,111.1046
512164705.9262526,-23.884525,34.185924,111.5201,111.4489
512164705.9771881,-23.881529999999998,34.18517,111.8906,111.8194
512164706.02812266,-23.878535,34.184416,112.0500,111.9788
512164706.07905823,-23.875539999999997,34.183662,112.1271,112.0559
512164706.1299937,-23.872545,34.182908999999995,112.4162,112.3450
512164706.18092924,-23.86955,34.182155,112.8812,112.8100
512164706.23186475,-23.866554999999998,34.181401,112.5129,112.4417
512164706.28280014,-23.86356,34.180647,112.6226,112.5514
512164706.33373576,-23.860564999999998,34.179894,112.5886,112.5174
512164706.3846712,-23.85757,34.17914,112.4184,112.3472
512164706.4356064,-23.854575,34.178385999999996,112.4470,112.3758
512164706.48654205,-23.85158,34.177633,111.9777,111.9065
512164706.53747743,-23.848585,34.176879,111.7286,111.6574
512164706.588413,-23.845589999999998,34.176125,111.2176,111.1464
512164706.6393485,-23.842595,34.175371999999996,111.0011,110.9299
512164706.690284,-23.839599999999997,34.174617999999995,110.5298,110.4586
512164706.7412195,-23.836605,34.173865,109.9282,109.8570
512164706.84309053,-23.830614999999998,34.172357999999996,109.1519,109.0807
512164707.0468336,-23.818634,34.169343999999995,107.3183,107.2471
512164707.097769,-23.815638999999997,34.168591,106.8460,106.7748
512164707.1487046,-23.812644,34.167837999999996,106.4404,106.3692
512164707.25057554,-23.806653999999998,34.166331,105.9682,105.8970
512164707.30151105,-23.803659,34.165578,105.5958,105.5246
512164707.35244656,-23.800663999999998,34.164825,105.3386,105.2674
512164707.403382,-23.797669,34.164071,105.0920,105.0208
512164707.45431757,-23.794674,34.163318,104.8364,104.7652
512164707.505253,-23.791679,34.162565,104.2813,104.2101
512164707.5561886,-23.788684,34.161812,103.7656,103.6944
512164707.6071241,-23.785688999999998,34.161059,103.5613,103.4901
512164707.6580596,-23.782694,34.160306,103.1393,103.0681
512164707.7089951,-23.779698,34.159552999999995,102.9427,102.8716
512164707.75993055,-23.776702999999998,34.1588,93.7743,93.7032
512164707.8108661,-23.773708,34.158046999999996,94.2274,94.1563
512164707.86180156,-23.770713,34.157294,94.5763,94.5052
512164707.91273713,-23.767718,34.156541,95.5658,95.4947
512164708.1164779,-23.755737999999997,34.153529,93.2897,93.2186
512164708.2183489,-23.749747,34.152024,94.1898,94.1187
512164708.2692845,-23.746751999999997,34.151271,92.2169,92.1458
512164708.32022,-23.743757,34.150518,92.4986,92.4275
512164708.37115544,-23.740762,34.149766,92.4957,92.4246
512164708.422091,-23.737766999999998,34.149013,93.9822,93.9111
512164708.4730265,-23.734772,34.14826,94.2486,94.1775
512164708.523962,-23.731776999999997,34.147508,95.2090,95.1379
512164708.5748975,-23.728780999999998,34.146755,95.8695,95.7984
512164708.6258331,-23.725786,34.146001999999996,96.0020,95.9309
512164708.67676854,-23.722790999999997,34.14525,96.0471,95.9760
512164708.7277041,-23.719796,34.144497,95.7376,95.6665
512164708.77863955,-23.716801,34.143744999999996,95.5491,95.4780
512164708.82957506,-23.713805999999998,34.142992,95.3276,95.2565
512164708.8805106,-23.71081,34.14224,95.1227,95.0516
512164708.9314461,-23.707815,34.141487,95.1040,95.0329
512164708.98238164,-23.704819999999998,34.140735,95.1194,95.0483
512164709.03331804,-23.701825,34.139981999999996,95.2502,95.1791
512164709.0842535,-23.698829999999997,34.13923,95.7420,95.6709
512164709.13518906,-23.695833999999998,34.138478,95.9022,95.8311
512164709.1861245,-23.692839,34.137724999999996,96.5592,96.4881
512164709.23706007,-23.689843999999997,34.136973,96.9017,96.8306
512164709.2879956,-23.686849,34.136221,97.3019,97.2308
512164709.3389311,-23.683854,34.135467999999996,97.4906,97.4196
512164709.3898666,-23.680858,34.134716,97.6163,97.5452
512164709.4408021,-23.677863,34.133964,98.2244,98.1534
512164709.4917376,-23.674868,34.133212,98.7490,98.6780
512164709.5426731,-23.671872999999998,34.13246,99.0664,98.9953
512164709.5936084,-23.668877,34.131707999999996,99.7762,99.7052
512164709.6445439,-23.665882,34.130955,100.2697,100.1986
512164709.69547945,-23.662886999999998,34.130203,100.6483,100.5773
512164709.7464149,-23.659892,34.129450999999996,100.9197,100.8487
512164709.7973504,-23.656896999999997,34.128699,100.9107,100.8396
512164709.8482859,-23.653900999999998,34.127947,99.3732,99.3022
512164709.8992212,-23.650906,34.127195,97.4332,97.3622
512164709.95015675,-23.647911,34.126443,85.8019,85.7309
512164710.0010922,-23.644916,34.125690999999996,86.1256,86.0546
512164710.05202675,-23.64192,34.124939,87.2196,87.1486
512164710.10296226,-23.638925,34.124188,86.3901,86.3191
512164710.15389776,-23.63593,34.123436,87.2872,87.2162
512164710.2048333,-23.632935,34.122684,87.7832,87.7122
512164710.2557688,-23.629939,34.121932,87.9925,87.9215
512164710.30670434,-23.626943999999998,34.121179999999995,88.4182,88.3472
512164710.3576398,-23.623949,34.120428,87.7306,87.6596
512164710.4085753,-23.620953,34.119676999999996,87.5708,87.4998
512164710.4595108,-23.617957999999998,34.118925,87.4160,87.3450
512164710.5104463,-23.614963,34.118173,87.4454,87.3744
512164710.5613819,-23.611967,34.117422,87.1646,87.0936
512164710.61231726,-23.608971999999998,34.11667,87.0021,86.9311
512164710.71418834,-23.602981999999997,34.115167,86.7797,86.7087
512164710.86699456,-23.593996,34.112912,86.2357,86.1647
512164710.91793007,-23.590999999999998,34.112161,86.0766,86.0056
512164710.96886563,-23.588005,34.111409,85.7116,85.6406
512164711.0198011,-23.58501,34.110658,84.8667,84.7957
512164711.07073784,-23.582013999999997,34.109905999999995,84.5826,84.5116
512164711.12167335,-23.579019,34.109155,83.4944,83.4234
512164711.1726086,-23.576024,34.108404,83.3384,83.2674
512164711.2235441,-23.573027999999997,34.107652,83.7990,83.7280
512164711.2744797,-23.570033,34.106901,84.1670,84.0960
512164711.32541513,-23.567038,34.10615,84.1917,84.1207
512164711.37635064,-23.564042,34.105398,84.2425,84.1715
512164711.42728615,-23.561047,34.104647,83.9815,83.9105
512164711.47822165,-23.558051,34.103896,85.8390,85.7680
512164711.5291572,-23.555056,34.103145,86.4426,86.3716
512164711.58009267,-23.552061,34.102393,89.3798,89.3088
512164711.6310281,-23.549065,34.101642,89.4434,89.3724
512164711.6819637,-23.54607,34.100891,89.3115,89.2405
512164711.7328991,-23.543074999999998,34.100139999999996,89.3568,89.2858
512164711.7838347,-23.540079,34.099388999999995,88.6380,88.5670
512164711.83477014,-23.537084,34.098638,88.1215,88.0505
512164711.88570565,-23.534088,34.097887,87.8744,87.8034
512164711.9366412,-23.531093,34.097136,88.2216,88.1506
512164711.98757666,-23.528098,34.096385,85.8874,85.8164
512164712.0385113,-23.525102,34.095634,83.3977,83.3267
512164712.0894468,-23.522107,34.094882999999996,81.2913,81.2203
512164712.14038205,-23.519112,34.094132,83.0589,82.9879
512164712.1913175,-23.516116,34.093381,82.8169,82.7459
512164712.242253,-23.513120999999998,34.09263,83.3967,83.3257
512164712.2931886,-23.510125,34.091879,84.0935,84.0225
512164712.344124,-23.50713,34.091128999999995,84.0213,83.9503
512164712.3950596,-23.504134,34.090378,83.6975,83.6265
512164712.4459951,-23.501139,34.089627,83.4172,83.3462
512164712.4969306,-23.498144,34.088876,83.1189,83.0480
512164712.5478661,-23.495148,34.088125,82.5716,82.5006
512164712.59880155,-23.492153,34.087375,82.3375,82.2666
512164712.6497371,-23.489157,34.086624,81.9315,81.8605
512164712.7006726,-23.486162,34.085873,81.3638,81.2929
512164712.75160813,-23.483166,34.085122999999996,80.6858,80.6149
512164712.80254364,-23.480171,34.084372,80.4061,80.3352
512164712.85347915,-23.477175,34.083622,80.3308,80.2599
512164712.90441465,-23.47418,34.082871,80.7444,80.6735
512164712.95535016,-23.471183999999997,34.082121,80.5104,80.4395
512164713.00628567,-23.468189,34.08137,80.3776,80.3067
512164713.05722207,-23.465193,34.080619999999996,80.2379,80.1670
512164713.10815763,-23.462197999999997,34.079868999999995,78.0762,78.0053
512164713.1590931,-23.459203,34.079119,76.0520,75.9811
512164713.2100286,-23.456207,34.078368,73.1150,73.0441
512164713.26096416,-23.453212,34.077618,76.9101,76.8392
512164713.3118996,-23.450215999999998,34.076867,76.5158,76.4449
512164713.36283517,-23.447221,34.076116999999996,78.5872,78.5163
512164713.4137706,-23.444225,34.075367,76.9723,76.9014
512164713.4647062,-23.441229999999997,34.074616999999996,76.3387,76.2678
512164713.5156417,-23.438233999999998,34.073865999999995,78.2807,78.2098
512164713.56657714,-23.435239,34.073116,81.2652,81.1943
512164713.6175127,-23.432243,34.072365999999995,81.1785,81.1076
512164713.6684482,-23.429247999999998,34.071616,81.2367,81.1658
512164713.7193837,-23.426251999999998,34.070865,81.3301,81.2592
512164713.770319,-23.423256,34.070115,81.6166,81.5457
512164713.8212545,-23.420261,34.069365,81.5406,81.4697
512164713.87219,-23.417265,34.068615,81.6650,81.5941
512164713.92312545,-23.41427,34.067865,81.4040,81.3331
512164713.974061,-23.411274,34.067115,80.8499,80.7790
512164714.02499527,-23.408279,34.066365,80.5249,80.4540
512164714.07593083,-23.405282999999997,34.065615,80.2970,80.2261
512164714.12686634,-23.402288,34.064865,80.0717,80.0008
512164714.1778018,-23.399292,34.064115,79.9355,79.8646
512164714.22873735,-23.396297,34.063365,79.9161,79.8452
512164714.2796728,-23.393300999999997,34.062615,79.9377,79.8668
512164714.33060837,-23.390306,34.061865,80.1389,80.0680
512164714.3815439,-23.38731,34.061115,80.1456,80.0747
512164714.4324794,-23.384314,34.060366,80.2867,80.2158
512164714.4834149,-23.381318999999998,34.059616,80.4313,80.3604
512164714.5343504,-23.378322999999998,34.058866,80.1603,80.0894
512164714.5852859,-23.375328,34.058116,80.1587,80.0878
512164714.6362214,-23.372332,34.057367,79.9883,79.9174
512164714.6871569,-23.369336999999998,34.056616999999996,79.9035,79.8326
512164714.7380924,-23.366341,34.055867,79.8215,79.7506
512164714.789028,-23.363345,34.055116999999996,79.7347,79.6638
512164714.83996344,-23.36035,34.054368,79.7849,79.7140
512164714.89089894,-23.357353999999997,34.053618,79.8257,79.7548
512164714.94183445,-23.354359,34.052869,80.0880,80.0171
512164714.99276996,-23.351363,34.052119,80.0514,79.9805
512164715.0437064,-23.348367,34.051369,80.1239,80.0530
512164715.0946419,-23.345371999999998,34.050619999999995,79.6316,79.5608
512164715.14557743,-23.342375999999998,34.04987,79.6157,79.5448
512164715.19651294,-23.33938,34.049121,79.5117,79.4408
512164715.2474484,-23.336385,34.048372,79.8077,79.7368
512164715.29838395,-23.333389,34.047622,79.4796,79.4088
512164715.34931946,-23.330394,34.046873,79.5198,79.4489
512164715.40025496,-23.327398,34.046123,78.9934,78.9225
512164715.4511905,-23.324402,34.045373999999995,79.3960,79.3252
512164715.5021259,-23.321407,34.044624999999996,80.0225,79.9516
512164715.5530615,-23.318410999999998,34.043875,79.2385,79.1676
512164715.60399675,-23.315414999999998,34.043126,79.9572,79.8864
512164715.65493226,-23.31242,34.042377,79.8240,79.7532
512164715.70586777,-23.309424,34.041627999999996,80.1532,80.0823
512164715.75680333,-23.306428,34.040878,81.0008,80.9300
512164715.8077388,-23.303433,34.040129,81.2205,81.1497
512164715.85867435,-23.300437,34.03938,81.4339,81.3631
512164715.9096098,-23.297441,34.038630999999995,81.4980,81.4271
512164715.96054524,-23.294446,34.037881999999996,81.6417,81.5709
512164716.01148087,-23.291449999999998,34.037133,81.6533,81.5825
512164716.06241536,-23.288453999999998,34.036384,81.9232,81.8524
512164716.1133509,-23.285459,34.035635,81.8900,81.8192
512164716.1642864,-23.282463,34.034886,81.8528,81.7820
512164716.2152219,-23.279467,34.034137,81.6942,81.6234
512164716.2661574,-23.276472,34.033387999999995,81.7836,81.7128
512164716.3170929,-23.273476,34.032638999999996,81.5343,81.4635
512164716.57177013,-23.258497,34.028894,80.4557,80.3849
512164716.6227057,-23.255502,34.028144999999995,80.4514,80.3806
512164716.67364115,-23.252506,34.027397,80.9113,80.8405
512164716.72457665,-23.249509999999997,34.026648,81.4157,81.3449
512164716.7755122,-23.246513999999998,34.025898999999995,81.7143,81.6435
512164716.82644767,-23.243519,34.02515,82.0606,81.9898
512164716.877383,-23.240523,34.024401999999995,82.2287,82.1579
512164716.92831844,-23.237527,34.023652999999996,82.7540,82.6832
512164716.979254,-23.234531,34.022904,82.9613,82.8905
512164717.03019047,-23.231536,34.022155999999995,83.1747,83.1039
512164717.0811259,-23.22854,34.021406999999996,83.1989,83.1281
512164717.1320615,-23.225544,34.020659,83.1896,83.1188
512164717.182997,-23.222548,34.019909999999996,83.4830,83.4122
512164717.2339325,-23.219552999999998,34.019162,83.5048,83.4340
512164717.28486794,-23.216556999999998,34.018412999999995,83.9854,83.9146
512164717.33580357,-23.213561,34.017665,84.2851,84.2143
512164717.38673896,-23.210565,34.016916,84.9151,84.8443
512164717.43767446,-23.20757,34.016168,85.1350,85.0642
512164717.48860997,-23.204573999999997,34.015419,85.3826,85.3118
512164717.5395455,-23.201577999999998,34.014671,85.4724,85.4016
512164717.59048104,-23.198582,34.013923,85.5561,85.4853
512164717.6414165,-23.195586,34.013174,85.6012,85.5304
512164717.692352,-23.192591,34.012426,85.3795,85.3087
512164717.7432875,-23.189595,34.011677999999996,85.3966,85.3258
512164717.794223,-23.186598999999998,34.010929,85.4164,85.3456
512164717.8451586,-23.183602999999998,34.010180999999996,85.5293,85.4585
512164717.896094,-23.180607,34.009433,85.9672,85.8964
512164717.9470296,-23.177611,34.008685,85.9452,85.8744
512164717.9979651,-23.174616,34.007937,85.8935,85.8227
512164718.04889935,-23.171619999999997,34.007189,85.7041,85.6333
512164718.09983486,-23.168623999999998,34.00644,86.1435,86.0727
512164718.15077037,-23.165627999999998,34.005691999999996,86.0111,85.9403
512164718.20170593,-23.162632,34.004944,86.2267,86.1559
512164718.2526414,-23.159637,34.004196,86.7794,86.7087
512164718.3035769,-23.156641,34.003448,87.6456,87.5749
512164718.35451245,-23.153644999999997,34.0027,87.9753,87.9046
512164718.4054479,-23.150648999999998,34.001951999999996,87.9664,87.8957
512164718.45638347,-23.147653,34.001204,87.9455,87.8748
512164718.5073189,-23.144657,34.000456,89.1590,89.0882
512164718.5582545,-23.141662,33.999708,89.4674,89.3966
512164718.60919,-23.138666,33.998961,89.6692,89.5984
512164718.6601255,-23.135669999999998,33.998213,89.8996,89.8288
512164718.711061,-23.132673999999998,33.997465,90.1163,90.0455
512164718.7619965,-23.129678,33.996717,90.2369,90.1662
512164718.812932,-23.126682,33.995968999999995,90.6472,90.5765
512164718.8638675,-23.123686,33.995221,90.6734,90.6027
512164718.914803,-23.12069,33.994474,90.8249,90.7542
512164718.96573853,-23.117694,33.993725999999995,90.4479,90.3772
512164719.016674,-23.114698999999998,33.992978,90.7787,90.7080
512164719.06761044,-23.111703,33.992231,90.8518,90.7811
512164719.11854595,-23.108707,33.991482999999995,91.0949,91.0242
512164719.1694815,-23.105711,33.990735,91.2606,91.1899
512164719.22041696,-23.102715,33.989988,91.6962,91.6255
512164719.2713525,-23.099719,33.989239999999995,91.6268,91.5561
512164719.32228804,-23.096722999999997,33.988493,91.8658,91.7951
512164719.3732235,-23.093726999999998,33.987745,92.1213,92.0506
512164719.42415905,-23.090730999999998,33.986998,92.4368,92.3661
512164719.4750945,-23.087735,33.98625,92.7370,92.6663
512164719.52603006,-23.084739,33.985503,93.0758,93.0051
512164719.5769656,-23.081744,33.984755,93.5280,93.4573
512164719.6279011,-23.078747999999997,33.984007999999996,93.9810,93.9103
512164719.6788366,-23.075751999999998,33.98326,94.1708,94.1001
512164719.7297718,-23.072756,33.982513,94.5774,94.5067
512164719.78070736,-23.06976,33.981766,95.0036,94.9329
512164719.83164287,-23.066764,33.981018,95.3272,95.2565
512164719.8825784,-23.063768,33.980271,95.3459,95.2752
512164719.9335139,-23.060772,33.979524,96.2476,96.1769
512164719.98444915,-23.057776,33.978777,96.0475,95.9768
512164720.0353837,-23.054779999999997,33.978029,96.3045,96.2338
512164720.08631915,-23.051783999999998,33.977281999999995,96.6323,96.5616
512164720.1372547,-23.048788,33.976535,96.9763,96.9056
512164720.1881902,-23.045792,33.975788,97.3967,97.3260
512164720.2391257,-23.042796,33.975041,97.4336,97.3629
512164720.29006124,-23.0398,33.974294,97.6847,97.6140
512164720.3409967,-23.036804,33.973546999999996,98.1826,98.1119
512164720.39193225,-23.033808,33.9728,98.6089,98.5382
512164720.44286776,-23.030811999999997,33.972052999999995,98.7646,98.6939
512164720.49380326,-23.027815999999998,33.971306,98.8170,98.7463
512164720.54473877,-23.02482,33.970559,99.0480,98.9773
512164720.5956742,-23.021824,33.969812,99.3230,99.2523
512164720.6466098,-23.018828,33.969065,99.0101,98.9394
512164720.69754523,-23.015832,33.968318,99.4753,99.4046
512164720.7484808,-23.012836,33.967571,100.1009,100.0302
512164720.79941624,-23.00984,33.966823999999995,100.9187,100.8480
512164720.85035175,-23.006843999999997,33.966077,100.7273,100.6566
512164720.90128726,-23.003847999999998,33.96533,101.8281,101.7574
512164720.9522225,-23.000852,33.964583,102.5378,102.4671
512164721.0031581,-22.997856,33.963837,102.8524,102.7817
512164721.05409473,-22.99486,33.96309,103.1266,103.0559
512164721.1050303,-22.991864,33.962343,103.5584,103.4877
512164721.1559658,-22.988868,33.961596,103.8045,103.7338
512164721.2069013,-22.985872,33.96085,104.2495,104.1788
512164721.2578368,-22.982875999999997,33.960103,104.3581,104.2874
512164721.3087721,-22.979879999999998,33.959357,104.7645,104.6938
512164721.3597076,-22.976884,33.95861,105.0385,104.9678
512164721.4106431,-22.973888,33.957862999999996,105.2022,105.1315
512164721.4615786,-22.970892,33.957117,105.7631,105.6924
512164721.5125141,-22.967896,33.95637,105.8098,105.7391
512164721.5634496,-22.9649,33.955624,106.3886,106.3179
512164721.61438507,-22.961904,33.954876999999996,106.5003,106.4296
512164721.66532063,-22.958907,33.954131,106.8530,106.7823
512164721.7162561,-22.955911,33.953384,107.2339,107.1632
512164721.7671916,-22.952914999999997,33.952638,107.6172,107.5465
512164721.81812716,-22.949918999999998,33.951890999999996,108.5182,108.4475
512164721.8690626,-22.946922999999998,33.951145,108.6750,108.6043
512164721.9199981,-22.943927,33.950399,108.9570,108.8863
512164721.9709336,-22.940931,33.949652,109.5284,109.4577
512164722.0218691,-22.937935,33.948906,109.8011,109.7304
512164722.07280374,-22.934939,33.94816,110.6799,110.6092
512164722.1237392,-22.931943,33.947414,110.8072,110.7365
512164722.1746747,-22.928946999999997,33.946667,111.4199,111.3492
512164722.2256102,-22.925950999999998,33.945921,111.9147,111.8440
512164722.27654546,-22.922954,33.945175,113.5910,113.5203
512164722.32748073,-22.919957999999998,33.944429,113.3466,113.2759
512164722.37841624,-22.916961999999998,33.943683,114.9299,114.8592
512164722.42935175,-22.913966,33.942935999999996,115.2362,115.1655
512164722.48028725,-22.91097,33.94219,115.4019,115.3312
512164722.53122276,-22.907974,33.941444,114.7117,114.6410
512164722.58215827,-22.904978,33.940698,115.7362,115.6655
512164722.6330938,-22.901982,33.939952,117.0977,117.0270
512164722.68402934,-22.898985,33.939206,118.6198,118.5491
512164722.7349648,-22.895989,33.93846,120.2304,120.1597
512164722.78590035,-22.892993,33.937714,120.7909,120.7202
512164722.8368358,-22.889996999999997,33.936968,121.8625,121.7918
512164722.8877713,-22.887000999999998,33.936222,122.9511,122.8804
512164722.9387069,-22.884005,33.935477,124.0097,123.9390
512164722.9896423,-22.881009,33.934731,121.8455,121.7748
512164723.04057884,-22.878012,33.933985,125.7109,125.6402
512164723.09151435,-22.875016,33.933239,123.9298,123.8591
512164723.14244986,-22.87202,33.932493,124.3855,124.3148
512164723.1933853,-22.869024,33.931747,124.2996,124.2289
512164723.24432087,-22.866028,33.931002,126.1745,126.1038
512164723.2952563,-22.863031,33.930256,127.1883,127.1177
512164723.3461918,-22.860035,33.92951,127.4669,127.3962
512164723.3971274,-22.857039,33.928765,127.9157,127.8450
512164723.44806284,-22.854042999999997,33.928019,128.5855,128.5148
512164723.49899834,-22.851046999999998,33.927273,128.8285,128.7579
512164723.54993385,-22.84805,33.926528,129.0513,128.9807
512164723.60086936,-22.845053999999998,33.925782,129.5388,129.4682
512164723.6518049,-22.842057999999998,33.925036999999996,130.2010,130.1303
512164723.7027404,-22.839062,33.924291,131.0093,130.9386
512164723.7536759,-22.836066,33.923545,132.0394,131.9688
512164723.8046114,-22.833069,33.922799999999995,132.7373,132.6667
512164723.8555469,-22.830073,33.922055,133.0422,132.9716
512164723.90648246,-22.827077,33.921309,133.4513,133.3807
512164723.9574179,-22.824081,33.920564,134.3962,134.3255
512164724.0083535,-22.821084,33.919818,134.4774,134.4068
512164724.0592877,-22.818088,33.919073,134.7982,134.7276
512164724.11022323,-22.815092,33.918327999999995,135.7430,135.6724
512164724.16115874,-22.812096,33.917581999999996,136.0522,135.9816
512164724.21209425,-22.809099999999997,33.916837,136.5714,136.5008
512164724.2630298,-22.806103,33.916092,136.9186,136.8480
512164724.31396526,-22.803107,33.915346,137.4050,137.3344
512164724.3649008,-22.800110999999998,33.914601,137.5382,137.4676
512164724.4158361,-22.797114999999998,33.913855999999996,138.0349,137.9643
512164724.46677154,-22.794117999999997,33.913111,138.2518,138.1812
512164724.5177071,-22.791121999999998,33.912366,138.8263,138.7557
512164724.8233202,-22.773144,33.907894999999996,129.4121,129.3415
512164724.87425566,-22.770148,33.90715,129.1970,129.1264
512164724.9251911,-22.767152,33.906405,129.6337,129.5631
512164724.9761267,-22.764155,33.90566,130.1855,130.1149
512164725.0270631,-22.761159,33.904914999999995,129.6815,129.6109
512164725.0779986,-22.758163,33.90417,129.1797,129.1091
512164725.1289341,-22.755166,33.903425,133.3714,133.3008
512164725.1798696,-22.75217,33.90268,134.7286,134.6580
512164725.23080516,-22.749174,33.901936,135.9248,135.8542
512164725.2817406,-22.746178,33.901191,137.1695,137.0990
512164725.3326762,-22.743181,33.900445999999995,138.0250,137.9545
512164725.3836116,-22.740185,33.899701,138.7454,138.6749
512164725.4345472,-22.737188999999997,33.898956,139.8599,139.7894
512164725.4854827,-22.734192,33.898212,139.9201,139.8496
512164725.53641814,-22.731196,33.897467,140.4344,140.3639
512164725.5873537,-22.728199999999998,33.896722,141.6849,141.6144
512164725.6382892,-22.725203,33.895978,141.8374,141.7668
512164725.6892247,-22.722206999999997,33.895233,142.6411,142.5705
512164725.74016,-22.719210999999998,33.894487999999996,142.4497,142.3791
512164725.79109544,-22.716213999999997,33.893744,142.0703,141.9997
512164725.842031,-22.713217999999998,33.892998999999996,143.2072,143.1367
512164725.8929665,-22.710221,33.892255,143.2343,143.1638
512164725.94390196,-22.707224999999998,33.89151,143.8025,143.7320
512164725.9948375,-22.704228999999998,33.890766,143.9641,143.8936
512164726.0457721,-22.701231999999997,33.890021,142.9923,142.9218
512164726.0967076,-22.698235999999998,33.889277,144.3546,144.2841
512164726.147643,-22.69524,33.888532,145.5992,145.5287
512164726.1985786,-22.692242999999998,33.887788,145.8541,145.7836
512164726.6569981,-22.665276,33.881088999999996,152.8791,152.8086
512164726.70793337,-22.662278999999998,33.880345,154.1740,154.1035
512164726.7588689,-22.659283,33.879601,154.1106,154.0401
512164726.8098044,-22.656285999999998,33.878856999999996,156.1435,156.0730
512164726.8607399,-22.65329,33.878113,155.2833,155.2128
512164726.9116752,-22.650294,33.877369,158.9767,158.9062
512164726.96261066,-22.647297,33.876625,164.4312,164.3607
512164727.01354617,-22.644301,33.875879999999995,165.6941,165.6236
512164727.0644827,-22.641303999999998,33.875136,166.7755,166.7050
512164727.11541814,-22.638308,33.874392,167.8075,167.7370
512164727.1663537,-22.635310999999998,33.873647999999996,168.5617,168.4912
512164727.2172892,-22.632315,33.872904999999996,169.8296,169.7591
512164727.2682247,-22.629317999999998,33.872161,169.9124,169.8419
512164727.3191602,-22.626322,33.871417,171.3333,171.2628
512164727.37009573,-22.623324999999998,33.870673,171.5844,171.5139
512164727.42103124,-22.620328999999998,33.869929,171.7251,171.6546
512164727.4719667,-22.617333,33.869185,172.1504,172.0799
512164727.5229022,-22.614335999999998,33.868441,171.5660,171.4955
512164727.57383776,-22.61134,33.867698,172.2546,172.1841
512164727.62477314,-22.608342999999998,33.866954,172.8239,172.7534
512164727.6757087,-22.605347,33.866209999999995,173.6239,173.5534
512164727.7266442,-22.602349999999998,33.865466,174.0842,174.0137
512164727.7775797,-22.599353999999998,33.864723,174.6358,174.5653
512164727.82851523,-22.596356999999998,33.863979,174.7337,174.6632
512164727.87945074,-22.593360999999998,33.863234999999996,174.6994,174.6289
512164727.93038625,-22.590363999999997,33.862491999999996,174.3405,174.2700
512164727.98132175,-22.587367999999998,33.861748,174.4267,174.3562
512164728.3888047,-22.563395999999997,33.855799999999995,174.3077,174.2372
512164728.43974024,-22.560399,33.855056999999995,173.8374,173.7670
512164728.49067575,-22.557402,33.854313,179.1395,179.0691
512164728.5416112,-22.554406,33.85357,179.9589,179.8884
512164728.59254676,-22.551409,33.852827,180.8661,180.7957
512164728.6434822,-22.548413,33.852083,181.6563,181.5859
512164728.6944178,-22.545416,33.85134,182.0221,181.9517
512164728.7453533,-22.54242,33.850597,182.4133,182.3428
512164728.7962887,-22.539423,33.849852999999996,182.6353,182.5649
512164728.8472243,-22.536427,33.849109999999996,182.5361,182.4657
512164728.89815974,-22.53343,33.848366999999996,182.4494,182.3790
512164728.9490953,-22.530434,33.847623999999996,182.1392,182.0688
512164729.0000308,-22.527437,33.846880999999996,181.9000,181.8296
512164729.0509673,-22.52444,33.846137999999996,181.2437,181.1733
512164729.1019027,-22.521444,33.845394,180.6455,180.5751
512164729.15283823,-22.518447,33.844651,180.0953,180.0249
512164729.2037735,-22.515451,33.843908,179.6158,179.5454
512164729.254709,-22.512453999999998,33.843165,179.1069,179.0365
512164729.3056446,-22.509456999999998,33.842422,178.6259,178.5555
512164729.35658,-22.506460999999998,33.841679,178.0474,177.9770
512164729.4075155,-22.503463999999997,33.840936,177.2665,177.1961
512164729.4584511,-22.500467999999998,33.840193,176.9947,176.9243
512164729.50938654,-22.497470999999997,33.83945,176.7580,176.6876
512164729.5603221,-22.494474,33.838707,176.5342,176.4638
512164729.61125755,-22.491478,33.837965,176.1888,176.1184
512164729.6621931,-22.488481,33.837222,175.8783,175.8079
512164729.7131286,-22.485485,33.836479,175.4480,175.3776
512164729.76406413,-22.482488,33.835736,175.2211,175.1507
512164729.81499964,-22.479491,33.834993,174.6656,174.5952
512164729.8659351,-22.476495,33.834251,174.3383,174.2679
512164729.91687065,-22.473498,33.833508,173.5635,173.4931
512164729.96780616,-22.470501,33.832765,172.7698,172.6994
512164730.01874167,-22.467505,33.832021999999995,171.1075,171.0371
512164730.06967807,-22.464508,33.83128,170.8803,170.8099
512164730.1206136,-22.461510999999998,33.830537,169.8010,169.7306
512164730.1715491,-22.458515,33.829794,168.2203,168.1499
512164730.2224846,-22.455517999999998,33.829052,167.1080,167.0376
512164730.37529117,-22.446528,33.826824,164.4571,164.3867
512164730.4262266,-22.443531,33.826082,163.2315,163.1611
512164730.4771619,-22.440535,33.825339,160.6598,160.5894
512164730.52809745,-22.437538,33.824597,157.9287,157.8583
512164730.5790329,-22.434541,33.823854,155.0597,154.9893
512164730.62996846,-22.431545,33.823112,162.4620,162.3916
512164730.6809039,-22.428548,33.822369,152.8910,152.8206
512164730.884646,-22.416560999999998,33.8194,155.0512,154.9809
512164730.93558145,-22.413565,33.818658,152.4872,152.4169
512164730.986517,-22.410567999999998,33.817915,150.5926,150.5223
512164731.1393226,-22.401578,33.815689,146.8125,146.7422
512164731.190258,-22.398581,33.814947,145.2817,145.2114
512164731.2411936,-22.395584,33.814204,144.0873,144.0170
512164731.2921291,-22.392588,33.813462,143.3969,143.3266
512164731.90335494,-22.356627,33.804558,177.2150,177.1447
512164731.9542904,-22.35363,33.803816999999995,178.2608,178.1905
512164732.31083995,-22.332652,33.798624,188.7123,188.6420
512164732.3617752,-22.329656,33.797883,190.2727,190.2025
512164732.41271067,-22.326659,33.797140999999996,191.3453,191.2750
512164732.46364623,-22.323662,33.796399,192.1862,192.1160
512164732.5145817,-22.320664999999998,33.795657999999996,193.1115,193.0413
512164732.56551725,-22.317667999999998,33.794916,193.2015,193.1312
512164732.61645275,-22.314671999999998,33.794174999999996,194.4055,194.3353
512164732.66738826,-22.311674999999997,33.793433,195.1952,195.1250
512164732.71832377,-22.308678,33.792691999999995,197.5148,197.4445
512164732.76925933,-22.305681,33.79195,198.4789,198.4087
512164732.8201948,-22.302684,33.791208999999995,200.0358,199.9656
512164732.8711302,-22.299687,33.790467,201.3133,201.2431
512164732.9220658,-22.296691,33.789726,203.0367,202.9665
512164732.97300124,-22.293694,33.788985,204.2471,204.1769
512164733.0239356,-22.290696999999998,33.788243,204.3261,204.2559
512164733.0748711,-22.287699999999997,33.787501999999996,205.4493,205.3791
512164733.1258066,-22.284703,33.78676,205.6157,205.5455
512164733.1767421,-22.281706,33.786018999999996,207.4388,207.3686
512164733.22767764,-22.27871,33.785278,206.0480,205.9778
512164733.32954866,-22.272716,33.783795,207.3265,207.2563
512164733.3804841,-22.269719,33.783054,207.8482,207.7780
512164733.58422613,-22.257732,33.78009,209.8007,209.7305
512164733.68609715,-22.251738,33.778607,210.5345,210.4643
512164733.73703265,-22.248741,33.777865999999996,211.3552,211.2850
512164733.7879682,-22.245744,33.777125,211.8712,211.8010
512164733.83890367,-22.242746999999998,33.776384,211.7178,211.6476
512164733.88983923,-22.239749999999997,33.775642999999995,212.0993,212.0291
512164733.9407747,-22.236753,33.774902,213.0177,212.9475
512164733.9917102,-22.233756,33.774161,212.9227,212.8525
512164734.0426467,-22.230759,33.77342,213.0311,212.9609
512164734.0935822,-22.227762,33.77268,212.8548,212.7846
512164734.1445177,-22.224766,33.771938999999996,212.7779,212.7077
512164734.19545317,-22.221769,33.771198,212.8479,212.7777
512164734.24638873,-22.218771999999998,33.770457,212.4378,212.3676
512164734.297324,-22.215775,33.769715999999995,212.3761,212.3059
512164735.16322637,-22.164827,33.757126,202.0263,201.9562
512164735.2141619,-22.16183,33.756385,200.5433,200.4731
512164735.2650974,-22.158832999999998,33.755645,200.6942,200.6240
512164735.3160329,-22.155836,33.754905,203.8979,203.8278
512164735.36696845,-22.152839,33.754163999999996,202.9178,202.8476
512164735.6725817,-22.134857,33.749722999999996,180.3006,180.2305
512164735.8763235,-22.122868,33.746762,178.3033,178.2332
512164735.92725897,-22.119871,33.746021999999996,178.7467,178.6766
512164736.13100195,-22.107882999999998,33.743062,180.8143,180.7442
512164736.1819373,-22.104886,33.742322,180.6348,180.5647
512164736.2328727,-22.101889,33.741582,181.1535,181.0834
512164736.28380823,-22.098892,33.740842,182.1182,182.0481
512164736.33474374,-22.095895,33.740102,182.3965,182.3264
512164736.38567924,-22.092897999999998,33.739362,182.4967,182.4266
512164736.4366148,-22.089900999999998,33.738622,182.8243,182.7542
512164736.48755026,-22.086904,33.737882,183.2292,183.1591
512164736.53848577,-22.083907,33.737142999999996,183.6118,183.5417
512164736.58942133,-22.08091,33.736402999999996,183.7950,183.7249
512164736.6403568,-22.077913,33.735662999999995,182.6893,182.6192
512164736.69129235,-22.074915999999998,33.734923,180.6524,180.5823
512164736.7422278,-22.071918,33.734183,177.5209,177.4508
512164736.9459699,-22.059929999999998,33.731225,176.6570,176.5869
512164736.9969053,-22.056932999999997,33.730485,179.0043,178.9342
512164737.04783994,-22.053936,33.729745,180.2835,180.2134
512164737.0987754,-22.050939,33.729006,180.8561,180.7860
512164737.1497107,-22.047942,33.728266,181.5295,181.4594
512164737.2006462,-22.044945,33.727526999999995,182.3561,182.2860
512164737.25158167,-22.041947,33.726787,183.2369,183.1669
512164737.6081302,-22.020967,33.721610999999996,190.0123,189.9423
512164737.6590658,-22.01797,33.720872,191.1521,191.0821
512164737.71000123,-22.014972999999998,33.720132,192.9708,192.9008
512164737.7609367,-22.011976,33.719393,192.6227,192.5527
512164737.81187224,-22.008979,33.718654,192.5811,192.5111
512164737.86280775,-22.005982,33.717915,192.9194,192.8494
512164737.91374326,-22.002985,33.717175,193.1116,193.0416
512164737.96467876,-21.999986999999997,33.716436,193.5367,193.4667
512164738.01561433,-21.99699,33.715697,192.9326,192.8626
512164738.06655073,-21.993993,33.714957999999996,190.3107,190.2407
512164738.1174863,-21.990996,33.714219,179.9375,179.8675
512164738.1684218,-21.987999,33.713479,175.8416,175.7716
512164738.21935725,-21.985001,33.71274,177.5203,177.4503
512164738.2702928,-21.982004,33.712001,174.3083,174.2383
512164738.32122827,-21.979007,33.711262,175.1254,175.0554
512164738.37216383,-21.97601,33.710523,184.7239,184.6539
512164738.42309934,-21.973012999999998,33.709784,184.5906,184.5206
512164738.47403485,-21.970015,33.709044999999996,186.2876,186.2176
512164738.5249703,-21.967018,33.708306,187.2401,187.1701
512164738.5759058,-21.964021,33.707567,187.1926,187.1226
512164738.6268413,-21.961024,33.706828,190.5144,190.4444
512164738.6777768,-21.958026999999998,33.706089,190.7820,190.7120
512164738.7287123,-21.955029,33.705349999999996,191.0454,190.9754
512164738.7796478,-21.952032,33.704612,189.4219,189.3519
512164738.83058333,-21.949035,33.703873,187.8192,187.7492
512164738.88151884,-21.946037999999998,33.703134,184.6628,184.5928
512164738.93245435,-21.94304,33.702394999999996,169.1214,169.0514
512164739.1361952,-21.931051999999998,33.699439999999996,172.3906,172.3206
512164739.2380662,-21.925057,33.697963,174.4900,174.4200
512164739.2890017,-21.92206,33.697224,175.1191,175.0491
512164739.33993727,-21.919062999999998,33.696486,175.6385,175.5685
512164739.3908727,-21.916065,33.695747,178.3380,178.2680
512164739.4418082,-21.913068,33.695008,177.5099,177.4399
512164739.49274373,-21.910071,33.694269999999996,177.9069,177.8369
512164739.54367924,-21.907073,33.693531,178.2255,178.1555
512164739.59461474,-21.904076,33.692793,179.2902,179.2202
512164739.64555,-21.901079,33.692054,177.2913,177.2213
512164739.6964856,-21.898082,33.691316,177.2654,177.1955
512164739.747421,-21.895084,33.690577,176.1804,176.1105
512164739.79835653,-21.892087,33.689839,175.4742,175.4043
512164739.8492921,-21.88909,33.689101,173.9468,173.8769
512164739.90022755,-21.886091999999998,33.688362,173.1641,173.0942
512164739.9511631,-21.883094999999997,33.687624,176.0888,176.0189
512164740.00209856,-21.880098,33.686885,177.1907,177.1208
512164740.05303496,-21.877101,33.686147,174.2487,174.1788
512164740.1039705,-21.874102999999998,33.685409,168.0745,168.0046
512164740.20584154,-21.868109,33.683932,157.3603,157.2904
512164740.40958357,-21.856119,33.680979,159.2195,159.1496
512164740.4605191,-21.853122,33.680240999999995,157.8227,157.7528
512164740.5114546,-21.850125,33.679503,160.9239,160.8540
512164741.173615,-21.811159,33.66991,162.1503,162.0804
512164741.2245505,-21.808162,33.669171999999996,161.7000,161.6301
512164741.27548605,-21.805163999999998,33.668434,161.1880,161.1181
512164741.3264215,-21.802167,33.667696,160.9387,160.8688
512164741.37735707,-21.799169,33.666958,160.6104,160.5405
512164741.4282926,-21.796172,33.666221,160.1596,160.0897
512164741.479228,-21.793174999999998,33.665483,159.6571,159.5872
512164741.5301636,-21.790177,33.664744999999996,159.1327,159.0628
512164741.5810988,-21.78718,33.664007999999995,158.1362,158.0663
512164741.63203436,-21.784181999999998,33.66327,159.8252,159.7553
512164741.8357763,-21.772192999999998,33.66032,159.1507,159.0808
512164741.8867119,-21.769195,33.659582,158.2721,158.2022
512164741.93764734,-21.766198,33.658845,158.8463,158.7764
512164742.29419684,-21.745216,33.653683,156.7994,156.7295
512164742.3451324,-21.742217999999998,33.652944999999995,155.8529,155.7830
512164742.39606786,-21.739221,33.652208,155.5420,155.4721
512164742.44700336,-21.736223,33.651471,155.6894,155.6195
512164742.49793893,-21.733226,33.650732999999995,155.6017,155.5318
512164742.5488744,-21.730228,33.649996,155.6431,155.5732
512164742.59980994,-21.727231,33.649259,155.1775,155.1076
512164742.65074545,-21.724234,33.648522,151.2619,151.1920
512164742.7016809,-21.721235999999998,33.647784,142.9632,142.8933
512164742.9563584,-21.706249,33.644099,142.2121,142.1423
512164743.00729394,-21.703250999999998,33.643361999999996,142.6847,142.6149
512164743.31290585,-21.685266,33.63894,144.4943,144.4245
512164743.3638413,-21.682268999999998,33.638203,142.5246,142.4548
512164744.2806813,-21.628313,33.624942,144.9315,144.8618
512164744.33161694,-21.625315,33.624206,144.5897,144.5199
512164744.3825523,-21.622317,33.623469,144.1677,144.0980
512164744.4844234,-21.616322,33.621995999999996,144.2036,144.1339
512164744.5353586,-21.613325,33.62126,144.2614,144.1916
512164744.9428427,-21.589344,33.615369,139.6480,139.5783
512164744.9937782,-21.586346,33.614633,139.8000,139.7303
512164745.04471254,-21.583347999999997,33.613897,139.7959,139.7262
512164745.09564805,-21.580351,33.613161,139.9196,139.8499
512164745.1465835,-21.577353,33.612425,140.0218,139.9521
512164745.19751906,-21.574355999999998,33.611688,139.6452,139.5755
512164745.2484546,-21.571358,33.610952,139.4859,139.4162
512164745.2993901,-21.56836,33.610216,138.9711,138.9014
512164745.3503256,-21.565362999999998,33.60948,139.0773,139.0076
512164745.40126115,-21.562365,33.608744,139.0157,138.9460
512164745.4521966,-21.559366999999998,33.608008,139.0122,138.9425
512164745.50313216,-21.556369999999998,33.607272,138.8850,138.8153
512164745.6559386,-21.547376999999997,33.605064,138.4781,138.4084
512164745.70687413,-21.544379,33.604327999999995,137.4428,137.3731
512164745.7578097,-21.541380999999998,33.603592,137.6457,137.5760
512164745.80874515,-21.538384,33.602855999999996,136.5032,136.4335
512164745.8596807,-21.535386,33.602121,134.8334,134.7637
512164745.9106162,-21.532387999999997,33.601385,132.4598,132.3901
512164745.96155167,-21.529391,33.600649,132.3568,132.2871
512164746.012487,-21.526393,33.599913,133.3836,133.3139
512164746.06342363,-21.523395,33.599177,140.1852,140.1155
512164746.11435914,-21.520397,33.598442,139.9835,139.9138
512164746.16529465,-21.5174,33.597705999999995,138.6584,138.5887
512164746.21623015,-21.514402,33.59697,138.0260,137.9563
512164746.26716566,-21.511404,33.596233999999995,137.6221,137.5524
512164746.3181009,-21.508407,33.595499,137.7942,137.7245
512164746.36903644,-21.505409,33.594763,137.1986,137.1289
512164746.41997194,-21.502411,33.594028,137.2523,137.1826
512164746.4709075,-21.499413,33.593292,136.8226,136.7529
512164746.52184296,-21.496416,33.592556,136.7860,136.7163
512164746.57277846,-21.493418,33.591820999999996,136.4506,136.3809
512164746.62371397,-21.49042,33.591085,135.8957,135.8260
512164746.6746495,-21.487423,33.59035,136.6330,136.5633
512164746.72558504,-21.484424999999998,33.589614,134.7666,134.6969
512164746.7765205,-21.481427,33.588879,134.4555,134.3858
512164747.08213264,-21.463441,33.584466,133.2248,133.1551
512164747.7442939,-21.424469,33.574909,118.5243,118.4546
512164747.89710045,-21.415475999999998,33.572704,114.0285,113.9588
512164749.5270364,-21.319544,33.549195,59.9084,59.8388
512164751.56445605,-21.199624999999997,33.519838,166.5371,166.4676
512164751.6153915,-21.196627,33.519104999999996,157.8968,157.8273
512164751.666327,-21.193628999999998,33.518371,165.0039,164.9344
512164751.71726227,-21.190631,33.517638,165.2358,165.1663
512164751.7681978,-21.187632999999998,33.516905,164.3642,164.2947
512164751.81913334,-21.184635,33.516171,165.0682,164.9987
512164751.8700688,-21.181635999999997,33.515437999999996,164.9075,164.8380
512164751.92100424,-21.178638,33.514704,165.5736,165.5041
512164751.9719398,-21.175639999999998,33.513971,168.0365,167.9670
512164752.02287644,-21.172642,33.513238,168.8151,168.7456
512164752.07381177,-21.169643999999998,33.512505,168.2925,168.2230
512164752.3284893,-21.154654,33.508838,172.2175,172.1480
512164752.3794248,-21.151656,33.508105,175.7197,175.6502
512164752.4303603,-21.148657,33.507372,176.5346,176.4651
512164752.4812958,-21.145659,33.506639,177.4869,177.4174
512164752.5322314,-21.142661,33.505905999999996,178.6158,178.5463
512164752.58316684,-21.139663,33.505173,179.7281,179.6586
512164752.6341024,-21.136665,33.504439999999995,181.2627,181.1932
512164752.68503785,-21.133667,33.503707,182.2030,182.1335
512164752.73597336,-21.130668999999997,33.502974,182.9275,182.8580
512164752.7869089,-21.127671,33.502241,183.9940,183.9245
512164752.8378443,-21.124672,33.501508,184.8896,184.8201
512164752.88877994,-21.121674,33.500775,185.9781,185.9086
512164752.9397153,-21.118676,33.500042,187.1222,187.0527
512164752.9906509,-21.115678,33.499309,188.3174,188.2479
512164753.04158497,-21.112679999999997,33.498576,186.5103,186.4408
512164753.0925205,-21.109682,33.497842999999996,188.4899,188.4205
512164753.143456,-21.106683999999998,33.49711,190.3706,190.3011
512164753.1943915,-21.103686,33.496376999999995,191.1231,191.0536
512164753.245327,-21.100687,33.495644999999996,191.3358,191.2663
512164753.2962625,-21.097689,33.494912,192.8941,192.8246
512164753.34719795,-21.094690999999997,33.494178999999995,193.4470,193.3775
512164753.39813346,-21.091693,33.493446,194.8225,194.7531
512164753.44906896,-21.088694999999998,33.492714,196.5225,196.4531
512164753.5000045,-21.085697,33.491980999999996,197.7874,197.7179
512164753.55094004,-21.082698,33.491248,199.0484,198.9789
512164753.6018755,-21.0797,33.490516,200.4482,200.3787
512164753.65281105,-21.076701999999997,33.489782999999996,202.3676,202.2982
512164753.7037465,-21.073704,33.48905,203.1215,203.0521
512164753.75468206,-21.070705999999998,33.488318,204.0745,204.0051
512164753.8056176,-21.067707,33.487584999999996,205.0274,204.9580
512164753.856553,-21.064709,33.486852999999996,206.1567,206.0873
512164753.9074886,-21.061711,33.48612,207.2634,207.1939
512164753.9584241,-21.058712999999997,33.485386999999996,208.4920,208.4226
512164754.0093596,-21.055715,33.484655,210.1550,210.0856
512164754.06029606,-21.052716,33.483922,211.6197,211.5503
512164754.11123157,-21.049718,33.48319,213.6680,213.5986
512164754.1621671,-21.04672,33.482458,215.1289,215.0595
512164754.21310264,-21.043722,33.481725,217.4684,217.3990
512164754.264038,-21.040723999999997,33.480993,218.5323,218.4629
512164754.3149736,-21.037725,33.48026,219.9687,219.8993
512164754.3659091,-21.034727,33.479528,221.5826,221.5132
512164754.41684455,-21.031729,33.478795999999996,222.9248,222.8554
512164754.46778005,-21.028731,33.478063,224.0803,224.0109
512164754.51871556,-21.025731999999998,33.477331,225.4337,225.3643
512164754.56965107,-21.022734,33.476599,227.0864,227.0170
512164754.62058663,-21.019735999999998,33.475867,228.6272,228.5578
512164754.67152184,-21.016738,33.475134,230.3684,230.2990
512164754.7224574,-21.013738999999998,33.474402,232.1353,232.0659
512164754.77339286,-21.010741,33.47367,234.3035,234.2341
512164754.82432836,-21.007742999999998,33.472938,235.8466,235.7772
512164754.8752639,-21.004745,33.472206,237.1323,237.0629
512164754.9261994,-21.001746,33.471474,239.4083,239.3389
512164754.97713494,-20.998748,33.470741,241.5308,241.4614
512164755.0280692,-20.995749999999997,33.470009,243.8451,243.7757
512164755.0790047,-20.992752,33.469277,247.2428,247.1734
512164755.1299403,-20.989753,33.468545,249.0520,248.9826
512164755.1808757,-20.986755,33.467813,250.8438,250.7744
512164755.2318113,-20.983757,33.467081,253.0119,252.9425
512164755.28274673,-20.980759,33.466349,255.2477,255.1783
512164755.3336823,-20.97776,33.465617,257.0540,256.9846
512164755.3846178,-20.974762,33.464884999999995,258.6033,258.5339
512164755.43555325,-20.971764,33.464152999999996,260.7203,260.6510
512164755.4864888,-20.968764999999998,33.463421,262.2220,262.1527
512164755.53742427,-20.965767,33.462689999999995,262.3694,262.3001
512164755.58835983,-20.962768999999998,33.461957999999996,263.4181,263.3488
512164755.63929534,-20.959771,33.461225999999996,264.3004,264.2311
512164755.69023085,-20.956771999999997,33.460494,265.2195,265.1502
512164755.74116635,-20.953774,33.459762,267.0394,266.9701
512164755.7921018,-20.950775999999998,33.459030999999996,269.9895,269.9202
512164755.84303737,-20.947777,33.458299,272.1790,272.1097
512164755.8939729,-20.944779,33.457567,272.0361,271.9668
512164755.94490814,-20.941781,33.456835,274.0665,273.9972
512164755.99584365,-20.938782,33.456103999999996,276.5922,276.5229
512164756.04678005,-20.935783999999998,33.455372,277.1044,277.0351
512164756.09771556,-20.932786,33.45464,277.3750,277.3057
512164756.14865106,-20.929786999999997,33.453908999999996,277.8541,277.7848
512164756.19958663,-20.926789,33.453177,278.5176,278.4483
512164756.2505221,-20.923790999999998,33.452445,278.8714,278.8021
512164756.30145764,-20.920792,33.451713999999996,279.3311,279.2618
512164756.35239315,-20.917794,33.450981999999996,280.1041,280.0348
512164756.4033286,-20.914794999999998,33.450251,280.8146,280.7453
512164756.4542639,-20.911797,33.449518999999995,280.7628,280.6935
512164756.5051994,-20.908799,33.448788,280.8257,280.7564
512164756.7598769,-20.893807,33.445130999999996,279.0824,279.0131
512164757.62577945,-20.842834,33.4327,256.8004,256.7312
512164757.6767149,-20.839836,33.431968999999995,258.9950,258.9258
512164757.72765034,-20.836837,33.431238,264.3169,264.2477
512164757.7785859,-20.833838999999998,33.430507,264.2896,264.2204
512164757.880457,-20.827842,33.429044999999995,267.7549,267.6857
512164757.9313924,-20.824842999999998,33.428314,258.1335,258.0643
512164758.33887744,-20.800856,33.422467999999995,264.9477,264.8785
512164758.49168396,-20.79186,33.420276,275.6654,275.5962
512164758.54261947,-20.788861999999998,33.419545,280.8509,280.7817
512164758.593555,-20.785863,33.418814,272.4003,272.3311
512164758.6444905,-20.782864999999997,33.418084,270.4705,270.4013
512164759.5103926,-20.73189,33.405666,328.9996,328.9305
512164759.6122636,-20.725893,33.404205,329.1824,329.1132
512164759.6631991,-20.722894,33.403475,328.2066,328.1375
512164759.7141347,-20.719896,33.402744999999996,333.3678,333.2987
512164759.76507014,-20.716897,33.402015,334.1832,334.1141
512164759.81600547,-20.713898999999998,33.401285,340.4514,340.3822
512164759.8669409,-20.7109,33.400555,343.9725,343.9034
512164759.9178764,-20.707902,33.399823999999995,346.7644,346.6953
512164759.968812,-20.704902999999998,33.399094,348.0053,347.9362
512164760.01974744,-20.701904,33.398364,345.9270,345.8579
512164760.07068396,-20.698905999999997,33.397634,347.2336,347.1645
512164760.12161946,-20.695907,33.396904,333.3925,333.3234
512164760.17255497,-20.692909,33.396174,347.5379,347.4688
512164760.2234905,-20.689909999999998,33.395444,349.8253,349.7562
512164760.376297,-20.680913999999998,33.393254,349.5508,349.4817
512164760.42723244,-20.677916,33.392524,349.8957,349.8266
512164760.47816795,-20.674917,33.391794,350.5739,350.5048
512164760.6309745,-20.665920999999997,33.389604999999996,344.2037,344.1346
512164762.05716866,-20.581958999999998,33.369177,261.2393,261.1703
512164762.1081042,-20.57896,33.368448,263.4069,263.3379
512164762.1590397,-20.575961,33.367719,261.0593,260.9903
512164762.209975,-20.572962,33.366989,258.6894,258.6204
512164762.2609105,-20.569964,33.36626,254.8013,254.7323
512164762.46465254,-20.557969,33.363344,239.4927,239.4237
512164762.51558805,-20.554969999999997,33.362615,246.3000,246.2310
512164762.5665235,-20.551970999999998,33.361886,244.9628,244.8938
512164762.61745906,-20.548973,33.361156,242.0376,241.9686
512164762.6683945,-20.545973999999998,33.360427,236.2633,236.1943
512164762.7193301,-20.542975,33.359698,228.3056,228.2366
512164762.7702656,-20.539976,33.358969,228.4345,228.3655
512164762.8212011,-20.536977999999998,33.358239999999995,224.8186,224.7496
512164762.8721366,-20.533979,33.357510999999995,214.7057,214.6367
512164762.92307204,-20.53098,33.356781999999995,215.2980,215.2290
512164762.9740076,-20.527981,33.356054,213.2581,213.1891
512164763.02494216,-20.524983,33.355325,212.2498,212.1808
512164763.07587767,-20.521984,33.354596,210.7648,210.6958
512164763.1268132,-20.518985,33.353867,209.6411,209.5721
512164763.17774844,-20.515985999999998,33.353138,207.4203,207.3513
512164763.22868395,-20.512988,33.352409,205.8057,205.7368
512164763.27961946,-20.509988999999997,33.35168,204.3687,204.2997
512164763.33055496,-20.50699,33.350952,203.8385,203.7696
512164763.38149047,-20.503991,33.350223,202.7762,202.7072
512164763.432426,-20.500992,33.349494,199.9835,199.9146
512164763.4833614,-20.497994,33.348765,200.6913,200.6224
512164763.534297,-20.494995,33.348037,202.2306,202.1616
512164763.58523244,-20.491996,33.347308,195.9375,195.8686
512164763.63616794,-20.488996999999998,33.346579,193.1473,193.0783
512164763.6871035,-20.485998,33.345850999999996,190.5687,190.4998
512164763.73803896,-20.483,33.345121999999996,188.0188,187.9498
512164763.78897446,-20.480000999999998,33.344394,187.6534,187.5845
512164763.83991003,-20.477002,33.343665,187.3383,187.2694
512164763.8908455,-20.474003,33.342936,186.5692,186.5003
512164763.94178104,-20.471004,33.342208,188.9266,188.8577
512164763.9927165,-20.468004999999998,33.341479,189.5653,189.4964
512164764.043653,-20.465007,33.340751,189.2255,189.1566
512164764.0945885,-20.462007999999997,33.340022,187.7014,187.6325
512164764.145524,-20.459009,33.339293999999995,187.2186,187.1497
512164764.19645953,-20.45601,33.338564999999996,187.2453,187.1764
512164764.247395,-20.453011,33.337837,186.7352,186.6663
512164764.29833055,-20.450011999999997,33.337109,184.6876,184.6187
512164764.349266,-20.447014,33.33638,182.3156,182.2467
512164764.40020156,-20.444015,33.335651999999996,180.5108,180.4419
512164764.451137,-20.441015999999998,33.334924,177.3358,177.2669
512164764.5020725,-20.438017,33.334195,174.6253,174.5564
512164764.553008,-20.435018,33.333467,171.0107,170.9418
512164764.6039435,-20.432019,33.332739,171.2798,171.2109
512164764.6548791,-20.429019999999998,33.33201,169.9004,169.8315
512164764.9095566,-20.414026,33.328368999999995,169.8599,169.7910
512164764.9604921,-20.411027,33.327641,167.1050,167.0361
512164765.01142764,-20.408027999999998,33.326913,164.9039,164.8350
512164765.0623641,-20.405029,33.326184999999995,162.2515,162.1826
512164765.1132996,-20.40203,33.325457,159.3975,159.3286
512164765.1642351,-20.399032,33.324729,157.1999,157.1311
512164765.21517056,-20.396033,33.324000999999996,155.3452,155.2763
512164765.26610607,-20.393034,33.323273,172.8977,172.8288
512164765.4698481,-20.381038,33.320361,172.9629,172.8940
512164765.5207836,-20.378038999999998,33.319632999999996,170.7115,170.6427
512164765.5717191,-20.37504,33.318905,165.8185,165.7496
512164765.6226544,-20.372041,33.318177,161.4621,161.3932
512164765.6735899,-20.369042,33.317448999999996,160.3152,160.2464
512164765.7245254,-20.366044,33.316721,160.8704,160.8016
512164765.7754609,-20.363045,33.315993999999996,159.5345,159.4656
512164765.8263964,-20.360046,33.315266,161.3026,161.2338
512164765.9282674,-20.354048,33.31381,169.3914,169.3226
512164766.0301375,-20.34805,33.312355,164.9630,164.8942
512164766.182944,-20.339053,33.310172,145.4530,145.3842
512164766.79416984,-20.303065,33.301441,148.9168,148.8480
512164766.8451054,-20.300065999999998,33.300714,148.9812,148.9124
512164766.89604086,-20.297067,33.299986,149.6641,149.5953
512164766.9469764,-20.294068,33.299259,150.1345,150.0657
512164766.99791193,-20.291069,33.298532,149.9350,149.8662
512164767.04884845,-20.288069999999998,33.297804,150.3403,150.2715
512164767.0997839,-20.285071,33.297077,150.7343,150.6655
512164767.15071946,-20.282072,33.29635,152.5153,152.4465
512164767.2016549,-20.279073,33.295622,152.8059,152.7371
512164767.2525904,-20.276073999999998,33.294895,153.6814,153.6126
512164767.303526,-20.273075,33.294168,153.7211,153.6524
512164767.35446143,-20.270076,33.293441,159.0793,159.0105
512164767.405397,-20.267077,33.292713,157.3419,157.2731
512164767.45633245,-20.264077999999998,33.291986,157.5733,157.5046
512164767.507268,-20.261079,33.291259,156.3984,156.3297
512164767.5582035,-20.25808,33.290532,154.3785,154.3097
512164767.60913897,-20.255081,33.289805,153.3794,153.3106
512164767.66007453,-20.252081999999998,33.289077999999996,152.3268,152.2581
512164767.71101,-20.249083,33.288351,151.1454,151.0767
512164767.76194555,-20.246084,33.287624,150.2366,150.1678
512164767.81288105,-20.243085,33.286896999999996,148.7682,148.6995
512164767.86381656,-20.240085999999998,33.286169,148.6728,148.6041
512164767.91475207,-20.237087,33.285441999999996,147.7623,147.6936
512164768.37317044,-20.210095,33.2789,170.6457,170.5770
512164768.42410594,-20.207096,33.278174,169.7379,169.6692
512164768.57691216,-20.198099,33.275993,172.9629,172.8942
512164768.62784773,-20.195099,33.275267,171.6368,171.5681
512164768.6787832,-20.1921,33.27454,170.7123,170.6436
512164768.9843963,-20.174106,33.270179999999996,192.3462,192.2775
512164769.0353327,-20.171105999999998,33.269453,191.2872,191.2185
512164769.08626825,-20.168107,33.268727,189.2241,189.1554
512164769.18813926,-20.162108999999997,33.267274,194.0842,194.0156
512164769.4937523,-20.144114,33.262915,217.3267,217.2581
512164769.5446876,-20.141115,33.262189,211.4574,211.3888
512164769.85030055,-20.12312,33.257830999999996,221.6944,221.6258
512164770.3596544,-20.093128,33.250569,244.3516,244.2830
512164770.41058993,-20.090128999999997,33.249843,246.2048,246.1361
512164770.46152544,-20.08713,33.249117,246.7166,246.6480
512164770.51246095,-20.08413,33.248391,253.9122,253.8436
512164770.5633965,-20.081131,33.247665,254.5483,254.4796
512164771.27285653,-20.039355999999998,33.237555,153.7151,153.6464
512164771.323792,-20.036357,33.23683,152.1068,152.0381
512164771.37472755,-20.033357,33.236104,148.0318,147.9632
512164771.4765983,-20.027359,33.234653,144.0186,143.9499
512164771.5275338,-20.024359,33.233927,140.7104,140.6418
512164771.57846934,-20.021359999999998,33.233201,134.6885,134.6198
512164772.8518556,-19.946377,33.215067999999995,177.3004,177.2318
512164772.902791,-19.943378,33.214343,176.4404,176.3718
512164773.87056637,-19.886388999999998,33.200569,212.6649,212.5964
512164773.92150193,-19.88339,33.199844,228.2279,228.1594
512164773.9724374,-19.88039,33.19912,226.8835,226.8150
512164774.0233717,-19.877391,33.198395,227.1296,227.0611
512164774.1252427,-19.871392,33.196946,229.4229,229.3544
512164776.2250293,-19.747739,33.167089,1240.2075,1240.1392
512164776.78531957,-19.714744,33.159127999999995,1233.5751,1233.5067
512164779.09665084,-19.578626,33.126311,599.9218,599.8536
512164779.2494571,-19.569627,33.124142,620.4308,620.3626
512164779.3003926,-19.566627999999998,33.123419999999996,608.6728,608.6046
512164779.35132813,-19.563627999999998,33.122696999999995,618.0662,617.9980
512164779.50413465,-19.554629,33.120529,621.1862,621.1180
512164779.5550702,-19.551629,33.119806,620.4834,620.4152
512164780.0134897,-19.524631,33.113304,653.5170,653.4488
512164780.37003684,-19.503632,33.108247,662.4461,662.3779
512164780.47190785,-19.497633,33.106802,685.2146,685.1464
512164780.5737789,-19.491633,33.105357999999995,679.8218,679.7537
512164780.62471443,-19.488633,33.104636,676.0508,675.9826
512164781.18500566,-19.455634999999997,33.096692,734.0292,733.9611
512164781.23594123,-19.452635,33.09597,728.6687,728.6006
512164781.2868767,-19.449635,33.095248,731.1823,731.1142
512164781.3378122,-19.446635,33.094526,732.0864,732.0183
512164781.38874775,-19.443635999999998,33.093804,730.1464,730.0783
512164781.4396832,-19.440635999999998,33.093081999999995,732.1785,732.1104
512164781.49061877,-19.437635999999998,33.09236,740.1581,740.0900
512164781.5924897,-19.431635999999997,33.090917,740.9678,740.8997
512164781.6434253,-19.428635999999997,33.090195,740.1456,740.0775
512164781.69436073,-19.425636,33.089473,738.6398,738.5717
512164781.74529624,-19.422636,33.088751,747.9280,747.8599
512164781.7962318,-19.419636999999998,33.088029,747.2381,747.1700
512164781.8471672,-19.416636999999998,33.087308,743.1153,743.0472
512164782.30558556,-19.389637999999998,33.080812,740.6405,740.5724
512164782.40745664,-19.383637999999998,33.079369,741.0222,740.9541
512164782.50932765,-19.377637999999997,33.077926,744.6391,744.5710
512164783.0186827,-19.347638,33.070712,725.6174,725.5494
512164783.0696191,-19.344638,33.06999,728.8679,728.7999
512164783.12055475,-19.341638,33.069269,733.4937,733.4257
512164783.17149,-19.338638,33.068548,728.5134,728.4454
512164783.27336097,-19.332638,33.067105,743.1039,743.0359
512164783.6808448,-19.308639,33.061336,748.7560,748.6880
512164783.8336513,-19.299639,33.059172,746.1871,746.1191
512164783.8845868,-19.296639,33.058451,750.6435,750.5755
512164783.9355223,-19.293639,33.05773,749.0326,748.9646
512164783.9864578,-19.290639,33.057009,750.3120,750.2440
512164784.0373923,-19.287639,33.056287999999995,748.8241,748.7561
512164784.0883279,-19.284639,33.055566999999996,745.6292,745.5612
512164784.1392634,-19.281639,33.054846,740.9563,740.8883
512164784.1901989,-19.278638,33.054125,738.7059,738.6379
512164784.2411344,-19.275638,33.053404,721.3120,721.2440
512164785.0051668,-19.230638,33.042593,690.8302,690.7623
512164785.0561032,-19.227638,33.041872,684.7524,684.6845
512164785.1579745,-19.221636999999998,33.040431,677.3475,677.2797
512164785.20891,-19.218636999999998,33.03971,681.5931,681.5252
512164785.2598455,-19.215636999999997,33.03899,680.8814,680.8136
512164785.310781,-19.212637,33.038269,681.9005,681.8326
512164785.36171657,-19.209637,33.037549,679.5517,679.4838
512164785.412652,-19.206637,33.036828,679.1344,679.0665
512164785.4635875,-19.203637,33.036108,680.1857,680.1178
512164785.56545854,-19.197637,33.034667,677.6975,677.6296
512164785.6163941,-19.194636,33.033947,670.0966,670.0288
512164785.66732955,-19.191636,33.033226,662.3338,662.2659
512164785.7182651,-19.188636,33.032506,657.9840,657.9162
512164785.87107164,-19.179636,33.030345,666.9521,666.8843
512164786.1766834,-19.161635,33.026022999999995,651.0343,650.9665
512164786.227619,-19.158635,33.025303,650.0878,650.0200
512164786.27855444,-19.155635,33.024583,646.5958,646.5280
512164786.32949,-19.152635,33.023863,644.0402,643.9724
512164786.736974,-19.128633,33.018102,605.2725,605.2047
512164786.838845,-19.122633,33.016662,602.1985,602.1307
512164787.042588,-19.110632,33.013782,595.7734,595.7056
512164787.0935235,-19.107632,33.013062,594.1159,594.0481
512164787.144459,-19.104632,33.012342,592.0209,591.9531
512164787.1953946,-19.101632,33.011621999999996,589.9898,589.9221
512164787.24632996,-19.098630999999997,33.010903,587.7030,587.6352
512164787.2972656,-19.095631,33.010183,580.4236,580.3558
512164787.34820104,-19.092631,33.009463,578.5512,578.4834
512164787.3991365,-19.089631,33.008742999999996,576.2858,576.2181
512164787.45007205,-19.08663,33.008023,574.8934,574.8257
512164787.5010075,-19.08363,33.007304,571.7245,571.6567
512164789.08000827,-18.990622,32.985,473.7486,473.6809
512164789.1818793,-18.984621,32.983562,462.0106,461.9430
512164789.91992354,-18.941147,32.973144,719.1965,719.1289
512164790.1745999,-18.926144999999998,32.969549,708.3167,708.2491
512164790.22553545,-18.923144999999998,32.968831,706.2168,706.1492
512164790.2764709,-18.920144999999998,32.968112,692.6131,692.5455
512164790.4292774,-18.911144,32.965956,689.9520,689.8844
512164790.480213,-18.908143,32.965237,691.1731,691.1055
512164790.58208394,-18.902141999999998,32.9638,685.1719,685.1043
512164790.68395495,-18.896141999999998,32.962362,684.2575,684.1899
512164790.73489046,-18.893141,32.961644,686.2564,686.1888
512164790.78582597,-18.890141,32.960924999999996,689.0150,688.9474
512164790.8367614,-18.88714,32.960207,691.0440,690.9764
512164790.887697,-18.88414,32.959488,685.7210,685.6534
512164790.9386324,-18.881138999999997,32.95877,684.7241,684.6565
512164790.989568,-18.878139,32.958051,683.2926,683.2250
512164791.04050446,-18.875139,32.957332,682.6331,682.5655
512164791.09143996,-18.872138,32.956614,680.3500,680.2824
512164791.14237547,-18.869138,32.955895999999996,678.5670,678.4994
512164791.1933109,-18.866137,32.955177,677.7135,677.6460
512164791.2442465,-18.863137,32.954459,679.1579,679.0904
512164791.295182,-18.860136,32.953739999999996,675.4427,675.3752
512164791.3461175,-18.857136,32.953022,680.1288,680.0613
512164791.397053,-18.854136,32.952303,679.9159,679.8484
512164791.44798857,-18.851135,32.951585,676.9526,676.8851
512164791.498924,-18.848135,32.950866999999995,677.7520,677.6845
512164791.54985934,-18.845133999999998,32.950148,674.4505,674.3830
512164791.6007948,-18.842133999999998,32.94943,671.0888,671.0213
512164791.6517303,-18.839133,32.948712,668.6326,668.5651
512164791.70266587,-18.836133,32.947994,665.5252,665.4577
512164791.75360125,-18.833132,32.947275,664.9466,664.8791
512164791.8045369,-18.830132,32.946557,656.5226,656.4551
512164791.85547227,-18.827130999999998,32.945839,654.0268,653.9593
512164791.9064079,-18.824130999999998,32.945121,659.5425,659.4750
512164791.95734334,-18.821130999999998,32.944403,650.3073,650.2398
512164792.0082788,-18.81813,32.943684,644.6800,644.6125
512164792.05921346,-18.81513,32.942966,647.0932,647.0257
512164792.1101489,-18.812129,32.942248,643.1105,643.0430
512164792.16108435,-18.809129,32.94153,652.7520,652.6845
512164792.2120199,-18.806127999999998,32.940812,643.4086,643.3411
512164792.26295537,-18.803127999999997,32.940094,649.8779,649.8104
512164792.31389093,-18.800127,32.939375999999996,648.2326,648.1651
512164793.8975694,-18.706834999999998,32.917059,848.6577,848.5902
512164793.948505,-18.703834,32.916340999999996,847.8129,847.7454
512164793.99944043,-18.700834,32.915624,845.5177,845.4502
512164794.05037683,-18.697833,32.914907,847.3649,847.2974
512164796.9666939,-18.526028999999998,32.873858,831.8590,831.7917
512164797.0685637,-18.520028,32.872425,827.2484,827.1811
512164797.11949915,-18.517027,32.871708999999996,817.4706,817.4033
512164797.17043495,-18.514025999999998,32.870993,814.2907,814.2234
512164797.22137046,-18.511025,32.870276,802.4037,802.3364
512164797.27230597,-18.508025,32.86956,793.1462,793.0789
512164797.3741769,-18.502022999999998,32.868127,792.8987,792.8314
512164798.8003699,-18.418,32.848078,749.0476,748.9803
512164798.8513055,-18.414998999999998,32.847362,764.2082,764.1410
512164798.902241,-18.411998,32.846646,752.3561,752.2889
512164799.30972594,-18.387991,32.84092,763.3331,763.2659
512164799.4625325,-18.378989,32.838774,763.0420,762.9748
512164801.92666286,-18.23381,32.804175,1980.8549,1980.7879
512164802.2322767,-18.215802999999998,32.799887,2000.8984,2000.8314
512164803.60753393,-18.134774,32.780598,2031.9425,2031.8756
512164803.9131467,-18.116767,32.776313,2051.6743,2051.6074
512164811.83985686,-17.649689,32.665386999999996,1020.4920,1020.4256
512164813.3679219,-17.559641,32.64405,972.7269,972.6605
512164813.4697929,-17.553638,32.642628,958.0735,958.0071
512164813.52072835,-17.550636,32.641917,955.7710,955.7046
512164814.4474442,-17.496024,32.628983999999996,723.7306,723.6642
512164814.5493153,-17.490019999999998,32.627562999999995,711.2006,711.1343
512164814.70212173,-17.481015,32.625431,689.8744,689.8081
512164814.8039928,-17.475012,32.62401,690.0660,689.9997
512164814.905864,-17.469008,32.622589,681.0230,680.9567
512164815.007735,-17.463005,32.621168,669.8087,669.7424
512164815.109605,-17.457000999999998,32.619747,664.6723,664.6060
512164815.211476,-17.450998,32.618325999999996,656.8701,656.8038
512164816.574261,-17.370684999999998,32.599325,764.4078,764.3416
512164816.62519646,-17.367683,32.598614999999995,754.6683,754.6020
512164816.676132,-17.364681,32.597905,756.7098,756.6436
512164816.981745,-17.34667,32.593644999999995,775.9564,775.8902
512164818.61168057,-17.250609999999998,32.570938,899.7544,899.6883
512164818.7135516,-17.244606,32.569519,909.3153,909.2492
512164818.7644868,-17.241604,32.56881,906.7738,906.7077
512164818.8154223,-17.238602,32.568101,907.6791,907.6130
512164818.8663578,-17.235599999999998,32.567391,911.7644,911.6983
512164818.9172933,-17.232598,32.566682,901.5502,901.4841
512164818.9682289,-17.229596,32.565973,907.1683,907.1022
512164819.0191643,-17.226595,32.565264,929.3858,929.3197
512164819.07009864,-17.223592999999997,32.564555,929.5792,929.5131
512164819.32477623,-17.208583,32.561009,934.5738,934.5078
512164819.3757117,-17.205581,32.5603,933.8419,933.7758
512164821.41884905,-17.085162999999998,32.531867999999996,804.5556,804.4897
512164821.52072006,-17.079159,32.530451,822.1088,822.0429
512164821.5716556,-17.076157,32.529742999999996,823.3404,823.2745
512164821.622591,-17.073155,32.529035,825.1051,825.0392
512164821.7244621,-17.067151,32.527618,825.3990,825.3331
512164821.7753976,-17.064149,32.526908999999996,826.1613,826.0954
512164821.82633305,-17.061147,32.526201,826.2234,826.1575
512164821.87726855,-17.058144,32.525493,824.8002,824.7343
512164821.92820406,-17.055142,32.524784,823.3588,823.2929
512164822.030076,-17.049138,32.523368,838.2981,838.2322
512164822.08101153,-17.046136,32.52266,849.3941,849.3282
512164822.1828823,-17.040132,32.521243,852.9320,852.8661
512164822.43755984,-17.025121,32.517702,852.5669,852.5010
512164822.48849535,-17.022119,32.516994,850.4717,850.4059
512164822.53943086,-17.019116999999998,32.516286,850.4381,850.3722
512164824.5373502,-16.901358,32.488521999999996,667.8078,667.7421
512164824.5882856,-16.898356,32.487814,668.7525,668.6868
512164824.6392212,-16.895353999999998,32.487107,666.7756,666.7099
512164824.6901567,-16.892350999999998,32.486399,668.5585,668.4928
512164825.3013816,-16.856324,32.477911,646.8324,646.7667
512164825.35231715,-16.853322,32.477202999999996,639.4252,639.3596
512164825.4032526,-16.85032,32.476496,647.0570,646.9914
512164825.4541881,-16.847317999999998,32.475789,634.5597,634.4940
512164825.5051236,-16.844314999999998,32.475082,635.0879,635.0222
512164825.5560591,-16.841313,32.474375,639.0740,639.0083
512164825.6069947,-16.838311,32.473667,635.4301,635.3645
512164825.65793014,-16.835307999999998,32.47296,634.8347,634.7691
512164825.7598012,-16.829304,32.471546,629.2017,629.1361
512164825.81073666,-16.826301,32.470839,624.3263,624.2606
512164825.8616722,-16.823299,32.470132,625.0984,625.0328
512164825.9126079,-16.820297,32.469424,627.9254,627.8598
512164825.96354336,-16.817294999999998,32.468717,628.4675,628.4019
512164826.0144789,-16.814292,32.46801,627.4098,627.3442
512164826.0654153,-16.81129,32.467303,632.9410,632.8754
512164826.2691574,-16.799281,32.464475,610.3328,610.2673
512164826.3200929,-16.796278,32.463768,614.0776,614.0120
512164826.52383494,-16.784269,32.46094,607.5237,607.4581
512164826.5747705,-16.781267,32.460232999999995,614.6222,614.5567
512164826.93131906,-16.76025,32.455286,595.8869,595.8214
512164826.98225445,-16.757248,32.454578999999995,593.9299,593.8644
512164827.3897373,-16.733228999999998,32.448924999999996,594.4676,594.4021
512164827.5934794,-16.72122,32.446099,595.0033,594.9378
512164827.64441484,-16.718217,32.445392,595.5792,595.5137
512164827.95002794,-16.700203,32.441153,583.0929,583.0274
512164828.7228968,-16.654645,32.430434999999996,644.8083,644.7428
512164828.7738323,-16.651643,32.429729,647.1093,647.0438
512164828.8247678,-16.648640999999998,32.429021999999996,648.1647,648.0993
512164828.87570316,-16.645637999999998,32.428315999999995,647.4914,647.4260
512164828.9266386,-16.642636,32.42761,652.0744,652.0090
512164828.97757417,-16.639633,32.426904,654.3218,654.2564
512164829.02850866,-16.636630999999998,32.426198,656.4438,656.3784
512164829.07944417,-16.633627999999998,32.425491,655.6842,655.6188
512164829.385057,-16.615614,32.421254999999995,684.0888,684.0234
512164829.4359925,-16.612610999999998,32.420549,683.4096,683.3442
512164829.48692805,-16.609609,32.419843,686.5503,686.4850
512164829.5378635,-16.606606,32.419137,682.5794,682.5140
512164829.84347624,-16.588591,32.414901,714.7424,714.6771
512164829.89441174,-16.585589,32.414195,709.7371,709.6718
512164829.94534725,-16.582586,32.413489,714.5786,714.5133
512164829.9962828,-16.579584,32.412783,717.1105,717.0452
512164830.0472193,-16.576581,32.412077,715.8493,715.7840
512164830.0981548,-16.573579,32.411372,723.6215,723.5562
512164830.1490903,-16.570576,32.410666,711.0809,711.0156
512164830.2000258,-16.567574,32.40996,721.8584,721.7931
512164830.3528323,-16.558566,32.407843,724.3008,724.2355
512164830.4037678,-16.555563,32.407137,727.7282,727.6629
512164830.4547034,-16.552561,32.406431,739.7251,739.6598
512164830.50563884,-16.549557999999998,32.405725,739.3135,739.2482
512164830.6584453,-16.540551,32.403608,755.1777,755.1124
512164830.7603163,-16.534546,32.402197,753.2860,753.2207
512164832.44222754,-16.435399,32.378904,605.0141,604.9489
512164832.4931631,-16.432396,32.378198999999995,599.6995,599.6343
512164832.54409856,-16.429394,32.377494,590.1225,590.0574
512164832.5950341,-16.426391,32.376788999999995,603.9146,603.8495
512164832.6459696,-16.423388,32.376084,605.7403,605.6752
512164837.577878,-16.132641,32.307883,609.4390,609.3740
512164837.6288135,-16.129638,32.307179,609.2053,609.1404
512164837.679749,-16.126635,32.306475,610.0593,609.9944
512164837.7306845,-16.123632,32.305772,608.9801,608.9152
512164837.7816198,-16.12063,32.305068,608.4614,608.3964
512164838.5965869,-16.072582999999998,32.293813,607.6575,607.5927
512164838.6984579,-16.066577,32.292406,613.8106,613.7457
512164838.7493932,-16.063574,32.291703,599.5376,599.4728
512164838.8512642,-16.057568,32.290296,590.0550,589.9902
512164839.1059427,-16.042552999999998,32.28678,599.8251,599.7603
512164841.52849764,-15.899726,32.253350999999995,443.9433,443.8787
512164841.57943314,-15.896723,32.252648,441.3321,441.2675
512164841.63036865,-15.89372,32.251946,429.5382,429.4735
512164841.6813042,-15.890716999999999,32.251242999999995,438.3027,438.2381
512164841.73223966,-15.887713999999999,32.250541,436.5214,436.4568
512164841.7831752,-15.884711,32.249838,433.6135,433.5489
512164841.8341107,-15.881708,32.249136,431.8798,431.8152
512164842.08878726,-15.866691999999999,32.245624,420.4890,420.4245
512164842.8018844,-15.824648999999999,32.235792,381.5821,381.5176
512164842.9037554,-15.818641999999999,32.234387999999996,376.9139,376.8494
512164842.95469093,-15.815639,32.233686,374.7374,374.6729
512164843.00562644,-15.812636,32.232983,372.4254,372.3609
512164843.05656284,-15.809633,32.232281,369.4521,369.3876
512164843.10749835,-15.806629999999998,32.231578999999996,365.9785,365.9140
512164843.15843385,-15.803626,32.230877,364.4880,364.4235
512164843.20936936,-15.800623,32.230174999999996,362.8062,362.7417
512164843.2603049,-15.797619999999998,32.229473,361.2427,361.1782
512164843.3112404,-15.794616999999999,32.228771,359.3619,359.2974
512164843.3621759,-15.791614,32.228069,357.5944,357.5299
512164843.41311145,-15.788611,32.227367,356.0746,356.0101
512164843.4640469,-15.785606999999999,32.226665,355.1311,355.0666
512164843.51498246,-15.782604,32.225963,353.6029,353.5384
512164843.5659179,-15.779601,32.225260999999996,351.6414,351.5769
512164843.6168535,-15.776598,32.224559,349.8602,349.7957
512164843.6677889,-15.773594999999998,32.223856999999995,347.9887,347.9242
512164843.7187245,-15.770591999999999,32.223155,346.0668,346.0023
512164843.76966,-15.767588,32.222453,344.4299,344.3654
512164843.82059544,-15.764584999999999,32.221751999999995,342.0612,341.9967
512164843.87153095,-15.761581999999999,32.22105,340.2585,340.1940
512164843.9224665,-15.758579,32.220348,338.2485,338.1840
512164843.9734019,-15.755576,32.219646,336.4343,336.3698
512164844.02433634,-15.752571999999999,32.218944,335.2845,335.2200
512164844.12620735,-15.746566,32.217541,336.0100,335.9455
512164844.1771428,-15.743563,32.216839,329.1657,329.1013
512164844.3299494,-15.734553,32.214734,311.2473,311.1829
512164845.19585395,-15.683498,32.202805999999995,311.3738,311.3094
512164845.24678946,-15.680494999999999,32.202104999999996,311.2237,311.1593
512164845.29772496,-15.677491999999999,32.201403,310.7407,310.6764
512164845.34866047,-15.674487999999998,32.200702,310.6838,310.6194
512164845.3995959,-15.671484999999999,32.199999999999996,310.5161,310.4518
512164845.4505314,-15.668482,32.199298999999996,310.1272,310.0628
512164845.501467,-15.665479,32.198597,309.5559,309.4915
512164845.55240244,-15.662474999999999,32.197896,308.8911,308.8268
512164845.60333776,-15.659472,32.197195,309.2861,309.2217
512164845.6542732,-15.656469,32.196493,307.1872,307.1229
512164845.7052087,-15.653464999999999,32.195792,308.8047,308.7404
512164845.7561442,-15.650462,32.195091,306.7778,306.7135
512164845.80707973,-15.647459,32.194389,308.8991,308.8348
512164845.85801524,-15.644456,32.193688,309.2111,309.1467
512164845.90895075,-15.641452,32.192986999999995,308.9046,308.8403
512164845.95988625,-15.638449,32.192285,309.6654,309.6011
512164846.01082176,-15.635446,32.191584,311.1699,311.1056
512164846.0617563,-15.632442999999999,32.190883,308.8746,308.8103
512164846.1126918,-15.629439,32.190182,309.9245,309.8602
512164846.1636273,-15.626436,32.189479999999996,309.1172,309.0529
512164846.21456283,-15.623432999999999,32.188779,309.7039,309.6396
512164846.26549834,-15.620429,32.188078,310.0660,310.0017
512164846.31643385,-15.617426,32.187377,309.4693,309.4050
512164846.36736935,-15.614422999999999,32.186676,309.1326,309.0683
512164846.41830486,-15.611419,32.185974,309.0153,308.9510
512164846.46924037,-15.608416,32.185272999999995,308.3444,308.2801
512164846.52017593,-15.605412999999999,32.184571999999996,308.1085,308.0442
512164846.57111114,-15.602409,32.183870999999996,307.7841,307.7198
512164846.62204665,-15.599406,32.18317,307.4023,307.3380
512164846.6729822,-15.596402999999999,32.182469,310.7580,310.6937
512164846.72391766,-15.593399,32.181768,310.7464,310.6821
512164846.7748532,-15.590396,32.181067,310.8354,310.7711
512164846.8257887,-15.587392999999999,32.180366,310.7301,310.6658
512164846.87672424,-15.584389,32.179665,310.5426,310.4783
512164846.92765975,-15.581386,32.178964,310.8333,310.7690
512164846.9785952,-15.578382999999999,32.178263,310.7836,310.7193
512164847.0295317,-15.575379,32.177562,310.4902,310.4259
512164847.0804673,-15.572375999999998,32.176860999999995,310.7894,310.7251
512164847.13140273,-15.569372999999999,32.176159999999996,310.6442,310.5799
512164847.18233824,-15.566369,32.175459,310.7377,310.6734
512164847.23327374,-15.563365999999998,32.174758,310.6573,310.5930
512164847.28420925,-15.560362999999999,32.174057,310.6990,310.6347
512164847.3351448,-15.557359,32.173356,310.7188,310.6545
512164847.38608027,-15.554355999999999,32.172655,310.9488,310.8845
512164847.74262863,-15.533332,32.167749,310.6220,310.5578
512164847.79356414,-15.530329,32.167048,310.4051,310.3409
512164847.99730617,-15.518315,32.164245,309.9903,309.9261
512164848.0482405,-15.515312,32.163545,310.7958,310.7316
512164848.2519825,-15.503298,32.160742,312.8388,312.7746
512164848.302918,-15.500295,32.160041,315.7263,315.6621
512164848.3538535,-15.497292,32.159341,316.0629,315.9988
512164849.3725644,-15.437223,32.145331,367.5840,367.5199
512164849.4234999,-15.43422,32.144631,371.1702,371.1062
512164849.4744354,-15.431216,32.14393,373.3035,373.2394
512164849.5253709,-15.428213,32.143229999999996,371.4266,371.3626
512164851.3590481,-15.320087,32.118027999999995,529.8737,529.8098
512164851.4099837,-15.317082999999998,32.117329,529.8419,529.7780
512164851.46091896,-15.314079,32.116628999999996,528.3759,528.3120
512164851.5118544,-15.311076,32.115929,534.7172,534.6533
512164851.56279,-15.308072,32.115229,535.3995,535.3356
512164851.6137254,-15.305069,32.11453,534.5464,534.4825
512164853.44740295,-15.196938999999999,32.089348,690.3258,690.2620
512164854.720789,-15.121846999999999,32.071871,774.2024,774.1385
512164855.230145,-15.091809999999999,32.064883,801.8430,801.7792
512164855.2810805,-15.088806,32.064184,801.3947,801.3309
512164855.4848226,-15.076791,32.061389,820.1777,820.1139
512164855.5357578,-15.073787999999999,32.060691,824.5019,824.4382
512164855.58669335,-15.070784,32.059992,821.4953,821.4316
512164855.6376288,-15.067779999999999,32.059293,822.1455,822.0817
512164855.68856436,-15.064777,32.058595,812.8129,812.7492
512164857.52120185,-14.956700999999999,32.033467,1024.9249,1024.8612
512164857.5721374,-14.953698,32.032769,1023.7262,1023.6625
512164857.62307286,-14.950693999999999,32.03207,1021.1428,1021.0791
512164857.6740084,-14.94769,32.031372,1019.8515,1019.7879
512164857.72494394,-14.944685999999999,32.030674,1018.2166,1018.1530
512164857.7758793,-14.941682,32.029976,1018.7599,1018.6963
512164857.82681495,-14.938678,32.029278,1012.4095,1012.3459
512164858.4052956,-14.904563,32.021350999999996,994.1363,994.0727
512164858.4562312,-14.901558999999999,32.020652999999996,994.0803,994.0167
512164858.5071666,-14.898555,32.019954999999996,993.0828,993.0192
512164858.5581022,-14.895551,32.019256999999996,991.8035,991.7399
512164858.6090377,-14.892548,32.018558999999996,993.0674,993.0039
512164858.65997314,-14.889543999999999,32.017860999999996,992.9649,992.9014
512164858.7109087,-14.88654,32.017163,990.9941,990.9306
512164858.76184416,-14.883536,32.016466,990.2845,990.2210
512164858.8127797,-14.880531999999999,32.015768,989.3903,989.3268
512164858.8637152,-14.877528,32.01507,988.7466,988.6831
512164858.91465074,-14.874524,32.014372,988.7798,988.7162
512164859.1693292,-14.859504999999999,32.010883,984.1028,984.0393
512164859.2202647,-14.856501,32.010186,985.0090,984.9455
512164859.42400676,-14.844484999999999,32.007394999999995,995.2339,995.1705
512164859.4749422,-14.841481,32.006696999999996,995.3815,995.3181
512164859.576813,-14.835472999999999,32.005302,993.7522,993.6887
512164859.6277485,-14.832469,32.004604,996.2593,996.1958
512164859.67868406,-14.829464999999999,32.003907,990.6416,990.5781
512164859.78055495,-14.823457999999999,32.002511999999996,993.2521,993.1887
512164860.57213354,-14.776774,31.991673,926.7928,926.7294
512164860.6230691,-14.773769999999999,31.990975,923.9841,923.9208
512164860.67400455,-14.770766,31.990278,926.7591,926.6958
512164860.72494006,-14.767762,31.98958,930.5184,930.4551
512164860.7758756,-14.764757999999999,31.988882999999998,928.6976,928.6343
512164860.826811,-14.761754,31.988186,926.4865,926.4232
512164860.87774664,-14.75875,31.987489,923.8168,923.7535
512164860.928682,-14.755745999999998,31.986791,925.0347,924.9714
512164860.9796176,-14.752742,31.986093999999998,924.1251,924.0618
512164861.03055406,-14.749737999999999,31.985397,922.6147,922.5514
512164861.08148956,-14.746734,31.9847,923.9819,923.9186
512164861.13242483,-14.74373,31.984002,928.4530,928.3897
512164861.18336034,-14.740725999999999,31.983304999999998,929.2113,929.1480
512164861.23429585,-14.737722,31.982608,926.9342,926.8709
512164861.38710237,-14.72871,31.980515999999998,933.7660,933.7027
512164861.4889734,-14.722702,31.979122,935.5620,935.4987
512164861.6417799,-14.71369,31.977031,924.9338,924.8705
512164861.6927152,-14.710685999999999,31.976333999999998,918.4550,918.3917
512164861.7436507,-14.707682,31.975637,936.6778,936.6145
512164861.79458624,-14.704678,31.97494,936.8714,936.8081
512164861.84552175,-14.701673999999999,31.974242999999998,935.8102,935.7469
512164861.89645725,-14.69867,31.973546,935.1695,935.1062
512164861.94739276,-14.695666,31.972849,946.1934,946.1301
512164861.9983282,-14.692661999999999,31.972151999999998,941.5087,941.4454
512164862.0492628,-14.689658,31.971455,945.3389,945.2756
512164862.1511338,-14.683648999999999,31.970060999999998,942.7449,942.6816
512164862.3548758,-14.671633,31.967273,955.2180,955.1547
512164862.40581125,-14.668629,31.966576,954.7627,954.6994
512164862.4567469,-14.665624999999999,31.965878999999997,948.0707,948.0075
512164862.50768226,-14.662621,31.965182,963.5714,963.5082
512164862.55861783,-14.659616999999999,31.964485999999997,968.0506,967.9873
512164862.60955334,-14.656613,31.963789,968.6270,968.5638
512164862.7114241,-14.650604999999999,31.962394999999997,970.4729,970.4097
512164862.76235956,-14.647601,31.961698,963.8016,963.7384
512164862.9661014,-14.635584999999999,31.958910999999997,985.0593,984.9961
512164863.01703686,-14.632579999999999,31.958213999999998,984.4517,984.3885
512164863.0679734,-14.629576,31.957518,979.6875,979.6243
512164863.1189089,-14.626572,31.956820999999998,977.1685,977.1053
512164863.16984445,-14.623567999999999,31.956124,977.3354,977.2723
512164863.2207799,-14.620564,31.955427999999998,968.3651,968.3019
512164863.27171546,-14.61756,31.954731,967.2180,967.1548
512164863.901133,-14.580438,31.946123,875.1676,875.1045
512164865.7348106,-14.472287999999999,31.921056999999998,970.0106,969.9476
512164867.2119398,-14.385164999999999,31.900878,1037.7480,1037.6851
512164867.262875,-14.382161,31.900181999999997,1037.5872,1037.5244
512164867.3138106,-14.379156,31.899486,1038.0025,1037.9397
512164867.3647461,-14.376152,31.898791,1038.2409,1038.1780
512164867.41568154,-14.373147999999999,31.898094999999998,1045.8791,1045.8162
512164867.4666171,-14.370142999999999,31.897399999999998,1043.8560,1043.7931
512164867.51755255,-14.367139,31.896704,1044.9596,1044.8968
512164867.5684881,-14.364135,31.896008,1048.7168,1048.6540
512164867.6194236,-14.361130999999999,31.895312999999998,1049.5749,1049.5121
512164867.67035913,-14.358125999999999,31.894617,1051.6087,1051.5458
512164868.79094124,-14.292031,31.879317999999998,1017.3385,1017.2758
512164869.7587147,-14.234948,31.86611,1017.3922,1017.3295
512164871.1339729,-14.153829,31.847348999999998,1053.3476,1053.2850
512164871.1849082,-14.150825,31.846655,1052.3078,1052.2452
512164871.3886501,-14.138807,31.843875999999998,1050.8348,1050.7722
512164871.43958575,-14.135803,31.843180999999998,1050.2368,1050.1742
512164871.49052113,-14.132798,31.842487,1049.3412,1049.2786
512164871.64332765,-14.123785,31.840403,1045.8208,1045.7582
512164872.9676521,-14.045668,31.822349,992.8823,992.8198
512164873.06952184,-14.039658999999999,31.82096,991.9064,991.8439
512164873.1204574,-14.036653999999999,31.820266,994.8428,994.7803
512164873.17139286,-14.03365,31.819571999999997,990.6668,990.6043
512164873.22232836,-14.030645,31.818877999999998,998.5982,998.5357
512164873.80081034,-13.996521999999999,31.810993999999997,893.3077,893.2452
512164873.8517458,-13.993518,31.810299999999998,888.2716,888.2091
512164874.51390857,-13.954457999999999,31.801278999999997,845.9890,845.9265
512164874.5648441,-13.951452999999999,31.800584999999998,837.5581,837.4957
512164874.61577964,-13.948449,31.799891,832.2181,832.1556
512164876.2966509,-13.849295999999999,31.777001,829.3675,829.3052
512164876.3475864,-13.846290999999999,31.776308,826.9180,826.8557
512164876.39852184,-13.843287,31.775615,837.8106,837.7484
512164876.50039285,-13.837276999999998,31.774227999999997,838.4724,838.4101
512164876.5513284,-13.834273,31.773533999999998,834.7403,834.6780
512164878.0284581,-13.747136,31.753432,734.8423,734.7802
512164879.8111994,-13.641969,31.729184,702.6030,702.5410
512164879.96400595,-13.632954,31.727106,704.1446,704.0826
512164881.08458656,-13.566847,31.711872999999997,761.1098,761.0479
512164882.3070392,-13.494729999999999,31.695261,862.8707,862.8090
512164882.35797477,-13.491724999999999,31.694568999999998,862.6683,862.6066
512164882.4089103,-13.488719999999999,31.693876999999997,864.0186,863.9569
512164882.4598458,-13.485714999999999,31.693185,866.8949,866.8331
512164882.56171674,-13.479705,31.691800999999998,858.6267,858.5649
512164882.6126523,-13.4767,31.691108999999997,882.1165,882.0548
512164883.27481246,-13.437636,31.682115,932.2648,932.2031
512164883.32574797,-13.434631,31.681423,930.9923,930.9306
512164883.3766834,-13.431626,31.680730999999998,930.9415,930.8798
512164884.2425878,-13.380541,31.668972999999998,933.0752,933.0136
512164884.2935233,-13.377536,31.668281999999998,931.0986,931.0370
512164884.3444588,-13.374531,31.667589999999997,931.4983,931.4367
512164884.3953942,-13.371526,31.666898,931.7285,931.6669
512164884.44632983,-13.368521,31.666207,927.6240,927.5623
512164884.4972653,-13.365516,31.665515,929.3940,929.3323
512164887.11680555,-13.21097,31.629967999999998,493.4445,493.3831
512164891.08977395,-12.976564,31.576113,626.5661,626.5049
512164891.14070946,-12.973557999999999,31.575422999999997,634.3416,634.2804
512164891.19164497,-12.970552999999999,31.574733,637.5165,637.4553
512164891.2425805,-12.967547999999999,31.574043,637.7738,637.7126
512164891.2935157,-12.964542999999999,31.573352999999997,639.2476,639.1865
512164891.34445125,-12.961537,31.572663,639.2391,639.1779
512164891.39538676,-12.958532,31.571973,642.5141,642.4529
512164891.44632214,-12.955527,31.571282999999998,648.2352,648.1741
512164891.49725777,-12.952520999999999,31.570593,649.5943,649.5331
512164891.5481932,-12.949516,31.569903,650.5773,650.5161
512164891.5991287,-12.946511,31.569212999999998,655.7761,655.7150
512164891.65006423,-12.943505,31.568523,662.3502,662.2891
512164891.70099974,-12.9405,31.567833,661.5015,661.4403
512164891.75193524,-12.937495,31.567144,662.1038,662.0427
512164891.8028705,-12.93449,31.566454,674.2356,674.1745
512164891.853806,-12.931484,31.565763999999998,676.7978,676.7367
512164891.9047415,-12.928479,31.565074,667.6930,667.6319
512164891.9556771,-12.925474,31.564383999999997,666.8245,666.7634
512164892.00661254,-12.922468,31.563693999999998,664.0102,663.9491
512164892.2612911,-12.907442,31.560246,690.4560,690.3949
512164892.3122266,-12.904435999999999,31.559555999999997,690.2849,690.2239
512164892.3631621,-12.901430999999999,31.558866,689.5047,689.4437
512164892.4140976,-12.898425999999999,31.558176,690.6126,690.5515
512164892.46503305,-12.89542,31.557487,688.9150,688.8539
512164892.5159686,-12.892415,31.556797,687.4871,687.4261
512164892.5669039,-12.88941,31.556106999999997,687.3866,687.3256
512164892.61783934,-12.886403999999999,31.555418,688.3446,688.2836
512164892.6687749,-12.883398999999999,31.554727999999997,688.0149,687.9538
512164893.6365486,-12.826297,31.541627,651.8837,651.8227
512164894.7571304,-12.760178,31.526462,665.1036,665.0427
512164894.8080659,-12.757171999999999,31.525772,667.9296,667.8687
512164894.85900146,-12.754166999999999,31.525083,666.8057,666.7448
512164894.9099369,-12.751161,31.524393999999997,666.0695,666.0086
512164894.9608725,-12.748156,31.523705,667.9045,667.8436
512164895.0118079,-12.745149999999999,31.523016,668.2611,668.2002
512164895.06274223,-12.742144999999999,31.522326999999997,668.8719,668.8110
512164895.11367774,-12.739139999999999,31.521637,669.2852,669.2243
512164895.16461325,-12.736134,31.520947999999997,669.3695,669.3086
512164895.2155488,-12.733129,31.520259,667.4721,667.4112
512164895.4192908,-12.721107,31.517502999999998,665.0378,664.9769
512164895.47022635,-12.718100999999999,31.516814,671.1098,671.0489
512164895.57209736,-12.712091,31.515435999999998,675.7649,675.7040
512164895.62303287,-12.709085,31.514747,677.1110,677.0502
512164895.6739684,-12.70608,31.514058,676.5431,676.4823
512164895.7249039,-12.703073999999999,31.513368999999997,678.7689,678.7081
512164895.7758393,-12.700069,31.51268,680.1316,680.0708
512164895.8267749,-12.697063,31.511991,681.9837,681.9228
512164895.97958136,-12.688047,31.509923999999998,682.6738,682.6130
512164896.0305178,-12.685041,31.509235,682.9425,682.8817
512164896.0814533,-12.682036,31.508546,683.4502,683.3894
512164896.13238883,-12.67903,31.507856999999998,681.9531,681.8923
512164896.1833244,-12.676025,31.507168,683.1498,683.0890
512164896.23425984,-12.673019,31.50648,685.7917,685.7309
512164896.2851954,-12.670014,31.505791,689.4524,689.3916
512164896.33613086,-12.667008,31.505101999999997,692.6359,692.5752
512164896.4380017,-12.660997,31.503724,698.5852,698.5244
512164896.5398727,-12.654986,31.502347,698.1754,698.1147
512164896.5908079,-12.651981,31.501658,696.0343,695.9735
512164897.96606773,-12.570831,31.483064,664.4331,664.3725
512164898.8829055,-12.516731,31.470672999999998,678.1247,678.0641
512164899.03571296,-12.507714,31.468608,679.4986,679.4381
512164899.29039043,-12.492685999999999,31.465166999999997,681.5073,681.4468
512164899.69787455,-12.468641,31.459661999999998,666.9027,666.8422
512164899.85068107,-12.459624,31.457597,682.3095,682.2490
512164899.9525521,-12.453612999999999,31.456221,684.4525,684.3920
512164900.2581639,-12.435578999999999,31.452092999999998,697.5581,697.4976
512164900.30909944,-12.432573,31.451404999999998,697.9571,697.8967
512164900.36003494,-12.429568,31.450716999999997,683.5275,683.4670
512164900.4109705,-12.426561999999999,31.450028999999997,685.2513,685.1909
512164900.46190596,-12.423556,31.449340999999997,686.4318,686.3714
512164900.56377673,-12.417544999999999,31.447965,686.9870,686.9266
512164900.61471224,-12.414539,31.447277,687.5872,687.5267
512164900.6656478,-12.411534,31.446589,692.2215,692.1611
512164900.81845427,-12.402517,31.444525,687.8193,687.7589
512164900.86938983,-12.399510999999999,31.443837,688.0673,688.0069
512164900.97126055,-12.3935,31.442462,711.0525,710.9921
512164901.0221961,-12.390493999999999,31.441774,709.6042,709.5438
512164901.07313275,-12.387488,31.441086,709.5493,709.4889
512164901.12406826,-12.384483,31.440398,709.4262,709.3658
512164901.17500377,-12.381477,31.439709999999998,708.6541,708.5937
512164901.2259393,-12.378471,31.439023,706.6653,706.6049
512164901.2768748,-12.375465,31.438335,705.5305,705.4702
512164901.32781005,-12.37246,31.437647,705.7227,705.6623
512164901.37874556,-12.369454,31.436958999999998,700.8098,700.7494
512164901.42968106,-12.366448,31.436270999999998,701.3292,701.2688
512164901.4806166,-12.363443,31.435584,696.3763,696.3160
512164901.5315521,-12.360437,31.434896,693.2309,693.1706
512164901.5824876,-12.357431,31.434207999999998,690.8770,690.8166
512164904.4993208,-12.185305999999999,31.394842999999998,1501.7688,1501.7087
512164904.55025625,-12.1823,31.394156,1501.2301,1501.1700
512164904.60119176,-12.179293999999999,31.393468,1497.9053,1497.8452
512164905.4161608,-12.131200999999999,31.382475999999997,1463.1269,1463.0669
512164905.4670964,-12.128195,31.381788999999998,1452.3785,1452.3185
512164905.51803184,-12.125188999999999,31.381102,1449.0307,1448.9707
512164905.5689674,-12.122183,31.380416,1443.5124,1443.4524
512164906.18019253,-12.086113,31.372173999999998,1405.3121,1405.2521
512164906.99516034,-12.038018,31.361186999999997,1402.9854,1402.9255
512164908.01387143,-11.9779,31.347457,1411.1752,1411.1154
512164908.2176122,-11.965876,31.344711,1428.9521,1428.8922
512164908.2685478,-11.962869999999999,31.344025,1428.0591,1427.9992
512164908.3194833,-11.959864,31.343338,1427.5011,1427.4412
512164908.3704188,-11.956857999999999,31.342651999999998,1426.2997,1426.2399
512164908.4213543,-11.953852,31.341966,1424.4602,1424.4004
512164908.47228974,-11.950846,31.341279,1423.1860,1423.1261
512164908.5232253,-11.94784,31.340593,1420.1571,1420.0972
512164908.5741608,-11.944834,31.339907,1418.9344,1418.8745
512164909.66199875,-11.880633999999999,31.325252,1322.6041,1322.5444
512164910.8844495,-11.808489999999999,31.30879,1367.9095,1367.8499
512164911.34287,-11.781435,31.302618,1368.1630,1368.1035
512164911.39380544,-11.778429,31.301931999999997,1368.4792,1368.4196
512164911.444741,-11.775423,31.301246,1368.5901,1368.5306
512164911.4956763,-11.772416999999999,31.300561,1386.9003,1386.8407
512164911.5466117,-11.769411,31.299875,1387.1474,1387.0878
512164911.6994183,-11.760392,31.297818,1391.9470,1391.8875
512164911.7503538,-11.757386,31.297131999999998,1393.3030,1393.2434
512164911.8012893,-11.75438,31.296446999999997,1394.3550,1394.2955
512164911.8522248,-11.751374,31.295761,1395.0794,1395.0199
512164911.9031604,-11.748368,31.295074999999997,1396.2813,1396.2218
512164911.95409584,-11.745362,31.29439,1397.6696,1397.6101
512164912.00503135,-11.742356,31.293703999999998,1399.8121,1399.7526
512164912.05596566,-11.73935,31.293018999999997,1400.5366,1400.4771
512164912.10690117,-11.736343999999999,31.292333,1402.2630,1402.2035
512164912.1578367,-11.733336999999999,31.291646999999998,1401.5881,1401.5286
512164912.2087722,-11.730331,31.290961999999997,1402.2819,1402.2224
512164912.2597077,-11.727324999999999,31.290276,1402.1766,1402.1171
512164912.3106432,-11.724319,31.289590999999998,1402.4561,1402.3966
512164912.3615787,-11.721313,31.288905,1401.6155,1401.5560
512164912.41251427,-11.718307,31.28822,1401.6405,1401.5810
512164913.17654777,-11.673214999999999,31.277938,1394.7485,1394.6890
512164913.7877736,-11.637141,31.269714999999998,1368.3956,1368.3362
512164914.04245013,-11.62211,31.266288999999997,1361.1116,1361.0522
512164914.09338576,-11.619104,31.265603,1360.3358,1360.2764
512164914.14432114,-11.616098,31.264917999999998,1360.1986,1360.1392
512164914.19525665,-11.613092,31.264232999999997,1364.5504,1364.4910
512164914.39899844,-11.601066999999999,31.261491999999997,1355.2019,1355.1425
512164914.44993395,-11.598061,31.260807,1350.8255,1350.7662
512164914.5008695,-11.595054,31.260122,1347.6069,1347.5476
512164914.55180496,-11.592048,31.259437,1344.6316,1344.5722
512164914.6027405,-11.589042,31.258751999999998,1342.3499,1342.2905
512164914.65367603,-11.586036,31.258066999999997,1340.1760,1340.1167
512164914.70461154,-11.583029999999999,31.257382,1331.2222,1331.1629
512164914.75554705,-11.580024,31.256697,1334.0816,1334.0222
512164914.8064825,-11.577017,31.256012,1332.5579,1332.4986
512164914.85741806,-11.574010999999999,31.255326999999998,1331.9771,1331.9178
512164914.90835357,-11.571005,31.254641999999997,1331.1716,1331.1123
512164914.9592891,-11.567998999999999,31.253957,1328.6399,1328.5806
512164915.0102246,-11.564992,31.253272,1326.7527,1326.6934
512164915.061161,-11.561986,31.252587,1323.4187,1323.3594
512164915.2139675,-11.552968,31.250532,1317.7149,1317.6556
512164915.3158386,-11.546954999999999,31.249162,1332.0708,1332.0116
512164915.366774,-11.543949,31.248476999999998,1331.1745,1331.1152
512164915.4177095,-11.540942999999999,31.247791999999997,1329.7978,1329.7385
512164915.4686451,-11.537936,31.247107,1329.0328,1328.9736
512164915.51958054,-11.53493,31.246422,1327.4077,1327.3485
512164915.5705161,-11.531924,31.245737,1326.5198,1326.4605
512164915.62145156,-11.528917999999999,31.245051999999998,1325.5809,1325.5217
512164915.6723871,-11.525910999999999,31.244367999999998,1322.7929,1322.7337
512164915.72332263,-11.522905,31.243682999999997,1318.9113,1318.8520
512164915.7742581,-11.519898999999999,31.242998,1315.4581,1315.3989
512164915.92706466,-11.51088,31.240942999999998,1313.9618,1313.9026
512164915.97800016,-11.507874,31.240259,1308.8906,1308.8314
512164916.0289344,-11.504868,31.239573999999998,1309.1578,1309.0986
512164916.13080543,-11.498854999999999,31.238204,1311.7101,1311.6509
512164916.181741,-11.495849,31.237519,1310.5334,1310.4742
512164917.098581,-11.441735999999999,31.225195,1300.2842,1300.2251
512164917.200452,-11.435723,31.223826,1308.3384,1308.2793
512164918.219161,-11.375596999999999,31.210137,1335.4988,1335.4398
512164918.27009654,-11.372591,31.209452,1336.3307,1336.2717
512164918.321032,-11.369584999999999,31.208768,1337.2893,1337.2303
512164918.3719675,-11.366577999999999,31.208083,1340.3308,1340.2718
512164919.2378719,-11.31547,31.196451,1324.1401,1324.0813
512164919.28880745,-11.312464,31.195767,1323.9335,1323.8746
512164919.3397429,-11.309457,31.195083,1323.1375,1323.0786
512164919.39067835,-11.306451,31.194398,1322.4540,1322.3951
512164919.4416137,-11.303445,31.193714,1321.3967,1321.3379
512164919.4925491,-11.300438,31.19303,1320.4459,1320.3871
512164919.69629115,-11.288413,31.190293999999998,1312.6911,1312.6323
512164919.74722666,-11.285406,31.18961,1330.3183,1330.2595
512164919.7981622,-11.282399999999999,31.188926,1334.7372,1334.6784
512164919.84909767,-11.279394,31.188240999999998,1332.6293,1332.5704
512164919.90003324,-11.276387,31.187556999999998,1332.1188,1332.0600
512164919.9509687,-11.273380999999999,31.186873,1332.4645,1332.4057
512164920.0019042,-11.270374,31.186189,1331.1261,1331.0673
512164920.05283874,-11.267368,31.185505,1329.4090,1329.3502
512164920.10377425,-11.264362,31.184821,1329.3183,1329.2595
512164920.1547095,-11.261355,31.184137,1329.1184,1329.0596
512164920.205645,-11.258348999999999,31.183453,1328.2039,1328.1451
512164920.25658053,-11.255341999999999,31.182768999999997,1328.5724,1328.5136
512164920.3075161,-11.252336,31.182084999999997,1327.0916,1327.0328
512164920.35845155,-11.249329999999999,31.181400999999997,1325.7190,1325.6602
512164920.6131291,-11.234297999999999,31.177982,1325.5088,1325.4500
512164920.66406465,-11.231290999999999,31.177297999999997,1324.0144,1323.9556
512164920.71500015,-11.228285,31.176613999999997,1320.8998,1320.8410
512164920.76593566,-11.225278,31.175929999999997,1320.9107,1320.8519
512164920.81687117,-11.222272,31.175245999999998,1321.5805,1321.5217
512164920.8678067,-11.219265,31.174561999999998,1320.9468,1320.8880
512164920.9187422,-11.216258999999999,31.173878,1321.5829,1321.5241
512164920.9696777,-11.213253,31.173194,1321.0922,1321.0334
512164921.0206132,-11.210246,31.172511,1320.4154,1320.3566
512164921.0715496,-11.207239999999999,31.171826999999997,1297.6431,1297.5843
512164921.3771627,-11.189200999999999,31.167724,1295.9018,1295.8431
512164921.42809814,-11.186195,31.16704,1296.2713,1296.2125
512164921.4790337,-11.183188,31.166355999999997,1297.7907,1297.7320
512164921.5299692,-11.180182,31.165672999999998,1300.6444,1300.5856
512164921.58090466,-11.177175,31.164989,1301.4937,1301.4350
512164921.6318402,-11.174169,31.164305,1304.8418,1304.7831
512164921.6827757,-11.171161999999999,31.163621,1307.9012,1307.8425
512164921.73371124,-11.168156,31.162937999999997,1308.0585,1307.9998
512164921.78464675,-11.165149,31.162253999999997,1307.7412,1307.6824
512164921.83558226,-11.162143,31.161569999999998,1308.0120,1307.9533
512164921.88651776,-11.159136,31.160887,1306.4552,1306.3964
512164921.9374533,-11.15613,31.160203,1307.1358,1307.0771
512164921.9883888,-11.153124,31.159519,1306.2622,1306.2035
512164922.0393231,-11.150117,31.158835999999997,1304.8818,1304.8231
512164922.0902586,-11.147110999999999,31.158151999999998,1305.9549,1305.8962
512164922.1411941,-11.144103999999999,31.157467999999998,1288.0457,1287.9870
512164922.19212955,-11.141098,31.156785,1288.1449,1288.0862
512164922.446807,-11.126064999999999,31.153367,1292.6382,1292.5795
512164922.49774265,-11.123059,31.152683,1297.3345,1297.2758
512164922.5486781,-11.120052,31.151999999999997,1298.4332,1298.3746
512164922.59961367,-11.117046,31.151315999999998,1298.4194,1298.3608
512164922.6505491,-11.114039,31.150633,1297.3177,1297.2591
512164922.70148456,-11.111032999999999,31.149949,1295.3451,1295.2865
512164922.7524201,-11.108025999999999,31.149265999999997,1291.6305,1291.5718
512164922.80335563,-11.10502,31.148581999999998,1290.4478,1290.3891
512164922.85429114,-11.102013,31.147899,1288.6980,1288.6394
512164922.90522665,-11.099007,31.147215,1289.0015,1288.9429
512164922.9561622,-11.096,31.146531999999997,1288.5078,1288.4492
512164923.2617762,-11.077961,31.142431,1277.8022,1277.7436
512164923.51645374,-11.062928999999999,31.139014,1270.2399,1270.1814
512164923.56738895,-11.059922,31.13833,1267.4785,1267.4200
512164923.97487324,-11.03587,31.132863999999998,1246.1771,1246.1186
512164924.02580774,-11.032862999999999,31.132181,1249.7786,1249.7201
512164924.0767433,-11.029857,31.131497,1250.9228,1250.8643
512164924.1276788,-11.02685,31.130813999999997,1251.7131,1251.6546
512164924.1786143,-11.023843999999999,31.130131,1251.4416,1251.3831
512164924.2295498,-11.020837,31.129448,1250.7450,1250.6866
512164924.2804854,-11.017831,31.128764,1249.8617,1249.8033
512164924.33142084,-11.014823999999999,31.128080999999998,1246.5672,1246.5088
512164924.38235635,-11.011818,31.127398,1244.5782,1244.5197
512164924.43329185,-11.008811,31.126714999999997,1242.4851,1242.4266
512164924.48422736,-11.005804,31.126030999999998,1240.0366,1239.9781
512164924.5351627,-11.002798,31.125348,1237.9423,1237.8838
512164924.58609813,-10.999791,31.124665,1236.3016,1236.2431
512164924.6370337,-10.996785,31.123981999999998,1233.9690,1233.9106
512164924.68796915,-10.993777999999999,31.123299,1232.0002,1231.9418
512164924.73890465,-10.990772,31.122615999999997,1231.0087,1230.9503
512164924.7898402,-10.987765,31.121933,1230.8842,1230.8258
512164924.84077567,-10.984758,31.121249,1231.3288,1231.2704
512164924.89171124,-10.981752,31.120566,1231.0593,1231.0009
512164924.9426467,-10.978745,31.119882999999998,1231.0546,1230.9962
512164924.99358225,-10.975738999999999,31.1192,1230.9234,1230.8650
512164925.04451865,-10.972731999999999,31.118516999999997,1230.5648,1230.5064
512164925.09545416,-10.969726,31.117834,1230.0012,1229.9428
512164925.4520027,-10.948679,31.113052999999997,1223.4922,1223.4338
512164925.5029383,-10.945673,31.11237,1221.6562,1221.5978
512164925.5538737,-10.942666,31.111687,1219.9288,1219.8704
512164925.6048093,-10.93966,31.111003999999998,1218.5009,1218.4425
512164925.65574473,-10.936653,31.110321,1218.9749,1218.9165
512164925.7066803,-10.933646999999999,31.109638,1219.9380,1219.8796
512164925.7576158,-10.93064,31.108954999999998,1216.2331,1216.1747
512164925.80855125,-10.927633,31.108272,1215.4671,1215.4087
512164926.725389,-10.873514,31.095979999999997,1236.8483,1236.7900
512164926.7763245,-10.870508,31.095297,1236.1459,1236.0876
512164926.8781955,-10.864493999999999,31.093932,1235.0490,1234.9907
512164926.9291311,-10.861488,31.093249,1234.7458,1234.6875
512164926.98006654,-10.858481,31.092565999999998,1234.5164,1234.4581
512164927.03100306,-10.855474,31.091884,1233.6382,1233.5799
512164927.0819385,-10.852468,31.091200999999998,1231.1540,1231.0957
512164927.1328741,-10.849461,31.090518,1230.9112,1230.8529
512164927.1838096,-10.846454,31.089834999999997,1231.7042,1231.6460
512164927.4384871,-10.831420999999999,31.086422,1226.7737,1226.7155
512164927.4894226,-10.828413999999999,31.085739,1225.3533,1225.2951
512164927.5403581,-10.825408,31.085057,1224.7247,1224.6664
512164927.59129363,-10.822401,31.084373999999997,1216.7865,1216.7282
512164927.6422291,-10.819393999999999,31.083692,1217.9952,1217.9369
512164927.69316465,-10.816388,31.083008999999997,1218.0001,1217.9419
512164927.74410015,-10.813381,31.082326,1218.7423,1218.6841
512164927.7950356,-10.810374,31.081643999999997,1219.0543,1218.9961
512164927.8459711,-10.807368,31.080961,1217.9066,1217.8484
512164927.8969066,-10.804361,31.080278999999997,1217.8958,1217.8376
512164927.9478421,-10.801354,31.079596,1217.5759,1217.5177
512164927.99877745,-10.798347999999999,31.078913999999997,1216.8748,1216.8166
512164928.049712,-10.795340999999999,31.078231,1215.5721,1215.5139
512164928.10064757,-10.792334,31.077548,1214.2697,1214.2115
512164928.151583,-10.789328,31.076866,1213.8463,1213.7881
512164928.6100028,-10.762267,31.070724,1182.6615,1182.6034
512164931.6661332,-10.581862,31.029794,1224.0541,1223.9962
512164931.71706873,-10.578854999999999,31.029111999999998,1224.2791,1224.2212
512164931.97174615,-10.563820999999999,31.025703,1227.4946,1227.4367
512164933.7544882,-10.458582,31.001844,1267.4313,1267.3736
512164933.80542374,-10.455575,31.001161999999997,1267.1635,1267.1058
512164933.85635924,-10.452568,31.000480999999997,1265.6870,1265.6293
512164933.90729475,-10.449561,30.999799,1263.8932,1263.8355
512164933.95823026,-10.446553999999999,30.999118,1263.8609,1263.8032
512164934.00916576,-10.443546999999999,30.998435999999998,1262.2005,1262.1428
512164934.0601023,-10.44054,30.997754999999998,1261.5246,1261.4669
512164934.5694573,-10.410471,30.990941,1259.1099,1259.0523
512164934.62039286,-10.407464,30.990259,1258.7113,1258.6537
512164934.6713283,-10.404456999999999,30.989577999999998,1258.1758,1258.1181
512164934.7222638,-10.401449999999999,30.988896999999998,1257.6376,1257.5800
512164934.7731993,-10.398444,30.988215,1256.8859,1256.8283
512164934.8241348,-10.395437,30.987534,1256.7621,1256.7045
512164935.02787566,-10.383409,30.984809,1255.8006,1255.7430
512164939.61207056,-10.112779,30.923527,1225.3635,1225.3063
512164939.66300607,-10.109772,30.922846999999997,1224.0937,1224.0366
512164939.96861917,-10.091728999999999,30.918764,1222.6869,1222.6298
512164942.39273334,-9.948615,30.88639,1357.5604,1357.5034
512164944.2264114,-9.840356,30.861912999999998,1332.5699,1332.5131
512164946.0091524,-9.735102,30.838127,1399.0204,1398.9637
512164946.2128954,-9.723073,30.83541,1399.3064,1399.2497
512164946.26383084,-9.720065,30.834729999999997,1409.7661,1409.7094
512164946.77318573,-9.689992,30.827937,1456.7600,1456.7033
512164946.82412124,-9.686985,30.827257,1457.1269,1457.0703
512164946.8750567,-9.683978,30.826577999999998,1455.9298,1455.8732
512164946.92599225,-9.68097,30.825899,1454.9347,1454.8781
512164947.3334751,-9.656912,30.820463999999998,1468.1292,1468.0726
512164947.6900234,-9.635861,30.81571,1500.9499,1500.8934
512164947.740959,-9.632852999999999,30.815030999999998,1518.4271,1518.3705
512164947.84282994,-9.626838,30.813671999999997,1523.8314,1523.7749
512164947.8937655,-9.623831,30.812993,1521.5147,1521.4581
512164947.94470096,-9.620823999999999,30.812313999999997,1518.6003,1518.5438
512164947.9956365,-9.617816,30.811635,1514.3139,1514.2574
512164949.7929315,-9.511699,30.787675999999998,1519.6406,1519.5843
512164949.84386706,-9.508692,30.786997999999997,1519.4530,1519.3967
512164950.7607073,-9.454557999999999,30.77478,1497.9311,1497.8749
512164950.8116429,-9.451551,30.774100999999998,1490.4502,1490.3940
512164950.91351384,-9.445535999999999,30.772744,1498.7847,1498.7285
512164950.9644494,-9.442528,30.772064999999998,1489.1701,1489.1139
512164951.01538485,-9.439521,30.771386,1489.3165,1489.2603
512164951.06631947,-9.436513,30.770708,1488.9353,1488.8791
512164951.1172547,-9.433506,30.770028999999997,1485.8711,1485.8149
512164951.16819024,-9.430499,30.76935,1486.1098,1486.0536
512164951.21912575,-9.427491,30.768672,1482.8081,1482.7519
512164951.2700612,-9.424484,30.767992999999997,1481.3459,1481.2898
512164951.32099676,-9.421476,30.767315,1479.3829,1479.3267
512164951.3719322,-9.418469,30.766636,1478.4919,1478.4357
512164953.1993735,-9.310568,30.742295,1339.4248,1339.3688
512164953.250309,-9.307559999999999,30.741615999999997,1340.0947,1340.0387
512164953.3012445,-9.304553,30.740938,1341.0958,1341.0398
512164953.35217994,-9.301544999999999,30.74026,1343.9504,1343.8945
512164953.4031156,-9.298537,30.739580999999998,1344.6925,1344.6366
512164953.45405096,-9.29553,30.738902999999997,1346.9880,1346.9321
512164953.50498646,-9.292522,30.738225,1348.3586,1348.3026
512164953.55592203,-9.289515,30.737547,1349.9621,1349.9061
512164953.6068575,-9.286507,30.736867999999998,1351.4619,1351.4059
512164953.65779305,-9.2835,30.736189999999997,1352.9052,1352.8493
512164953.7087285,-9.280491999999999,30.735512,1354.1599,1354.1040
512164953.75966406,-9.277485,30.734834,1354.9875,1354.9316
512164953.8105995,-9.274477,30.734154999999998,1357.0151,1356.9592
512164953.861535,-9.271469999999999,30.733476999999997,1357.1151,1357.0592
512164953.9124706,-9.268462,30.732799,1358.4365,1358.3806
512164953.963406,-9.265455,30.732121,1359.9747,1359.9188
512164954.0143416,-9.262447,30.731443,1367.3563,1367.3004
512164954.06527805,-9.25944,30.730763999999997,1367.3144,1367.2586
512164954.11621356,-9.256432,30.730086,1368.9566,1368.9007
512164954.16714907,-9.253423999999999,30.729408,1369.6879,1369.6320
512164954.2180846,-9.250416999999999,30.72873,1369.6240,1369.5681
512164954.2690201,-9.247409,30.728051999999998,1369.6639,1369.6080
512164954.3199556,-9.244402,30.727373,1369.6847,1369.6288
512164956.80124235,-9.09789,30.694346999999997,1158.3100,1158.2543
512164959.77836794,-8.922094999999999,30.654746,1535.3294,1535.2739
512164959.8293032,-8.919087,30.654068,1534.6063,1534.5508
512164960.59333676,-8.873971,30.643909999999998,1550.9215,1550.8660
512164960.7461433,-8.864948,30.641878,1544.2993,1544.2439
512164960.8480143,-8.858932,30.640524,1541.0540,1540.9986
512164960.8989498,-8.855924,30.639846,1536.6669,1536.6115
512164960.9498853,-8.852917,30.639169,1537.5226,1537.4672
512164961.0008209,-8.849909,30.638492,1531.7341,1531.6787
512164961.05175537,-8.846900999999999,30.637815,1528.4698,1528.4144
512164961.1026909,-8.843893,30.637138,1527.2555,1527.2001
512164965.6006117,-8.578284,30.577371999999997,757.1457,757.0908
512164965.65154713,-8.575277,30.576696,757.4760,757.4210
512164965.7024827,-8.572269,30.576019,757.0369,756.9819
512164966.0080958,-8.554221,30.571960999999998,759.9475,759.8926
512164966.3646431,-8.533166,30.567225999999998,752.8479,752.7930
512164966.41557866,-8.530158,30.566549,753.6655,753.6107
512164967.1796122,-8.485039,30.556404999999998,756.1806,756.1258
512164967.2305477,-8.482031,30.555728,755.8986,755.8438
512164967.7399025,-8.451952,30.548966,744.9519,744.8971
512164967.790838,-8.448944,30.548289999999998,744.1179,744.0632
512164967.84177357,-8.445936,30.547614,744.4210,744.3663
512164967.892709,-8.442928,30.546937999999997,750.9929,750.9382
512164967.9436446,-8.439919999999999,30.546262,756.4667,756.4120
512164967.9945801,-8.436912,30.545585,756.5156,756.4609
512164968.0455146,-8.433904,30.544908999999997,756.5259,756.4712
512164968.09645015,-8.430895999999999,30.544233,756.5799,756.5253
512164968.1473856,-8.427888,30.543557,756.5849,756.5302
512164968.19832116,-8.42488,30.542880999999998,756.5023,756.4476
512164968.2492566,-8.421872,30.542205,756.4613,756.4066
512164968.3001922,-8.418865,30.541528999999997,756.3741,756.3194
512164968.3511276,-8.415856999999999,30.540853,756.3587,756.3040
512164968.40206313,-8.412849,30.540177,756.4132,756.3585
512164968.45299846,-8.409841,30.5395,756.4437,756.3891
512164968.5039339,-8.406832999999999,30.538823999999998,756.3864,756.3317
512164968.5548695,-8.403825,30.538148,756.3358,756.2811
512164968.6058049,-8.400817,30.537471999999998,756.4459,756.3913
512164968.6567404,-8.397808999999999,30.536796,756.2809,756.2263
512164968.707676,-8.394801,30.53612,756.3449,756.2902
512164968.75861144,-8.391793,30.535444,756.3404,756.2858
512164968.80954677,-8.388785,30.534768,756.2794,756.2248
512164968.8604823,-8.385777,30.534091999999998,756.3423,756.2876
512164968.9114178,-8.382769,30.533416,756.3002,756.2456
512164968.9623533,-8.379761,30.532739999999997,756.3356,756.2810
512164969.01328874,-8.376752999999999,30.532064,756.4026,756.3480
512164969.0642252,-8.373745,30.531388,756.3299,756.2753
512164969.1151607,-8.370737,30.530711999999998,756.4128,756.3582
512164969.16609627,-8.367728999999999,30.530036,756.3591,756.3045
512164969.2170317,-8.364721,30.529359999999997,756.3230,756.2685
512164969.2679672,-8.361713,30.528684,756.2890,756.2344
512164969.31890273,-8.358705,30.528008,756.3219,756.2673
512164969.36983824,-8.355697,30.527331999999998,756.3085,756.2539
512164969.42077374,-8.352689,30.526656,756.3527,756.2981
512164969.47170925,-8.349681,30.525979999999997,756.3430,756.2885
512164969.5226448,-8.346673,30.525304,756.3585,756.3039
512164969.57358027,-8.343665,30.524628,756.4187,756.3642
512164969.6245158,-8.340657,30.523951999999998,756.4305,756.3759
512164969.67545134,-8.337648999999999,30.523277,756.4781,756.4236
512164969.7263868,-8.334641,30.522600999999998,756.4732,756.4187
512164969.77732235,-8.331633,30.521925,756.4232,756.3686
512164969.8282578,-8.328624999999999,30.521248999999997,756.0937,756.0392
512164969.87919337,-8.325617,30.520573,755.6259,755.5714
512164969.9301289,-8.322609,30.519897,755.0642,755.0097
512164969.9810644,-8.319601,30.519220999999998,754.5021,754.4476
512164970.0319987,-8.316593,30.518545,753.7527,753.6982
512164970.08293414,-8.313585,30.51787,753.1591,753.1046
512164970.1338697,-8.310577,30.517194,752.3662,752.3117
512164970.1848052,-8.307568999999999,30.516517999999998,751.1756,751.1211
512164970.23574066,-8.304561,30.515842,750.0695,750.0151
512164970.2866762,-8.301553,30.515165999999997,748.1933,748.1388
512164970.38854724,-8.295537,30.513814,727.8477,727.7932
512164970.5922893,-8.283505,30.511111,732.1269,732.0725
512164970.6432248,-8.280497,30.510434999999998,731.1071,731.0527
512164970.6941602,-8.277489,30.50976,731.0756,731.0212
512164970.7450958,-8.274481,30.509083999999998,729.8753,729.8208
512164970.79603124,-8.271473,30.508408,727.8907,727.8363
512164970.8469668,-8.268464999999999,30.507731999999997,727.2915,727.2371
512164970.89790225,-8.265457,30.507057,725.5661,725.5117
512164970.94883776,-8.262448,30.506380999999998,724.5309,724.4765
512164970.99977326,-8.25944,30.505705,722.6959,722.6415
512164971.0507097,-8.256432,30.505029,720.9164,720.8620
512164971.1016453,-8.253423999999999,30.504354,718.9638,718.9094
512164971.15258074,-8.250416,30.503677999999997,716.1687,716.1143
512164971.20351654,-8.247408,30.503002,714.7670,714.7126
512164972.17129,-8.190255,30.490164999999998,687.7281,687.6738
512164972.2222254,-8.187247,30.48949,685.9084,685.8541
512164972.27316093,-8.184239,30.488813999999998,684.1901,684.1358
512164972.32409644,-8.181231,30.488139,682.6063,682.5520
512164972.37503195,-8.178223,30.487462999999998,681.5286,681.4743
512164972.4259675,-8.175215,30.486787,680.6743,680.6200
512164972.47690296,-8.172207,30.486112,678.3283,678.2740
512164972.52783847,-8.169198999999999,30.485436,676.8714,676.8171
512164972.578774,-8.166191,30.484761,673.9188,673.8645
512164972.6297095,-8.163181999999999,30.484085,672.1902,672.1360
512164972.68064505,-8.160174,30.48341,668.4195,668.3653
512164972.7315805,-8.157166,30.482733999999997,665.2381,665.1839
512164973.95403314,-8.084972,30.466524,726.6273,726.5732
512164974.0049687,-8.081964,30.465849,730.8740,730.8199
512164974.0559032,-8.078956,30.465173999999998,732.7110,732.6569
512164974.1068387,-8.075947,30.464498,734.4078,734.3537
512164974.157774,-8.072939,30.463822999999998,735.8528,735.7987
512164974.2087095,-8.069931,30.463148,736.6429,736.5888
512164974.25964504,-8.066923,30.462471999999998,737.9048,737.8507
512164974.3105805,-8.063915,30.461796999999997,739.0777,739.0237
512164974.36151606,-8.060907,30.461122,738.2566,738.2025
512164974.4124515,-8.057898999999999,30.460447,739.6100,739.5560
512164974.4633871,-8.05489,30.459771,741.1217,741.0677
512164974.5143226,-8.051881999999999,30.459096,742.1084,742.0543
512164974.565258,-8.048874,30.458420999999998,743.3404,743.2864
512164974.6161936,-8.045866,30.457746,745.2335,745.1794
512164974.6671288,-8.042857999999999,30.457069999999998,746.9856,746.9316
512164974.71806437,-8.03985,30.456394999999997,749.6886,749.6346
512164974.7689999,-8.036842,30.45572,749.4185,749.3644
512164974.8199353,-8.033833999999999,30.455045,750.3332,750.2792
512164974.8708709,-8.030825,30.454369,758.1391,758.0851
512164975.0746138,-8.018793,30.451669,755.6014,755.5474
512164976.1951938,-7.9526129999999995,30.436816,755.2420,755.1881
512164976.6536133,-7.925539,30.430740999999998,754.5006,754.4467
512164976.70454884,-7.922530999999999,30.430066,755.0079,754.9540
512164976.75548434,-7.919523,30.429391,754.9244,754.8705
512164976.80641985,-7.9165149999999995,30.428715999999998,754.7883,754.7344
512164976.85735536,-7.913507,30.428041,754.7629,754.7089
512164976.90829086,-7.910498,30.427366,754.4645,754.4106
512164976.95922637,-7.907489999999999,30.426690999999998,754.8053,754.7514
512164977.0101619,-7.904482,30.426015999999997,754.8758,754.8219
512164977.0610984,-7.901473999999999,30.425341,754.8813,754.8274
512164977.11203384,-7.898465,30.424667,754.9067,754.8528
512164977.1629694,-7.8954569999999995,30.423992,754.7635,754.7096
512164977.21390486,-7.892449,30.423316999999997,754.7331,754.6792
512164977.2648404,-7.889441,30.422642,754.7419,754.6880
512164977.31577593,-7.886432999999999,30.421967,754.8236,754.7697
512164977.3667113,-7.883424,30.421291999999998,754.7244,754.6706
512164977.41764694,-7.880415999999999,30.420617,754.7178,754.6639
512164977.4685824,-7.877408,30.419942,754.7453,754.6914
512164977.51951796,-7.8744,30.419266999999998,754.6496,754.5958
512164977.5704534,-7.871391999999999,30.418592999999998,754.6744,754.6206
512164977.6213886,-7.868383,30.417918,754.6418,754.5879
512164977.6723242,-7.865374999999999,30.417243,754.5790,754.5252
512164977.7232597,-7.862367,30.416567999999998,754.6646,754.6108
512164977.7741952,-7.8593589999999995,30.415892999999997,754.5496,754.4957
512164977.8251307,-7.85635,30.415218,754.5093,754.4555
512164977.8760662,-7.853342,30.414544,754.5750,754.5212
512164977.9270017,-7.850333999999999,30.413869,754.4531,754.3992
512164977.9779372,-7.847326,30.413193999999997,754.5146,754.4608
512164978.0288718,-7.8443179999999995,30.412519,754.3731,754.3193
512164978.0798073,-7.841309,30.411844,754.3635,754.3097
512164978.1307428,-7.8383009999999995,30.41117,754.4875,754.4337
512164978.1816783,-7.835293,30.410494999999997,754.3626,754.3088
512164978.23261374,-7.832285,30.40982,754.4817,754.4279
512164978.2835493,-7.829275999999999,30.409145,754.3439,754.2901
512164978.3344848,-7.826268,30.408469999999998,754.3232,754.2694
512164978.3854203,-7.823259999999999,30.407795999999998,754.4115,754.3578
512164978.4363558,-7.820252,30.407121,754.0642,754.0104
512164978.4872914,-7.8172429999999995,30.406446,754.3196,754.2659
512164978.53822684,-7.814235,30.405770999999998,754.3445,754.2907
512164978.5891622,-7.811227,30.405096999999998,754.3674,754.3137
512164978.6400976,-7.808218999999999,30.404422,754.1225,754.0687
512164978.6910331,-7.80521,30.403747,754.2153,754.1616
512164978.7419687,-7.802201999999999,30.403073,754.3984,754.3446
512164978.79290414,-7.799194,30.402397999999998,754.3069,754.2532
512164978.8438397,-7.796186,30.401722999999997,754.2219,754.1681
512164978.8947752,-7.793177,30.401048,754.2117,754.1580
512164978.94571066,-7.790169,30.400374,754.2419,754.1881
512164978.9966462,-7.787160999999999,30.399699,754.2171,754.1634
512164979.0475826,-7.784152,30.399023999999997,754.3519,754.2982
512164979.09851813,-7.781143999999999,30.398349999999997,754.3174,754.2637
512164979.14945364,-7.778136,30.397675,754.1338,754.0801
512164979.20038915,-7.775128,30.397,754.2799,754.2262
512164979.25132465,-7.772119,30.396326,754.2458,754.1921
512164979.30226016,-7.769111,30.395650999999997,754.2786,754.2249
512164979.3531954,-7.766102999999999,30.394976,754.1542,754.1005
512164979.40413094,-7.763095,30.394302,754.2245,754.1708
512164979.45506644,-7.760085999999999,30.393627,754.1289,754.0752
512164979.50600195,-7.757078,30.392953,754.2204,754.1668
512164979.5569375,-7.75407,30.392277999999997,754.1525,754.0989
512164979.60787296,-7.751061999999999,30.391603,754.0884,754.0348
512164979.65880847,-7.748053,30.390929,754.1954,754.1418
512164979.709744,-7.745044999999999,30.390254,754.1385,754.0849
512164979.7606795,-7.742037,30.38958,754.1577,754.1041
512164979.81161505,-7.739027999999999,30.388904999999998,753.9845,753.9309
512164979.8625505,-7.73602,30.38823,754.1080,754.0544
512164979.91348606,-7.7330119999999996,30.387556,754.1139,754.0603
512164979.9644216,-7.730003999999999,30.386881,753.9756,753.9220
512164980.015357,-7.726995,30.386207,753.3551,753.3015
512164980.0662914,-7.723986999999999,30.385531999999998,754.1885,754.1349
512164980.11722684,-7.720979,30.384857999999998,754.1038,754.0502
512164980.1681624,-7.717969999999999,30.384183,754.0250,753.9715
512164980.21909785,-7.714962,30.383509,753.9227,753.8691
512164980.27003336,-7.7119539999999995,30.382834,754.0570,754.0034
512164980.3209689,-7.708946,30.38216,754.0677,754.0141
512164980.3719044,-7.705937,30.381484999999998,754.0727,754.0191
512164980.42283994,-7.702928999999999,30.380810999999998,754.0323,753.9788
512164980.4737754,-7.699921,30.380136,754.1164,754.0628
512164980.52471095,-7.696911999999999,30.379462,754.0755,754.0220
512164980.57564646,-7.693904,30.378787,754.0725,754.0189
512164980.6265819,-7.6908959999999995,30.378113,754.0924,754.0389
512164980.6775175,-7.687887,30.377437999999998,754.1677,754.1142
512164980.7284529,-7.684879,30.376763999999998,754.0623,754.0088
512164980.77938837,-7.681870999999999,30.376089,754.1527,754.0992
512164980.830324,-7.678863,30.375415,754.0731,754.0195
512164980.8812594,-7.675853999999999,30.37474,754.0632,754.0097
512164980.93219495,-7.672846,30.374066,754.0521,753.9986
512164980.98313046,-7.6698379999999995,30.373392,753.9903,753.9368
512164981.0340669,-7.666829,30.372716999999998,754.0568,754.0033
512164981.0850024,-7.6638209999999996,30.372042999999998,754.0937,754.0402
512164981.135938,-7.660813,30.371368,753.8845,753.8310
512164981.18687344,-7.657804,30.370694,753.9109,753.8574
512164981.23780894,-7.654795999999999,30.37002,753.9466,753.8931
512164981.2887445,-7.651788,30.369345,753.4477,753.3943
512164981.33967996,-7.648778999999999,30.368671,753.9206,753.8672
512164981.3906155,-7.645771,30.367995999999998,753.7265,753.6731
512164981.44155097,-7.6427629999999995,30.367321999999998,753.5583,753.5049
512164981.49248654,-7.639754,30.366647999999998,753.7083,753.6549
512164981.54342204,-7.636746,30.365973,753.8527,753.7992
512164981.5943575,-7.633737999999999,30.365299,752.6584,752.6049
512164981.64529306,-7.630729,30.364625,753.7234,753.6699
512164981.69622844,-7.627720999999999,30.36395,753.6225,753.5690
512164981.747164,-7.624713,30.363276,753.8969,753.8434
512164981.7980995,-7.621703999999999,30.362602,753.6237,753.5703
512164981.84903497,-7.618696,30.361926999999998,753.8798,753.8264
512164981.89997053,-7.615688,30.361252999999998,753.9718,753.9184
512164981.95090604,-7.612679,30.360578999999998,753.8977,753.8443
512164982.0018413,-7.609671,30.359904,753.8677,753.8143
512164982.05277586,-7.606662999999999,30.35923,753.9402,753.8868
512164982.1037113,-7.603654,30.358556,753.9790,753.9256
512164982.15464693,-7.600645999999999,30.357881,753.9798,753.9264
512164982.2055823,-7.597638,30.357207,753.9402,753.8869
512164982.2565179,-7.594628999999999,30.356533,754.0908,754.0374
512164982.3074534,-7.591621,30.355859,753.9824,753.9290
512164982.35838884,-7.588613,30.355183999999998,753.9420,753.8886
512164982.4093244,-7.585604,30.354509999999998,753.9669,753.9135
512164982.46025985,-7.582596,30.353835999999998,753.9087,753.8553
512164982.5111954,-7.579587999999999,30.353161999999998,753.8816,753.8283
512164982.5621309,-7.576579,30.352487,753.9376,753.8843
512164982.61306643,-7.573570999999999,30.351813,753.9015,753.8482
512164982.66400194,-7.570562,30.351139,753.8515,753.7982
512164982.7149375,-7.5675539999999994,30.350465,753.8618,753.8085
512164982.76587296,-7.564546,30.349791,753.9121,753.8587
512164982.81680846,-7.5615369999999995,30.349116,753.9230,753.8696
512164982.86774397,-7.558529,30.348442,753.8374,753.7841
512164982.9186795,-7.555521,30.347768,753.9177,753.8644
512164982.96961474,-7.552511999999999,30.347094,753.8949,753.8416
512164983.02055025,-7.549504,30.34642,753.9304,753.8771
512164983.071487,-7.546495999999999,30.345744999999997,753.9524,753.8991
512164983.12242246,-7.543487,30.345070999999997,753.9196,753.8663
512164983.173358,-7.5404789999999995,30.344396999999997,753.9182,753.8649
512164983.2242935,-7.53747,30.343722999999997,753.9105,753.8572
512164983.2752289,-7.5344619999999995,30.343048999999997,753.9115,753.8582
512164983.32616425,-7.531454,30.342374999999997,753.9650,753.9117
512164983.37709975,-7.528445,30.341700999999997,753.9243,753.8711
512164983.4280352,-7.525436999999999,30.341026,753.8829,753.8297
512164983.47897077,-7.522428,30.340352,753.8378,753.7846
512164983.5299063,-7.519419999999999,30.339678,753.8499,753.7967
512164983.5808418,-7.516412,30.339004,753.9501,753.8968
512164983.6317773,-7.513402999999999,30.33833,753.8311,753.7778
512164983.6827128,-7.510395,30.337656,753.9510,753.8977
512164983.7336483,-7.507387,30.336982,753.8620,753.8088
512164983.7845838,-7.504378,30.336308,753.9476,753.8944
512164983.8355193,-7.50137,30.335634,753.9620,753.9088
512164983.8864548,-7.498361,30.33496,753.9983,753.9451
512164983.9373903,-7.495353,30.334286,753.9079,753.8547
512164983.98832583,-7.492344999999999,30.333612,753.9863,753.9331
512164984.0392603,-7.489336,30.332936999999998,754.0042,753.9510
512164984.0901959,-7.486327999999999,30.332262999999998,754.0137,753.9605
512164984.1411314,-7.48332,30.331588999999997,753.8525,753.7993
512164984.1920669,-7.4803109999999995,30.330914999999997,753.8109,753.7577
512164984.2430024,-7.477303,30.330240999999997,753.8925,753.8394
512164984.2939377,-7.4742939999999995,30.329566999999997,753.8343,753.7812
512164984.3448732,-7.471286,30.328892999999997,753.9009,753.8477
512164984.3958087,-7.468277,30.328218999999997,753.8933,753.8401
512164984.4467442,-7.465268999999999,30.327544999999997,753.8913,753.8381
512164984.4976797,-7.462261,30.326870999999997,753.9200,753.8668
512164984.5486153,-7.459251999999999,30.326196999999997,753.8753,753.8222
512164984.5995507,-7.456244,30.325522999999997,753.9097,753.8566
512164984.6504863,-7.453234999999999,30.324849,753.7933,753.7402
512164984.70142174,-7.450227,30.324175,753.9258,753.8727
512164984.75235707,-7.447219,30.323501,753.7263,753.6731
512164984.8032926,-7.44421,30.322827,753.9092,753.8560
512164984.85422796,-7.441202,30.322153999999998,753.8007,753.7476
512164984.9051636,-7.438193,30.321479999999998,753.8443,753.7912
512164984.95609903,-7.435185,30.320805999999997,753.9451,753.8920
512164985.0070345,-7.432176999999999,30.320131999999997,753.8651,753.8120
512164985.057971,-7.429168,30.319457999999997,753.9236,753.8705
512164985.1089065,-7.426159999999999,30.318783999999997,753.9021,753.8490
512164985.159842,-7.423151,30.318109999999997,753.9365,753.8834
512164985.2107775,-7.4201429999999995,30.317435999999997,753.7654,753.7123
512164985.261713,-7.417134,30.316761999999997,753.9464,753.8933
512164985.31264853,-7.4141259999999996,30.316087999999997,753.8439,753.7908
512164985.3635841,-7.411118,30.315413999999997,753.9375,753.8844
512164985.41451955,-7.408109,30.314739999999997,753.8756,753.8226
512164985.46545506,-7.405100999999999,30.314066999999998,753.9601,753.9071
512164985.51639056,-7.402092,30.313392999999998,753.9037,753.8507
512164985.56732607,-7.399083999999999,30.312718999999998,753.8408,753.7878
512164985.61826164,-7.396075,30.312044999999998,753.9479,753.8949
512164985.6691971,-7.393066999999999,30.311370999999998,753.8476,753.7946
512164985.72013265,-7.390058,30.310696999999998,753.9141,753.8611
512164985.77106816,-7.3870499999999995,30.310022999999997,753.9240,753.8710
512164985.8220036,-7.384042,30.30935,753.8872,753.8342
512164985.8729391,-7.3810329999999995,30.308676,753.9186,753.8656
512164985.9238746,-7.378025,30.308002,753.8381,753.7851
512164985.97481006,-7.375016,30.307328,754.0122,753.9592
512164986.02574444,-7.372007999999999,30.306653999999998,753.9379,753.8849
512164986.07667994,-7.368999,30.305981,753.9929,753.9399
512164986.1276155,-7.365990999999999,30.305307,753.9518,753.8988
512164986.17855096,-7.362983,30.304633,753.9979,753.9449
512164986.2294865,-7.359973999999999,30.303959,753.7742,753.7212
512164986.280422,-7.356966,30.303285,753.9283,753.8754
512164986.33135754,-7.353956999999999,30.302612,753.8980,753.8451
512164986.38229305,-7.350949,30.301938,753.9273,753.8744
512164986.43322843,-7.3479399999999995,30.301264,753.9679,753.9150
512164986.48416406,-7.344932,30.30059,753.9856,753.9327
512164986.53509945,-7.3419229999999995,30.299916999999997,753.9687,753.9157
512164986.58603495,-7.338915,30.299242999999997,753.9866,753.9336
512164986.6369705,-7.335906,30.298568999999997,753.9785,753.9255
512164986.68790597,-7.332897999999999,30.297894999999997,753.8490,753.7960
512164986.73884153,-7.329889,30.297221999999998,753.9673,753.9143
512164986.78977704,-7.326880999999999,30.296547999999998,753.9116,753.8587
512164986.84071255,-7.323873,30.295873999999998,753.9716,753.9187
512164986.89164805,-7.320863999999999,30.295201,753.9658,753.9129
512164986.9425835,-7.317856,30.294527,753.9598,753.9069
512164986.99351907,-7.314846999999999,30.293853,753.9528,753.8999
512164987.0444555,-7.311839,30.29318,753.9306,753.8777
512164987.0953911,-7.3088299999999995,30.292506,753.9447,753.8918
512164987.14632654,-7.305822,30.291832,753.9364,753.8836
512164987.197262,-7.3028129999999996,30.291159,754.0013,753.9484
512164987.24819756,-7.299805,30.290485,753.9134,753.8605
512164987.299133,-7.296796,30.289811,753.8893,753.8364
512164987.3500686,-7.293787999999999,30.289137999999998,753.8916,753.8387
512164987.401004,-7.290779,30.288463999999998,753.9784,753.9256
512164987.4519396,-7.287770999999999,30.287789999999998,753.9944,753.9416
512164987.5028751,-7.284762,30.287117,753.9491,753.8962
512164987.55381054,-7.281753999999999,30.286443,754.0195,753.9666
512164987.6047461,-7.278745,30.285769,754.0199,753.9670
512164987.65568155,-7.2757369999999995,30.285096,754.0021,753.9493
512164987.7066171,-7.272728,30.284422,753.9170,753.8642
512164987.7575523,-7.2697199999999995,30.283749,754.0327,753.9799
512164987.8084879,-7.266711,30.283075,753.9878,753.9350
512164987.8594234,-7.263703,30.282401,753.9291,753.8762
512164987.91035885,-7.260694,30.281727999999998,754.0863,754.0335
512164987.9612944,-7.257686,30.281053999999997,754.0584,754.0056
512164988.01222986,-7.254677,30.280381,753.9860,753.9332
512164988.0631645,-7.251669,30.279707,753.9754,753.9226
512164988.1140999,-7.24866,30.279034,754.0599,754.0071
512164988.1650354,-7.245652,30.27836,753.9192,753.8665
512164988.215971,-7.242642999999999,30.277686,754.0590,754.0062
512164988.26690644,-7.239635,30.277013,753.9043,753.8515
512164988.317842,-7.236625999999999,30.276339,754.0171,753.9643
512164988.3687775,-7.233618,30.275665999999998,753.9666,753.9138
512164988.419713,-7.230608999999999,30.274991999999997,753.9996,753.9469
512164988.4706485,-7.227601,30.274319,754.0055,753.9528
512164988.5215841,-7.2245919999999995,30.273645,754.0550,754.0022
512164988.57251954,-7.221584,30.272972,753.9622,753.9094
512164988.62345505,-7.2185749999999995,30.272298,754.0648,754.0120
512164988.67439055,-7.215567,30.271625,754.1268,754.0741
512164988.7253258,-7.212558,30.270951,754.0722,754.0195
512164988.7762614,-7.209549999999999,30.270277999999998,753.9931,753.9404
512164988.82719684,-7.206541,30.269603999999998,754.1117,754.0590
512164988.8781324,-7.203532999999999,30.268931,754.1053,754.0526
512164988.92906785,-7.200524,30.268257,754.1481,754.0954
512164988.98000336,-7.197515999999999,30.267584,754.2035,754.1508
512164989.03094006,-7.194507,30.266911,754.2164,754.1637
512164989.08187526,-7.191498999999999,30.266237,754.1993,754.1466
512164989.1328108,-7.18849,30.265563999999998,754.1721,754.1194
512164989.18374634,-7.1854819999999995,30.264889999999998,754.2246,754.1720
512164989.2346818,-7.182473,30.264217,754.1962,754.1436
512164989.28561735,-7.179463999999999,30.263543,754.2200,754.1673
512164989.3365528,-7.176456,30.26287,754.2017,754.1490
512164989.38748837,-7.1734469999999995,30.262196999999997,754.2409,754.1882
512164989.4384239,-7.170439,30.261523,754.2429,754.1902
512164989.4893594,-7.1674299999999995,30.260849999999998,754.3436,754.2909
512164989.5402949,-7.164422,30.260175999999998,754.1958,754.1432
512164989.5912304,-7.161413,30.259503,754.2420,754.1894
512164989.6421659,-7.158404999999999,30.25883,754.2261,754.1735
512164989.6931014,-7.155396,30.258156,754.4131,754.3605
512164989.7440369,-7.152387999999999,30.257482999999997,754.2324,754.1798
512164989.7949724,-7.149379,30.256809999999998,754.3543,754.3016
512164989.845908,-7.146370999999999,30.256135999999998,754.3902,754.3376
512164989.89684343,-7.143362,30.255463,754.3798,754.3272
512164989.94777894,-7.140352999999999,30.254789,754.3698,754.3172
512164989.99871445,-7.137345,30.254116,754.3608,754.3082
512164990.04964876,-7.134335999999999,30.253442999999997,754.4398,754.3872
512164990.1005843,-7.131328,30.252768999999997,754.3279,754.2754
512164990.1515198,-7.128318999999999,30.252095999999998,754.2554,754.2028
512164990.20245504,-7.125311,30.251423,754.3285,754.2759
512164990.25339055,-7.1223019999999995,30.25075,754.4051,754.3525
512164990.30432606,-7.119294,30.250076,754.4141,754.3616
512164990.35526156,-7.1162849999999995,30.249402999999997,754.4269,754.3744
512164990.4061971,-7.113277,30.24873,754.2529,754.2003
512164990.45713264,-7.110268,30.248056,754.3754,754.3228
512164990.5080681,-7.107259,30.247383,754.5753,754.5228
512164990.5590036,-7.104251,30.24671,754.5180,754.4655
512164990.6099391,-7.101242,30.246036999999998,754.3732,754.3207
512164990.6608746,-7.098234,30.245362999999998,754.5273,754.4747
512164990.71181005,-7.095225,30.24469,754.5956,754.5431
512164990.76274556,-7.092217,30.244017,754.5582,754.5057
512164990.81368107,-7.089207999999999,30.243343999999997,754.6650,754.6125
512164990.86461663,-7.086199,30.24267,754.6172,754.5647
512164990.9155521,-7.083190999999999,30.241996999999998,754.7045,754.6520
512164990.96648765,-7.080182,30.241324,754.7161,754.6636
512164991.01742315,-7.077173999999999,30.240651,754.6469,754.5944
512164991.0683596,-7.074165,30.239977,754.6436,754.5911
512164991.1192951,-7.0711569999999995,30.239303999999997,754.7443,754.6918
512164991.1702306,-7.068148,30.238630999999998,754.7412,754.6887
512164991.22116613,-7.065138999999999,30.237958,754.6604,754.6079
512164991.27210164,-7.062131,30.237285,754.8423,754.7898
512164991.32303715,-7.0591219999999995,30.236611,754.8132,754.7607
512164991.37397265,-7.056114,30.235937999999997,754.7482,754.6957
512164991.4249082,-7.0531049999999995,30.235265,754.7772,754.7247
512164991.47584367,-7.050096,30.234592,754.8547,754.8022
512164991.5267791,-7.047088,30.233919,754.8437,754.7912
512164991.5777147,-7.044079,30.233245999999998,754.8229,754.7704
512164991.6286501,-7.041071,30.232571999999998,754.8546,754.8021
512164991.67958575,-7.038062,30.231899,754.7911,754.7386
512164991.73052114,-7.035053,30.231226,754.9185,754.8660
512164991.78145665,-7.032045,30.230552999999997,754.9098,754.8573
512164991.8323922,-7.029036,30.229879999999998,754.8801,754.8276
512164991.88332766,-7.026027999999999,30.229207,754.9108,754.8583
512164991.9342632,-7.023019,30.228534,754.9838,754.9313
512164991.9851987,-7.02001,30.227860999999997,754.9401,754.8876
512164992.036133,-7.017002,30.227187999999998,754.9788,754.9263
512164992.0870685,-7.013992999999999,30.226513999999998,754.8982,754.8457
512164992.138004,-7.010985,30.225841,754.9143,754.8618
512164992.1889396,-7.007975999999999,30.225168,755.0679,755.0154
512164992.239875,-7.004968,30.224494999999997,754.9695,754.9170
512164992.2908106,-7.001958999999999,30.223822,754.9639,754.9115
512164992.3417461,-6.99895,30.223149,754.9756,754.9231
512164992.39268154,-6.995941999999999,30.222476,755.0110,754.9586
512164992.4436171,-6.992933,30.221802999999998,755.0379,754.9854
512164992.49455255,-6.989923999999999,30.22113,754.9390,754.8865
512164992.5454881,-6.986916,30.220457,754.9735,754.9211
512164992.5964236,-6.983906999999999,30.219783999999997,755.0012,754.9487
512164992.64735913,-6.980899,30.219110999999998,755.1124,755.0600
512164992.69829464,-6.9778899999999995,30.218438,755.0276,754.9751
512164992.7492301,-6.974881,30.217765,755.0259,754.9735
512164992.80016565,-6.9718729999999995,30.217091999999997,754.9583,754.9059
512164992.85110116,-6.968864,30.216419,755.0234,754.9710
512164992.90203667,-6.965856,30.215746,755.0633,755.0109
512164992.9529722,-6.962847,30.215073,755.0183,754.9659
512164993.0039077,-6.9598379999999995,30.214399999999998,754.9307,754.8783
512164993.0548441,-6.95683,30.213727,755.0487,754.9963
512164993.1057796,-6.953821,30.213054,755.1306,755.0782
512164993.15671515,-6.950812,30.212380999999997,755.0388,754.9864
512164993.2076506,-6.947804,30.211707999999998,755.0844,755.0321
512164993.25858617,-6.944795,30.211035,755.0081,754.9557
512164993.3095216,-6.941786,30.210362,755.1090,755.0566
512164993.3604571,-6.938778,30.209688999999997,755.1308,755.0785
512164993.4113927,-6.935769,30.209016,755.1944,755.1420
512164993.4623279,-6.932760999999999,30.208343,755.2450,755.1926
512164993.51326346,-6.929752,30.20767,755.2312,755.1789
512164993.5641989,-6.926743,30.206996999999998,755.2016,755.1492
512164993.6151345,-6.923735,30.206324,755.0537,755.0014
512164993.66607,-6.920725999999999,30.205651,755.1642,755.1119
512164993.71700543,-6.917717,30.204977999999997,755.0908,755.0384
512164993.767941,-6.914708999999999,30.204304999999998,755.1521,755.0998
512164993.81887645,-6.9117,30.203633,755.1888,755.1365
512164993.869812,-6.908690999999999,30.202959999999997,755.2107,755.1584
512164993.9207475,-6.905683,30.202287,755.2584,755.2061
512164993.971683,-6.902673999999999,30.201614,755.3683,755.3160
512164994.02261853,-6.899665,30.200941,755.2412,755.1889
512164994.07355505,-6.896656999999999,30.200267999999998,755.1716,755.1193
512164994.12449044,-6.893648,30.199595,755.3119,755.2596
512164994.17542595,-6.890638999999999,30.198922,755.1744,755.1222
512164994.2263615,-6.887631,30.198249999999998,755.2583,755.2060
512164994.27729696,-6.884621999999999,30.197577,755.2758,755.2235
512164994.32823247,-6.881614,30.196904,755.2726,755.2203
512164994.37916803,-6.878604999999999,30.196230999999997,755.2117,755.1594
512164994.4301035,-6.875596,30.195558,755.2873,755.2351
512164994.48103905,-6.8725879999999995,30.194885,755.1627,755.1104
512164994.5319745,-6.869579,30.194212999999998,755.3262,755.2740
512164994.58291006,-6.866569999999999,30.19354,755.3417,755.2894
512164994.63384557,-6.863561,30.192867,755.3045,755.2523
512164994.6847811,-6.8605529999999995,30.192193999999997,755.3782,755.3260
512164994.7357166,-6.857544,30.191520999999998,755.3663,755.3141
512164994.786652,-6.8545359999999995,30.190849,755.3208,755.2686
512164994.8375876,-6.851527,30.190175999999997,755.3878,755.3356
512164994.8885231,-6.848517999999999,30.189503,755.3813,755.3291
512164994.9394586,-6.845509,30.18883,755.3000,755.2477
512164994.9903941,-6.8425009999999995,30.188157,755.3792,755.3270
512164995.0413284,-6.839492,30.187485,755.4370,755.3848
512164995.09226394,-6.836484,30.186812,755.4712,755.4190
512164995.1431994,-6.833475,30.186138999999997,755.3726,755.3204
512164995.19413495,-6.8304659999999995,30.185465999999998,755.4916,755.4394
512164995.24507046,-6.827458,30.184794,755.3177,755.2655
512164995.2960059,-6.8244489999999995,30.184120999999998,755.4424,755.3902
512164995.3469415,-6.82144,30.183448,755.5529,755.5007
512164995.3978769,-6.8184309999999995,30.182775999999997,755.4057,755.3535
512164995.4488125,-6.815423,30.182102999999998,755.5386,755.4864
512164995.499748,-6.8124139999999995,30.18143,755.5218,755.4696
512164995.5506835,-6.809405,30.180757,755.6767,755.6246
512164995.60161877,-6.806397,30.180085,755.5309,755.4788
512164995.65255433,-6.803388,30.179412,755.4791,755.4270
512164995.7034898,-6.8003789999999995,30.178739,755.5178,755.4657
512164995.7544253,-6.797371,30.178067,755.4150,755.3629
512164995.8053608,-6.794362,30.177394,755.5402,755.4881
512164995.85629624,-6.791353,30.176720999999997,755.4872,755.4351
512164995.90723187,-6.788345,30.176049,755.3299,755.2778
512164995.95816725,-6.785336,30.175376,755.5117,755.4596
512164996.00910276,-6.7823269999999996,30.174702999999997,755.4666,755.4145
512164996.0600393,-6.779318,30.174031,755.4503,755.3982
512164996.1109747,-6.77631,30.173358,755.6288,755.5767
512164996.1619103,-6.773301,30.172684999999998,755.6186,755.5665
512164996.21284574,-6.7702919999999995,30.172013,755.4831,755.4310
512164996.2637813,-6.767284,30.171339999999997,755.6038,755.5517
512164996.3147168,-6.764275,30.170668,755.6201,755.5680
512164996.36565226,-6.761266,30.169995,755.6471,755.5950
512164996.4165878,-6.7582569999999995,30.169321999999998,755.7564,755.7043
512164996.46752334,-6.755249,30.16865,755.6713,755.6192
512164996.51845884,-6.75224,30.167976999999997,755.7376,755.6856
512164996.56939435,-6.749231,30.167305,755.6822,755.6302
512164996.62032986,-6.746223,30.166632,755.7337,755.6817
512164996.67126536,-6.743214,30.165958999999997,755.7248,755.6728
512164996.7222009,-6.740205,30.165287,755.7829,755.7309
512164996.7731364,-6.737196,30.164614,755.7153,755.6633
512164996.8240719,-6.734188,30.163942,755.6714,755.6194
512164996.87500733,-6.731179,30.163269,755.7780,755.7260
512164996.92594266,-6.7281699999999995,30.162596999999998,755.6881,755.6361
512164996.9768781,-6.725162,30.161924,755.8687,755.8167
512164997.0278127,-6.722153,30.161251,755.8561,755.8041
512164997.0787482,-6.719144,30.160579,755.7520,755.7000
512164997.12968373,-6.7161349999999995,30.159906,755.9213,755.8693
512164997.18061924,-6.713127,30.159233999999998,755.8631,755.8111
512164997.2315548,-6.710118,30.158561,755.9026,755.8506
512164997.2824902,-6.707109,30.157888999999997,755.8563,755.8043
512164997.33342576,-6.704101,30.157216,755.8708,755.8188
512164997.3843612,-6.701092,30.156544,755.9316,755.8796
512164997.4352967,-6.698083,30.155870999999998,755.8773,755.8253
512164997.4862323,-6.695074,30.155199,755.8390,755.7870
512164997.5371677,-6.692066,30.154525999999997,755.8837,755.8318
512164997.58810323,-6.689057,30.153854,756.0179,755.9660
512164997.63903874,-6.6860479999999995,30.153181,755.9184,755.8665
512164997.68997425,-6.683039,30.152509,756.0269,755.9750
512164997.7409098,-6.680031,30.151836,756.0357,755.9838
512164997.79184526,-6.677022,30.151163999999998,755.8746,755.8227
512164997.84278077,-6.6740129999999995,30.150492,756.0132,755.9613
512164997.8937161,-6.671004,30.149818999999997,756.0243,755.9724
512164997.94465154,-6.667996,30.149147,755.9710,755.9191
512164997.9955871,-6.664987,30.148474,756.1415,756.0896
512164998.0465216,-6.6619779999999995,30.147802,756.0988,756.0469
512164998.0974572,-6.658969,30.147129,756.1441,756.0922
512164998.1483926,-6.655961,30.146456999999998,756.1546,756.1027
512164998.1993281,-6.652952,30.145785,756.2295,756.1776
512164998.2502637,-6.6499429999999995,30.145111999999997,756.1489,756.0971
512164998.30119914,-6.646934,30.14444,756.2048,756.1529
512164998.3521347,-6.6439259999999996,30.143766999999997,756.2829,756.2310
512164998.4030702,-6.640917,30.143095,756.3477,756.2959
512164998.4540057,-6.6379079999999995,30.142422999999997,756.3878,756.3359
512164998.5049412,-6.634899,30.14175,756.3344,756.2825
512164998.5558767,-6.6318909999999995,30.141078,756.3650,756.3132
512164998.60681224,-6.628882,30.140404999999998,756.3484,756.2965
512164998.65774775,-6.6258729999999995,30.139733,756.4805,756.4286
512164998.70868325,-6.622864,30.139060999999998,756.5247,756.4729
512164998.75961876,-6.6198559999999995,30.138388,756.3159,756.2641
512164998.81055427,-6.616847,30.137715999999998,756.4876,756.4357
512164998.86148953,-6.613837999999999,30.137044,756.5020,756.4502
512164998.91242504,-6.610829,30.136370999999997,756.4903,756.4385
512164998.96336055,-6.6078209999999995,30.135699,756.5200,756.4681
512164999.014296,-6.604812,30.135026999999997,756.5833,756.5315
512164999.06523275,-6.601802999999999,30.134354,756.4976,756.4458
512164999.1161682,-6.598794,30.133682,756.5070,756.4552
512164999.16710347,-6.595784999999999,30.13301,756.6445,756.5927
512164999.21803904,-6.592777,30.132337,756.6310,756.5792
512164999.2689745,-6.589767999999999,30.131664999999998,756.6139,756.5621
512164999.31991005,-6.586759,30.130993,756.6468,756.5950
512164999.3708455,-6.583749999999999,30.130319999999998,756.6760,756.6242
512164999.42178106,-6.580742,30.129648,756.7931,756.7414
512164999.47271657,-6.577732999999999,30.128975999999998,756.8278,756.7761
512164999.523652,-6.574724,30.128304,756.8312,756.7794
512164999.5745876,-6.571714999999999,30.127630999999997,756.8274,756.7756
512164999.6255231,-6.568706,30.126959,756.7588,756.7071
512164999.6764586,-6.565697999999999,30.126286999999998,756.7662,756.7145
512164999.7273941,-6.562689,30.125615,756.9839,756.9322
512164999.7783296,-6.559679999999999,30.124941999999997,756.8632,756.8114
512164999.8292651,-6.556671,30.12427,756.9952,756.9435
512164999.88020056,-6.553662,30.123597999999998,757.1451,757.0934
512164999.93113613,-6.550654,30.122926,757.0522,757.0005
512164999.98207164,-6.547644999999999,30.122252999999997,757.1728,757.1211
512165000.0330081,-6.544636,30.121581,757.0762,757.0245
512165000.08394355,-6.541627,30.120908999999997,757.1984,757.1467
512165000.1348791,-6.538618,30.120237,756.9792,756.9275
512165000.18581456,-6.53561,30.119564999999998,757.1887,757.1370
512165000.23675007,-6.532601,30.118892,757.0640,757.0124
512165000.28768563,-6.529592,30.118219999999997,756.9958,756.9441
512165000.3386211,-6.526583,30.117548,757.1120,757.0603
512165000.38955665,-6.523574,30.116875999999998,757.1181,757.0664
512165000.44049215,-6.520566,30.116204,756.1507,756.0990
512165000.4914276,-6.517557,30.115530999999997,757.0884,757.0368
512165000.54236317,-6.514548,30.114859,757.0397,756.9880
512165000.5932986,-6.511539,30.114186999999998,754.6332,754.5816
512165000.6442342,-6.5085299999999995,30.113515,753.5156,753.4640
512165000.6951697,-6.505521,30.112842999999998,752.8691,752.8174
512165000.7461052,-6.5025129999999995,30.112171,751.6084,751.5568
512165000.7970407,-6.499504,30.111499,748.0949,748.0432
512165000.8479762,-6.4964949999999995,30.110826,749.4417,749.3901
512165000.8989117,-6.493486,30.110153999999998,748.6860,748.6344
512165000.9498472,-6.490476999999999,30.109482,752.8633,752.8117
512165001.0007827,-6.487469,30.10881,755.0325,754.9809
512165001.05171704,-6.4844599999999994,30.108138,755.2691,755.2175
512165001.10265255,-6.481451,30.107466,757.0587,757.0071
512165001.15358806,-6.478441999999999,30.106793999999997,756.6240,756.5724
512165001.2045235,-6.475433,30.106122,757.2335,757.1819
512165001.2554591,-6.472424999999999,30.105449999999998,756.8165,756.7649
512165002.47791195,-6.400212,30.089320999999998,793.8271,793.7756
512165002.52884746,-6.397202999999999,30.088649,791.3044,791.2529
512165002.57978296,-6.394195,30.087977,789.8591,789.8077
512165002.6307182,-6.391185999999999,30.087304999999997,788.5440,788.4926
512165002.68165374,-6.388177,30.086633,787.3537,787.3022
512165004.8167855,-6.262048999999999,30.058470999999997,1123.8170,1123.7659
512165004.867721,-6.259041,30.0578,1120.1060,1120.0548
512165005.17333287,-6.240987,30.05377,1129.0857,1129.0347
512165005.2242684,-6.237978,30.053098,1129.2244,1129.1733
512165005.2752039,-6.2349689999999995,30.052425999999997,1134.5047,1134.4536
512165005.3261392,-6.23196,30.051754,1135.0311,1134.9800
512165005.37707466,-6.2289509999999995,30.051083,1139.3918,1139.3407
512165005.42801017,-6.225943,30.050410999999997,1145.7365,1145.6854
512165005.5298812,-6.219925,30.049068,1146.5116,1146.4605
512165006.03923726,-6.1898349999999995,30.042351999999998,1175.2428,1175.1918
512165006.14110833,-6.1838169999999995,30.041007999999998,1183.5812,1183.5303
512165006.1920438,-6.180808,30.040336999999997,1184.0919,1184.0409
512165006.65046316,-6.153728,30.034292999999998,1195.8760,1195.8250
512165006.7523342,-6.14771,30.03295,1190.8717,1190.8208
512165006.8032696,-6.1447009999999995,30.032277999999998,1186.1398,1186.0889
512165007.21075255,-6.120629,30.026906,1190.9834,1190.9325
512165007.26168805,-6.117621,30.026235,1191.2500,1191.1991
512165007.4144946,-6.108594,30.02422,1187.5076,1187.4567
512165007.4654301,-6.105585,30.023549,1179.4274,1179.3765
512165007.5163656,-6.102576,30.022878,1184.1552,1184.1043
512165007.56730115,-6.0995669999999995,30.022205999999997,1188.4140,1188.3631
512165007.6182366,-6.096558,30.021535,1184.1962,1184.1453
512165007.66917205,-6.093548999999999,30.020863,1187.5008,1187.4499
512165009.43060523,-5.9894929999999995,29.997646999999997,1045.5191,1045.4683
512165009.48154074,-5.986484,29.996976,1044.7774,1044.7266
512165009.53247625,-5.983474999999999,29.996305,1043.0980,1043.0472
512165009.6343472,-5.977456999999999,29.994961999999997,1039.6250,1039.5742
512165009.7362182,-5.971439,29.99362,1038.3700,1038.3192
512165012.02883697,-5.8360009999999996,29.963411999999998,762.5523,762.5018
512165012.74193406,-5.793874,29.954019,761.5066,761.4562
512165013.14941686,-5.769801,29.948650999999998,758.0586,758.0082
512165013.20035243,-5.766792,29.947979999999998,761.5272,761.4768
512165013.35315895,-5.757765,29.945967999999997,763.2578,763.2075
512165013.4040945,-5.754754999999999,29.945297,765.9421,765.8918
512165014.2190635,-5.7066099999999995,29.934562999999997,751.2850,751.2347
512165014.269999,-5.7036,29.933892,751.4275,751.3772
512165014.32093453,-5.700591,29.933221999999997,750.9610,750.9108
512165014.3718701,-5.697582,29.932551,750.5188,750.4685
512165014.42280555,-5.694573,29.93188,750.3193,750.2690
512165014.47374105,-5.691564,29.931209,750.2902,750.2400
512165014.52467656,-5.688555,29.930538,749.4145,749.3642
512165014.57561207,-5.6855459999999995,29.929868,748.8620,748.8118
512165014.62654763,-5.682537,29.929197,748.3201,748.2699
512165014.6774831,-5.679526999999999,29.928525999999998,747.9095,747.8592
512165014.72841865,-5.676518,29.927854999999997,747.3926,747.3424
512165014.77935416,-5.673509,29.927184999999998,747.1020,747.0518
512165014.8302896,-5.6705,29.926513999999997,747.3916,747.3414
512165014.88122517,-5.667491,29.925843,747.3847,747.3345
512165014.9321604,-5.664482,29.925172,746.7571,746.7068
512165014.98309594,-5.661473,29.924502,746.1252,746.0750
512165015.03403044,-5.6584639999999995,29.923831,745.2751,745.2249
512165015.08496594,-5.655454,29.92316,745.1151,745.0650
512165015.1359015,-5.652445,29.92249,744.7198,744.6696
512165015.18683696,-5.649436,29.921819,743.9386,743.8884
512165015.2377725,-5.646427,29.921148,743.2568,743.2066
512165015.288708,-5.643418,29.920476999999998,743.2187,743.1685
512165015.33964354,-5.640409,29.919807,741.9590,741.9088
512165015.39057904,-5.6373999999999995,29.919135999999998,742.0332,741.9830
512165015.44151455,-5.63439,29.918464999999998,742.0295,741.9793
512165015.49245006,-5.631380999999999,29.917794999999998,742.4020,742.3519
512165015.5433855,-5.628372,29.917123999999998,741.7236,741.6735
512165015.594321,-5.625363,29.916452999999997,742.1975,742.1474
512165015.6452566,-5.622354,29.915782999999998,741.8107,741.7606
512165015.69619197,-5.619345,29.915111999999997,741.0265,740.9764
512165015.74712753,-5.6163359999999996,29.914441,740.1574,740.1072
512165015.79806304,-5.613326,29.913770999999997,739.5329,739.4827
512165015.84899855,-5.610316999999999,29.9131,738.5627,738.5126
512165015.8999338,-5.607308,29.912429,737.8487,737.7986
512165015.9508693,-5.604299,29.911759,737.2546,737.2045
512165016.0018048,-5.60129,29.911088,736.8374,736.7873
512165016.0527416,-5.598281,29.910417,735.5511,735.5010
512165016.1036771,-5.595270999999999,29.909747,734.1550,734.1049
512165016.15461254,-5.592262,29.909076,733.5061,733.4560
512165016.2055481,-5.589252999999999,29.908405,732.4522,732.4021
512165016.2564833,-5.586244,29.907735,729.9890,729.9389
512165016.3074189,-5.583235,29.907064,728.9709,728.9209
512165016.3583544,-5.580226,29.906392999999998,728.8186,728.7685
512165016.40928984,-5.577216,29.905723,727.3735,727.3235
512165016.4602254,-5.5742069999999995,29.905051999999998,727.4511,727.4010
512165016.51116085,-5.571198,29.904382,726.9866,726.9365
512165016.5620964,-5.568188999999999,29.903710999999998,726.8244,726.7744
512165016.61303186,-5.56518,29.903039999999997,726.4730,726.4229
512165016.66396743,-5.562170999999999,29.902369999999998,726.5114,726.4614
512165016.71490294,-5.559161,29.901698999999997,726.3380,726.2879
512165016.7658383,-5.556152,29.901028999999998,726.3412,726.2912
512165016.81677395,-5.5531429999999995,29.900357999999997,727.0767,727.0267
512165016.8677094,-5.550134,29.899687999999998,726.7071,726.6571
512165016.91864485,-5.547124999999999,29.899016999999997,727.1476,727.0976
512165016.9695804,-5.544116,29.898346,727.0920,727.0420
512165017.02051586,-5.541106,29.897675999999997,727.4701,727.4201
512165017.0714505,-5.538097,29.897005,727.0854,727.0354
512165017.122386,-5.535088,29.896334999999997,724.8410,724.7910
512165017.1733215,-5.5320789999999995,29.895664,726.2729,726.2229
512165017.2242568,-5.52907,29.894993999999997,726.1176,726.0676
512165017.2751922,-5.526059999999999,29.894323,725.2620,725.2121
512165017.32612777,-5.523051,29.893652999999997,724.0534,724.0034
512165017.3770633,-5.520042,29.892982,723.1041,723.0542
512165017.4279988,-5.517033,29.892311999999997,721.8877,721.8377
512165017.4789343,-5.514024,29.891641,720.5462,720.4962
512165017.5298698,-5.5110149999999996,29.890971,718.8530,718.8031
512165017.5808053,-5.508005,29.8903,717.3048,717.2548
512165017.6317408,-5.504995999999999,29.88963,715.4987,715.4488
512165017.6826763,-5.501987,29.888959,713.2082,713.1582
512165017.7336118,-5.498978,29.888289,711.3468,711.2969
512165017.7845474,-5.495969,29.887618,708.7639,708.7140
512165017.83548284,-5.492959,29.886948,706.0378,705.9879
512165018.0392259,-5.480922,29.884266,695.4781,695.4282
512165018.65045214,-5.444812,29.876220999999997,662.8311,662.7812
512165018.70138764,-5.441803,29.875549999999997,660.3072,660.2574
512165018.7523232,-5.438794,29.874879999999997,657.4316,657.3818
512165018.80325866,-5.435784,29.874208999999997,654.1532,654.1034
512165018.8541942,-5.4327749999999995,29.873538999999997,651.0403,650.9905
512165018.9051297,-5.429766,29.872868999999998,651.3564,651.3066
512165019.0070007,-5.423747,29.871527999999998,641.6622,641.6124
512165021.3729005,-5.283971,29.840394,870.3869,870.3374
512165021.42383605,-5.280962,29.839724,887.0016,886.9521
512165023.49815875,-5.15841,29.812435999999998,756.5998,756.5505
512165023.54909414,-5.1554009999999995,29.811766,756.3008,756.2515
512165023.95657825,-5.131326,29.806406,756.7798,756.7305
512165024.00751376,-5.128317,29.805736,756.7984,756.7491
512165024.0584503,-5.125306999999999,29.805066,756.8608,756.8115
512165024.1093857,-5.122298,29.804395999999997,757.0030,756.9537
512165024.1603213,-5.119289,29.803725999999997,757.0044,756.9551
512165024.21125674,-5.116279,29.803055999999998,756.9871,756.9379
512165024.26219225,-5.11327,29.802386,756.9520,756.9027
512165024.3131278,-5.1102609999999995,29.801716,756.9968,756.9475
512165024.3640632,-5.107251,29.801046,756.8855,756.8362
512165024.4149988,-5.104242,29.800376,756.9509,756.9016
512165024.4659343,-5.101233,29.799705999999997,756.9440,756.8947
512165024.51686984,-5.098223,29.799035999999997,757.0654,757.0162
512165024.5678053,-5.0952139999999995,29.798367,757.0054,756.9562
512165024.61874074,-5.092205,29.797697,756.9656,756.9164
512165024.66967607,-5.089195,29.797027,757.1407,757.0915
512165024.7206116,-5.086186,29.796357,757.7208,757.6716
512165024.7715468,-5.083177,29.795686999999997,757.2082,757.1589
512165024.82248235,-5.080166999999999,29.795016999999998,758.1579,758.1086
512165024.8734178,-5.077158,29.794347,759.1698,759.1206
512165024.92435336,-5.074148999999999,29.793677,758.8533,758.8041
512165025.02622336,-5.06813,29.792337999999997,757.2186,757.1694
512165025.077159,-5.0651209999999995,29.791667999999998,757.0000,756.9508
512165025.1280944,-5.062111,29.790998,756.9253,756.8761
512165025.17902994,-5.059102,29.790328,756.7799,756.7307
512165025.22996545,-5.056093,29.789658,756.6988,756.6496
512165025.2809009,-5.053083,29.788988,755.6340,755.5848
512165025.33183646,-5.0500739999999995,29.788318999999998,755.5686,755.5195
512165025.3827719,-5.047064,29.787649,755.4084,755.3592
512165025.4337075,-5.044055,29.786979,755.5313,755.4821
512165025.4846429,-5.041046,29.786309,757.3415,757.2924
512165025.5355785,-5.038036,29.785639,756.8384,756.7892
512165025.6374495,-5.032018,29.784299999999998,758.6861,758.6370
512165025.9939979,-5.010952,29.779611,758.3396,758.2905
512165026.0449345,-5.007943,29.778941,757.2882,757.2391
512165026.60522485,-4.9748399999999995,29.771573999999998,752.5198,752.4708
512165026.65616035,-4.97183,29.770903999999998,751.8955,751.8465
512165026.7070958,-4.968821,29.770234,751.1457,751.0966
512165026.75803137,-4.965812,29.769565,750.6632,750.6141
512165026.8089669,-4.962802,29.768894999999997,750.1352,750.0862
512165026.8599024,-4.9597929999999995,29.768224999999997,750.2702,750.2212
512165026.9108379,-4.956783,29.767554999999998,750.3591,750.3101
512165026.96177346,-4.953774,29.766886,750.5177,750.4687
512165027.0127089,-4.950765,29.766216,750.4877,750.4387
512165027.0636432,-4.947755,29.765545999999997,749.8060,749.7570
512165027.1145787,-4.944745999999999,29.764877,747.2464,747.1974
512165027.16551423,-4.941737,29.764207,744.1091,744.0601
512165027.21644974,-4.938727,29.763537,742.1117,742.0627
512165027.26738524,-4.935718,29.762867,742.9167,742.8677
512165027.31832075,-4.932708,29.762197999999998,741.6613,741.6123
512165027.36925626,-4.929698999999999,29.761528,741.1723,741.1233
512165027.42019176,-4.92669,29.760858,739.8572,739.8083
512165028.8973221,-4.839417,29.741439999999997,786.5329,786.4841
512165029.0501275,-4.830388,29.739431,784.7541,784.7053
512165029.86509556,-4.782236999999999,29.728718999999998,806.2502,806.2015
512165030.5927458,-4.7392449999999995,29.719154999999997,1047.2718,1047.2232
512165030.6436813,-4.736236,29.718486,1047.8568,1047.8082
512165030.69461673,-4.733226,29.717816,1048.3083,1048.2597
512165030.745552,-4.730217,29.717146999999997,1052.6054,1052.5568
512165030.79648757,-4.727208,29.716476999999998,1054.2883,1054.2397
512165030.847423,-4.7241979999999995,29.715808,1057.9829,1057.9342
512165030.8983586,-4.721189,29.715138999999997,1057.8086,1057.7600
512165030.9492941,-4.718179,29.714468999999998,1059.2170,1059.1684
512165031.0002296,-4.71517,29.7138,1060.8184,1060.7698
512165031.05116606,-4.71216,29.71313,1062.1861,1062.1375
512165031.10210156,-4.709150999999999,29.712460999999998,1066.7591,1066.7105
512165031.1530371,-4.706141,29.711792,1068.5113,1068.4627
512165031.2039726,-4.703132,29.711122,1073.9048,1073.8562
512165031.2549081,-4.7001219999999995,29.710452999999998,1083.3625,1083.3139
512165031.3058436,-4.697113,29.709782999999998,1070.0828,1070.0343
512165031.86613417,-4.664009,29.702420999999998,1093.2735,1093.2250
512165032.27361673,-4.639933,29.697066,1094.5698,1094.5214
512165034.6920147,-4.4970419999999995,29.665291999999997,758.2069,758.1587
512165034.7429502,-4.494033,29.664623,758.9903,758.9422
512165034.7938857,-4.491023,29.663954,757.8167,757.7685
512165034.8448213,-4.488014,29.663285,758.0853,758.0372
512165034.8957567,-4.485004,29.662616,758.2616,758.2135
512165034.9466922,-4.4819949999999995,29.661946,758.2401,758.1920
512165034.99762774,-4.478985,29.661277,758.1852,758.1371
512165035.04856414,-4.475976,29.660608,758.1827,758.1346
512165035.0994997,-4.4729659999999996,29.659938999999998,758.2431,758.1950
512165035.1504352,-4.469957,29.65927,758.5080,758.4600
512165035.20137066,-4.466947,29.658600999999997,758.6242,758.5761
512165035.2523062,-4.463938,29.657932,758.7498,758.7017
512165035.30324167,-4.460928,29.657263,758.8734,758.8253
512165035.35417724,-4.457917999999999,29.656594,758.8794,758.8314
512165035.4051127,-4.454909,29.655925,758.6517,758.6037
512165035.45604825,-4.451899,29.655255999999998,758.6051,758.5571
512165035.50698376,-4.44889,29.654587,758.5413,758.4932
512165035.65979004,-4.439861,29.652579,758.5055,758.4575
512165035.86353207,-4.427823,29.649903,758.5096,758.4616
512165035.9144676,-4.424812999999999,29.649234,758.5762,758.5282
512165035.9654031,-4.421804,29.648564999999998,758.5343,758.4863
512165036.0163386,-4.418794,29.647896,758.4162,758.3682
512165036.06727314,-4.415785,29.647226999999997,758.4754,758.4274
512165036.11820865,-4.412775,29.646558,758.4964,758.4484
512165036.22007966,-4.406756,29.64522,758.2916,758.2436
512165036.27101517,-4.403747,29.644551,758.4282,758.3802
512165036.3219507,-4.4007369999999995,29.643881999999998,758.5653,758.5173
512165036.3728861,-4.397727,29.643213,758.7479,758.7000
512165036.42382175,-4.394718,29.642543999999997,758.5697,758.5217
512165036.47475713,-4.3917079999999995,29.641875,758.6383,758.5903
512165036.52569276,-4.388699,29.641206,758.7144,758.6665
512165036.57662815,-4.385689,29.640537,759.0126,758.9647
512165036.6275634,-4.38268,29.639868,759.9898,759.9418
512165036.678499,-4.37967,29.639198999999998,760.8746,760.8267
512165037.3915968,-4.337536,29.629834,781.0524,781.0045
512165037.4425323,-4.334525999999999,29.629165,784.9486,784.9007
512165037.4934678,-4.331517,29.628496,784.6211,784.5732
512165037.54440325,-4.328507,29.627827,780.5621,780.5143
512165038.91966057,-4.247248,29.609766999999998,828.2553,828.2076
512165038.9705961,-4.244238,29.609098,826.8949,826.8472
512165039.072468,-4.238219,29.607761,838.1856,838.1379
512165039.174339,-4.2322,29.606423,845.5305,845.4828
512165039.2252745,-4.22919,29.605753999999997,856.9859,856.9382
512165039.27621,-4.2261809999999995,29.605085,853.2226,853.1749
512165039.3271455,-4.223171,29.604416999999998,854.3741,854.3264
512165039.42901653,-4.217152,29.603078999999997,857.7268,857.6791
512165040.0402412,-4.181036,29.595053999999998,900.2675,900.2198
512165040.09117675,-4.178027,29.594385,910.3643,910.3166
512165047.8895025,-3.7172359999999998,29.492037,2016.6624,2016.6156
512165047.9404381,-3.714226,29.491367999999998,2013.8574,2013.8106
512165047.99137354,-3.711216,29.4907,2017.3803,2017.3335
512165048.0423079,-3.708207,29.490032,2014.4154,2014.3686
512165049.16289,-3.641991,29.475330999999997,2036.6265,2036.5798
512165049.264761,-3.6359719999999998,29.473995,2039.5499,2039.5033
512165049.6722448,-3.611894,29.468649,2070.7640,2070.7174
512165049.72318035,-3.6088839999999998,29.467980999999998,2067.7099,2067.6633
512165049.8250513,-3.602864,29.466645,2067.4583,2067.4116
512165055.16184807,-3.287506,29.396655,823.8255,823.7795
512165058.7782669,-3.073803,29.349245,936.3912,936.3455
512165058.8292024,-3.0707929999999997,29.348577,938.7736,938.7280
512165059.7969775,-3.013604,29.335891999999998,1024.5733,1024.5278
512165059.847913,-3.0105939999999998,29.335224,1025.8919,1025.8463
512165060.5100734,-2.971465,29.326545,1068.3711,1068.3257
512165060.561009,-2.968455,29.325878,1072.2428,1072.1973
512165060.61194444,-2.965445,29.32521,1074.5685,1074.5230
512165070.6597502,-2.371669,29.193562999999997,1789.6296,1789.5852
512165072.001745,-2.292362,29.175985999999998,1453.4349,1453.3906
512165072.10361695,-2.2863409999999997,29.174652,1453.9664,1453.9221
512165073.3260677,-2.214098,29.158642,1450.5991,1450.5550
512165073.3770032,-2.2110879999999997,29.157975,1451.8915,1451.8474
512165073.4279387,-2.208078,29.157308,1450.1855,1450.1414
512165073.4788742,-2.205068,29.15664,1449.4202,1449.3761
512165073.5298097,-2.202058,29.155973,1448.4432,1448.3992
512165073.5807453,-2.199048,29.155306,1445.9182,1445.8741
512165073.6316807,-2.196037,29.154639,1443.5889,1443.5449
512165073.68261623,-2.193027,29.153972,1441.8345,1441.7904
512165073.73355174,-2.190017,29.153305,1438.7082,1438.6642
512165073.7844872,-2.187007,29.152638,1434.7176,1434.6735
512165073.8354228,-2.1839969999999997,29.151971,1452.0348,1451.9908
512165073.8863582,-2.180987,29.151304,1454.7228,1454.6787
512165073.9372937,-2.177977,29.150637,1454.9067,1454.8627
512165073.98822904,-2.174967,29.14997,1454.9043,1454.8603
512165074.0391657,-2.1719559999999998,29.149303,1454.8583,1454.8143
512165074.09010124,-2.168946,29.148636,1454.8455,1454.8015
512165074.14103675,-2.165936,29.147969,1454.9775,1454.9336
512165074.19197226,-2.1629259999999997,29.147302,1454.8456,1454.8016
512165074.24290776,-2.159916,29.146635,1454.9848,1454.9408
512165074.29384327,-2.1569059999999998,29.145968,1454.8840,1454.8400
512165074.34477854,-2.153895,29.145301,1454.9037,1454.8597
512165074.39571404,-2.1508849999999997,29.144634,1454.9887,1454.9447
512165074.44664955,-2.147875,29.143967,1454.9384,1454.8944
512165074.49758506,-2.144865,29.1433,1454.6161,1454.5722
512165074.54852057,-2.141855,29.142633,1454.8896,1454.8457
512165074.5994561,-2.138845,29.141966,1454.7628,1454.7189
512165074.6503916,-2.135834,29.141299,1454.5903,1454.5464
512165074.701327,-2.132824,29.140632,1454.3008,1454.2569
512165074.7522626,-2.129814,29.139965,1454.8154,1454.7715
512165074.80319804,-2.126804,29.139298,1454.1203,1454.0763
512165074.8541336,-2.1237939999999997,29.138631,1454.4389,1454.3949
512165074.90506905,-2.120784,29.137964,1454.7334,1454.6895
512165074.95600456,-2.1177729999999997,29.137297,1454.5951,1454.5512
512165075.00694007,-2.114763,29.13663,1454.8464,1454.8025
512165075.0578747,-2.1117529999999998,29.135963,1454.5823,1454.5384
512165075.1088101,-2.108743,29.135296,1454.6570,1454.6132
512165075.15974575,-2.105733,29.134629,1454.7283,1454.6844
512165075.21068114,-2.102723,29.133962,1454.6116,1454.5677
512165075.26161665,-2.099713,29.133295,1454.7494,1454.7055
512165075.312552,-2.096702,29.132628,1454.6982,1454.6544
512165075.3634874,-2.093692,29.131961,1454.7333,1454.6895
512165075.41442305,-2.0906819999999997,29.131293999999997,1454.6781,1454.6342
512165075.46535844,-2.087672,29.130626999999997,1454.3162,1454.2723
512165075.51629394,-2.084662,29.129959999999997,1453.8603,1453.8165
512165075.5672295,-2.081652,29.129292999999997,1454.3122,1454.2684
512165075.61816496,-2.0786409999999997,29.128625999999997,1454.7813,1454.7375
512165075.6691005,-2.075631,29.127958999999997,1454.1821,1454.1382
512165075.72003603,-2.072621,29.127291999999997,1454.7791,1454.7353
512165075.7709715,-2.069611,29.126624999999997,1454.0395,1453.9957
512165075.82190704,-2.066601,29.125957999999997,1454.6275,1454.5837
512165075.8728425,-2.0635909999999997,29.125290999999997,1454.7770,1454.7332
512165075.92377806,-2.06058,29.124623999999997,1454.8126,1454.7688
512165075.9747135,-2.05757,29.123956999999997,1454.9290,1454.8852
512165076.02565,-2.05456,29.123289999999997,1454.9053,1454.8615
512165076.07658553,-2.0515499999999998,29.122622999999997,1454.9334,1454.8896
512165076.127521,-2.04854,29.121955999999997,1454.9033,1454.8595
512165076.17845654,-2.0455289999999997,29.121288999999997,1454.9814,1454.9376
512165076.5350051,-2.024458,29.116619999999998,1455.6317,1455.5879
512165076.58594054,-2.021448,29.115952999999998,1455.1973,1455.1535
512165076.99342465,-1.997367,29.110618,1455.0519,1455.0082
512165077.4009075,-1.973285,29.105282,1455.1206,1455.0770
512165077.451843,-1.970275,29.104615,1455.2295,1455.1859
512165077.50277853,-1.9672649999999998,29.103948,1455.1557,1455.1120
512165077.55371404,-1.9642549999999999,29.103281,1456.2191,1456.1754
512165077.60464954,-1.961244,29.102614,1455.1317,1455.0880
512165078.164941,-1.928132,29.095278,1455.1633,1455.1197
512165078.2158766,-1.925122,29.094611999999998,1454.9756,1454.9320
512165078.52148956,-1.907061,29.090609999999998,1454.4813,1454.4378
512165078.5724251,-1.904051,29.089942999999998,1454.6224,1454.5789
512165078.62336063,-1.9010399999999998,29.089275999999998,1454.2599,1454.2164
512165078.67429614,-1.8980299999999999,29.088608999999998,1454.2251,1454.1816
512165078.7252314,-1.89502,29.087943,1453.8759,1453.8325
512165078.77616686,-1.89201,29.087276,1454.0464,1454.0030
512165078.8271024,-1.889,29.086609,1453.2422,1453.1988
512165078.8780379,-1.885989,29.085942,1453.2144,1453.1710
512165078.92897344,-1.882979,29.085275,1452.3677,1452.3243
512165078.97990894,-1.879969,29.084608,1452.5568,1452.5134
512165079.0308435,-1.8769589999999998,29.083941,1452.0384,1451.9950
512165079.081779,-1.8739489999999999,29.083274,1453.2935,1453.2501
512165079.1327145,-1.870938,29.082608,1454.9874,1454.9440
512165079.18365,-1.8679279999999998,29.081940999999997,1452.6677,1452.6243
512165079.2345855,-1.8649179999999999,29.081273999999997,1455.1185,1455.0751
512165079.285521,-1.861908,29.080606999999997,1455.0270,1454.9837
512165079.33645654,-1.858898,29.079939999999997,1455.1190,1455.0756
512165079.387392,-1.8558869999999998,29.079272999999997,1455.1316,1455.0882
512165079.4383275,-1.8528769999999999,29.078605999999997,1455.0864,1455.0431
512165079.489263,-1.849867,29.077938999999997,1455.0841,1455.0407
512165079.5401985,-1.846857,29.077272999999998,1454.9280,1454.8847
512165079.591134,-1.843847,29.076605999999998,1455.0078,1454.9645
512165079.6420695,-1.840836,29.075938999999998,1454.4097,1454.3663
512165079.6930048,-1.837826,29.075272,1454.0057,1453.9624
512165079.7439403,-1.834816,29.074605,1454.1879,1454.1446
512165079.7948758,-1.8318059999999998,29.073938,1452.9056,1452.8622
512165079.8458113,-1.828795,29.073271,1452.8216,1452.7783
512165079.8967469,-1.825785,29.072605,1452.5281,1452.4848
512165079.9476823,-1.8227749999999998,29.071938,1451.8746,1451.8313
512165079.9986178,-1.8197649999999999,29.071271,1451.2574,1451.2141
512165080.04955435,-1.816755,29.070604,1449.5405,1449.4972
512165080.1004898,-1.813744,29.069937,1450.2420,1450.1987
512165080.15142536,-1.8107339999999998,29.06927,1451.0145,1450.9712
512165080.20236087,-1.8077239999999999,29.068603,1452.1745,1452.1313
512165080.2532964,-1.804714,29.067936999999997,1453.0805,1453.0372
512165080.3042319,-1.8017029999999998,29.067269999999997,1455.2179,1455.1746
512165080.35516745,-1.7986929999999999,29.066602999999997,1455.2918,1455.2486
512165080.4061029,-1.795683,29.065935999999997,1455.3469,1455.3036
512165080.45703834,-1.792673,29.065268999999997,1455.2011,1455.1579
512165080.5079739,-1.7896619999999999,29.064601999999997,1455.2471,1455.2039
512165080.55890936,-1.786652,29.063935999999998,1455.2778,1455.2345
512165080.6098448,-1.783642,29.063269,1455.2463,1455.2031
512165080.6607804,-1.780632,29.062602,1455.2842,1455.2410
512165080.7117159,-1.7776219999999998,29.061935,1452.4691,1452.4258
512165080.76265115,-1.774611,29.061268,1452.9465,1452.9033
512165080.81358665,-1.771601,29.060601,1452.6095,1452.5663
512165080.8645222,-1.768591,29.059935,1452.5200,1452.4768
512165080.91545767,-1.7655809999999998,29.059268,1455.0590,1455.0158
512165080.9663932,-1.76257,29.058601,1455.3467,1455.3035
512165081.0173287,-1.75956,29.057934,1455.3868,1455.3436
512165081.068263,-1.7565499999999998,29.057267,1455.1444,1455.1012
512165081.1191985,-1.7535399999999999,29.0566,1455.4350,1455.3918
512165081.170134,-1.75053,29.055933999999997,1455.4651,1455.4220
512165081.2210695,-1.7475189999999998,29.055266999999997,1455.4428,1455.3996
512165081.272005,-1.7445089999999999,29.054599999999997,1455.4885,1455.4453
512165081.3229405,-1.741499,29.053932999999997,1455.4696,1455.4264
512165081.3738761,-1.738489,29.053265999999997,1455.4556,1455.4124
512165081.42481154,-1.7354779999999999,29.052599999999998,1455.5467,1455.5036
512165081.4757471,-1.732468,29.051933,1455.9242,1455.8810
512165081.52668256,-1.729458,29.051266,1455.9248,1455.8817
512165081.5776181,-1.726448,29.050599,1455.5240,1455.4808
512165081.6285536,-1.7234369999999999,29.049932,1455.3166,1455.2735
512165081.6794891,-1.720427,29.049266,1455.1247,1455.0816
512165081.73042464,-1.717417,29.048599,1455.0985,1455.0554
512165081.78136015,-1.714407,29.047932,1454.5565,1454.5134
512165081.83229566,-1.711396,29.047265,1453.9702,1453.9270
512165081.88323116,-1.708386,29.046598,1453.3179,1453.2748
512165081.9851022,-1.7023659999999998,29.045264999999997,1452.4524,1452.4093
512165082.0360386,-1.699355,29.044597999999997,1452.7515,1452.7084
512165082.18884516,-1.6903249999999999,29.042597999999998,1454.5731,1454.5300
512165082.2397806,-1.687314,29.041930999999998,1455.0417,1454.9986
512165082.2907161,-1.684304,29.041263999999998,1455.9795,1455.9365
512165082.3925871,-1.6782839999999999,29.03993,1456.2934,1456.2503
512165082.4435227,-1.675273,29.039264,1457.2693,1457.2263
512165082.49445814,-1.6722629999999998,29.038597,1456.0579,1456.0149
512165082.5453937,-1.6692529999999999,29.03793,1455.9640,1455.9209
512165082.5963292,-1.666243,29.037263,1455.6137,1455.5707
512165082.64726466,-1.6632319999999998,29.036596,1455.5251,1455.4821
512165082.6982002,-1.6602219999999999,29.03593,1455.3976,1455.3546
512165082.7491357,-1.657212,29.035262999999997,1455.6851,1455.6420
512165082.80007124,-1.654202,29.034595999999997,1455.3085,1455.2655
512165082.85100675,-1.6511909999999999,29.033928999999997,1455.0099,1454.9669
512165082.90194225,-1.648181,29.033262999999998,1453.1247,1453.0816
512165082.95287776,-1.645171,29.032595999999998,1453.5969,1453.5539
512165083.56410265,-1.609048,29.024594999999998,1457.2153,1457.1724
512165088.95027184,-1.290725,28.954095,1693.3932,1693.3508
512165089.0012074,-1.287715,28.953429,1693.2144,1693.1720
512165089.05214167,-1.2847039999999998,28.952762,1692.7943,1692.7520
512165099.37749654,-0.6744589999999999,28.817643,1728.7573,1728.7161
512165100.44714093,-0.61124,28.803646999999998,1740.3955,1740.3544
512165100.49807644,-0.6082299999999999,28.802979999999998,1738.2126,1738.1715
512165100.54901195,-0.605219,28.802314,1747.3360,1747.2951
512165102.0199054,-0.518285,28.783068,1695.1698,1695.1289
512165105.7782197,-0.296156,28.733894,1066.0900,1066.0496
512165106.3894446,-0.26003,28.725897,1046.6999,1046.6595
512165106.4913156,-0.25401,28.724563999999997,1043.9020,1043.8616
512165106.54225117,-0.25099899999999997,28.723896999999997,1042.9220,1042.8816
512165106.5931866,-0.247989,28.723231,1042.0820,1042.0416
512165106.79692864,-0.235947,28.720564999999997,1024.2038,1024.1635
512165109.3437047,-0.085422,28.687243,970.0157,969.9757
512165110.1586718,-0.037253999999999995,28.676581,934.4287,934.3887
512165110.2096071,-0.034244,28.675914,933.0930,933.0530
512165110.26054263,-0.031232999999999997,28.675248,931.7566,931.7167
512165110.31147814,-0.028222999999999998,28.674581,930.0453,930.0054
512165110.36241364,-0.025212,28.673914999999997,928.3493,928.3094
512165110.4133492,-0.022202,28.673247999999997,919.0842,919.0443
512165112.55264014,0.10424,28.645258,946.2526,946.2130
512165112.6035757,0.107251,28.644592,936.9353,936.8956
512165112.6545112,0.110261,28.643925,932.6735,932.6339
512165113.72415733,0.173482,28.629929999999998,949.6481,949.6086
512165113.82602835,0.179503,28.628597,969.1502,969.1107
512165114.640995,0.22767199999999999,28.617933999999998,1009.7878,1009.7484
512165114.69193053,0.230682,28.617268,1016.2773,1016.2378
512165114.74286604,0.23369299999999998,28.616601,1012.7105,1012.6711
512165114.89567256,0.242724,28.614601999999998,1029.6210,1029.5816
512165115.04848003,0.251756,28.612603,1030.0445,1030.0051
512165117.47467345,0.395156,28.580858,848.9215,848.8824
512165117.52560896,0.398167,28.580191,843.6264,843.5873
512165120.5817382,0.578801,28.540202999999998,778.0331,777.9943
512165120.6836092,0.584822,28.53887,779.5837,779.5449
512165120.7345447,0.5878329999999999,28.538203,782.2485,782.2098
512165122.7210288,0.705245,28.51221,815.5040,815.4655
512165123.4341268,0.747393,28.502879,835.4316,835.3931
512165123.4850623,0.750404,28.502212,835.5836,835.5452
512165123.53599787,0.753415,28.501545999999998,835.2740,835.2355
512165123.5869333,0.756425,28.500878999999998,835.9868,835.9483
512165123.6378688,0.759436,28.500213,836.1647,836.1263
512165123.6888044,0.762446,28.499546,836.4069,836.3684
512165123.73973984,0.7654569999999999,28.49888,834.8922,834.8538
512165123.7906754,0.7684679999999999,28.498213,835.9112,835.8728
512165123.84161085,0.771478,28.497546,832.9707,832.9322
512165123.8925464,0.774489,28.496879999999997,836.1174,836.0790
512165123.9944174,0.7805099999999999,28.495547,835.7968,835.7584
512165124.45283574,0.807605,28.489548,859.0893,859.0510
512165124.5037713,0.810616,28.488882,860.3123,860.2740
512165126.1389049,0.907262,28.467484,783.2298,783.1918
512165126.1898403,0.910273,28.466817,781.3423,781.3042
512165126.2407758,0.913283,28.466151,778.7769,778.7388
512165127.2085514,0.9704849999999999,28.453485999999998,745.9591,745.9211
512165127.2594869,0.973495,28.452818999999998,736.5638,736.5258
512165127.3104224,0.976506,28.452153,740.8990,740.8610
512165127.3613579,0.979517,28.451486,737.5216,737.4836
512165127.41229343,0.9825269999999999,28.45082,735.1797,735.1417
512165127.46322894,0.9855379999999999,28.450153,733.5364,733.4984
512165128.7366155,1.060803,28.433487999999997,703.2991,703.2612
512165128.94035745,1.072846,28.430822,694.4476,694.4098
512165128.991293,1.075856,28.430155,693.2374,693.1996
512165129.0422295,1.078867,28.429489,693.4610,693.4232
512165129.0931649,1.081877,28.428822,693.8090,693.7712
512165129.1441004,1.0848879999999999,28.428155,696.8275,696.7897
512165129.195036,1.087899,28.427488999999998,693.1656,693.1278
512165129.24597144,1.090909,28.426821999999998,699.9641,699.9264
512165129.296907,1.09392,28.426156,699.0559,699.0181
512165132.8114577,1.301653,28.380156999999997,620.1972,620.1598
512165136.7693529,1.5355919999999998,28.328349,772.5444,772.5075
512165136.8202884,1.538602,28.327682,773.0678,773.0309
512165136.871224,1.541613,28.327015,770.9793,770.9423
512165136.92215943,1.544624,28.326348,793.8558,793.8189
512165136.973095,1.547634,28.325682,795.8294,795.7925
512165137.0240295,1.5506449999999998,28.325014999999997,797.8319,797.7951
512165137.07496506,1.553656,28.324347999999997,798.1092,798.0724
512165137.12590057,1.5566659999999999,28.323680999999997,789.8223,789.7854
512165137.176836,1.559677,28.323014999999998,790.8661,790.8292
512165137.3805781,1.5717189999999999,28.320346999999998,813.2406,813.2037
512165141.0988693,1.791497,28.271666999999997,757.2955,757.2592
512165141.14980483,1.794508,28.270999999999997,762.4667,762.4304
512165141.2007404,1.797518,28.270334,758.2957,758.2593
512165141.25167584,1.8005289999999998,28.269667,759.0871,759.0507
512165141.40448236,1.809561,28.267666,771.7005,771.6642
512165141.45541793,1.812571,28.266999,768.6050,768.5687
512165141.96477276,1.8426779999999998,28.26033,773.7797,773.7435
512165142.01570815,1.845689,28.259663,771.8188,771.7826
512165142.3213222,1.863753,28.255661,783.4659,783.4297
512165143.5947084,1.9390189999999998,28.238986999999998,791.5686,791.5326
512165143.64564395,1.94203,28.238319999999998,806.6442,806.6081
512165143.69657946,1.9450399999999999,28.237652999999998,810.2929,810.2568
512165143.7475149,1.948051,28.236985999999998,809.7927,809.7566
512165144.155,1.972136,28.23165,823.1706,823.1346
512165144.71529055,2.005254,28.224313,817.5350,817.4991
512165145.73399925,2.065467,28.210973,836.0175,835.9817
512165145.78493476,2.068478,28.210304999999998,835.9451,835.9094
512165145.83587027,2.071488,28.209637999999998,836.8463,836.8106
512165145.8868058,2.074499,28.208971,837.2841,837.2484
512165145.93774134,2.0775099999999997,28.208304,837.5271,837.4914
512165145.9886768,2.08052,28.207637,839.5281,839.4924
512165146.0396132,2.083531,28.20697,840.9096,840.8739
512165146.09054875,2.086542,28.206303,835.2190,835.1833
512165146.1414842,2.089552,28.205636,833.5135,833.4779
512165146.19241977,2.0925629999999997,28.204969,828.7435,828.7078
512165148.3317109,2.219011,28.176949999999998,797.7931,797.7575
512165148.4845174,2.228043,28.174948999999998,792.3982,792.3626
512165148.5863883,2.234064,28.173614999999998,785.6861,785.6506
512165148.63732386,2.237075,28.172947999999998,791.1329,791.0973
512165148.6882593,2.240086,28.172279999999997,790.6060,790.5705
512165148.73919487,2.243096,28.171612999999997,787.5071,787.4716
512165148.7901303,2.246107,28.170945999999997,787.6747,787.6392
512165148.8920014,2.252128,28.169611999999997,788.0869,788.0514
512165148.94293684,2.255139,28.168944999999997,788.1091,788.0736
512165149.1466777,2.267182,28.166276,788.7617,788.7263
512165149.1976132,2.2701919999999998,28.165609,783.2307,783.1952
512165149.9107104,2.3123419999999997,28.156267999999997,763.8588,763.8234
512165150.5219374,2.34847,28.148260999999998,745.1457,745.1105
512165152.3556154,2.456854,28.12424,770.7443,770.7092
512165152.4065509,2.4598649999999997,28.123573,770.8852,770.8501
512165152.4574862,2.462875,28.122905,777.2956,777.2606
512165152.50842166,2.465886,28.122238,785.5856,785.5505
512165152.5593572,2.4688969999999997,28.121571,784.3688,784.3338
512165152.6102927,2.471908,28.120903,785.1163,785.0813
512165152.6612281,2.4749179999999997,28.120236,789.5534,789.5183
512165152.71216375,2.477929,28.119569,787.0845,787.0495
512165152.76309913,2.48094,28.118900999999997,789.3511,789.3160
512165152.81403476,2.48395,28.118233999999998,789.5997,789.5647
512165152.86497015,2.486961,28.117566999999998,789.2681,789.2331
512165152.9159054,2.489972,28.116899,789.3770,789.3420
512165152.966841,2.492982,28.116232,788.6896,788.6546
512165153.0177764,2.495993,28.115565,787.3827,787.3477
512165153.068711,2.499004,28.114897,788.8175,788.7825
512165153.11964655,2.502014,28.11423,786.9384,786.9034
512165153.170582,2.505025,28.113563,784.7387,784.7038
512165153.2215175,2.5080359999999997,28.112894999999998,783.6088,783.5738
512165153.98555017,2.553196,28.102884999999997,753.5391,753.5043
512165154.29116416,2.57126,28.098881,750.6707,750.6360
512165154.3420996,2.57427,28.098212999999998,750.4436,750.4089
512165154.3930351,2.5772809999999997,28.097545999999998,751.1544,751.1196
512165154.4439706,2.580292,28.096878999999998,747.9500,747.9152
512165154.59677714,2.589324,28.094877,754.2853,754.2506
512165154.6986482,2.595345,28.093542,743.8710,743.8363
512165154.8005192,2.601366,28.092207,745.2746,745.2398
512165154.8514547,2.604377,28.091538999999997,746.1866,746.1519
512165156.3795197,2.6946969999999997,28.071516,752.6107,752.5762
512165156.83793896,2.721793,28.065509,758.4976,758.4631
512165157.0416798,2.7338359999999997,28.062839,758.9845,758.9500
512165157.1944864,2.742868,28.060836,758.1525,758.1180
512165157.39822835,2.754911,28.058166,769.8904,769.8559
512165157.4491639,2.7579219999999998,28.057499,772.1912,772.1567
512165158.4169392,2.815124,28.044815,752.4077,752.3734
512165158.7734878,2.8361989999999997,28.040142,755.4632,755.4290
512165158.82442325,2.83921,28.039475,758.8110,758.7768
512165158.87535876,2.842221,28.038807,762.1805,762.1462
512165158.92629427,2.845231,28.03814,762.8618,762.8276
512165158.9772298,2.848242,28.037471999999998,770.9388,770.9046
512165159.0281643,2.8512519999999997,28.036804,771.7583,771.7241
512165159.07909983,2.854263,28.036137,771.4873,771.4531
512165159.13003516,2.857274,28.035469,770.8028,770.7686
512165159.1809706,2.8602849999999997,28.034802,774.6931,774.6589
512165159.2828416,2.866306,28.033465999999997,777.2299,777.1957
512165159.3337771,2.8693169999999997,28.032798999999997,773.5151,773.4810
512165159.3847127,2.872327,28.032131,774.8002,774.7660
512165159.43564814,2.8753379999999997,28.031464,775.1218,775.0877
512165159.5375192,2.881359,28.030127999999998,776.0229,775.9888
512165159.74126124,2.893402,28.027458,782.3074,782.2732
512165159.79219675,2.896413,28.02679,777.0445,777.0104
512165159.84313226,2.899423,28.026123,779.7666,779.7325
512165159.89406776,2.902434,28.025454999999997,777.9095,777.8754
512165159.9450033,2.905445,28.024787,772.8007,772.7666
512165159.9959388,2.908455,28.02412,778.4536,778.4195
512165160.0468752,2.911466,28.023452,776.2573,776.2232
512165160.09781075,2.9144769999999998,28.022783999999998,775.0505,775.0164
512165160.1487462,2.917487,28.022116999999998,773.2123,773.1782
512165160.1996817,2.920498,28.021449,773.3621,773.3280
512165160.2506172,2.9235089999999997,28.020781,773.5354,773.5013
512165160.3015527,2.926519,28.020114,771.2370,771.2029
512165160.3524883,2.9295299999999997,28.019446,769.3262,769.2921
512165160.4034237,2.932541,28.018777999999998,765.3365,765.3024
512165160.4543593,2.935551,28.018110999999998,765.2404,765.2063
512165160.50529474,2.9385619999999997,28.017443,761.7799,761.7458
512165160.6071658,2.9445829999999997,28.016108,754.8872,754.8532
512165160.65810126,2.947594,28.015439999999998,751.4439,751.4099
512165162.82597876,3.075732,27.987021,660.5828,660.5491
512165162.8769142,3.078743,27.986352999999998,660.6457,660.6120
512165162.92784977,3.081753,27.985685,660.5823,660.5486
512165165.0162051,3.2051909999999997,27.958304,673.1689,673.1353
512165165.0671416,3.208202,27.957635999999997,675.4130,675.3795
512165165.7293031,3.24734,27.948953,712.1206,712.0872
512165165.9839804,3.262394,27.945612999999998,719.6792,719.6457
512165166.13678586,3.271426,27.943609,718.7823,718.7489
512165166.23865676,3.277447,27.942273,720.3575,720.3241
512165167.1045614,3.328629,27.930918,727.8123,727.7791
512165167.1554969,3.331639,27.930249999999997,732.4367,732.4034
512165167.25736785,3.3376609999999998,27.928914,729.8849,729.8516
512165167.30830336,3.340671,27.928245999999998,724.4301,724.3968
512165167.35923886,3.343682,27.927577,726.0281,725.9949
512165167.4611099,3.349703,27.926240999999997,717.4530,717.4197
512165167.5629809,3.355725,27.924905,721.0727,721.0395
512165167.61391646,3.358735,27.924236999999998,719.2306,719.1974
512165167.6648519,3.3617459999999997,27.923568999999997,718.1949,718.1617
512165167.7157875,3.364757,27.922901,717.4334,717.4002
512165167.7667229,3.3677669999999997,27.922233,719.1424,719.1091
512165167.8176585,3.370778,27.921564999999998,718.6186,718.5854
512165167.868594,3.373789,27.920897,721.0261,720.9929
512165167.91952944,3.3767989999999997,27.920229,721.3221,721.2889
512165167.970465,3.37981,27.919560999999998,719.4907,719.4575
512165168.0214005,3.382821,27.918892999999997,723.4350,723.4018
512165168.0723348,3.385831,27.918225,722.8177,722.7845
512165168.12327033,3.388842,27.917557,723.8607,723.8276
512165168.1742058,3.391853,27.916888999999998,724.4134,724.3802
512165168.22514135,3.394863,27.916221,725.1664,725.1333
512165168.2760768,3.397874,27.915553,725.6867,725.6536
512165168.32701236,3.4008849999999997,27.914884999999998,725.9373,725.9041
512165168.37794787,3.403895,27.914216,726.5721,726.5390
512165168.4288834,3.4069059999999998,27.913548,727.5586,727.5255
512165168.4798189,3.4099169999999996,27.912879999999998,727.3827,727.3496
512165168.5307543,3.412927,27.912212,727.6932,727.6601
512165168.5816899,3.4159379999999997,27.911544,726.7564,726.7234
512165168.6326254,3.418949,27.910876,726.3341,726.3010
512165168.6835609,3.4219589999999998,27.910207999999997,725.4154,725.3823
512165168.7344964,3.4249699999999996,27.90954,726.1090,726.0760
512165168.83636737,3.4309909999999997,27.908203999999998,722.7845,722.7515
512165168.88730294,3.434002,27.907535,720.3980,720.3650
512165168.9382384,3.4370119999999997,27.906867,718.3530,718.3200
512165168.9891739,3.440023,27.906198999999997,716.6430,716.6100
512165169.0401104,3.443034,27.905531,715.6942,715.6612
512165169.09104586,3.446045,27.904863,715.5996,715.5666
512165169.14198136,3.449055,27.904194999999998,713.0038,712.9709
512165169.1929169,3.452066,27.903527,710.8537,710.8207
512165169.2438524,3.4550769999999997,27.902859,709.5668,709.5338
512165169.29478794,3.458087,27.902189999999997,709.3117,709.2787
512165169.34572345,3.461098,27.901522,717.2833,717.2503
512165169.3966587,3.4641089999999997,27.900854,717.6439,717.6109
512165169.4475942,3.467119,27.900185999999998,717.3343,717.3013
512165169.4985297,3.4701299999999997,27.899518,717.6120,717.5791
512165169.54946524,3.473141,27.89885,717.4128,717.3799
512165169.60040075,3.4761509999999998,27.898182,716.7272,716.6943
512165169.65133625,3.4791619999999996,27.897513,717.3213,717.2884
512165169.70227176,3.482173,27.896845,718.7276,718.6947
512165169.75320727,3.4851829999999997,27.896176999999998,718.4090,718.3761
512165169.8041428,3.488194,27.895508999999997,718.3901,718.3571
512165169.8550782,3.491205,27.894841,719.6023,719.5693
512165169.9060138,3.4942149999999996,27.894173,718.5426,718.5097
512165170.05881935,3.503247,27.892167999999998,717.2412,717.2083
512165170.10975486,3.506258,27.891499999999997,719.2384,719.2056
512165170.1606903,3.509268,27.890832,717.2128,717.1799
512165170.2116259,3.512279,27.890164,712.6232,712.5903
512165170.2625613,3.51529,27.889495,705.4795,705.4466
512165170.3644321,3.521311,27.888158999999998,705.7204,705.6876
512165170.4153676,3.5243219999999997,27.887490999999997,703.8260,703.7931
512165170.4663031,3.527332,27.886823,705.1343,705.1015
512165170.5172386,3.530343,27.886153999999998,705.3308,705.2979
512165170.5681741,3.5333539999999997,27.885486,704.5025,704.4697
512165170.6191097,3.536364,27.884818,703.7037,703.6709
512165170.67004514,3.5393749999999997,27.884149999999998,704.1619,704.1290
512165170.72098064,3.542386,27.883481999999997,703.4848,703.4520
512165170.7719162,3.5453959999999998,27.882813,705.2107,705.1778
512165170.82285166,3.5484069999999996,27.882144999999998,714.3563,714.3235
512165171.17940116,3.569482,27.877468,701.3305,701.2977
512165171.73969173,3.6025989999999997,27.870117,661.1128,661.0801
512165171.99436957,3.6176519999999996,27.866774999999997,659.5390,659.5063
512165172.24904585,3.6327059999999998,27.863433999999998,648.8032,648.7705
512165172.2999814,3.635716,27.862765999999997,650.7465,650.7139
512165172.35091686,3.638727,27.862097,647.1155,647.0829
512165173.7261765,3.7200149999999996,27.844051999999998,644.5439,644.5115
512165173.777112,3.723025,27.843383,642.6943,642.6618
512165173.82804734,3.7260359999999997,27.842715,640.9558,640.9233
512165174.6939497,3.777217,27.831352,675.6990,675.6667
512165174.7448852,3.7802279999999997,27.830683,673.4440,673.4116
512165174.7958205,3.783238,27.830015,671.5460,671.5137
512165174.8467559,3.7862489999999998,27.829345999999997,671.8995,671.8672
512165174.8976915,3.7892599999999996,27.828678,670.4691,670.4368
512165174.948627,3.79227,27.828008999999998,669.6733,669.6410
512165174.9995625,3.7952809999999997,27.827340999999997,684.6106,684.5783
512165175.0504992,3.798292,27.826672,690.6677,690.6354
512165175.10143477,3.8013019999999997,27.826003999999998,689.9160,689.8837
512165175.15237,3.8043129999999996,27.825335,688.0370,688.0047
512165175.20330554,3.807324,27.824666999999998,687.0326,687.0003
512165175.25424105,3.8103339999999997,27.823998,686.2874,686.2552
512165175.3051765,3.813345,27.82333,686.7817,686.7494
512165175.356112,3.816356,27.822661,686.7541,686.7219
512165175.40704757,3.819366,27.821993,685.5715,685.5393
512165175.457983,3.822377,27.821323999999997,678.2769,678.2447
512165175.5089185,3.825388,27.820656,682.7037,682.6715
512165175.55985403,3.828398,27.819986999999998,671.9303,671.8981
512165175.9673381,3.852483,27.814639,673.6678,673.6357
512165176.0182736,3.8554939999999998,27.813971,673.0864,673.0543
512165176.06920815,3.8585049999999996,27.813302,673.5079,673.4759
512165176.1201434,3.861515,27.812634,677.7104,677.6783
512165176.17107886,3.8645259999999997,27.811964999999997,677.0070,676.9749
512165176.2220144,3.867537,27.811296,676.8109,676.7788
512165176.27294993,3.8705469999999997,27.810627999999998,671.7624,671.7303
512165176.32388544,3.8735579999999996,27.809959,671.2603,671.2283
512165176.37482095,3.876568,27.809290999999998,669.7288,669.6967
512165176.4257565,3.8795789999999997,27.808622,668.2725,668.2404
512165176.47669196,3.88259,27.807954,667.3901,667.3581
512165176.52762747,3.8855999999999997,27.807285,664.3066,664.2745
512165176.578563,3.888611,27.806615999999998,662.6629,662.6309
512165176.6294985,3.891622,27.805947999999997,666.6629,666.6309
512165176.68043405,3.8946319999999996,27.805279,668.4972,668.4651
512165176.7313695,3.897643,27.804610999999998,667.9871,667.9551
512165176.78230506,3.900654,27.803942,669.0778,669.0458
512165176.83324057,3.903664,27.803274,668.6755,668.6435
512165176.8841761,3.906675,27.802605,668.4323,668.4003
512165176.9351116,3.9096859999999998,27.801935999999998,668.4882,668.4561
512165176.986047,3.912696,27.801268,668.1312,668.0992
512165177.0369835,3.915707,27.800599,668.8858,668.8538
512165177.087919,3.9187179999999997,27.799930999999997,667.7279,667.6959
512165177.13885444,3.921728,27.799262,667.4374,667.4054
512165177.18979,3.9247389999999998,27.798593,667.0829,667.0509
512165177.2407255,3.9277499999999996,27.797925,666.4726,666.4406
512165177.291661,3.93076,27.797255999999997,665.4147,665.3827
512165177.34259653,3.9337709999999997,27.796587,664.3940,664.3621
512165177.3935321,3.936781,27.795918999999998,663.5301,663.4981
512165177.44446754,3.9397919999999997,27.79525,662.1850,662.1530
512165177.4954031,3.9428029999999996,27.794582,661.7611,661.7292
512165177.54633856,3.945813,27.793913,659.8569,659.8250
512165177.59727407,3.9488239999999997,27.793243999999998,655.4819,655.4499
512165177.64820963,3.951835,27.792576,649.2426,649.2107
512165179.3290811,4.0511859999999995,27.770508999999997,642.6109,642.5790
512165180.3987255,4.114409,27.756463999999998,695.4668,695.4351
512165180.4496608,4.11742,27.755795,694.2731,694.2415
512165180.50059605,4.12043,27.755125999999997,693.6194,693.5878
512165180.55153155,4.123441,27.754457,693.9074,693.8758
512165180.60246706,4.126452,27.753788999999998,694.1552,694.1236
512165180.65340257,4.129462,27.75312,694.2298,694.1982
512165180.7043381,4.132473,27.752450999999997,694.6096,694.5780
512165180.7552736,4.135484,27.751782,694.8624,694.8308
512165180.8062091,4.138494,27.751113,694.3848,694.3532
512165180.8571446,4.1415049999999995,27.750443999999998,694.9625,694.9309
512165180.90808016,4.144515999999999,27.749775,701.2030,701.1714
512165180.9590156,4.147526,27.749107,702.3321,702.3005
512165181.0099512,4.150537,27.748438,705.1901,705.1585
512165181.1627586,4.159568999999999,27.746430999999998,706.4212,706.3896
512165181.26462954,4.16559,27.745092999999997,704.8107,704.7791
512165181.36650056,4.1716109999999995,27.743755999999998,716.1874,716.1558
512165181.4683716,4.177633,27.742417999999997,705.0072,704.9757
512165181.51930714,4.180643,27.741749,705.5861,705.5546
512165181.57024264,4.183654,27.74108,704.9920,704.9605
512165181.6211782,4.1866639999999995,27.740410999999998,710.0696,710.0381
512165181.67211366,4.189674999999999,27.739742,710.3569,710.3254
512165181.72304916,4.192686,27.739072999999998,715.6608,715.6293
512165181.9267912,4.204728,27.736397,714.0244,713.9929
512165181.97772676,4.207739,27.735729,720.4364,720.4049
512165182.028661,4.210749,27.735059999999997,716.0200,715.9885
512165182.0795965,4.21376,27.734391,718.7590,718.7276
512165182.130532,4.216771,27.733722,717.9704,717.9389
512165182.18146753,4.219781,27.733052999999998,717.9520,717.9205
512165182.28333855,4.225803,27.731714999999998,705.3570,705.3255
512165182.33427405,4.228813,27.731046,706.9630,706.9315
512165182.38520956,4.231824,27.730376999999997,708.4271,708.3956
512165182.43614507,4.234834,27.729708,710.8826,710.8511
512165182.48708063,4.237845,27.729039,709.1138,709.0823
512165182.5380161,4.240856,27.728369999999998,710.0148,709.9833
512165182.58895165,4.243866,27.727701,708.6536,708.6221
512165182.63988715,4.246877,27.727031999999998,708.4842,708.4527
512165182.6908226,4.249887999999999,27.726363,707.6701,707.6387
512165182.7417581,4.252898,27.725693999999997,707.0174,706.9860
512165182.7926936,4.255909,27.725025,706.0872,706.0558
512165182.84362906,4.258919,27.724356,705.6046,705.5732
512165182.8945647,4.2619299999999996,27.723686999999998,702.1120,702.0806
512165182.9455001,4.264940999999999,27.723018,699.3112,699.2798
512165182.99643564,4.267951,27.722348999999998,700.0674,700.0360
512165183.0473721,4.270962,27.72168,700.5150,700.4836
512165183.0983076,4.273973,27.721010999999997,698.4603,698.4289
512165183.2001786,4.279993999999999,27.719673,701.0303,700.9990
512165183.25111413,4.283005,27.719003999999998,702.6339,702.6026
512165183.30204964,4.286015,27.718335,703.7237,703.6923
512165183.35298514,4.289026,27.717665999999998,707.3613,707.3300
512165183.40392065,4.2920359999999995,27.716997,707.7612,707.7299
512165183.4548562,4.295046999999999,27.716327999999997,707.8058,707.7745
512165183.50579166,4.298058,27.715659,706.0405,706.0092
512165183.55672723,4.301068,27.71499,705.4135,705.3822
512165183.6076627,4.304079,27.714320999999998,704.8557,704.8245
512165183.65859824,4.30709,27.713652,704.1574,704.1261
512165183.70953375,4.310099999999999,27.712982999999998,702.0231,701.9918
512165183.76046914,4.313111,27.712314,697.5338,697.5026
512165183.81140476,4.316121,27.711644,694.2613,694.2300
512165183.8623402,4.319132,27.710974999999998,695.1390,695.1078
512165183.9132758,4.322143,27.710306,694.0647,694.0335
512165183.96421105,4.325153,27.709636999999997,694.7120,694.6807
512165184.01514643,4.328164,27.708968,694.8226,694.7914
512165184.0660811,4.331174,27.708299,694.4876,694.4564
512165184.11701655,4.334185,27.707629999999998,694.6301,694.5990
512165184.167952,4.337196,27.706961,693.6887,693.6575
512165184.2188876,4.340206,27.706291999999998,693.1264,693.0952
512165184.269823,4.343217,27.705623,692.4312,692.4001
512165184.3207586,4.346228,27.704953999999997,691.7803,691.7491
512165184.371694,4.349238,27.704285,691.0771,691.0460
512165184.42262954,4.352249,27.703615,690.7655,690.7343
512165184.4735651,4.355259,27.702945999999997,690.7241,690.6929
512165184.52450055,4.35827,27.702277,692.6860,692.6549
512165184.5754361,4.361281,27.701608,695.1792,695.1480
512165184.62637156,4.364291,27.700938999999998,697.0693,697.0381
512165184.6773071,4.367302,27.70027,698.5458,698.5147
512165184.72824264,4.3703129999999994,27.699600999999998,698.7188,698.6876
512165184.77917814,4.373323,27.698932,700.4229,700.3918
512165184.83011365,4.376334,27.698262,700.4516,700.4205
512165184.88104916,4.379344,27.697592999999998,699.8173,699.7861
512165184.9319844,4.382355,27.696924,700.2887,700.2576
512165184.98291993,4.385365999999999,27.696254999999997,700.8701,700.8390
512165185.0338567,4.388376,27.695586,700.8848,700.8537
512165185.0847921,4.391387,27.694917,701.2831,701.2520
512165185.1357277,4.394398,27.694247999999998,701.7571,701.7260
512165185.18666315,4.3974079999999995,27.693578,701.5450,701.5140
512165185.2375987,4.400418999999999,27.692909,702.6074,702.5763
512165185.288534,4.403429,27.692239999999998,703.2621,703.2311
512165185.3394694,4.40644,27.691571,704.3818,704.3507
512165185.390405,4.409451,27.690901999999998,702.7194,702.6883
512165185.4413404,4.4124609999999995,27.690231999999998,706.2367,706.2057
512165185.4922759,4.415471999999999,27.689563,702.3669,702.3358
512165185.54321146,4.418482,27.688893999999998,702.3785,702.3475
512165185.5941469,4.421493,27.688225,702.0654,702.0343
512165185.6450825,4.424504,27.687555999999997,705.7846,705.7536
512165185.6960179,4.4275139999999995,27.686887,705.5654,705.5343
512165185.7469535,4.430524999999999,27.686217,705.6964,705.6654
512165185.797889,4.433535,27.685547999999997,707.8380,707.8070
512165185.84882444,4.436546,27.684879,710.2374,710.2064
512165185.89976,4.439557,27.68421,709.1311,709.1001
512165185.9506955,4.4425669999999995,27.683539999999997,708.2180,708.1869
512165186.001631,4.445577999999999,27.682871,708.2622,708.2312
512165186.0525656,4.448589,27.682202,707.8722,707.8412
512165186.1035011,4.451599,27.681532999999998,706.4222,706.3912
512165186.1544366,4.45461,27.680864,705.6759,705.6450
512165186.2053721,4.4576199999999995,27.680194,703.8705,703.8396
512165186.25630736,4.460631,27.679524999999998,701.1144,701.0834
512165186.3072429,4.463642,27.678856,697.1303,697.0993
512165186.3581784,4.466652,27.678186999999998,696.1256,696.0946
512165186.4091139,4.469663,27.677516999999998,693.9634,693.9325
512165186.4600494,4.4726729999999995,27.676848,692.8689,692.8380
512165186.5109849,4.475684,27.676178999999998,693.8493,693.8184
512165186.5619204,4.478695,27.67551,692.4297,692.3988
512165186.6128559,4.481705,27.67484,689.6252,689.5943
512165186.714727,4.487725999999999,27.673502,686.5053,686.4745
512165186.81659794,4.493748,27.672162999999998,684.1532,684.1224
512165186.86753345,4.496758,27.671494,685.3323,685.3014
512165186.91846895,4.499769,27.670824999999997,687.4615,687.4306
512165186.9694045,4.50278,27.670154999999998,687.8449,687.8141
512165187.02033997,4.50579,27.669486,687.5248,687.4940
512165187.07127637,4.508801,27.668816999999997,688.1207,688.0899
512165187.12221193,4.511811,27.668146999999998,686.7437,686.7129
512165187.1731474,4.514822,27.667478,685.1333,685.1025
512165187.22408295,4.5178329999999995,27.666808999999997,683.9564,683.9256
512165187.27501845,4.520843,27.666138999999998,684.0590,684.0283
512165187.32595396,4.523854,27.66547,682.4706,682.4398
512165187.37688947,4.526864,27.664800999999997,681.8274,681.7966
512165187.4278249,4.529875,27.664130999999998,679.8161,679.7854
512165187.4787605,4.5328859999999995,27.663462,677.6652,677.6345
512165187.529696,4.535896,27.662792999999997,678.8329,678.8021
512165187.5806315,4.538907,27.662122999999998,677.5525,677.5217
512165187.631567,4.541917,27.661454,676.7836,676.7529
512165187.68250257,4.544928,27.660784999999997,679.4586,679.4279
512165187.733438,4.5479389999999995,27.660114999999998,680.7434,680.7126
512165187.7843736,4.550949,27.659446,682.3984,682.3677
512165187.835309,4.55396,27.658776999999997,684.4348,684.4041
512165187.88624454,4.556971,27.658106999999998,685.3644,685.3337
512165187.93718004,4.559981,27.657438,685.7930,685.7623
512165187.98811555,4.5629919999999995,27.656768999999997,687.4543,687.4236
512165188.03904986,4.566002,27.656098999999998,685.5527,685.5220
512165188.0899854,4.569013,27.65543,682.0609,682.0302
512165188.1409209,4.572023,27.65476,669.5204,669.4897
512165188.1918564,4.575034,27.654090999999998,669.6852,669.6546
512165188.2427919,4.5780449999999995,27.653422,670.1353,670.1046
512165188.29372746,4.581055,27.652752,672.9865,672.9559
512165188.3446629,4.584066,27.652082999999998,680.0649,680.0342
512165188.3955985,4.587076,27.651412999999998,679.8250,679.7943
512165188.4465339,4.590087,27.650744,679.8289,679.7982
512165188.49746937,4.5930979999999995,27.650074999999998,677.3707,677.3400
512165188.7521469,4.608150999999999,27.646728,694.0760,694.0454
512165188.80308247,4.611161,27.646058,692.1235,692.0929
512165188.8540179,4.614172,27.645388999999998,690.7373,690.7067
512165188.9049535,4.617182,27.644719,691.9565,691.9259
512165188.955889,4.6201929999999996,27.64405,693.1614,693.1308
512165189.00682443,4.623203999999999,27.64338,689.9884,689.9578
512165189.05776095,4.626214,27.642711,688.1762,688.1456
512165189.10869646,4.629225,27.642041,688.0130,687.9825
512165189.15963197,4.632236,27.641372,687.7301,687.6995
512165189.2105675,4.6352459999999995,27.640703,689.4666,689.4360
512165189.261503,4.638256999999999,27.640033,691.2076,691.1770
512165189.3124385,4.641267,27.639364,694.4621,694.4315
512165189.36337405,4.644278,27.638693999999997,693.2900,693.2594
512165189.41430944,4.647288,27.638025,694.6677,694.6371
512165189.46524495,4.6502989999999995,27.637355,694.7123,694.6818
512165189.5161805,4.653309999999999,27.636685999999997,693.8570,693.8265
512165189.56711596,4.65632,27.636015999999998,693.6667,693.6362
512165189.61805147,4.659331,27.635347,694.4249,694.3944
512165189.66898674,4.662341,27.634677,693.1660,693.1355
512165189.71992224,4.6653519999999995,27.634007999999998,693.4619,693.4313
512165189.7708578,4.668362999999999,27.633338,693.7191,693.6885
512165189.82179326,4.671373,27.632669,693.4109,693.3804
512165189.8727288,4.674384,27.631999,692.7501,692.7196
512165189.92366433,4.677394,27.63133,691.7816,691.7511
512165189.9745998,4.6804049999999995,27.63066,690.9333,690.9028
512165190.0255344,4.683415999999999,27.629991,691.4882,691.4578
512165190.07646984,4.686426,27.629320999999997,691.4477,691.4173
512165190.1274054,4.689437,27.628652,689.6117,689.5813
512165190.17834085,4.692447,27.627982,690.5444,690.5140
512165190.2292764,4.6954579999999995,27.627312,690.1388,690.1084
512165190.2802119,4.698469,27.626642999999998,691.0399,691.0095
512165190.3311474,4.701479,27.625973,690.9644,690.9340
512165190.38208294,4.70449,27.625304,688.3566,688.3262
512165190.4330184,4.7075,27.624634,688.7689,688.7385
512165190.48395395,4.7105109999999994,27.623965,676.5547,676.5243
512165190.53488946,4.713522,27.623295,684.9536,684.9232
512165190.5858249,4.716532,27.622626,684.7832,684.7528
512165190.63676023,4.719543,27.621955999999997,684.3958,684.3654
512165190.6876957,4.722553,27.621285999999998,685.8362,685.8058
512165190.73863125,4.725563999999999,27.620617,684.7570,684.7267
512165190.78956676,4.728574,27.619947,674.1360,674.1057
512165191.50266474,4.770722999999999,27.610573,684.4176,684.3873
512165191.5536003,4.773733,27.609903,684.5680,684.5378
512165191.6045358,4.776744,27.609233,687.2528,687.2226
512165191.65547127,4.779755,27.608563999999998,706.2834,706.2531
512165191.70640683,4.7827649999999995,27.607893999999998,705.6965,705.6663
512165191.8592131,4.791797,27.605884999999997,709.0898,709.0596
512165191.9101486,4.794807,27.605214999999998,709.8086,709.7784
512165191.9610841,4.7978179999999995,27.604546,708.8067,708.7765
512165192.01201963,4.800828999999999,27.603876,707.7923,707.7621
512165192.06295395,4.803839,27.603206,706.1944,706.1642
512165192.11388946,4.80685,27.602536999999998,705.4170,705.3868
512165192.16482496,4.80986,27.601867,703.9491,703.9189
512165192.21576047,4.8128709999999995,27.601197,701.7586,701.7284
512165192.2666959,4.815881,27.600527,698.8098,698.7796
512165192.3176315,4.818892,27.599857999999998,695.5590,695.5288
512165192.368567,4.821903,27.599187999999998,693.1461,693.1159
512165192.470438,4.827923999999999,27.597849,688.1119,688.0817
512165192.82698673,4.848998,27.593159999999997,682.5198,682.4896
512165192.92885774,4.8550189999999995,27.591821,681.5039,681.4738
512165192.97979325,4.858029999999999,27.591151,679.8013,679.7712
512165193.0307298,4.86104,27.590481,678.6519,678.6218
512165193.0816653,4.864051,27.589812,678.0791,678.0490
512165193.1326008,4.867061,27.589142,677.7518,677.7217
512165193.1835363,4.8700719999999995,27.588472,677.5962,677.5662
512165193.23447174,4.873082999999999,27.587802,676.8656,676.8356
512165193.2854073,4.876093,27.587132999999998,678.1320,678.1019
512165193.3363428,4.879104,27.586463,677.2542,677.2242
512165193.3872783,4.882114,27.585793,677.4040,677.3740
512165193.4382138,4.8851249999999995,27.585123,674.1921,674.1621
512165193.4891494,4.888135,27.584453,674.1058,674.0758
512165193.54008484,4.891146,27.583783999999998,673.7928,673.7628
512165193.5910203,4.894157,27.583114,670.4996,670.4696
512165193.64195585,4.897167,27.582444,668.2409,668.2110
512165193.6928913,4.9001779999999995,27.581774,665.8743,665.8443
512165193.7438269,4.903188,27.581104,672.9775,672.9475
512165193.8456978,4.909209,27.579765,674.4550,674.4251
512165193.8966333,4.91222,27.579095,678.1632,678.1332
512165193.94756883,4.9152309999999995,27.578425,679.6024,679.5725
512165193.9985044,4.918241,27.577755,681.4981,681.4682
512165194.0494387,4.921252,27.577085,678.4150,678.3851
512165194.10037416,4.924262,27.576414999999997,673.8237,673.7938
512165194.15130967,4.927273,27.575746,672.6220,672.5921
512165194.2022452,4.930283,27.575076,672.5475,672.5176
512165194.2531807,4.933294,27.574406,670.8687,670.8388
512165194.3041162,4.936305,27.573736,668.1971,668.1672
512165194.35505176,4.939315,27.573065999999997,666.7429,666.7130
512165194.4059872,4.9423259999999996,27.572395999999998,666.5272,666.4973
512165194.4569227,4.945336,27.571725999999998,665.2633,665.2334
512165194.5078583,4.948347,27.571057,664.5361,664.5062
512165194.5587937,4.951357,27.570387,668.9675,668.9376
512165194.6097293,4.954368,27.569716999999997,667.7874,667.7575
512165194.66066474,4.9573789999999995,27.569046999999998,667.2424,667.2125
512165194.7116003,4.960389,27.568376999999998,668.9869,668.9570
512165194.7625358,4.9634,27.567707,669.7377,669.7078
512165194.8134713,4.96641,27.567037,668.5725,668.5426
512165194.8644068,4.969421,27.566367,668.1793,668.1494
512165194.91534233,4.972430999999999,27.565697,667.3639,667.3340
512165194.96627784,4.975442,27.565026999999997,668.3216,668.2917
512165195.01721334,4.978453,27.564356999999998,662.6444,662.6145
512165195.06814986,4.981463,27.563688,660.7466,660.7167
512165195.11908525,4.984474,27.563018,661.9517,661.9218
512165195.17002076,4.987483999999999,27.562348,661.5394,661.5095
512165195.22095627,4.990495,27.561677999999997,659.3524,659.3225
512165195.2718918,4.993505,27.561007999999998,660.9754,660.9455
512165195.32282734,4.996516,27.560337999999998,656.5918,656.5620
512165195.37376255,4.999527,27.559668,644.0705,644.0407
512165195.4246981,5.002536999999999,27.558998,643.2042,643.1744
512165195.47563356,5.005548,27.558328,643.7147,643.6849
512165195.52656907,5.008558,27.557658,647.2762,647.2463
512165195.57750463,5.011569,27.556988,648.5366,648.5067
512165195.6284401,5.0145789999999995,27.556317999999997,648.3217,648.2918
512165195.67937565,5.01759,27.555647999999998,647.4321,647.4022
512165195.73031116,5.020601,27.554978,647.5198,647.4900
512165195.7812466,5.023611,27.554308,647.8317,647.8019
512165195.83218217,5.026622,27.553638,648.5156,648.4858
512165195.8831176,5.029631999999999,27.552968,648.3399,648.3101
512165195.9340532,5.032643,27.552298,649.4618,649.4320
512165195.9849887,5.035653,27.551627999999997,650.9028,650.8730
512165196.03592324,5.038664,27.550957999999998,649.8149,649.7851
512165196.08685875,5.0416739999999995,27.550288,646.1369,646.1072
512165196.1377942,5.044684999999999,27.549618,644.7681,644.7383
512165196.18872976,5.047696,27.548948,640.0100,639.9802
512165196.23966527,5.050706,27.548278,640.7810,640.7513
512165196.2906008,5.053717,27.547608,637.8748,637.8450
512165196.34153605,5.0567269999999995,27.546937999999997,639.8998,639.8701
512165196.39247155,5.059737999999999,27.546267999999998,645.7879,645.7581
512165196.44340706,5.062748,27.545598,647.9338,647.9041
512165196.4943425,5.065759,27.544928,649.7105,649.6808
512165196.5452781,5.068769,27.544258,646.9299,646.9002
512165196.5962136,5.0717799999999995,27.543588,646.5494,646.5197
512165196.6471491,5.074790999999999,27.542918,647.2313,647.2017
512165196.6980846,5.077801,27.542247999999997,647.1058,647.0761
512165196.74902004,5.080812,27.541577,647.9605,647.9309
512165196.7999556,5.083822,27.540906999999997,648.3619,648.3322
512165196.85089105,5.0868329999999995,27.540236999999998,645.6713,645.6417
512165196.90182656,5.089843,27.539566999999998,643.9910,643.9614
512165196.95276207,5.092854,27.538897,640.6429,640.6133
512165197.20744056,5.107907,27.535546999999998,642.1793,642.1497
512165197.2583761,5.110917,27.534876999999998,642.8652,642.8356
512165197.3093116,5.113928,27.534205999999998,647.1667,647.1371
512165197.36024714,5.116938,27.533535999999998,649.9716,649.9420
512165197.41118264,5.119949,27.532866,648.6691,648.6395
512165197.46211815,5.122959,27.532196,650.9490,650.9194
512165197.51305366,5.12597,27.531526,653.1727,653.1432
512165197.56398916,5.128981,27.530856,654.7938,654.7642
512165197.61492467,5.131991,27.530186,656.0825,656.0530
512165197.6658602,5.135002,27.529515,654.8877,654.8581
512165197.7167957,5.138012,27.528845,656.5873,656.5578
512165197.76773113,5.141023,27.528174999999997,656.1874,656.1579
512165197.8186667,5.144032999999999,27.527504999999998,654.0893,654.0598
512165197.86960214,5.147044,27.526835,652.2021,652.1726
512165197.92053765,5.150054,27.526165,639.8988,639.8693
512165197.9714732,5.153065,27.525495,653.4600,653.4305
512165198.02240866,5.156076,27.524824,652.4297,652.4002
512165198.073343,5.159085999999999,27.524154,661.6405,661.6110
512165198.12427855,5.162097,27.523484,651.5381,651.5086
512165198.175214,5.165107,27.522814,651.2555,651.2260
512165198.22614956,5.168118,27.522143999999997,650.8454,650.8160
512165198.277085,5.1711279999999995,27.521473,650.2208,650.1913
512165198.3280205,5.174138999999999,27.520802999999997,644.5951,644.5656
512165198.378956,5.177149,27.520132999999998,636.5442,636.5147
512165198.4298915,5.18016,27.519463,631.3378,631.3084
512165198.4808271,5.18317,27.518793,648.8396,648.8101
512165198.7864401,5.2012339999999995,27.514771,629.6796,629.6502
512165198.83737564,5.204244,27.514101,648.3472,648.3177
512165198.99018216,5.213276,27.512089999999997,638.5346,638.5052
512165199.0411186,5.2162869999999995,27.511419999999998,632.3323,632.3029
512165199.09205407,5.219297,27.510749999999998,633.8587,633.8293
512165199.14298964,5.222308,27.510078999999998,634.1749,634.1455
512165199.1939251,5.225318,27.509408999999998,632.4353,632.4059
512165199.2448606,5.228329,27.508739,632.7550,632.7256
512165199.2957961,5.231339,27.508069,630.5510,630.5217
512165199.3467316,5.23435,27.507398,627.1100,627.0806
512165199.3976671,5.23736,27.506728,629.1134,629.0841
512165199.4486026,5.240371,27.506058,629.1701,629.1407
512165199.4995381,5.243380999999999,27.505387,625.8378,625.8085
512165199.5504737,5.246392,27.504717,626.3328,626.3035
512165199.60140914,5.249402,27.504047,622.7147,622.6854
512165199.65234464,5.252413,27.503376,615.1864,615.1571
512165199.7032802,5.255424,27.502706,616.2936,616.2643
512165199.75421566,5.258433999999999,27.502036,615.3894,615.3601
512165199.805151,5.261445,27.501365,615.6440,615.6147
512165199.85608643,5.264455,27.500695,616.5601,616.5308
512165200.1617005,5.282518,27.496672999999998,588.8387,588.8094
512165200.212636,5.2855289999999995,27.496002999999998,596.6671,596.6379
512165200.2635714,5.288539,27.495331999999998,591.0021,590.9728
512165200.31450695,5.29155,27.494661999999998,586.9536,586.9244
512165200.36544245,5.294561,27.493990999999998,587.0171,586.9879
512165200.9257331,5.327675999999999,27.486617,578.4027,578.3736
512165200.97666854,5.330687,27.485947,583.2403,583.2112
512165201.02760315,5.333697,27.485276,579.0757,579.0466
512165201.0785386,5.336708,27.484606,582.2102,582.1811
512165201.5369579,5.363803,27.478572,598.2066,598.1775
512165201.5878935,5.366813,27.477901,593.5822,593.5532
512165201.638829,5.3698239999999995,27.477231,590.5278,590.4988
512165201.68976444,5.372834,27.47656,597.2494,597.2204
512165202.25005597,5.40595,27.469184,613.8665,613.8376
512165202.4028625,5.414982,27.467173,609.1371,609.1081
512165202.55566907,5.4240129999999995,27.465161,621.3189,621.2899
512165202.6066046,5.427023999999999,27.464489999999998,625.9997,625.9708
512165202.7084756,5.433045,27.463148999999998,628.9781,628.9492
512165202.7594111,5.436055,27.462479,642.2102,642.1813
512165202.8103466,5.4390659999999995,27.461807999999998,642.4275,642.3985
512165202.86128205,5.442076,27.461136999999997,642.1707,642.1418
512165202.9122176,5.445087,27.460466999999998,643.6303,643.6014
512165202.96315306,5.448097,27.459795999999997,642.9354,642.9065
512165203.0140886,5.451108,27.459125999999998,646.5274,646.4985
512165203.0650227,5.454117999999999,27.458454999999997,647.4569,647.4280
512165203.1159582,5.457129,27.457784,652.1397,652.1109
512165203.1668937,5.460139,27.457113999999997,650.5326,650.5037
512165203.2178292,5.46315,27.456443,648.6196,648.5907
512165203.2687647,5.4661599999999995,27.455772,650.7707,650.7418
512165203.31970024,5.469170999999999,27.455102,650.7880,650.7592
512165203.37063575,5.472181,27.454431,657.9939,657.9651
512165203.42157114,5.475192,27.45376,663.2013,663.1725
512165203.47250676,5.478202,27.45309,657.8341,657.8053
512165203.5234422,5.4812129999999994,27.452419,656.6394,656.6106
512165203.5743777,5.484223,27.451748,661.5835,661.5547
512165203.6253132,5.487234,27.451078,663.4270,663.3982
512165203.6762487,5.490245,27.450407,666.3880,666.3592
512165203.72718424,5.4932549999999996,27.449735999999998,651.6599,651.6311
512165203.82905525,5.499276,27.448394999999998,667.9740,667.9453
512165203.87999076,5.502287,27.447723999999997,667.3699,667.3412
512165204.3893469,5.532392,27.441017,671.4091,671.3805
512165204.4912179,5.538412999999999,27.439676,673.7644,673.7357
512165205.4080558,5.592601999999999,27.427601,617.8152,617.7866
512165205.4589916,5.595612,27.426931,614.2863,614.2578
512165205.56086236,5.601633,27.425589,614.1975,614.1690
512165205.61179787,5.6046439999999995,27.424917999999998,613.8126,613.7840
512165205.6627334,5.607654,27.424246999999998,613.3947,613.3662
512165205.7136689,5.610665,27.423575999999997,614.6273,614.5987
512165205.7646044,5.613675,27.422905,612.8302,612.8017
512165205.8155399,5.616686,27.422234999999997,610.5009,610.4723
512165205.8664754,5.619695999999999,27.421564,608.4106,608.3821
512165205.9174109,5.622707,27.420893,606.6405,606.6119
512165205.9683464,5.625717,27.420222,605.6192,605.5907
512165206.37583137,5.649801,27.414855,598.2981,598.2697
512165206.42676693,5.652812,27.414184,601.1209,601.0925
512165206.4777024,5.655822,27.413513,604.3123,604.2839
512165206.52863795,5.658833,27.412841999999998,600.8802,600.8518
512165206.57957345,5.661843,27.412170999999997,601.6673,601.6390
512165206.6305089,5.664854,27.4115,605.9835,605.9551
512165206.68144447,5.667864,27.410829,607.9037,607.8754
512165206.7323799,5.670875,27.410158,605.0711,605.0427
512165206.7833155,5.673884999999999,27.409487,605.4351,605.4068
512165206.834251,5.676896,27.408815999999998,602.4968,602.4685
512165206.8851865,5.679906,27.408144999999998,607.4172,607.3888
512165206.936122,5.682917,27.407473999999997,604.0026,603.9743
512165206.98705757,5.6859269999999995,27.406803,595.8208,595.7925
512165207.0379918,5.688937,27.406132,594.6860,594.6577
512165207.0889273,5.691948,27.405461,597.5055,597.4773
512165207.13986284,5.694958,27.40479,591.1593,591.1310
512165207.19079834,5.697969,27.404118999999998,587.7826,587.7543
512165207.24173385,5.700978999999999,27.403447999999997,585.1359,585.1076
512165207.29266936,5.70399,27.402777,584.2551,584.2268
512165207.3436048,5.707,27.402106,582.2520,582.2238
512165207.39454037,5.710011,27.401435,582.4965,582.4682
512165207.5473469,5.719042,27.399421999999998,577.3880,577.3598
512165207.80202436,5.734095,27.396067,582.8612,582.8330
512165207.8529599,5.737105,27.395395999999998,583.7802,583.7520
512165207.9038954,5.7401159999999996,27.394724999999998,588.3230,588.2948
512165207.9548309,5.743126,27.394053999999997,582.4228,582.3946
512165208.00576645,5.746137,27.393383,582.2733,582.2451
512165208.05670285,5.749147,27.392711,589.3999,589.3717
512165208.1076384,5.752158,27.392039999999998,588.1300,588.1018
512165208.1585739,5.755167999999999,27.391368999999997,585.8974,585.8692
512165208.20950943,5.758179,27.390698,586.0508,586.0226
512165208.26044494,5.761189,27.390027,585.0244,584.9962
512165208.31138045,5.7642,27.389356,583.1762,583.1481
512165208.36231595,5.7672099999999995,27.388685,576.7509,576.7228
512165208.41325146,5.770220999999999,27.388014,572.6239,572.5958
512165208.46418697,5.773231,27.387342999999998,568.8518,568.8236
512165208.5151224,5.776241,27.386671999999997,572.8064,572.7782
512165208.566058,5.779252,27.386,574.4478,574.4196
512165208.6169934,5.782261999999999,27.385329,579.8490,579.8208
512165208.667929,5.785273,27.384657999999998,576.9722,576.9441
512165208.71886444,5.788283,27.383986999999998,578.2171,578.1890
512165209.2282183,5.818388,27.377274999999997,603.7563,603.7282
512165209.2791538,5.8213989999999995,27.376604,604.2943,604.2662
512165209.3300894,5.824409,27.375933,603.4718,603.4437
512165209.38102484,5.827419,27.375262,606.4944,606.4663
512165209.4319604,5.83043,27.374589999999998,607.8807,607.8526
512165209.48289585,5.8334399999999995,27.373918999999997,607.9529,607.9248
512165209.53383136,5.836450999999999,27.373248,611.5164,611.4883
512165209.5847669,5.839461,27.372577,612.4918,612.4637
512165209.63570213,5.842472,27.371906,615.3401,615.3120
512165209.6866377,5.845482,27.371233999999998,616.5945,616.5664
512165209.73757315,5.8484929999999995,27.370562999999997,617.9368,617.9087
512165209.7885087,5.851503,27.369892,621.2566,621.2285
512165209.8394442,5.854514,27.369221,616.5619,616.5338
512165209.89037967,5.857524,27.368548999999998,615.5799,615.5518
512165209.941315,5.860535,27.367877999999997,611.7230,611.6949
512165210.19599366,5.8755869999999994,27.364521999999997,626.8139,626.7859
512165210.24692917,5.878597,27.36385,625.1353,625.1073
512165210.29786444,5.881608,27.363179,640.2833,640.2553
512165210.34879994,5.884618,27.362508,639.4794,639.4514
512165210.3997355,5.887629,27.361836,628.2591,628.2311
512165210.45067096,5.890638999999999,27.361165,630.1108,630.0828
512165210.50160646,5.89365,27.360494,630.7201,630.6921
512165210.552542,5.89666,27.359821999999998,629.6127,629.5847
512165210.6034775,5.899671,27.359150999999997,631.4915,631.4635
512165210.65441304,5.902680999999999,27.35848,631.4510,631.4230
512165210.7053485,5.905692,27.357808,631.3370,631.3090
512165210.756284,5.908702,27.357136999999998,629.6356,629.6076
512165210.8072195,5.911712,27.356465999999998,628.4838,628.4558
512165210.858155,5.9147229999999995,27.355794,627.1704,627.1424
512165210.9090906,5.917733,27.355123,623.7348,623.7068
512165210.960026,5.920744,27.354452,620.4038,620.3759
512165211.0109616,5.923754,27.35378,622.5321,622.5042
512165211.0618961,5.926765,27.353109,627.8220,627.7941
512165211.1128316,5.929774999999999,27.352438,628.6275,628.5996
512165211.16376716,5.932786,27.351765999999998,632.3689,632.3410
512165211.2147026,5.935796,27.351094999999997,632.4177,632.3898
512165211.26563793,5.938807,27.350423,634.6993,634.6714
512165211.3165734,5.9418169999999995,27.349752,632.5930,632.5652
512165211.36750895,5.944827,27.349080999999998,633.6883,633.6604
512165211.41844445,5.947838,27.348409,630.0752,630.0473
512165211.4693799,5.950848,27.347738,630.6302,630.6024
512165211.52031547,5.953859,27.347065999999998,630.9553,630.9274
512165211.5712509,5.956868999999999,27.346394999999998,629.2187,629.1908
512165211.6221865,5.95988,27.345723999999997,629.1589,629.1311
512165211.673122,5.96289,27.345052,627.9537,627.9258
512165211.7240575,5.965901,27.344381,627.5255,627.4977
512165211.774993,5.968910999999999,27.343709,625.7395,625.7117
512165211.82592857,5.971921999999999,27.343038,624.3252,624.2974
512165211.876864,5.974932,27.342366,624.1293,624.1015
512165211.92779946,5.977942,27.341694999999998,624.0188,623.9910
512165211.978735,5.9809529999999995,27.341023,623.3065,623.2787
512165212.02967143,5.983963,27.340352,623.9838,623.9560
512165212.08060694,5.986974,27.339679999999998,622.8477,622.8199
512165212.13154244,5.989984,27.339008999999997,622.6198,622.5920
512165212.18247795,5.992995,27.338337,621.8591,621.8313
512165212.2334135,5.996004999999999,27.337666,620.6247,620.5969
512165212.28434896,5.999016,27.336993999999997,620.1896,620.1619
512165212.33528453,6.002026,27.336323,618.8061,618.7783
512165212.38622,6.005036,27.335651,617.5013,617.4735
512165212.43715554,6.0080469999999995,27.334979999999998,615.5745,615.5468
512165212.48809105,6.011057,27.334308,613.6119,613.5842
512165212.5390265,6.014068,27.333637,612.6110,612.5832
512165212.58996207,6.017078,27.332964999999998,611.6974,611.6697
512165212.6408976,6.020089,27.332293999999997,610.6586,610.6309
512165212.69183296,6.023098999999999,27.331622,609.7129,609.6852
512165212.7427686,6.02611,27.330951,608.5396,608.5118
512165212.79370403,6.02912,27.330278999999997,607.4629,607.4352
512165212.8446396,6.0321299999999995,27.329608,605.0280,605.0003
512165212.89557505,6.035140999999999,27.328936,601.9198,601.8920
512165212.94651055,6.038151,27.328265,598.6591,598.6314
512165212.99744606,6.041162,27.327593,594.8006,594.7729
512165213.04838043,6.044172,27.326921,591.8715,591.8439
512165213.09931594,6.0471829999999995,27.326249999999998,589.7875,589.7598
512165213.1502517,6.050193,27.325578,588.6439,588.6162
512165213.20118713,6.053203,27.324907,588.1670,588.1394
512165213.25212264,6.056214,27.324234999999998,589.0570,589.0293
512165213.3030581,6.0592239999999995,27.323563999999998,588.6584,588.6308
512165213.35399365,6.062234999999999,27.322892,591.0359,591.0083
512165213.40492916,6.065245,27.322219999999998,590.0920,590.0643
512165213.45586467,6.068256,27.321548999999997,591.2009,591.1733
512165213.5068002,6.071266,27.320877,588.5067,588.4791
512165213.5577357,6.0742769999999995,27.320204999999998,584.2415,584.2139
512165213.6086712,6.077287,27.319533999999997,584.4507,584.4231
512165213.6596067,6.080297,27.318862,582.4630,582.4355
512165213.7105422,6.083308,27.318191,582.4775,582.4499
512165213.7614777,6.0863179999999995,27.317518999999997,582.0082,581.9806
512165213.8124133,6.089328999999999,27.316847,580.9382,580.9107
512165213.8633487,6.092339,27.316176,580.5905,580.5629
512165213.9142843,6.09535,27.315503999999997,580.0796,580.0521
512165213.96521974,6.09836,27.314832,589.5220,589.4945
512165214.0161553,6.101369999999999,27.314161,590.6022,590.5747
512165214.06709176,6.104381,27.313488999999997,591.7626,591.7351
512165214.1180272,6.107391,27.312817,591.8894,591.8619
512165214.1689628,6.110402,27.312146,592.0944,592.0669
512165214.2198982,6.113411999999999,27.311474,592.3139,592.2864
512165214.2708337,6.116423,27.310802,591.0252,590.9977
512165214.32176924,6.119433,27.310131,591.2888,591.2614
512165214.3727047,6.122443,27.309459,590.1334,590.1060
512165214.42364025,6.1254539999999995,27.308787,587.7453,587.7179
512165214.47457576,6.128464,27.308114999999997,586.9139,586.8865
512165214.52551126,6.131475,27.307444,584.2490,584.2215
512165214.5764468,6.134485,27.306772,585.3769,585.3494
512165214.62738234,6.137496,27.306099999999997,586.1205,586.0930
512165214.67831755,6.140505999999999,27.305429,586.4140,586.3865
512165214.72925305,6.143516,27.304757,586.7518,586.7244
512165214.7801883,6.146527,27.304084999999997,586.3453,586.3179
512165214.8311238,6.149537,27.303413,587.0362,587.0088
512165214.8820594,6.1525479999999995,27.302742,588.2464,588.2190
512165214.93299484,6.155558,27.30207,586.3211,586.2937
512165214.9839304,6.158568,27.301398,588.3234,588.2960
512165215.0348649,6.161579,27.300725999999997,587.2184,587.1910
512165215.0858004,6.164588999999999,27.300054,584.6436,584.6162
512165215.1367359,6.167599999999999,27.299383,581.4226,581.3953
512165215.1876714,6.17061,27.298710999999997,583.2183,583.1909
512165215.2386069,6.173621,27.298039,599.5775,599.5501
512165215.28954244,6.1766309999999995,27.297366999999998,599.5854,599.5580
512165215.34047794,6.179641,27.296695,599.5658,599.5384
512165215.3914135,6.182652,27.296024,599.6469,599.6196
512165215.44234896,6.185662,27.295351999999998,598.7118,598.6845
512165215.4932845,6.188673,27.29468,601.0956,601.0682
512165215.54422,6.191682999999999,27.294007999999998,592.7089,592.6815
512165215.59515554,6.194694,27.293336,609.5865,609.5591
512165215.6460908,6.197704,27.292665,610.5064,610.4791
512165215.69702625,6.200714,27.291992999999998,611.7155,611.6882
512165215.7479618,6.2037249999999995,27.291321,615.2435,615.2162
512165215.79889727,6.206735,27.290649,615.2156,615.1882
512165215.84983283,6.209746,27.289977,610.6819,610.6546
512165215.90076834,6.212756,27.289305,608.1047,608.0774
512165215.95170385,6.2157659999999995,27.288632999999997,606.8004,606.7731
512165216.0026393,6.218776999999999,27.287962,609.9240,609.8967
512165216.05357575,6.221787,27.28729,611.4916,611.4643
512165216.10451126,6.224798,27.286617999999997,611.3745,611.3472
512165216.15544677,6.227808,27.285946,609.5169,609.4896
512165216.2573178,6.233829,27.284602,626.3371,626.3099
512165216.3082533,6.236839,27.283929999999998,625.9360,625.9088
512165216.3591888,6.23985,27.283258,624.6137,624.5865
512165216.4101243,6.242859999999999,27.282586,618.4068,618.3796
512165216.46105987,6.245870999999999,27.281914999999998,617.2437,617.2165
512165216.5119953,6.248881,27.281243,614.8679,614.8407
512165216.5629309,6.251891,27.280571,612.7537,612.7265
512165216.6138664,6.2549019999999995,27.279899,612.2846,612.2574
512165216.7157374,6.260923,27.278554999999997,611.0731,611.0459
512165216.76667285,6.263933,27.277883,611.1373,611.1102
512165216.8176084,6.2669429999999995,27.277210999999998,608.8203,608.7932
512165216.9194794,6.272964,27.275866999999998,608.8504,608.8233
512165216.97041494,6.275975,27.275195,604.4316,604.4045
512165217.0213503,6.278985,27.274523,595.8012,595.7741
512165217.07228476,6.281994999999999,27.273851,598.2633,598.2362
512165217.1232202,6.285006,27.273179,604.9948,604.9677
512165217.1741558,6.288016,27.272506999999997,599.1840,599.1569
512165217.2250913,6.291027,27.271835,597.3331,597.3060
512165217.2760267,6.294036999999999,27.271162999999998,595.9124,595.8854
512165217.3269623,6.297047,27.270491,594.6248,594.5977
512165217.37789774,6.300058,27.269819,590.5186,590.4915
512165217.42883325,6.303068,27.269147,593.0089,592.9819
512165217.4797688,6.3060789999999995,27.268475,591.2461,591.2190
512165217.5307042,6.309088999999999,27.267802999999997,591.1244,591.0973
512165217.58163977,6.312099,27.267131,591.6786,591.6516
512165217.6325753,6.31511,27.266458999999998,590.5335,590.5065
512165217.6835108,6.3181199999999995,27.265787,593.6067,593.5796
512165217.7344463,6.321130999999999,27.265114999999998,593.6257,593.5987
512165217.78538173,6.324141,27.264443,597.1795,597.1525
512165217.8363173,6.327151,27.263771,596.9893,596.9622
512165217.9381883,6.333171999999999,27.262427,595.3688,595.3418
512165217.9891238,6.336183,27.261754999999997,592.8434,592.8163
512165218.04006034,6.339193,27.261082,595.2894,595.2624
512165218.0909958,6.342203,27.26041,594.3535,594.3265
512165218.14193135,6.3452139999999995,27.259738,594.2062,594.1792
512165218.1928668,6.348224,27.259065999999997,594.0043,593.9773
512165218.24380237,6.351235,27.258394,580.2327,580.2057
512165218.2947379,6.354245,27.257721999999998,575.9892,575.9623
512165218.34567326,6.357254999999999,27.25705,573.7432,573.7162
512165218.3966089,6.360265999999999,27.256377999999998,570.9707,570.9438
512165218.44754434,6.363276,27.255706,594.0009,593.9739
512165218.54941535,6.3692969999999995,27.254361,593.7100,593.6831
512165218.6003508,6.372306999999999,27.253688999999998,593.6112,593.5842
512165218.65128636,6.375318,27.253017,590.9665,590.9396
512165218.7022219,6.378328,27.252345,585.1803,585.1533
512165218.7531574,6.3813379999999995,27.251673,587.4552,587.4283
512165218.8040929,6.384348999999999,27.251001,581.0453,581.0184
512165218.8550284,6.387359,27.250328,578.3094,578.2825
512165218.9568994,6.39338,27.248984,579.8255,579.7986
512165219.4662533,6.423483999999999,27.242262,581.1688,581.1420
512165219.5171888,6.426494,27.24159,585.2152,585.1884
512165219.5681243,6.429505,27.240917,580.2325,580.2057
512165219.6190598,6.4325149999999995,27.240244999999998,578.9634,578.9366
512165219.6699953,6.435524999999999,27.239573,580.3940,580.3673
512165219.7209309,6.438536,27.238901,577.5588,577.5320
512165220.02654505,6.456598,27.234866999999998,568.2856,568.2589
512165220.07748055,6.459607999999999,27.234195,563.4323,563.4056
512165220.12841606,6.462619,27.233521999999997,559.7127,559.6860
512165220.2302871,6.46864,27.232177999999998,538.5598,538.5331
512165220.2812226,6.4716499999999995,27.231505,546.7994,546.7728
512165220.3321581,6.47466,27.230833,545.4300,545.4033
512165220.38309336,6.477671,27.230161,542.9533,542.9266
512165220.4340288,6.480681,27.229488,542.5139,542.4872
512165220.4849644,6.483690999999999,27.228816,539.4678,539.4411
512165220.5358999,6.486701999999999,27.228144,537.0695,537.0429
512165220.5868354,6.489712,27.227470999999998,535.5845,535.5579
512165220.6377709,6.492722,27.226799,533.8749,533.8483
512165220.68870646,6.4957329999999995,27.226126999999998,533.0054,532.9787
512165220.7396419,6.498742999999999,27.225454,531.6108,531.5841
512165220.7905775,6.501754,27.224781999999998,533.9416,533.9150
512165220.8415129,6.504764,27.22411,542.3238,542.2972
512165221.14712507,6.522825999999999,27.220074999999998,540.6937,540.6671
512165221.45273787,6.540888,27.216040999999997,543.3456,543.3191
512165221.50367326,6.543899,27.215367999999998,539.6918,539.6653
512165221.5546089,6.546908999999999,27.214696,538.7005,538.6740
512165221.6055443,6.549919,27.214022999999997,537.0533,537.0268
512165221.6564799,6.55293,27.213351,537.5416,537.5151
512165221.70741534,6.55594,27.212678,537.9643,537.9378
512165221.7583508,6.558949999999999,27.212006,540.2864,540.2598
512165221.80928636,6.561960999999999,27.211333,544.6849,544.6583
512165221.8602218,6.564971,27.210660999999998,546.5572,546.5306
512165221.9620929,6.5709919999999995,27.209315999999998,553.4371,553.4106
512165222.0130283,6.574002,27.208643,553.8689,553.8424
512165222.06396484,6.577013,27.207970999999997,554.0124,553.9859
512165222.11490035,6.580023,27.207297999999998,554.2885,554.2620
512165222.16583586,6.5830329999999995,27.206626,554.2952,554.2688
512165222.21677136,6.586043999999999,27.205952999999997,555.1298,555.1033
512165222.26770693,6.589054,27.205281,555.0222,554.9957
512165222.3186424,6.592064,27.204608,556.4599,556.4335
512165222.36957794,6.595075,27.203936,556.4891,556.4627
512165222.4205132,6.598084999999999,27.203263,558.6434,558.6170
512165222.5733197,6.6071159999999995,27.201245,559.3695,559.3431
512165222.6242551,6.610125999999999,27.200573,561.9200,561.8937
512165222.6751907,6.613137,27.1999,561.6485,561.6221
512165222.72612613,6.616147,27.199227999999998,562.6682,562.6418
512165222.7770617,6.619158,27.198555,562.5009,562.4746
512165222.82799715,6.622167999999999,27.197882,564.0236,563.9973
512165222.8789327,6.625178,27.19721,566.4035,566.3772
512165222.9298682,6.628189,27.196537,567.8331,567.8067
512165222.98080367,6.631199,27.195864999999998,571.6458,571.6195
512165223.03173804,6.634208999999999,27.195192,572.8344,572.8081
512165223.0826735,6.63722,27.194519,573.8195,573.7932
512165223.13360906,6.64023,27.193846999999998,574.0855,574.0592
512165223.1845445,6.64324,27.193174,575.3393,575.3130
512165223.23548007,6.6462509999999995,27.192501,575.8907,575.8644
512165223.2864156,6.649261,27.191829,576.0632,576.0369
512165223.337351,6.652271,27.191156,576.7572,576.7309
512165223.3882866,6.655282,27.190483,576.6532,576.6270
512165223.4392221,6.658291999999999,27.189811,583.7201,583.6938
512165223.4901576,6.661302,27.189138,582.0055,581.9793
512165223.5410931,6.664313,27.188464999999997,581.0788,581.0526
512165223.5920286,6.667323,27.187793,580.3284,580.3021
512165223.6429641,6.670332999999999,27.18712,580.9800,580.9538
512165223.69389963,6.673343999999999,27.186446999999998,578.5454,578.5192
512165223.74483514,6.676354,27.185775,576.7064,576.6801
512165223.79577065,6.679364,27.185102,575.2754,575.2492
512165223.8467062,6.6823749999999995,27.184428999999998,573.9279,573.9017
512165223.89764166,6.685385,27.183757,572.6930,572.6668
512165223.9485772,6.688395,27.183083999999997,571.4838,571.4576
512165224.4579332,6.7184989999999996,27.176356,555.0752,555.0491
512165224.6107397,6.72753,27.174338,550.4005,550.3744
512165224.7126107,6.733549999999999,27.172991999999997,539.0538,539.0277
512165224.96728826,6.748602,27.169628,529.6810,529.6549
512165225.37477136,6.772685,27.164244999999998,512.8656,512.8395
512165225.42570686,6.775695,27.163572,514.3839,514.3578
512165225.4766424,6.7787049999999995,27.1629,513.9880,513.9619
512165225.52757794,6.781715999999999,27.162226999999998,512.1842,512.1581
512165225.5785134,6.784726,27.161554,509.3574,509.3313
512165225.6294489,6.787736,27.160881,505.5100,505.4839
512165225.6803844,6.7907459999999995,27.160207999999997,501.9950,501.9689
512165225.7313199,6.793756999999999,27.159534999999998,499.5993,499.5732
512165226.4444177,6.835901,27.150112999999997,476.1168,476.0907
512165226.4953533,6.838912,27.14944,476.3205,476.2945
512165228.07435375,6.932231,27.128574,518.8224,518.7966
512165228.12528914,6.9352409999999995,27.127900999999998,530.4597,530.4339
512165228.17622465,6.938251999999999,27.127228,530.8620,530.8362
512165228.2271602,6.941262,27.126555,531.5255,531.4998
512165228.27809566,6.944272,27.125881,531.7299,531.7041
512165228.3290312,6.9472819999999995,27.125207999999997,532.2699,532.2441
512165228.37996644,6.950292999999999,27.124534999999998,531.7365,531.7107
512165228.430902,6.953303,27.123862,530.4709,530.4452
512165229.09306264,6.992437,27.115109,505.9399,505.9142
512165229.1439981,6.9954469999999995,27.114435999999998,507.6565,507.6309
512165229.19493365,6.998456999999999,27.113763,520.8974,520.8717
512165229.24586916,7.001467,27.113089,521.0741,521.0484
512165229.29680467,7.004478,27.112416,523.4249,523.3993
512165229.3477402,7.0074879999999995,27.111742999999997,522.1147,522.0891
512165229.3986757,7.010498,27.111069,521.4711,521.4454
512165229.4496112,7.013509,27.110395999999998,519.4565,519.4309
512165229.5005467,7.016519,27.109723,519.2408,519.2152
512165229.5514822,7.0195289999999995,27.109049,518.1076,518.0820
512165229.6024177,7.022539,27.108376,518.1489,518.1234
512165229.6533533,7.02555,27.107702999999997,519.4969,519.4713
512165229.7042887,7.02856,27.107028999999997,520.8166,520.7910
512165229.75522417,7.031569999999999,27.106355999999998,523.8355,523.8100
512165229.80615973,7.034580999999999,27.105681999999998,524.3605,524.3350
512165229.8570952,7.037591,27.105009,524.0612,524.0356
512165229.9080308,7.040601,27.104336,523.7138,523.6883
512165229.9589662,7.043610999999999,27.103662,522.8174,522.7919
512165230.0099017,7.046621999999999,27.102988999999997,521.0338,521.0083
512165230.0608382,7.049632,27.102314999999997,520.9309,520.9054
512165230.11177343,7.052642,27.101642,521.6030,521.5775
512165230.162709,7.055651999999999,27.100967999999998,521.2195,521.1940
512165230.21364444,7.058662999999999,27.100295,522.7904,522.7650
512165230.26458,7.061673,27.099622,523.9943,523.9688
512165230.3155155,7.064683,27.098948,527.1250,527.0995
512165230.366451,7.0676939999999995,27.098274999999997,529.0788,529.0533
512165230.41738653,7.070704,27.097600999999997,531.8233,531.7978
512165230.4683221,7.073714,27.096928,532.8119,532.7865
512165230.5192573,7.076724,27.096254,536.6436,536.6181
512165230.5701928,7.0797349999999994,27.095581,537.8274,537.8020
512165230.6211283,7.082745,27.094907,537.7599,537.7345
512165230.6720638,7.085755,27.094234,537.9270,537.9015
512165230.7229994,7.0887649999999995,27.09356,539.2271,539.2017
512165230.77393484,7.091775999999999,27.092886999999997,540.0997,540.0742
512165230.82487035,7.094786,27.092212999999997,542.4144,542.3890
512165230.87580585,7.097796,27.09154,543.9880,543.9626
512165230.92674136,7.1008059999999995,27.090866,548.2143,548.1889
512165230.9776769,7.103816999999999,27.090193,550.5195,550.4941
512165231.0286133,7.106827,27.089519,552.4230,552.3976
512165231.0795488,7.109837,27.088846,553.4431,553.4177
512165231.13048434,7.112848,27.088172,553.2950,553.2696
512165231.1814198,7.115857999999999,27.087498999999998,557.0836,557.0582
512165231.23235536,7.118868,27.086824999999997,557.9713,557.9460
512165231.2832908,7.121878,27.086150999999997,558.2831,558.2577
512165231.33422637,7.124889,27.085478,558.2065,558.1811
512165231.3851619,7.127898999999999,27.084804,558.2610,558.2356
512165231.4360974,7.130909,27.084131,558.4731,558.4477
512165231.4870329,7.133919,27.083457,557.7467,557.7214
512165231.5379684,7.1369299999999996,27.082784,556.3226,556.2972
512165231.5889039,7.139939999999999,27.08211,557.5147,557.4894
512165231.6398394,7.14295,27.081436,556.2728,556.2475
512165231.6907749,7.14596,27.080762999999997,557.1846,557.1592
512165231.7417104,7.1489709999999995,27.080088999999997,559.8002,559.7749
512165231.79264593,7.151980999999999,27.079414999999997,564.1020,564.0767
512165231.84358144,7.154991,27.078742,564.6843,564.6590
512165231.89451694,7.158001,27.078068,566.5641,566.5388
512165231.99638796,7.164022,27.076721,571.0909,571.0656
512165232.04732233,7.167032,27.076047,574.4705,574.4452
512165232.0982578,7.170042,27.075374,573.7249,573.6997
512165232.1491933,7.1730529999999995,27.0747,574.6861,574.6608
512165232.2001288,7.176063,27.074026,576.7089,576.6837
512165232.2510643,7.179073,27.073352999999997,576.9532,576.9279
512165232.30199987,7.1820829999999996,27.072678999999997,574.4332,574.4080
512165232.35293525,7.185093999999999,27.072004999999997,575.1918,575.1666
512165232.4038709,7.188104,27.071331999999998,573.9407,573.9154
512165232.45480627,7.191114,27.070657999999998,572.2476,572.2224
512165232.5057418,7.1941239999999995,27.069983999999998,574.0481,574.0229
512165232.55667734,7.197134999999999,27.069309999999998,570.9688,570.9436
512165232.6076128,7.200145,27.068637,571.9559,571.9307
512165232.6585483,7.203155,27.067963,577.4932,577.4680
512165232.7094838,7.2061649999999995,27.067289,569.4062,569.3810
512165232.7604193,7.209175,27.066615,572.5588,572.5337
512165232.8113549,7.212186,27.065942,570.6501,570.6249
512165232.8622903,7.215196,27.065268,579.7374,579.7123
512165232.9132259,7.2182059999999995,27.064594,571.5747,571.5496
512165232.9641614,7.221216,27.06392,571.6240,571.5989
512165233.01509684,7.224227,27.063247,575.7420,575.7169
512165233.06603336,7.227237,27.062573,576.3844,576.3593
512165233.11696887,7.230246999999999,27.061899,578.4045,578.3794
512165233.1679044,7.233257,27.061225,577.9774,577.9524
512165233.2188399,7.236268,27.060551999999998,575.9103,575.8852
512165233.26977545,7.239278,27.059877999999998,575.4630,575.4380
512165233.3207109,7.242287999999999,27.059203999999998,574.9784,574.9533
512165233.37164634,7.245298,27.058529999999998,572.8805,572.8554
512165233.4225819,7.248309,27.057855999999997,573.0198,572.9948
512165233.47351736,7.251319,27.057181999999997,570.8880,570.8629
512165233.5244529,7.254328999999999,27.056509,565.0310,565.0060
512165233.5753884,7.257339,27.055835,556.7790,556.7539
512165233.6263239,7.26035,27.055161,577.7136,577.6886
512165233.6772594,7.26336,27.054486999999998,581.5161,581.4911
512165233.7281949,7.266369999999999,27.053812999999998,580.8715,580.8465
512165233.77913046,7.26938,27.053138999999998,579.9173,579.8923
512165233.8810015,7.275401,27.051792,578.4564,578.4314
512165233.9319369,7.278410999999999,27.051118,579.3078,579.2828
512165233.9828722,7.281421,27.050444,577.8061,577.7811
512165234.03380674,7.284431,27.04977,574.3709,574.3459
512165234.08474225,7.2874419999999995,27.049096,573.8993,573.8743
512165234.1356778,7.290451999999999,27.048422,574.6686,574.6437
512165234.18661326,7.293462,27.047748,576.3072,576.2823
512165234.23754877,7.296472,27.047074,577.7185,577.6935
512165234.28848433,7.299481999999999,27.0464,577.2858,577.2608
512165234.3394198,7.302492999999999,27.045726,576.7533,576.7283
512165234.39035535,7.305503,27.045053,576.3792,576.3542
512165234.4412908,7.308513,27.044379,575.7901,575.7651
512165234.49222636,7.311522999999999,27.043705,574.8405,574.8155
512165234.54316187,7.314534,27.043031,574.4973,574.4723
512165234.5940974,7.317544,27.042357,572.9912,572.9662
512165234.6450329,7.320554,27.041683,573.1032,573.0782
512165234.6959684,7.323563999999999,27.041009,572.4361,572.4112
512165234.7469039,7.326574,27.040335,572.2877,572.2628
512165234.7978394,7.329585,27.039661,571.6751,571.6502
512165234.8487749,7.3325949999999995,27.038987,573.7928,573.7679
512165234.8997104,7.335604999999999,27.038313,575.0043,574.9794
512165234.9506457,7.338615,27.037639,575.9361,575.9112
512165235.0015812,7.341625,27.036965,575.8804,575.8555
512165235.05251783,7.3446359999999995,27.036291,576.4232,576.3984
512165235.1034534,7.347645999999999,27.035617,575.4699,575.4450
512165235.15438884,7.350656,27.034943,574.0343,574.0095
512165235.2053244,7.353666,27.034269,571.6841,571.6592
512165235.25625986,7.3566769999999995,27.033595,569.0617,569.0369
512165235.3071951,7.359687,27.032920999999998,563.5387,563.5138
512165235.3581307,7.362697,27.032246999999998,578.2749,578.2501
512165235.40906614,7.365707,27.031572999999998,561.0282,561.0033
512165235.4600017,7.368716999999999,27.030898,582.8473,582.8225
512165235.5109372,7.371728,27.030224,582.1840,582.1592
512165235.5618727,7.374738,27.02955,580.9544,580.9296
512165235.6128082,7.3777479999999995,27.028876,581.5982,581.5734
512165235.6637437,7.380757999999999,27.028202,580.9276,580.9028
512165235.71467924,7.383768,27.027528,580.2472,580.2225
512165235.76561475,7.386779,27.026854,581.1806,581.1558
512165235.81655025,7.3897889999999995,27.02618,580.9103,580.8856
512165235.86748576,7.392798999999999,27.025506,578.7262,578.7015
512165235.9184213,7.395809,27.024832,574.1722,574.1475
512165235.9693568,7.39882,27.024157,575.8970,575.8723
512165236.0202923,7.4018299999999995,27.023483,573.1896,573.1649
512165236.07122684,7.40484,27.022809,574.1971,574.1724
512165236.12216234,7.40785,27.022135,575.5052,575.4806
512165236.17309785,7.41086,27.021461,573.9688,573.9441
512165236.22403336,7.413869999999999,27.020787,574.2660,574.2414
512165236.27496856,7.416881,27.020113,574.3402,574.3155
512165236.32590413,7.419891,27.019437999999997,572.2413,572.2167
512165236.37683964,7.4229009999999995,27.018763999999997,570.3603,570.3356
512165236.42777514,7.425910999999999,27.018089999999997,570.3672,570.3425
512165236.47871065,7.428921,27.017415999999997,567.4802,567.4556
512165236.5296461,7.431932,27.016741999999997,565.3370,565.3123
512165236.58058167,7.4349419999999995,27.016067,563.0173,562.9927
512165236.6315171,7.437951999999999,27.015393,562.2673,562.2426
512165236.6824526,7.440962,27.014719,561.9082,561.8836
512165236.7333881,7.443972,27.014045,560.0199,559.9952
512165236.78432363,7.4469829999999995,27.01337,559.6180,559.5934
512165236.83525914,7.449993,27.012696,558.3539,558.3292
512165236.88619465,7.453003,27.012021999999998,558.6470,558.6224
512165236.9371302,7.456013,27.011347999999998,557.7579,557.7333
512165236.98806566,7.459022999999999,27.010672999999997,549.7630,549.7384
512165237.2427442,7.474074,27.007302,524.9576,524.9330
512165237.2936797,7.477085,27.006628,522.3643,522.3397
512165237.3446152,7.4800949999999995,27.005954,524.3610,524.3365
512165237.3955507,7.483104999999999,27.005278999999998,523.6492,523.6247
512165237.4464862,7.486115,27.004604999999998,521.1925,521.1679
512165237.49742174,7.489125,27.003930999999998,518.2418,518.2172
512165237.6502282,7.498156,27.001908,509.2654,509.2409
512165237.7011637,7.501166,27.001233,514.1200,514.0955
512165237.7520993,7.504175999999999,27.000559,516.2490,516.2244
512165237.8030347,7.507186,26.999885,512.9008,512.8763
512165237.8539702,7.510197,26.999209999999998,509.9827,509.9582
512165237.90490574,7.5132069999999995,26.998535999999998,512.5411,512.5166
512165237.95584124,7.516216999999999,26.997861,510.9941,510.9696
512165238.0067768,7.519227,26.997187,512.9252,512.9007
512165238.05771106,7.522237,26.996513,515.8742,515.8497
512165238.1086466,7.525246999999999,26.995838,520.2084,520.1839
512165238.1595821,7.528257999999999,26.995164,520.0598,520.0353
512165238.2105176,7.531268,26.994488999999998,518.9767,518.9523
512165238.26145315,7.534278,26.993814999999998,517.7222,517.6977
512165238.3123886,7.537287999999999,26.993140999999998,517.4005,517.3761
512165238.36332417,7.540298,26.992466,515.9331,515.9087
512165238.4142596,7.543309,26.991792,514.1416,514.1172
512165238.6689374,7.558358999999999,26.988419,482.0488,482.0244
512165238.71987295,7.561369999999999,26.987745,481.6755,481.6512
512165238.77080846,7.56438,26.98707,483.9008,483.8764
512165238.8217439,7.56739,26.986396,491.4762,491.4519
512165238.8726795,7.570399999999999,26.985722,488.6941,488.6698
512165238.9236149,7.57341,26.985046999999998,485.4581,485.4338
512165238.9745505,7.57642,26.984372999999998,481.7320,481.7077
512165239.0254869,7.579431,26.983698,481.0475,481.0232
512165239.0764224,7.582440999999999,26.983023,482.8466,482.8223
512165239.1273579,7.585451,26.982349,484.0598,484.0355
512165239.1782934,7.588461,26.981673999999998,484.6211,484.5968
512165239.2292289,7.591470999999999,26.980999999999998,482.9642,482.9399
512165239.2801644,7.594481,26.980324999999997,482.1749,482.1506
512165239.3311,7.597492,26.979651,479.5723,479.5481
512165239.432971,7.603511999999999,26.978302,485.0405,485.0162
512165240.4516797,7.663715,26.964809,509.7503,509.7261
512165240.5026152,7.666725,26.964133999999998,509.9541,509.9299
512165240.5535507,7.669734999999999,26.963459999999998,511.9683,511.9441
512165240.60448617,7.672745,26.962785,511.9969,511.9727
512165240.6554215,7.675755,26.96211,518.2554,518.2312
512165240.70635694,7.6787659999999995,26.961434999999998,518.9885,518.9643
512165240.75729257,7.681775999999999,26.960760999999998,515.8272,515.8030
512165240.80822796,7.684786,26.960086,513.9350,513.9108
512165240.91009897,7.690805999999999,26.958737,511.3481,511.3239
512165240.9610345,7.693816,26.958061999999998,510.5086,510.4844
512165241.01197,7.696826,26.957386999999997,524.0036,523.9794
512165241.06290644,7.699837,26.956712,527.7854,527.7612
512165241.11384195,7.702846999999999,26.956037,539.0509,539.0267
512165241.1647775,7.705857,26.955363,525.3540,525.3298
512165241.21571296,7.708867,26.954687999999997,540.3621,540.3379
512165241.26664853,7.711876999999999,26.954013,541.4466,541.4224
512165241.31758404,7.714887,26.953338,547.5912,547.5670
512165241.36851954,7.717898,26.952662999999998,548.9445,548.9204
512165241.41945505,7.720908,26.951988999999998,550.0535,550.0294
512165241.4703905,7.723917999999999,26.951314,549.8489,549.8248
512165241.52132607,7.726928,26.950639,550.1628,550.1387
512165241.5722616,7.729938,26.949963999999998,549.9656,549.9415
512165241.62319696,7.7329479999999995,26.949289,549.7965,549.7724
512165241.6741326,7.735957999999999,26.948614,548.6469,548.6228
512165241.72506803,7.738968,26.94794,547.5764,547.5524
512165241.7760036,7.741979,26.947264999999998,548.4264,548.4024
512165241.82693905,7.7449889999999995,26.94659,546.5516,546.5276
512165241.87787455,7.747999,26.945915,548.7936,548.7696
512165241.92881006,7.751009,26.94524,544.2669,544.2429
512165242.08161545,7.760039,26.943215,544.9768,544.9528
512165242.1325507,7.763049,26.942539999999997,544.9529,544.9289
512165242.2853572,7.77208,26.940516,544.1373,544.1134
512165242.3362926,7.77509,26.939840999999998,542.2899,542.2659
512165242.3872282,7.778099999999999,26.939166,558.8453,558.8213
512165242.4381637,7.78111,26.938491,564.9637,564.9398
512165242.4890992,7.78412,26.937815999999998,564.8170,564.7931
512165243.20219725,7.826262,26.928366,599.8533,599.8294
512165243.2531328,7.829272,26.927691,601.1486,601.1247
512165243.4059393,7.838302,26.925666,613.9307,613.9069
512165243.4568748,7.841311999999999,26.924989999999998,616.0323,616.0085
512165243.5078103,7.844322999999999,26.924315,611.4921,611.4683
512165243.55874574,7.847333,26.92364,616.2567,616.2329
512165243.6096813,7.850343,26.922964999999998,618.0421,618.0182
512165243.6606168,7.853352999999999,26.92229,620.9261,620.9022
512165243.7115521,7.856363,26.921615,622.7136,622.6897
512165243.7624876,7.859373,26.920939999999998,623.4335,623.4096
512165243.81342316,7.8623829999999995,26.920265,623.2273,623.2035
512165243.8643586,7.865393,26.91959,622.5949,622.5711
512165243.9662296,7.871414,26.918239,621.4521,621.4283
512165244.01716524,7.874423999999999,26.917564,621.0454,621.0216
512165244.0680995,7.877434,26.916888999999998,623.5709,623.5472
512165244.119035,7.880444,26.916214,628.6088,628.5850
512165244.1699706,7.8834539999999995,26.915539,633.0792,633.0554
512165244.220906,7.886463999999999,26.914863,648.7707,648.7469
512165244.2718416,7.889474,26.914188,649.2110,649.1872
512165244.3737126,7.895493999999999,26.912837999999997,649.6379,649.6142
512165244.5265191,7.904523999999999,26.910812,649.1153,649.0916
512165244.5774546,7.907534999999999,26.910137,646.0328,646.0091
512165244.62839013,7.910545,26.909461999999998,641.7358,641.7121
512165244.67932564,7.913555,26.908787,643.9599,643.9362
512165244.88306767,7.9255949999999995,26.906084999999997,631.3025,631.2789
512165244.9340031,7.928604999999999,26.90541,630.5284,630.5048
512165245.13774616,7.940645999999999,26.902708999999998,626.5559,626.5323
512165245.1886816,7.943656,26.902034,626.0158,625.9923
512165245.23961717,7.946666,26.901358,624.3610,624.3374
512165245.2905526,7.949675999999999,26.900682999999997,623.7072,623.6836
512165245.3414882,7.952686,26.900008,623.4589,623.4354
512165245.3924237,7.955696,26.899331999999998,623.0681,623.0445
512165245.4433589,7.958705999999999,26.898657,622.2144,622.1908
512165245.49429446,7.961716,26.897982,621.4807,621.4572
512165245.5452299,7.964726,26.897306,621.6813,621.6578
512165245.5961655,7.9677359999999995,26.896631,621.3565,621.3329
512165245.647101,7.970745999999999,26.895955999999998,622.4723,622.4488
512165245.6980365,7.973757,26.89528,621.5329,621.5094
512165245.748972,7.976767,26.894605,614.7416,614.7180
512165245.79990745,7.9797769999999995,26.893929,610.9617,610.9382
512165245.850843,7.982787,26.893254,611.4286,611.4051
512165245.9017785,7.985797,26.892578999999998,613.7890,613.7655
512165245.952714,7.9888069999999995,26.891903,613.8903,613.8668
512165246.0545841,7.994827,26.890552,611.9467,611.9232
512165246.1055196,7.997837,26.889877,612.2738,612.2504
512165246.1564551,8.000847,26.889201999999997,607.6019,607.5784
512165246.20739084,8.003857,26.888526,606.9838,606.9603
512165246.25832635,8.006867,26.887850999999998,606.4706,606.4471
512165246.30926186,8.009877,26.887175,607.6058,607.5823
512165246.3601973,8.012887,26.886499999999998,607.8545,607.8310
512165246.4111327,8.015898,26.885824,608.2838,608.2604
512165246.4620681,8.018908,26.885149,605.8522,605.8288
512165246.5130036,8.021918,26.884473,604.4541,604.4306
512165246.56393915,8.024928,26.883798,601.9296,601.9061
512165246.6148746,8.027937999999999,26.883122,600.3544,600.3309
512165246.6658101,8.030948,26.882447,599.8433,599.8199
512165246.7167456,8.033958,26.881771,597.0730,597.0496
512165246.7676811,8.036968,26.881096,595.7843,595.7609
512165246.8186167,8.039978,26.880419999999997,593.1148,593.0914
512165246.86955214,8.042988,26.879745,592.0424,592.0189
512165247.3279727,8.070079,26.873665,570.8535,570.8302
512165247.37890816,8.073089,26.872989,566.9788,566.9555
512165247.4298437,8.076099,26.872313,565.1661,565.1428
512165247.4807792,8.079108999999999,26.871637999999997,566.5344,566.5111
512165247.5317147,8.082119,26.870962,568.7453,568.7221
512165247.5826502,8.085129,26.870286,568.0811,568.0578
512165247.6335857,8.088139,26.869611,568.6957,568.6724
512165247.6845212,8.091149,26.868935,568.7577,568.7345
512165247.7354567,8.094159,26.868259,570.4622,570.4389
512165247.7863923,8.097169,26.867583999999997,564.4971,564.4739
512165247.8373277,8.100178999999999,26.866908,553.2189,553.1956
512165247.8882633,8.103189,26.866232,552.2665,552.2433
512165247.93919873,8.106199,26.865557,551.7344,551.7112
512165247.9901343,8.109209,26.864881,550.9079,550.8847
512165248.09200406,8.115229,26.863529999999997,548.9490,548.9258
512165248.39761716,8.133289999999999,26.859475,540.2018,540.1787
512165248.4485526,8.1363,26.8588,537.9508,537.9276
512165248.4994882,8.13931,26.858124,536.0500,536.0269
512165248.5504236,8.14232,26.857447999999998,532.8701,532.8470
512165248.6013592,8.14533,26.856772,531.2547,531.2315
512165248.6522947,8.14834,26.856097,532.3352,532.3120
512165248.70323014,8.151349999999999,26.855421,532.1387,532.1156
512165248.7541657,8.15436,26.854744999999998,532.3545,532.3314
512165248.80510145,8.15737,26.854069,532.8848,532.8616
512165248.85603696,8.16038,26.853393,532.0256,532.0025
512165248.90697247,8.16339,26.852718,530.2842,530.2611
512165248.957908,8.1664,26.852041999999997,528.3747,528.3516
512165249.0088435,8.16941,26.851366,528.0267,528.0036
512165249.0597799,8.172419999999999,26.85069,527.3061,527.2830
512165249.11071545,8.17543,26.850013999999998,527.1421,527.1190
512165249.1616509,8.17844,26.849338,525.8621,525.8390
512165249.21258646,8.18145,26.848663,522.6969,522.6739
512165250.07848865,8.232621,26.837172,541.0555,541.0326
512165250.12942415,8.235631,26.836496,544.3709,544.3480
512165250.18035966,8.238641,26.83582,544.9659,544.9429
512165250.23129517,8.241651,26.835144,547.6086,547.5856
512165250.2822306,8.244660999999999,26.834467999999998,549.1678,549.1448
512165250.3331662,8.247671,26.833792,550.9698,550.9469
512165250.3841017,8.250681,26.833116,551.5083,551.4854
512165250.43503714,8.253691,26.83244,552.3702,552.3473
512165250.4859727,8.256701,26.831764,553.9355,553.9126
512165250.53690815,8.259711,26.831087999999998,554.6384,554.6156
512165250.5878437,8.262720999999999,26.830412,555.9252,555.9023
512165250.63877916,8.265730999999999,26.829736,554.6987,554.6758
512165250.68971467,8.268741,26.82906,554.7641,554.7412
512165250.7406502,8.271751,26.828384,554.7234,554.7005
512165250.7915854,8.274761,26.827707999999998,555.4122,555.3894
512165250.84252095,8.277771,26.827032,555.5018,555.4790
512165250.89345646,8.280781,26.826355,555.2425,555.2197
512165250.94439197,8.283790999999999,26.825678999999997,540.7491,540.7263
512165250.9953275,8.286800999999999,26.825003,561.6363,561.6135
512165251.04626423,8.289811,26.824327,561.6258,561.6030
512165251.0971997,8.292821,26.823650999999998,564.1253,564.1026
512165251.25000596,8.301851,26.821623,563.2756,563.2528
512165251.3009415,8.304860999999999,26.820947,563.0120,562.9892
512165251.351877,8.307871,26.820269999999997,562.4228,562.4000
512165251.40281254,8.310881,26.819594,561.3456,561.3228
512165251.45374805,8.313891,26.818918,559.6933,559.6706
512165251.50468355,8.316901,26.818241999999998,559.0722,559.0495
512165251.65749,8.325930999999999,26.816212999999998,564.4381,564.4153
512165251.7084255,8.328941,26.815537,562.4934,562.4706
512165251.759361,8.331951,26.814861,559.2185,559.1958
512165251.81029654,8.334961,26.814185,558.6474,558.6247
512165251.86123204,8.337971,26.813509,551.8367,551.8140
512165251.91216755,8.340981,26.812832,549.5945,549.5718
512165251.96310306,8.343990999999999,26.812155999999998,548.0585,548.0358
512165252.01403856,8.347000999999999,26.81148,549.4401,549.4174
512165252.0649731,8.350011,26.810803999999997,546.7523,546.7296
512165252.8290057,8.395159999999999,26.800659,516.7912,516.7686
512165252.8799413,8.39817,26.799982999999997,513.8245,513.8019
512165252.93087673,8.40118,26.799305999999998,510.3119,510.2893
512165252.9818123,8.40419,26.79863,508.2830,508.2604
512165253.0327487,8.4072,26.797953,505.6248,505.6022
512165253.0836842,8.41021,26.797276999999998,504.7664,504.7439
512165253.1346197,8.413219999999999,26.796601,504.5167,504.4941
512165253.1855552,8.416229999999999,26.795924,502.2148,502.1922
512165253.2364907,8.41924,26.795247999999997,501.4718,501.4492
512165253.28742623,8.42225,26.794570999999998,497.7991,497.7766
512165253.33836174,8.42526,26.793895,494.6979,494.6754
512165253.38929725,8.42827,26.793219,493.3203,493.2977
512165253.44023275,8.43128,26.792541999999997,492.8047,492.7822
512165253.49116826,8.434289999999999,26.791866,493.1406,493.1181
512165253.54210377,8.4373,26.791189,493.3728,493.3503
512165253.59303933,8.44031,26.790512999999997,493.9424,493.9200
512165253.6439748,8.44332,26.789835999999998,494.2358,494.2133
512165253.69491035,8.44633,26.78916,495.1791,495.1566
512165253.7458458,8.44934,26.788483,493.0106,492.9881
512165253.79678136,8.45235,26.787806999999997,490.9513,490.9289
512165253.84771687,8.455359999999999,26.787129999999998,489.6030,489.5806
512165253.8986523,8.45837,26.786454,489.2019,489.1794
512165253.9495879,8.46138,26.785777,489.4084,489.3860
512165254.0005234,8.46439,26.785100999999997,490.1560,490.1336
512165254.0514577,8.4674,26.784423999999998,489.8689,489.8465
512165254.1023932,8.47041,26.783748,489.3002,489.2778
512165254.15332866,8.473419999999999,26.783071,489.0123,488.9900
512165254.2042642,8.476429999999999,26.782394999999998,488.9871,488.9648
512165254.2551997,8.47944,26.781717999999998,488.2048,488.1824
512165254.30613524,8.482448999999999,26.781042,488.4056,488.3832
512165254.3570707,8.485458999999999,26.780365,487.4305,487.4081
512165254.40800625,8.488469,26.779688,487.9997,487.9773
512165254.45894176,8.491479,26.779011999999998,488.6634,488.6411
512165254.5098772,8.494489,26.778335,490.3394,490.3171
512165254.5608128,8.497499,26.777659,486.8013,486.7790
512165254.6117482,8.500509,26.776982,486.7620,486.7397
512165254.6626838,8.503518999999999,26.776304999999997,485.8039,485.7815
512165254.71361923,8.506529,26.775629,484.1408,484.1184
512165254.7645547,8.509539,26.774952,482.5041,482.4818
512165254.81549025,8.512549,26.774276,481.0419,481.0196
512165254.86642575,8.515559,26.773598999999997,479.1360,479.1137
512165254.91736126,8.518569,26.772921999999998,476.6132,476.5909
512165254.96829677,8.521579,26.772246,474.2363,474.2140
512165255.2739108,8.539639,26.768185,471.6695,471.6472
512165255.32484627,8.542648,26.767509,471.7485,471.7262
512165255.37578183,8.545658,26.766831999999997,471.5881,471.5658
512165255.42671734,8.548668,26.766154999999998,473.4122,473.3899
512165255.4776528,8.551677999999999,26.765479,475.5703,475.5480
512165255.5285881,8.554687999999999,26.764802,475.2492,475.2269
512165255.57952356,8.557698,26.764125,472.9082,472.8860
512165255.6304591,8.560708,26.763448,468.6833,468.6611
512165255.68139464,8.563718,26.762772,457.0626,457.0404
512165255.73233,8.566728,26.762095,459.7711,459.7489
512165256.4454262,8.608867,26.752619,456.5793,456.5571
512165257.4132016,8.666055,26.739756999999997,494.0552,494.0332
512165257.4641371,8.669065,26.739079999999998,495.4598,495.4378
512165257.5150726,8.672075,26.738402999999998,496.3236,496.3015
512165257.56600815,8.675085,26.737726,495.7062,495.6842
512165257.6169436,8.678094999999999,26.737049,497.9966,497.9746
512165257.6678791,8.681104999999999,26.736372,496.9981,496.9760
512165257.7188146,8.684115,26.735695,496.9451,496.9231
512165257.7697501,8.687125,26.735018,496.4848,496.4628
512165257.8206856,8.690135,26.734340999999997,495.3934,495.3714
512165257.87162113,8.693144,26.733663999999997,494.6971,494.6751
512165257.9225567,8.696154,26.732986999999998,493.7954,493.7734
512165257.97349215,8.699164,26.73231,492.5189,492.4969
512165258.02442646,8.702174,26.731633,489.7743,489.7523
512165258.482846,8.729263,26.725538,476.9245,476.9025
512165258.5337816,8.732273,26.724860999999997,476.0181,475.9962
512165258.78845906,8.747323,26.721474999999998,471.2922,471.2703
512165258.8393946,8.750332,26.720798,475.2602,475.2383
512165258.89033,8.753342,26.720121,476.8898,476.8679
512165258.9412656,8.756352,26.719444,478.7974,478.7755
512165258.9922011,8.759362,26.718766,481.4561,481.4342
512165259.04313755,8.762372,26.718089,484.3656,484.3437
512165259.6034282,8.795480999999999,26.710639,502.0604,502.0386
512165259.6543637,8.798491,26.709961,501.6282,501.6064
512165259.7052991,8.801499999999999,26.709284,500.1727,500.1509
512165259.7562347,8.804509999999999,26.708606999999997,500.3521,500.3303
512165259.80717015,8.80752,26.707929,499.5983,499.5766
512165259.8581057,8.81053,26.707252,499.4279,499.4062
512165259.90904117,8.81354,26.706574999999997,499.5470,499.5253
512165259.9599764,8.81655,26.705897,499.2631,499.2414
512165260.010912,8.81956,26.705219999999997,499.1511,499.1294
512165260.06184626,8.822569,26.704542999999997,498.9866,498.9649
512165260.1127818,8.825579,26.703865,498.6770,498.6553
512165260.1637173,8.828589,26.703187999999997,498.5481,498.5265
512165260.21465284,8.831598999999999,26.70251,500.7693,500.7476
512165260.6730726,8.858687999999999,26.696413,477.4351,477.4135
512165260.7240081,8.861697999999999,26.695736,493.7779,493.7562
512165260.7749436,8.864707,26.695058,500.0442,500.0226
512165260.82587916,8.867716999999999,26.694381,500.8176,500.7960
512165260.9786854,8.876747,26.692348,499.0429,499.0213
512165261.0296221,8.879757,26.69167,496.7300,496.7084
512165261.08055764,8.882767,26.690993,497.2487,497.2271
512165261.1314931,8.885776,26.690315,497.0457,497.0241
512165261.18242866,8.888786,26.689638,496.6050,496.5834
512165261.2333641,8.891796,26.688959999999998,496.4384,496.4168
512165261.2842993,8.894805999999999,26.688283,496.1955,496.1740
512165261.33523494,8.897815999999999,26.687604999999998,496.8118,496.7902
512165261.3861703,8.900826,26.686926999999997,495.6936,495.6720
512165261.43710583,8.903836,26.686249999999998,495.4500,495.4285
512165261.4880414,8.906844999999999,26.685572,496.1130,496.0915
512165261.53897685,8.909855,26.684894999999997,497.0946,497.0730
512165261.5899122,8.912865,26.684217,495.7226,495.7011
512165261.64084786,8.915875,26.683539,493.5514,493.5299
512165261.6917834,8.918885,26.682862,492.4878,492.4663
512165261.74271894,8.921895,26.682184,492.2855,492.2639
512165261.79365444,8.924904,26.681506,488.5185,488.4970
512165261.84458995,8.927914,26.680829,485.3799,485.3584
512165261.89552546,8.930924,26.680151,480.4151,480.3936
512165262.60862136,8.973061999999999,26.670662999999998,462.5304,462.5091
512165262.7104924,8.979080999999999,26.669307,462.6418,462.6204
512165262.76142794,8.982090999999999,26.668629,461.4767,461.4553
512165262.8123634,8.985101,26.667952,459.7086,459.6872
512165262.8632989,8.988111,26.667274,456.2155,456.1942
512165262.91423446,8.991121,26.666596,455.3739,455.3526
512165262.9651699,8.99413,26.665917999999998,455.6528,455.6315
512165263.01610535,8.99714,26.665239999999997,455.2548,455.2335
512165263.0670419,9.00015,26.664562,454.3205,454.2992
512165263.57639694,9.030248,26.657784,450.4752,450.4539
512165263.6273325,9.033258,26.657106,452.8539,452.8327
512165263.67826796,9.036268,26.656428,454.1004,454.0792
512165263.7292035,9.039278,26.655749999999998,454.5004,454.4791
512165263.78013897,9.042288,26.655072,454.1774,454.1562
512165263.83107454,9.045297,26.654394,452.8926,452.8714
512165263.88201,9.048307,26.653716,452.8185,452.7973
512165263.9329455,9.051317,26.653038,452.8461,452.8249
512165263.98388106,9.054326999999999,26.652359999999998,453.3194,453.2982
512165264.0348153,9.057336,26.651681999999997,451.6628,451.6416
512165264.0857508,9.060346,26.651004,451.4361,451.4149
512165264.1366863,9.063355999999999,26.650326,451.1636,451.1424
512165264.18762183,9.066366,26.649648,450.2869,450.2657
512165264.2385574,9.069376,26.64897,449.0953,449.0741
512165264.28949285,9.072386,26.648291999999998,448.6748,448.6536
512165265.410075,9.138601,26.633373,452.3255,452.3045
512165265.46101046,9.141611,26.632695,453.9540,453.9330
512165265.51194596,9.144620999999999,26.632016999999998,455.5322,455.5112
512165265.56288147,9.14763,26.631338,457.1357,457.1147
512165265.6138169,9.15064,26.63066,458.7578,458.7368
512165265.6647522,9.153649999999999,26.629982,459.5000,459.4790
512165265.71568775,9.15666,26.629303999999998,460.4931,460.4721
512165265.7666232,9.159669,26.628625,461.1986,461.1777
512165265.81755877,9.162678999999999,26.627947,461.4503,461.4293
512165265.8684943,9.165689,26.627269,461.9654,461.9445
512165265.9194298,9.168699,26.62659,462.0930,462.0721
512165265.9703653,9.171707999999999,26.625912,462.1981,462.1772
512165266.02130073,9.174718,26.625234,462.2566,462.2357
512165266.4287858,9.198796,26.619806999999998,470.1120,470.0911
512165266.47972125,9.201806,26.619128999999997,471.1624,471.1415
512165266.5306569,9.204816,26.61845,475.4270,475.4061
512165266.58159226,9.207825999999999,26.617772,475.0882,475.0673
512165266.63252777,9.210835,26.617093999999998,474.4031,474.3823
512165266.68346334,9.213845,26.616415,475.5139,475.4931
512165266.7343988,9.216854999999999,26.615737,478.5233,478.5025
512165266.78533435,9.219865,26.615057999999998,477.5549,477.5341
512165266.8362698,9.222875,26.614379999999997,476.2247,476.2039
512165266.88720536,9.225883999999999,26.613702,474.6244,474.6036
512165266.93814087,9.228894,26.613023,475.0197,474.9988
512165266.9890764,9.231904,26.612344999999998,474.8488,474.8280
512165267.0400107,9.234912999999999,26.611666,475.0334,475.0126
512165267.09094614,9.237923,26.610988,475.6966,475.6758
512165267.1418817,9.240933,26.610308999999997,475.4910,475.4702
512165267.1928172,9.243943,26.609631,475.5495,475.5287
512165267.24375266,9.246952,26.608952,477.2548,477.2340
512165267.2946882,9.249962,26.608273999999998,479.7747,479.7539
512165267.3456237,9.252972,26.607595,487.8269,487.8061
512165267.39655924,9.255982,26.606917,487.7683,487.7475
512165267.44749475,9.258991,26.606237999999998,487.0021,486.9813
512165267.49843025,9.262001,26.60556,487.5279,487.5072
512165267.5493655,9.265011,26.604881,487.3243,487.3035
512165267.600301,9.268021,26.604203,486.9836,486.9629
512165267.65123653,9.27103,26.603524,486.2944,486.2737
512165267.70217204,9.27404,26.602845,485.8647,485.8440
512165267.75310755,9.27705,26.602166999999998,485.0250,485.0043
512165267.80404305,9.280059999999999,26.601488,484.3351,484.3144
512165267.95684963,9.289088999999999,26.599453,481.8776,481.8569
512165269.23023725,9.364332,26.582485,452.0894,452.0689
512165269.28117275,9.367341999999999,26.581806,451.8792,451.8587
512165269.33210826,9.370351,26.581127,450.9399,450.9194
512165269.38304377,9.373361,26.580448,449.9938,449.9734
512165269.43397933,9.376370999999999,26.57977,449.0458,449.0253
512165269.4849148,9.379381,26.579091,447.8810,447.8605
512165269.5867858,9.385399999999999,26.577733,445.8111,445.7907
512165269.63772124,9.38841,26.577054,444.8782,444.8577
512165269.68865687,9.391418999999999,26.576375,448.4940,448.4736
512165269.73959225,9.394428999999999,26.575695999999997,442.7902,442.7698
512165269.79052776,9.397439,26.575018,443.5836,443.5632
512165269.94333434,9.406468,26.572981,439.6558,439.6354
512165270.4526901,9.436565,26.566191,441.8460,441.8256
512165270.5036257,9.439575,26.565512,443.3960,443.3756
512165270.5545611,9.442584,26.564833,445.1610,445.1407
512165270.6054967,9.445594,26.564154,446.2382,446.2179
512165270.65643215,9.448604,26.563475,447.3997,447.3794
512165270.70736766,9.451613,26.562796,448.8406,448.8202
512165270.75830317,9.454623,26.562116999999997,450.0913,450.0710
512165270.8092386,9.457633,26.561438,451.1223,451.1020
512165270.8601741,9.460642,26.560758999999997,451.4031,451.3828
512165271.0129807,9.469672,26.558722,452.9654,452.9451
512165271.0639152,9.472681,26.558042999999998,453.0291,453.0089
512165271.1148507,9.475691,26.557363,453.2401,453.2198
512165271.1657862,9.478701,26.556683999999997,452.5343,452.5140
512165271.2167217,9.48171,26.556005,452.7783,452.7580
512165271.2676573,9.48472,26.555325999999997,452.3051,452.2848
512165271.3185927,9.487729999999999,26.554647,451.2460,451.2258
512165271.3695283,9.490739,26.553967999999998,449.9536,449.9333
512165271.4204635,9.493749,26.553289,448.4648,448.4446
512165271.471399,9.496758999999999,26.552609999999998,447.3218,447.3016
512165271.5223346,9.499768,26.55193,444.8008,444.7806
512165271.6751411,9.508797,26.549892999999997,441.9537,441.9335
512165271.7260766,9.511807,26.549214,437.9362,437.9161
512165271.7770121,9.514816999999999,26.548534,437.9708,437.9507
512165271.82794756,9.517826,26.547855,449.9099,449.8897
512165271.8788831,9.520836,26.547176,461.8956,461.8755
512165271.92981863,9.523845999999999,26.546497,461.1447,461.1245
512165271.98075414,9.526855,26.545817999999997,459.8781,459.8580
512165272.0316906,9.529865,26.545137999999998,456.4443,456.4242
512165272.08262604,9.532874999999999,26.544459,452.8892,452.8691
512165272.13356155,9.535884,26.543779999999998,453.0890,453.0689
512165272.18449706,9.538893999999999,26.5431,450.2214,450.2013
512165272.23543257,9.541903999999999,26.542420999999997,450.3102,450.2901
512165272.2863681,9.544913,26.541742,447.7577,447.7376
512165273.40694815,9.611125999999999,26.526795,423.0457,423.0256
512165273.4578836,9.614135,26.526116,422.9199,422.8998
512165273.5088191,9.617144999999999,26.525436,422.9753,422.9552
512165273.5597546,9.620154999999999,26.524756999999997,422.9544,422.9343
512165273.8653676,9.638212,26.52068,422.2714,422.2514
512165273.91630316,9.641221999999999,26.52,421.8944,421.8744
512165273.9672386,9.644231999999999,26.519320999999998,421.5864,421.5664
512165274.06911063,9.650250999999999,26.517961999999997,420.3548,420.3348
512165274.1200461,9.653260999999999,26.517281999999998,420.0827,420.0627
512165275.8009164,9.752578,26.494850999999997,417.2168,417.1971
512165275.85185194,9.755587,26.494170999999998,417.5514,417.5317
512165275.9027874,9.758597,26.493491,417.7870,417.7672
512165275.9537229,9.761607,26.492811,417.9628,417.9431
512165276.00465846,9.764616,26.492131,417.9885,417.9688
512165276.0555951,9.767626,26.491450999999998,417.6697,417.6500
512165276.10653067,9.770635,26.490772,417.2388,417.2191
512165276.15746593,9.773645,26.490091999999997,416.8500,416.8303
512165276.2084014,9.776655,26.489411999999998,416.6152,416.5955
512165276.25933695,9.779664,26.488732,415.6571,415.6374
512165276.3102724,9.782674,26.488052,414.7615,414.7418
512165276.36120796,9.785682999999999,26.487371999999997,417.8281,417.8084
512165276.4630789,9.791703,26.486012,413.9786,413.9589
512165276.5140144,9.794711999999999,26.485332,413.7263,413.7067
512165276.5649499,9.797722,26.484652,415.4406,415.4210
512165276.61588544,9.800730999999999,26.483971999999998,414.3097,414.2901
512165276.66682094,9.803740999999999,26.483292,418.1733,418.1537
512165276.7177565,9.806751,26.482612,418.7742,418.7546
512165276.76869196,9.809759999999999,26.481932,418.8826,418.8630
512165276.8196275,9.81277,26.481251999999998,419.1640,419.1444
512165276.87056303,9.815779,26.480572,419.7028,419.6832
512165276.92149854,9.818788999999999,26.479892,419.9218,419.9022
512165276.97243404,9.821798,26.479212,420.2723,420.2527
512165277.02336854,9.824807999999999,26.478531999999998,420.4921,420.4725
512165277.0743041,9.827817,26.477852,420.2058,420.1862
512165277.1252393,9.830827,26.477171,420.5520,420.5324
512165279.1117239,9.9482,26.450642,423.5459,423.5266
512165279.1626594,9.951209,26.449961,423.8195,423.8003
512165279.2135949,9.954219,26.449281,423.5948,423.5755
512165279.2645304,9.957227999999999,26.4486,423.4884,423.4691
512165280.0285639,10.002371,26.438392999999998,424.3610,424.3418
512165280.0794995,10.005381,26.437711999999998,424.3466,424.3274
512165280.130435,10.00839,26.437032,424.1856,424.1665
512165280.1813705,10.0114,26.436351,424.2643,424.2452
512165280.23230594,10.014408999999999,26.43567,423.8565,423.8374
512165280.2832415,10.017419,26.43499,423.6491,423.6299
512165280.33417696,10.020427999999999,26.434309,423.5578,423.5386
512165280.38511246,10.023437999999999,26.433628,423.3801,423.3610
512165280.4869835,10.029456999999999,26.432267,423.3564,423.3373
512165282.3715968,10.140808,26.407076999999997,425.0678,425.0490
512165282.42253226,10.143818,26.406395999999997,424.8217,424.8028
512165282.72814536,10.161874,26.40231,429.1995,429.1806
512165282.77908087,10.164883999999999,26.401629,426.4229,426.4041
512165283.0337572,10.179931,26.398224,426.9632,426.9444
512165283.08469266,10.182941,26.397543,426.6691,426.6503
512165283.1356282,10.18595,26.396862,426.4290,426.4103
512165284.2562104,10.252158,26.381874999999997,428.5096,428.4911
512165284.7146299,10.279243,26.375743,422.9258,422.9072
512165284.76556545,10.282252,26.375062,423.3551,423.3366
512165286.0389528,10.357488,26.358024,428.4654,428.4470
512165286.0898884,10.360496999999999,26.357342,427.9227,427.9043
512165286.5992432,10.390590999999999,26.350526,419.8316,419.8133
512165286.6501787,10.393601,26.349843999999997,425.4443,425.4260
512165286.70111424,10.396609999999999,26.349162,425.8218,425.8035
512165286.7520497,10.399619,26.348481,426.1710,426.1527
512165286.80298525,10.402629,26.347799,426.4800,426.4618
512165286.85392076,10.405638,26.347116999999997,426.8584,426.8402
512165286.9048562,10.408647,26.346435,427.3443,427.3261
512165286.9557918,10.411657,26.345754,427.7799,427.7617
512165287.0067273,10.414665999999999,26.345072,427.8958,427.8776
512165287.05766183,10.417676,26.344389999999997,428.2828,428.2646
512165287.10859734,10.420684999999999,26.343708,428.5872,428.5690
512165287.77075875,10.459807,26.334844,430.3089,430.2908
512165287.87262964,10.465826,26.333479999999998,428.9964,428.9783
512165287.9235652,10.468835,26.332798,429.1819,429.1638
512165287.97450066,10.471843999999999,26.332116,429.1780,429.1599
512165288.0254372,10.474853999999999,26.331433999999998,429.3756,429.3575
512165288.0763726,10.477863,26.330752,429.7015,429.6834
512165288.1273082,10.480872,26.33007,429.7609,429.7428
512165289.2988236,10.550087,26.314382,431.7057,431.6877
512165289.4006946,10.556106,26.313018,431.9497,431.9317
512165289.4516301,10.559115,26.312336,432.2997,432.2817
512165289.5025656,10.562125,26.311653999999997,431.8396,431.8216
512165289.5535011,10.565133999999999,26.310971,432.0496,432.0316
512165289.6044367,10.568143,26.310288999999997,431.9348,431.9168
512165289.65537214,10.571152999999999,26.309607,432.1599,432.1419
512165289.70630765,10.574162,26.308925,432.3877,432.3697
512165289.80817866,10.580181,26.30756,432.7650,432.7470
512165291.64185625,10.688516,26.282992,439.6656,439.6478
512165291.7437272,10.694533999999999,26.281627,435.8952,435.8774
512165291.7946628,10.697543999999999,26.280943999999998,438.9374,438.9197
512165291.8455983,10.700553,26.280261,436.7770,436.7593
512165291.8965338,10.703562,26.279579,436.3050,436.2873
512165291.9474693,10.706571,26.278896,436.6465,436.6288
512165291.99840474,10.709581,26.278212999999997,436.4303,436.4126
512165292.0493412,10.712589999999999,26.277531,436.7028,436.6851
512165292.1512123,10.718608999999999,26.276165,437.0180,437.0003
512165292.2021477,10.721618,26.275482999999998,437.4038,437.3861
512165292.2530833,10.724627,26.2748,437.4494,437.4317
512165292.4058898,10.733654999999999,26.272752,437.7116,437.6939
512165292.5586963,10.742683,26.270702999999997,438.0458,438.0283
512165293.3736632,10.790830999999999,26.259777999999997,440.7835,440.7661
512165293.42459875,10.79384,26.259095,440.8522,440.8347
512165293.47553414,10.796849,26.258412,442.8704,442.8530
512165293.6283407,10.805876999999999,26.256363,441.5387,441.5212
512165293.6792762,10.808886,26.255679999999998,441.8040,441.7866
512165294.0358257,10.829951,26.250899,443.4472,443.4298
512165294.1886323,10.838979,26.248849999999997,443.5709,443.5535
512165294.2395678,10.841987999999999,26.248165999999998,443.5176,443.5002
512165294.2905033,10.844997,26.247483,443.5805,443.5632
512165294.34143883,10.848006999999999,26.2468,443.8561,443.8388
512165294.54518074,10.860044,26.244068,445.0734,445.0560
512165294.5961163,10.863052999999999,26.243385,444.3754,444.3580
512165294.6470518,10.866062,26.242701,444.1288,444.1114
512165295.4110833,10.9112,26.232453,445.4796,445.4624
512165295.56388974,10.920228,26.230403,446.0791,446.0619
512165296.07324576,10.95032,26.223568999999998,448.5660,448.5489
512165296.1241813,10.953329,26.222886,448.9152,448.8982
512165296.3279233,10.965366,26.220152,449.6312,449.6142
512165296.37885886,10.968375,26.219468,449.5316,449.5145
512165296.63353616,10.983421,26.216051,449.5713,449.5542
512165296.6844716,10.98643,26.215367,449.7953,449.7782
512165297.09195656,11.010504,26.209898,449.6827,449.6657
512165297.1428921,11.013513,26.209215,449.6254,449.6084
512165297.1938276,11.016522,26.208530999999997,449.6742,449.6572
512165297.24476314,11.019530999999999,26.207848,449.5541,449.5372
512165297.6013117,11.040595,26.203062,450.4148,450.3978
512165297.6522472,11.043604,26.202378,451.6350,451.6181
512165298.0597301,11.067677999999999,26.196908,451.3974,451.3805
512165298.11066556,11.070687,26.196223999999997,452.2698,452.2530
512165298.16160107,11.073696,26.195539999999998,452.4572,452.4404
512165298.21253663,11.076704999999999,26.194855999999998,453.5797,453.5628
512165298.36534315,11.085733,26.192805,452.0723,452.0555
512165298.41627866,11.088742,26.192121,452.0357,452.0189
512165298.5181496,11.094759999999999,26.190752999999997,451.1054,451.0886
512165298.5690851,11.097769,26.190068999999998,450.6431,450.6263
512165298.6200207,11.100778,26.189384999999998,450.0861,450.0693
512165298.6709561,11.103786999999999,26.188702,450.8466,450.8298
512165298.72189164,11.106797,26.188018,450.6198,450.6031
512165298.7728271,11.109805999999999,26.187334,451.3592,451.3425
512165299.48592305,11.151933,26.177757999999997,454.3449,454.3282
512165299.53685856,11.154943,26.177073999999998,454.4035,454.3868
512165299.58779407,11.157952,26.176389,454.1995,454.1829
512165299.6387296,11.160961,26.175704999999997,454.4466,454.4300
512165299.6896651,11.163969999999999,26.175020999999997,455.1343,455.1177
512165299.7406006,11.166979,26.174336999999998,455.6387,455.6221
512165299.79153615,11.169988,26.173652999999998,456.1339,456.1172
512165300.09715,11.188042999999999,26.169548,457.6415,457.6250
512165300.1480856,11.191051999999999,26.168864,457.1660,457.1494
512165300.35182756,11.203088,26.166127,456.6326,456.6161
512165300.4027631,11.206097,26.165443,458.9830,458.9664
512165301.1158612,11.248225,26.155862,459.1554,459.1390
512165301.1667964,11.251234,26.155178,459.2155,459.1991
512165301.2177319,11.254242999999999,26.154493,459.4143,459.3979
512165301.3196029,11.260261,26.153125,464.1893,464.1729
512165301.3705385,11.26327,26.15244,462.4803,462.4639
512165301.4214739,11.266278999999999,26.151756,462.6970,462.6807
512165301.727087,11.284334,26.147648999999998,462.9830,462.9667
512165301.7780225,11.287343,26.146964,464.8456,464.8293
512165301.8289581,11.290351999999999,26.146279999999997,463.9005,463.8842
512165302.3383119,11.320443,26.139433999999998,465.5014,465.4851
512165302.64392495,11.338497,26.135326,465.3692,465.3530
512165302.6948605,11.341505999999999,26.134641,466.5007,466.4844
512165302.74579597,11.344515,26.133957,466.7874,466.7712
512165302.7967314,11.347524,26.133271999999998,466.8629,466.8467
512165302.847667,11.350532999999999,26.132586999999997,467.2994,467.2832
512165303.357023,11.380623,26.12574,468.0508,468.0347
512165303.40795857,11.383633,26.125055,468.4351,468.4190
512165303.458894,11.386642,26.12437,468.9343,468.9182
512165303.5098296,11.389650999999999,26.123685,469.5108,469.4947
512165303.560765,11.39266,26.122999999999998,470.0763,470.0602
512165304.1210545,11.425759,26.115465999999998,473.6947,473.6787
512165304.273861,11.434785999999999,26.113411,473.3420,473.3260
512165304.3247964,11.437795,26.112726,473.2080,473.1920
512165304.3757319,11.440804,26.112040999999998,473.5107,473.4948
512165304.4776029,11.446822,26.110671,473.5825,473.5666
512165304.52853847,11.449831,26.109986,474.0205,474.0046
512165305.08883005,11.48293,26.102449999999997,475.1685,475.1526
512165305.2416365,11.491957,26.100393999999998,476.2339,476.2180
512165305.29257196,11.494966,26.099708999999997,476.5523,476.5364
512165305.3435075,11.497975,26.099024,477.0161,477.0002
512165305.39444304,11.500983999999999,26.098339,477.0152,476.9993
512165305.4453785,11.503993,26.097652999999998,477.1929,477.1770
512165305.49631405,11.507002,26.096968,477.2928,477.2769
512165305.85286236,11.528065,26.092171,479.9675,479.9516
512165305.9547334,11.534082999999999,26.090801,478.4048,478.3889
512165306.0056689,11.537092,26.090114999999997,478.7684,478.7525
512165306.05660343,11.540101,26.08943,478.9619,478.9460
512165306.10753894,11.543109999999999,26.088745,479.0757,479.0598
512165306.1584744,11.546119,26.088058999999998,479.1930,479.1771
512165306.20940995,11.549128,26.087374,479.6668,479.6509
512165306.26034546,11.552135999999999,26.086688,478.7177,478.7019
512165306.31128097,11.555145,26.086002999999998,478.6637,478.6479
512165306.3622165,11.558154,26.085317999999997,480.1495,480.1337
512165306.4131519,11.561162999999999,26.084632,478.1691,478.1533
512165306.4640875,11.564172,26.083947,479.9989,479.9831
512165306.515023,11.567181,26.083261,479.8054,479.7896
512165306.56595826,11.57019,26.082576,480.9719,480.9561
512165306.61689377,11.573198999999999,26.081889999999998,481.6300,481.6142
512165306.66782933,11.576208,26.081204999999997,481.3015,481.2857
512165306.7187648,11.579217,26.080519,482.2589,482.2431
512165306.76970035,11.582226,26.079833999999998,482.3713,482.3556
512165306.8206358,11.585234999999999,26.079148999999997,482.3689,482.3532
512165306.8715713,11.588244,26.078463,482.4533,482.4376
512165306.92250687,11.591253,26.077776999999998,482.4884,482.4727
512165306.97344226,11.594261999999999,26.077092,482.5988,482.5831
512165307.0243787,11.597271,26.076406,482.8437,482.8280
512165307.0753143,11.60028,26.075720999999998,482.8520,482.8363
512165307.12624973,11.603289,26.075035,483.0713,483.0557
512165307.1771853,11.606297999999999,26.07435,483.1289,483.1132
512165307.22812074,11.609307,26.073663999999997,483.3725,483.3568
512165307.2790563,11.612316,26.072979,483.5454,483.5297
512165307.3299918,11.615325,26.072293,483.6493,483.6336
512165307.3809273,11.618333999999999,26.071607,483.7131,483.6975
512165307.43186283,11.621343,26.070922,483.9047,483.8890
512165307.48279834,11.624350999999999,26.070235999999998,483.8492,483.8336
512165307.53373384,11.62736,26.06955,483.9995,483.9839
512165307.58466935,11.630369,26.068865,484.1973,484.1816
512165307.63560486,11.633377999999999,26.068178999999997,484.3237,484.3081
512165307.68654037,11.636387,26.067493,484.6212,484.6055
512165307.73747593,11.639396,26.066807999999998,484.7873,484.7717
512165307.7884114,11.642405,26.066122,485.3412,485.3256
512165307.8393469,11.645413999999999,26.065436,485.6115,485.5959
512165307.89028245,11.648423,26.064750999999998,486.1504,486.1348
512165307.9412179,11.651432,26.064065,486.8941,486.8785
512165307.99215335,11.654441,26.063378999999998,487.4113,487.3957
512165308.0430877,11.657449999999999,26.062693,487.7393,487.7237
512165308.0940233,11.660459,26.062008,488.1608,488.1452
512165308.14495873,11.663468,26.061322,488.5005,488.4850
512165308.19589424,11.666476,26.060636,489.1257,489.1101
512165308.2468298,11.669485,26.059949999999997,489.2335,489.2179
512165308.2977652,11.672493999999999,26.059265,489.7536,489.7380
512165308.3487008,11.675502999999999,26.058578999999998,490.0302,490.0147
512165308.39963627,11.678512,26.057893,489.8178,489.8022
512165308.4505718,11.681521,26.057207,489.9699,489.9543
512165308.5015073,11.684529999999999,26.056521,490.2248,490.2093
512165308.5524427,11.687539,26.055835,490.1470,490.1315
512165308.6033783,11.690548,26.055149999999998,490.3161,490.3006
512165308.65431374,11.693557,26.054464,490.1391,490.1235
512165308.70524925,11.696565999999999,26.053777999999998,490.7713,490.7558
512165308.7561848,11.699575,26.053092,491.0424,491.0269
512165308.80712026,11.702582999999999,26.052405999999998,491.2107,491.1952
512165308.85805583,11.705592,26.05172,491.4202,491.4046
512165308.90899134,11.708601,26.051033999999998,491.7305,491.7150
512165308.95992655,11.71161,26.050348,492.2517,492.2362
512165309.0108621,11.714618999999999,26.049661999999998,492.3786,492.3631
512165309.0617986,11.717628,26.048976,492.6386,492.6231
512165309.1127341,11.720637,26.048289999999998,492.9618,492.9464
512165309.1636696,11.723645999999999,26.047604999999997,493.2300,493.2145
512165309.21460515,11.726655,26.046919,493.4469,493.4314
512165309.2655406,11.729664,26.046232999999997,493.7589,493.7434
512165309.31647605,11.732673,26.045547,494.0575,494.0421
512165309.3674116,11.735681,26.044860999999997,494.2543,494.2389
512165309.41834706,11.73869,26.044175,494.2813,494.2659
512165309.4692826,11.741698999999999,26.043488,494.6328,494.6174
512165309.5202181,11.744708,26.042802,494.3576,494.3422
512165309.5711536,11.747717,26.042116,495.2276,495.2122
512165309.6220891,11.750726,26.04143,495.4758,495.4604
512165309.6730246,11.753734999999999,26.040744,495.7622,495.7468
512165309.72396016,11.756744,26.040058,495.9722,495.9568
512165309.7748956,11.759753,26.039372,496.3411,496.3258
512165309.8258312,11.762761,26.038686,496.8092,496.7939
512165309.8767666,11.76577,26.038,497.1495,497.1342
512165309.9277022,11.768779,26.037314,497.6211,497.6058
512165309.97863746,11.771787999999999,26.036628,497.3293,497.3139
512165310.02957195,11.774797,26.035942,498.5111,498.4958
512165310.0805075,11.777806,26.035255,498.7602,498.7449
512165310.13144296,11.780814999999999,26.034568999999998,498.6120,498.5967
512165310.18237853,11.783824,26.033883,499.2776,499.2623
512165310.23331404,11.786831999999999,26.033196999999998,500.2214,500.2061
512165310.2842495,11.789841,26.032511,500.4707,500.4554
512165310.33518505,11.79285,26.031824,500.5518,500.5365
512165310.3861205,11.795859,26.031138,500.8546,500.8393
512165310.43705606,11.798867999999999,26.030452,501.1053,501.0900
512165310.4879916,11.801877,26.029766,501.5624,501.5471
512165310.5389271,11.804886,26.02908,501.8539,501.8386
512165310.5898626,11.807895,26.028392999999998,501.8128,501.7975
512165310.64079815,11.810903,26.027707,502.0849,502.0696
512165310.6917336,11.813912,26.027020999999998,502.4305,502.4153
512165310.7426691,11.816920999999999,26.026334,502.6816,502.6664
512165310.7936046,11.81993,26.025648,502.3104,502.2952
512165310.8445401,11.822939,26.024962,502.2526,502.2374
512165310.8954757,11.825948,26.024275,502.2858,502.2706
512165310.9464109,11.828956999999999,26.023588999999998,502.2091,502.1939
512165310.9973464,11.831965,26.022903,502.0747,502.0595
512165311.0482831,11.834973999999999,26.022216,502.5095,502.4943
512165311.09921855,11.837983,26.02153,502.6291,502.6139
512165311.1501541,11.840992,26.020844,503.4116,503.3964
512165311.20108956,11.844000999999999,26.020156999999998,503.8668,503.8516
512165311.2520251,11.84701,26.019471,504.3995,504.3844
512165311.3029604,11.850019,26.018784999999998,504.8524,504.8373
512165311.35389584,11.853026999999999,26.018098,505.6276,505.6124
512165311.4048314,11.856036,26.017412,506.0711,506.0559
512165311.45576686,11.859045,26.016724999999997,506.5861,506.5709
512165311.5067024,11.862053999999999,26.016039,507.1818,507.1666
512165311.55763793,11.865063,26.015352,507.6362,507.6210
512165311.6085734,11.868072,26.014666,508.3057,508.2906
512165311.65950894,11.87108,26.013979,508.8434,508.8283
512165311.71044445,11.874089,26.013292999999997,509.4125,509.3974
512165311.76137996,11.877098,26.012605999999998,510.1319,510.1168
512165311.81231546,11.880106999999999,26.01192,511.0351,511.0200
512165311.863251,11.883116,26.011232999999997,511.7394,511.7243
512165311.9141865,11.886125,26.010547,512.3051,512.2900
512165311.965122,11.889134,26.00986,513.1192,513.1041
512165312.0160575,11.892142,26.009173999999998,513.6777,513.6626
512165312.06699204,11.895151,26.008487,514.3125,514.2974
512165312.11792755,11.898159999999999,26.007800999999997,514.7005,514.6854
512165312.16886306,11.901169,26.007113999999998,515.0756,515.0605
512165312.21979856,11.904178,26.006428,515.6242,515.6092
512165312.27073383,11.907186,26.005741,516.2445,516.2295
512165312.32166934,11.910195,26.005053999999998,516.5665,516.5515
512165312.37260485,11.913204,26.004368,517.0623,517.0472
512165312.42354035,11.916212999999999,26.003681,517.7283,517.7133
512165312.47447586,11.919222,26.002993999999997,518.1917,518.1767
512165312.52541137,11.922231,26.002308,518.7130,518.6980
512165312.5763469,11.925239,26.001621,519.5496,519.5346
512165312.6272823,11.928248,26.000933999999997,521.5607,521.5458
512165312.6782179,11.931256999999999,26.000248,523.9798,523.9648
512165312.7291534,11.934266,25.999561,524.2927,524.2777
512165312.7800889,11.937275,25.998873999999997,524.8142,524.7992
512165312.83102435,11.940282999999999,25.998188,524.8841,524.8692
512165312.88195986,11.943292,25.997501,525.1158,525.1009
512165312.93289536,11.946301,25.996814,525.3170,525.3021
512165312.9838309,11.949309999999999,25.996126999999998,525.6346,525.6197
512165313.0347674,11.952319,25.995441,525.9358,525.9209
512165313.0857029,11.955328,25.994754,526.2750,526.2602
512165313.1366384,11.958336,25.994066999999998,526.3840,526.3691
512165313.18757385,11.961345,25.99338,526.3714,526.3566
512165313.2385094,11.964354,25.992694,526.9378,526.9229
512165313.28944486,11.967362999999999,25.992006999999997,527.1417,527.1269
512165313.34038043,11.970372,25.991319999999998,526.3191,526.3042
512165313.39131594,11.973379999999999,25.990633,527.4356,527.4208
512165313.44225144,11.976389,25.989946,528.0243,528.0094
512165313.49318695,11.979398,25.989259,527.4357,527.4209
512165313.5441225,11.982407,25.988573,528.6150,528.6001
512165313.59505796,11.985415999999999,25.987886,528.8257,528.8109
512165313.6459934,11.988424,25.987199,529.3804,529.3655
512165313.696929,11.991432999999999,25.986511999999998,528.8717,528.8569
512165313.7478644,11.994442,25.985825,529.3531,529.3382
512165313.79879993,11.997451,25.985138,529.5618,529.5470
512165313.84973544,12.000459,25.984451,529.8642,529.8493
512165313.90067095,12.003468,25.983763999999997,530.3188,530.3040
512165313.9516065,12.006477,25.983076999999998,530.4420,530.4272
512165314.00254196,12.009485999999999,25.98239,530.3259,530.3111
512165314.0534763,12.012495,25.981703,530.6904,530.6757
512165314.10441184,12.015502999999999,25.981016,529.9823,529.9675
512165314.1553473,12.018512,25.980328999999998,530.5046,530.4899
512165314.2062828,12.021521,25.979642,529.7610,529.7462
512165314.2572183,12.024529999999999,25.978955,528.4840,528.4693
512165314.30815387,12.027538999999999,25.978268,530.6758,530.6610
512165314.3590893,12.030547,25.977580999999997,530.3677,530.3530
512165314.4100248,12.033555999999999,25.976893999999998,528.9005,528.8857
512165314.4609604,12.036565,25.976207,530.3897,530.3750
512165314.51189584,12.039574,25.97552,531.8119,531.7971
512165314.5628314,12.042582,25.974833,531.3893,531.3746
512165314.61376685,12.045591,25.974145999999998,531.6037,531.5889
512165314.6647024,12.048599999999999,25.973459,531.0494,531.0347
512165314.71563786,12.051609,25.972772,531.1067,531.0920
512165314.7665734,12.054616999999999,25.972085,529.8663,529.8516
512165314.81750894,12.057625999999999,25.971397999999997,527.2834,527.2687
512165314.8684444,12.060635,25.97071,526.7654,526.7507
512165314.91937995,12.063644,25.970022999999998,526.0840,526.0693
512165314.97031546,12.066652,25.969336,525.9753,525.9606
512165315.02125096,12.069661,25.968649,526.8869,526.8723
512165315.07218736,12.072669999999999,25.967962,527.1350,527.1203
512165315.123123,12.075679,25.967274999999997,528.3668,528.3521
512165315.1740584,12.078688,25.966587,528.5373,528.5226
512165315.2249939,12.081695999999999,25.965899999999998,529.3656,529.3509
512165315.27592945,12.084705,25.965213,530.0681,530.0535
512165315.3268649,12.087714,25.964526,530.1671,530.1525
512165315.37780046,12.090722999999999,25.963839,530.3896,530.3750
512165315.4287359,12.093731,25.963151,530.2750,530.2604
512165315.4796714,12.096739999999999,25.962463999999997,530.6489,530.6343
512165315.530607,12.099749,25.961776999999998,531.1007,531.0861
512165315.58154243,12.102758,25.961088999999998,531.3932,531.3786
512165315.632478,12.105766,25.960402,531.5023,531.4877
512165315.6834132,12.108775,25.959715,531.7658,531.7512
512165315.7343487,12.111784,25.959028,532.0890,532.0745
512165315.7852843,12.114792999999999,25.95834,532.0963,532.0818
512165315.8362197,12.117801,25.957653,532.3795,532.3650
512165315.8871553,12.120809999999999,25.956965999999998,533.1259,533.1113
512165315.93809074,12.123819,25.956277999999998,533.3123,533.2978
512165315.9890263,12.126828,25.955591,533.4251,533.4106
512165316.0399608,12.129836,25.954902999999998,533.6446,533.6301
512165316.0908963,12.132845,25.954216,534.4443,534.4298
512165316.1418319,12.135854,25.953529,533.9899,533.9755
512165316.1927673,12.138862,25.952841,534.1422,534.1277
512165316.2437029,12.141871,25.952154,528.8860,528.8716
512165316.2946384,12.144879999999999,25.951466,534.9046,534.8901
512165316.3455739,12.147889,25.950778999999997,528.4256,528.4112
512165316.3965094,12.150896999999999,25.950091,531.7069,531.6924
512165316.44744486,12.153906,25.949403999999998,534.1073,534.0929
512165316.4983804,12.156915,25.948717,535.1011,535.0866
512165316.5493159,12.159923,25.948029,535.5322,535.5178
512165316.60025144,12.162932,25.947342,536.0670,536.0526
512165316.6511867,12.165941,25.946654,536.2233,536.2088
512165316.7021223,12.168949999999999,25.945967,536.6332,536.6188
512165316.7530577,12.171958,25.945279,536.8631,536.8486
512165316.80399317,12.174966999999999,25.944591,536.6729,536.6585
512165316.85492873,12.177976,25.943904,536.9482,536.9337
512165316.9058642,12.180983999999999,25.943216,537.3163,537.3019
512165316.9567997,12.183993,25.942529,537.6311,537.6167
512165317.0077352,12.187002,25.941841,538.0484,538.0340
512165317.05867165,12.190011,25.941153999999997,538.2678,538.2534
512165317.1096072,12.193019,25.940465999999997,538.5614,538.5470
512165317.16054267,12.196028,25.939778,538.9165,538.9021
512165317.21147823,12.199036999999999,25.939090999999998,539.0452,539.0308
512165317.2624137,12.202046,25.938402999999997,539.6041,539.5897
512165317.31334925,12.205053999999999,25.937714999999997,539.3713,539.3570
512165317.36428475,12.208063,25.937027999999998,538.7709,538.7565
512165317.41522026,12.211072,25.936339999999998,538.8231,538.8087
512165317.46615577,12.21408,25.935651999999997,538.7836,538.7692
512165317.5170913,12.217089,25.934965,538.9539,538.9396
512165317.5680268,12.220098,25.934276999999998,538.9013,538.8870
512165317.6189623,12.223106,25.933588999999998,538.9760,538.9616
512165317.6698978,12.226115,25.932902,539.1204,539.1061
512165317.7208333,12.229123999999999,25.932214,538.8102,538.7959
512165317.7717688,12.232133,25.931525999999998,538.6362,538.6219
512165317.82270426,12.235140999999999,25.930837999999998,539.4814,539.4670
512165317.8736398,12.23815,25.930151,539.7639,539.7496
512165317.9245753,12.241159,25.929463,540.2180,540.2037
512165317.9755108,12.244167,25.928774999999998,540.5669,540.5526
512165318.0264452,12.247176,25.928086999999998,541.1398,541.1255
512165318.07738066,12.250185,25.927398999999998,541.4272,541.4129
512165318.1283161,12.253193,25.926712,541.8168,541.8025
512165318.1792517,12.256202,25.926023999999998,542.2439,542.2296
512165318.2301871,12.259210999999999,25.925335999999998,543.2514,543.2372
512165318.2811227,12.262219,25.924647999999998,543.0517,543.0375
512165318.33205813,12.265227999999999,25.923959999999997,543.8075,543.7933
512165318.38299364,12.268237,25.923271999999997,544.4364,544.4222
512165318.43392915,12.271244999999999,25.922584999999998,544.9732,544.9589
512165318.48486465,12.274253999999999,25.921896999999998,545.9317,545.9175
512165318.5358002,12.277263,25.921208999999998,546.7318,546.7176
512165318.58673567,12.280270999999999,25.920520999999997,547.2240,547.2098
512165318.6376712,12.28328,25.919833,547.7209,547.7067
512165318.6886067,12.286289,25.919145,548.3175,548.3034
512165318.7395422,12.289297,25.918457,548.9658,548.9517
512165318.79047775,12.292306,25.917769,549.4986,549.4845
512165318.8414132,12.295314999999999,25.917081,550.0166,550.0024
512165318.89234877,12.298323,25.916393,550.7310,550.7168
512165318.9432843,12.301331999999999,25.915705,550.9491,550.9350
512165318.9942197,12.304340999999999,25.915017,548.7520,548.7379
512165319.04515624,12.307349,25.914329,547.8430,547.8289
512165319.09609175,12.310357999999999,25.913641,546.8213,546.8072
512165319.1470272,12.313367,25.912952999999998,544.8570,544.8429
512165319.19796276,12.316374999999999,25.912264999999998,544.4162,544.4022
512165319.24889815,12.319384,25.911576999999998,544.6172,544.6031
512165319.2998337,12.322393,25.910888999999997,544.4204,544.4063
512165319.3507692,12.325401,25.910200999999997,545.3006,545.2866
512165319.4017047,12.32841,25.909513,546.7903,546.7762
512165319.45264024,12.331418999999999,25.908825,548.0777,548.0637
512165319.50357574,12.334427,25.908136,548.7790,548.7649
512165319.55451125,12.337436,25.907448,553.2897,553.2757
512165319.65638226,12.343453,25.906071999999998,551.0074,550.9933
512165320.4204137,12.388582999999999,25.895749,551.5687,551.5548
512165320.47134924,12.391591,25.895059999999997,551.8897,551.8758
512165320.52228475,12.394599999999999,25.894371999999997,552.5747,552.5608
512165320.57322025,12.397609,25.893684,552.6076,552.5937
512165320.62415576,12.400616999999999,25.892995,553.1917,553.1778
512165320.67509097,12.403626,25.892307,554.4834,554.4694
512165320.72602654,12.406633999999999,25.891619,554.9977,554.9837
512165320.77696204,12.409642999999999,25.890929999999997,554.7217,554.7077
512165320.82789755,12.412652,25.890241999999997,554.8389,554.8249
512165320.878833,12.415659999999999,25.889553,554.9509,554.9369
512165320.92976856,12.418669,25.888865,554.7215,554.7076
512165320.980704,12.421676999999999,25.888175999999998,556.6271,556.6132
512165321.03164047,12.424686,25.887487999999998,559.2842,559.2704
512165321.1335115,12.430703,25.886111,558.1287,558.1148
512165321.2353825,12.436720999999999,25.884733999999998,558.2197,558.2058
512165321.3372536,12.442738,25.883357,557.1176,557.1037
512165321.388189,12.445746,25.882669,556.0557,556.0418
512165321.43912435,12.448755,25.88198,555.6198,555.6059
512165321.4900598,12.451763999999999,25.881292,554.9652,554.9514
512165321.54099536,12.454772,25.880602999999997,554.3015,554.2877
512165321.59193087,12.457780999999999,25.879914,553.1949,553.1810
512165321.6428663,12.460789,25.879226,552.5713,552.5574
512165321.6938019,12.463797999999999,25.878536999999998,552.3186,552.3048
512165321.7447373,12.466807,25.877848999999998,553.2370,553.2232
512165321.7956729,12.469814999999999,25.87716,554.3426,554.3288
512165321.8466084,12.472824,25.876472,553.4478,553.4340
512165321.89754385,12.475831999999999,25.875783,553.8168,553.8030
512165321.9484794,12.478841,25.875093999999997,565.5170,565.5032
512165321.99941486,12.481848999999999,25.874406,555.0948,555.0810
512165322.0503495,12.484858,25.873717,551.5832,551.5694
512165322.1012849,12.487867,25.873027999999998,564.8510,564.8372
512165322.1522205,12.490874999999999,25.872339999999998,567.3050,567.2912
512165322.203156,12.493884,25.871651,567.7743,567.7605
512165322.25409144,12.496891999999999,25.870962,568.5516,568.5378
512165322.30502695,12.499901,25.870274,568.9186,568.9048
512165322.3559625,12.50291,25.869584999999997,569.4491,569.4354
512165322.4068978,12.505918,25.868896,569.0093,568.9955
512165322.45783323,12.508927,25.868206999999998,568.7670,568.7532
512165322.5087688,12.511935,25.867518999999998,568.7689,568.7552
512165322.55970424,12.514944,25.86683,570.3229,570.3091
512165322.6106398,12.517952,25.866141,571.4368,571.4230
512165322.66157526,12.520961,25.865451999999998,571.8073,571.7936
512165322.71251076,12.523969,25.864763,572.8181,572.8044
512165322.7634463,12.526978,25.864075,573.6519,573.6382
512165322.8143818,12.529987,25.863386,573.9545,573.9408
512165322.8653173,12.532995,25.862696999999997,574.7093,574.6956
512165322.9162528,12.536004,25.862008,575.6175,575.6038
512165322.9671883,12.539012,25.861318999999998,576.4221,576.4084
512165323.0181239,12.542021,25.86063,577.1589,577.1452
512165323.0690604,12.545029,25.859942,578.2183,578.2046
512165323.1199959,12.548038,25.859253,578.9315,578.9178
512165323.1709314,12.551046999999999,25.858563999999998,580.1119,580.0982
512165323.2218669,12.554055,25.857875,580.6245,580.6108
512165323.2728024,12.557063999999999,25.857186,581.7405,581.7268
512165323.3237379,12.560072,25.856496999999997,582.9220,582.9084
512165323.3746734,12.563080999999999,25.855808,583.1894,583.1758
512165323.42560893,12.566089,25.855119,584.2488,584.2351
512165323.4765444,12.569097999999999,25.854429999999997,584.9517,584.9380
512165323.52747995,12.572106,25.853741,585.1427,585.1291
512165323.57841545,12.575115,25.853051999999998,586.1079,586.0943
512165323.6293509,12.578123999999999,25.852363,585.7361,585.7224
512165323.6802864,12.581132,25.851674,585.6745,585.6609
512165323.7312219,12.584140999999999,25.850984999999998,586.2339,586.2203
512165323.7821574,12.587149,25.850296,585.2878,585.2742
512165323.833093,12.590157999999999,25.849607,586.0531,586.0394
512165323.88402843,12.593166,25.848917999999998,587.0008,586.9872
512165323.93496394,12.596174999999999,25.848229,588.5714,588.5578
512165323.9858995,12.599183,25.84754,590.2510,590.2374
512165324.03683376,12.602191999999999,25.846850999999997,589.4229,589.4093
512165324.0877693,12.6052,25.846162,590.1447,590.1311
512165324.1387048,12.608208999999999,25.845473,590.9421,590.9286
512165324.18964034,12.611217,25.844783,591.8140,591.8005
512165324.2405758,12.614225999999999,25.844094,592.0581,592.0446
512165324.2915113,12.617234,25.843404999999997,591.8174,591.8039
512165324.3424468,12.620242999999999,25.842716,592.2156,592.2021
512165324.3933823,12.623251,25.842026999999998,591.9678,591.9543
512165324.4443179,12.62626,25.841338,591.8570,591.8435
512165324.4952533,12.629268,25.840647999999998,591.6910,591.6775
512165324.5461889,12.632277,25.839959,592.1359,592.1224
512165324.5971244,12.635285999999999,25.83927,591.6125,591.5990
512165324.64805984,12.638294,25.838580999999998,591.6327,591.6192
512165324.6989954,12.641302999999999,25.837892,591.6822,591.6687
512165324.74993086,12.644311,25.837201999999998,592.0044,591.9910
512165324.8008664,12.647319999999999,25.836513,592.4765,592.4631
512165324.85180193,12.650328,25.835824,592.6370,592.6236
512165324.90273744,12.653336999999999,25.835134999999998,593.0717,593.0583
512165324.95367295,12.656345,25.834445,593.7583,593.7449
512165325.00460845,12.659353999999999,25.833755999999997,594.0872,594.0738
512165325.05554485,12.662362,25.833067,594.3480,594.3346
512165325.10648036,12.665370999999999,25.832376999999997,594.6320,594.6186
512165325.1574159,12.668379,25.831688,595.3234,595.3100
512165325.2083514,12.671387999999999,25.830999,595.8832,595.8698
512165325.2592869,12.674396,25.830309,596.4199,596.4065
512165325.3102224,12.677405,25.82962,597.5551,597.5418
512165325.3611579,12.680413,25.82893,598.3104,598.2970
512165325.41209346,12.683422,25.828241,598.8529,598.8396
512165325.4630289,12.68643,25.827551999999997,599.5016,599.4882
512165325.5139645,12.689439,25.826862,599.5662,599.5529
512165325.5648999,12.692447,25.826172999999997,599.8507,599.8374
512165325.6158355,12.695456,25.825483,600.6636,600.6503
512165325.666771,12.698464,25.824793999999997,600.9661,600.9528
512165325.71770644,12.701473,25.824105,601.8326,601.8192
512165325.768642,12.704481,25.823414999999997,602.3647,602.3514
512165325.8195773,12.70749,25.822726,603.4019,603.3885
512165325.8705128,12.710498,25.822035999999997,604.1806,604.1673
512165325.9214483,12.713507,25.821347,604.9655,604.9522
512165325.97238374,12.716515,25.820656999999997,605.3038,605.2905
512165326.02331835,12.719522999999999,25.819968,605.9089,605.8956
512165326.0742538,12.722532,25.819277999999997,606.7684,606.7551
512165326.12518936,12.725539999999999,25.818588,607.5670,607.5537
512165326.1761249,12.728549,25.817899,608.1659,608.1527
512165326.2270604,12.731556999999999,25.817209,608.9086,608.8953
512165326.2779959,12.734566,25.81652,609.5109,609.4977
512165326.3289314,12.737573999999999,25.81583,610.3361,610.3229
512165326.3798669,12.740582999999999,25.815141,610.8117,610.7985
512165326.4308024,12.743590999999999,25.814451,611.7877,611.7745
512165326.4817379,12.746599999999999,25.813761,612.7848,612.7716
512165326.5326734,12.749608,25.813072,614.1323,614.1191
512165326.583609,12.752616999999999,25.812382,615.5608,615.5477
512165326.6345444,12.755625,25.811691999999997,616.8328,616.8196
512165326.68547994,12.758633999999999,25.811003,618.5637,618.5505
512165326.7364154,12.761642,25.810312999999997,620.0023,619.9892
512165326.78735065,12.764650999999999,25.809623,621.5296,621.5165
512165326.83828616,12.767659,25.808933999999997,622.3691,622.3559
512165326.88922167,12.770667,25.808244,622.5415,622.5284
512165326.9401572,12.773676,25.807554,623.1172,623.1041
512165326.9910927,12.776684,25.806863999999997,623.2124,623.1993
512165327.0420294,12.779693,25.806175,624.1316,624.1185
512165327.09296495,12.782701,25.805484999999997,624.2409,624.2278
512165327.1439002,12.78571,25.804795,626.3450,626.3320
512165327.1948357,12.788718,25.804105,626.2045,626.1914
512165327.2457712,12.791727,25.803416,621.4793,621.4662
512165327.29670644,12.794735,25.802726,623.1763,623.1633
512165327.347642,12.797744,25.802035999999998,622.1382,622.1251
512165327.60231954,12.812786,25.798586999999998,623.8107,623.7977
512165327.65325505,12.815793999999999,25.797897,620.3784,620.3654
512165327.70419055,12.818802999999999,25.797207,644.4941,644.4810
512165329.0794492,12.90003,25.778575,603.9838,603.9709
512165329.1303846,12.903037999999999,25.777884999999998,602.6173,602.6044
512165329.7416108,12.939138999999999,25.769602,637.2162,637.2034
512165329.84348154,12.945155999999999,25.768221,638.5156,638.5028
512165329.8944171,12.948164,25.767530999999998,638.8854,638.8727
512165329.94535255,12.951172999999999,25.76684,639.1700,639.1573
512165329.9962881,12.954181,25.76615,639.6515,639.6388
512165330.0472224,12.957189,25.765459,639.8876,639.8749
512165330.0981579,12.960198,25.764768999999998,639.7334,639.7207
512165330.14909345,12.963206,25.764077999999998,640.4246,640.4119
512165330.2000289,12.966213999999999,25.763388,640.5071,640.4945
512165330.25096446,12.969223,25.762698,640.8010,640.7883
512165330.3018999,12.972230999999999,25.762007,640.6859,640.6732
512165330.3528355,12.975239,25.761317,640.9968,640.9841
512165330.4037709,12.978247999999999,25.760626,624.1279,624.1152
512165330.45470643,12.981256,25.759936,625.9955,625.9828
512165330.505642,12.984264999999999,25.759245,626.7847,626.7721
512165330.811255,13.002315,25.755101999999997,631.0460,631.0333
512165330.86219054,13.005322999999999,25.754410999999998,632.0682,632.0556
512165330.91312605,13.008331,25.753719999999998,632.4783,632.4657
512165330.96406144,13.011339999999999,25.75303,633.0838,633.0712
512165331.014997,13.014348,25.752339,633.6940,633.6814
512165332.0337088,13.074515,25.738523999999998,638.3704,638.3579
512165332.0846443,13.077523,25.737833,638.1072,638.0947
512165332.1355798,13.080532,25.737142,638.0074,637.9950
512165332.69587046,13.113622999999999,25.729540999999998,641.9834,641.9710
512165332.7468059,13.116631,25.728849999999998,642.1619,642.1496
512165332.7977415,13.119639,25.728158999999998,642.7224,642.7101
512165332.8486769,13.122648,25.727468,642.6175,642.6052
512165333.61270833,13.167772,25.717101,647.7417,647.7294
512165333.66364384,13.170779999999999,25.71641,647.9403,647.9281
512165333.71457934,13.173789,25.715719,648.4352,648.4230
512165335.0389023,13.252003,25.697741999999998,657.0932,657.0811
512165335.0898378,13.255011,25.697049999999997,657.1606,657.1485
512165335.1407733,13.25802,25.696358999999998,658.4665,658.4544
512165335.19170874,13.261028,25.695667,659.6943,659.6823
512165335.2426443,13.264035999999999,25.694975,659.1789,659.1669
512165335.85387045,13.300135,25.686674999999997,661.4209,661.4090
512165335.9557412,13.306151,25.685292,660.8384,660.8265
512165336.0066767,13.309159,25.6846,660.9636,660.9517
512165336.0576134,13.312168,25.683908,661.0994,661.0875
512165336.1085489,13.315176,25.683215999999998,661.4337,661.4218
512165336.1594844,13.318183999999999,25.682523999999997,661.6546,661.6427
512165336.2104199,13.321192,25.681832999999997,664.0184,664.0065
512165336.2613554,13.3242,25.681141,662.3447,662.3328
512165336.31229067,13.327209,25.680449,662.4084,662.3965
512165336.3632262,13.330217,25.679757,662.6176,662.6057
512165336.4141617,13.333224999999999,25.679064999999998,662.4681,662.4562
512165337.0763223,13.372332,25.67007,659.1664,659.1546
512165337.4328707,13.393388999999999,25.665225,652.5991,652.5874
512165337.4838061,13.396396999999999,25.664533,681.7040,681.6923
512165337.5347417,13.399405,25.663840999999998,682.0170,682.0053
512165337.5856771,13.402413,25.663148999999997,681.3645,681.3527
512165337.63661265,13.405420999999999,25.662457,681.4649,681.4531
512165337.68754816,13.40843,25.661763999999998,681.8401,681.8284
512165337.7384836,13.411437999999999,25.661071999999997,681.6249,681.6132
512165337.7894192,13.414446,25.66038,681.8829,681.8712
512165337.8403546,13.417454,25.659688,681.9140,681.9023
512165337.8912902,13.420461999999999,25.658996,683.0967,683.0850
512165337.9422257,13.42347,25.658303,683.0293,683.0176
512165337.9931612,13.426478999999999,25.657611,683.4049,683.3932
512165338.04409766,13.429487,25.656919,683.2337,683.2220
512165338.0950332,13.432495,25.656226,684.2422,684.2305
512165338.1459687,13.435502999999999,25.655534,684.3452,684.3335
512165338.19690424,13.438511,25.654842,684.6153,684.6036
512165338.24783975,13.441519,25.654149999999998,687.7530,687.7413
512165338.2987752,13.444526999999999,25.653457,688.7266,688.7150
512165338.34971076,13.447536,25.652765,689.5558,689.5442
512165338.4006462,13.450543999999999,25.652072999999998,690.4616,690.4500
512165338.4515818,13.453552,25.65138,691.3460,691.3343
512165338.5025172,13.45656,25.650688,692.1956,692.1839
512165338.5534528,13.459567999999999,25.649995,693.1138,693.1021
512165338.60438824,13.462575999999999,25.649303,694.1602,694.1485
512165338.6553237,13.465584,25.648611,695.1312,695.1196
512165338.70625925,13.468593,25.647917999999997,695.9705,695.9589
512165338.75719476,13.471601,25.647226,695.9170,695.9054
512165338.8081302,13.474609,25.646532999999998,696.4992,696.4876
512165338.8590658,13.477616999999999,25.645840999999997,696.4820,696.4704
512165338.9100013,13.480625,25.645148,699.7169,699.7053
512165338.9609368,13.483633,25.644455999999998,700.2901,700.2785
512165339.0118723,13.486640999999999,25.643763999999997,701.4640,701.4524
512165339.06280655,13.489649,25.643071,701.8727,701.8611
512165339.1137421,13.492657999999999,25.642379,702.7313,702.7197
512165339.1646773,13.495666,25.641686,703.3632,703.3516
512165339.2156129,13.498674,25.640992999999998,703.9839,703.9723
512165339.2665484,13.501681999999999,25.640300999999997,704.7930,704.7814
512165339.31748384,13.50469,25.639608,708.1356,708.1240
512165339.3684194,13.507698,25.638916,704.9532,704.9416
512165339.41935486,13.510705999999999,25.638223,707.6339,707.6223
512165339.4702904,13.513714,25.637531,708.4433,708.4317
512165339.5212259,13.516722999999999,25.636837999999997,705.8408,705.8292
512165340.2343239,13.558836,25.627139999999997,735.0739,735.0624
512165340.5908725,13.579893,25.62229,741.8618,741.8504
512165340.6418081,13.582901,25.621598,754.3190,754.3075
512165340.69274354,13.585909,25.620905,761.9361,761.9247
512165340.7436788,13.588916999999999,25.620212,767.3416,767.3301
512165341.5586457,13.637046,25.609123999999998,812.0907,812.0794
512165341.6095813,13.640054,25.608431,814.8200,814.8088
512165341.66051674,13.643061999999999,25.607737,816.5732,816.5620
512165341.71145207,13.64607,25.607044,817.7500,817.7388
512165341.7623876,13.649078,25.606351,817.5196,817.5084
512165341.81332296,13.652085999999999,25.605658,823.4123,823.4011
512165341.8642586,13.655094,25.604965,822.0686,822.0574
512165341.91519403,13.658102,25.604271999999998,824.4344,824.4232
512165341.9661295,13.661109999999999,25.603579,830.6326,830.6214
512165342.01706505,13.664118,25.602885,832.3403,832.3291
512165342.0680015,13.667126,25.602192,835.9440,835.9328
512165342.118937,13.670134,25.601499,838.3853,838.3741
512165342.2717433,13.679158,25.599418999999997,845.8993,845.8882
512165342.32267874,13.682165999999999,25.598726,849.0986,849.0875
512165342.3736143,13.685174,25.598032999999997,855.2334,855.2223
512165342.4245498,13.688182999999999,25.597338999999998,856.9092,856.8981
512165342.4754853,13.691191,25.596646,861.3858,861.3747
512165342.52642083,13.694199,25.595952999999998,864.0768,864.0657
512165342.5773564,13.697206999999999,25.595259,867.5520,867.5409
512165342.62829185,13.700215,25.594566,873.9680,873.9569
512165342.6792274,13.703223,25.593873,884.0832,884.0721
512165342.73016286,13.706230999999999,25.593179,885.9501,885.9390
512165342.78109837,13.709239,25.592485999999997,887.1162,887.1051
512165342.83203393,13.712247,25.591791999999998,885.7975,885.7864
512165342.8829694,13.715254999999999,25.591099,886.7552,886.7441
512165342.93390495,13.718262999999999,25.590405999999998,888.2322,888.2211
512165342.9848404,13.721271,25.589712,887.1924,887.1813
512165343.0357747,13.724279,25.589019,883.5507,883.5396
512165343.1376457,13.730295,25.587632,895.1860,895.1749
512165343.3413878,13.742327,25.584858,916.8476,916.8365
512165343.3923232,13.745334999999999,25.584163999999998,914.6119,914.6009
512165343.4432588,13.748343,25.583471,913.6280,913.6169
512165343.49419427,13.751351,25.582777,912.8681,912.8571
512165343.5451297,13.754359,25.582084,912.6277,912.6167
512165343.5960653,13.757366999999999,25.58139,913.0191,913.0080
512165343.64700073,13.760375,25.580696,911.1987,911.1877
512165343.69793606,13.763383,25.580002999999998,907.7514,907.7404
512165346.8559382,13.949874999999999,25.536974999999998,866.8954,866.8848
512165346.9068737,13.952883,25.536281,869.6387,869.6281
512165346.95780927,13.955891,25.535586,871.9980,871.9875
512165347.72184056,14.001009,25.525168999999998,892.8385,892.8280
512165347.77277607,14.004017,25.524473999999998,889.0195,889.0091
512165347.82371163,14.007024999999999,25.52378,888.3167,888.3062
512165347.8746471,14.010033,25.523085,888.9528,888.9424
512165349.0970989,14.082220999999999,25.50641,965.6561,965.6459
512165349.14803433,14.085229,25.505715,965.6861,965.6759
512165349.1989698,14.088237,25.50502,965.0684,965.0581
512165349.24990535,14.091244999999999,25.504324999999998,965.9310,965.9207
512165349.6064539,14.1123,25.49946,945.5538,945.5436
512165350.2686164,14.151401,25.490423,938.3662,938.3562
512165350.3195519,14.154409,25.489728,939.7017,939.6916
512165350.37048745,14.157416999999999,25.489033,940.2400,940.2300
512165350.4214229,14.160423999999999,25.488338,941.7559,941.7458
512165350.47235847,14.163432,25.487641999999997,942.8699,942.8599
512165351.4401319,14.22058,25.474429999999998,982.1853,982.1753
512165351.4910674,14.223588,25.473734,984.2503,984.2403
512165351.5420029,14.226595,25.473039,986.1383,986.1283
512165351.5929384,14.229603,25.472343,987.8487,987.8387
512165351.64387393,14.232610999999999,25.471648,988.5887,988.5787
512165351.69480944,14.235619,25.470952,992.3378,992.3278
512165351.7457447,14.238626,25.470257,995.0269,995.0169
512165351.79668,14.241634,25.469561,998.4412,998.4313
512165351.8476155,14.244641999999999,25.468864999999997,997.5968,997.5869
512165351.89855105,14.24765,25.468169999999997,997.8141,997.8042
512165352.10229415,14.259680999999999,25.465387,1018.7876,1018.7777
512165352.2041649,14.265696,25.463995999999998,1025.4884,1025.4785
512165352.71352005,14.295772999999999,25.457037999999997,1054.5612,1054.5514
512165352.91726184,14.307803999999999,25.454254,1077.1885,1077.1788
512165353.01913285,14.31382,25.452862999999997,1076.8561,1076.8464
512165353.0700674,14.316827,25.452167,1077.8447,1077.8350
512165353.1210027,14.319835,25.451470999999998,1079.7787,1079.7690
512165353.22287375,14.325851,25.450079,1083.8347,1083.8251
512165353.2738092,14.328857999999999,25.449382999999997,1085.4293,1085.4197
512165353.3247447,14.331866,25.448687,1101.2751,1101.2655
512165353.37568015,14.334874,25.447991,1101.5404,1101.5307
512165353.4266157,14.337881,25.447295,1100.1115,1100.1018
512165353.47755116,14.340888999999999,25.446599,1097.1067,1097.0970
512165355.2602939,14.446157999999999,25.42223,1012.9490,1012.9396
512165355.3621649,14.452173,25.420837,1005.0510,1005.0415
512165355.4131005,14.455179999999999,25.42014,1020.2247,1020.2153
512165355.464036,14.458188,25.419444,1020.9174,1020.9079
512165356.2790053,14.50631,25.408298,950.3934,950.3840
512165356.32994074,14.509317999999999,25.407601,954.5648,954.5555
512165356.3808763,14.512324999999999,25.406903999999997,954.4110,954.4016
512165356.4318118,14.515333,25.406207,943.6690,943.6597
512165356.4827473,14.518341,25.405511,928.8099,928.8005
512165356.5336828,14.521348,25.404814,935.0973,935.0879
512165357.75613374,14.59353,25.388087,918.0043,917.9951
512165357.80706924,14.596537999999999,25.387389,916.1508,916.1416
512165357.8580048,14.599544999999999,25.386692,913.6249,913.6157
512165357.9598758,14.605559999999999,25.385298,909.0437,909.0345
512165358.0108113,14.608568,25.384601,909.2766,909.2674
512165359.0804567,14.671726,25.369957,920.3246,920.3157
512165359.53887606,14.698794,25.363678999999998,935.0743,935.0654
512165360.2519741,14.740898999999999,25.353911999999998,932.0113,932.0024
512165360.3029098,14.743907,25.353213999999998,936.5837,936.5748
512165360.50665164,14.755936,25.350423,938.0857,938.0768
512165361.01600647,14.786010999999998,25.343443999999998,952.7025,952.6937
512165361.06694096,14.789019,25.342745999999998,940.0530,940.0442
512165361.1178765,14.792026,25.342048,953.9872,953.9784
512165361.16881204,14.795033,25.34135,955.0549,955.0461
512165361.21974754,14.798041,25.340652,955.0824,955.0737
512165361.27068305,14.801048,25.339954,956.6481,956.6394
512165361.3216185,14.804056,25.339254999999998,957.4464,957.4376
512165361.37255406,14.807063,25.338556999999998,953.5219,953.5132
512165361.4234896,14.810070999999999,25.337858999999998,956.1962,956.1875
512165361.474425,14.813077999999999,25.337161,966.1037,966.0950
512165361.5253606,14.816085999999999,25.336463,967.1150,967.1063
512165361.57629603,14.819092999999999,25.335765,968.0067,967.9980
512165361.62723154,14.822101,25.335067,968.2778,968.2691
512165361.67816705,14.825108,25.334369,968.9723,968.9637
512165361.72910255,14.828114999999999,25.333671,968.4366,968.4279
512165361.78003806,14.831123,25.332971999999998,968.9312,968.9225
512165361.8309735,14.83413,25.332273999999998,969.7803,969.7717
512165361.8819091,14.837138,25.331576,967.6746,967.6660
512165362.59500694,14.879242,25.3218,1008.5241,1008.5156
512165362.74781317,14.888264,25.319705,1009.7938,1009.7853
512165362.8496842,14.894279,25.318308,1018.9680,1018.9595
512165364.1230715,14.969463,25.300842,1128.9850,1128.9766
512165364.174007,14.972470999999999,25.300143,1128.0995,1128.0912
512165364.22494245,14.975477999999999,25.299445,1136.8310,1136.8226
512165364.275878,14.978485,25.298745999999998,1147.1303,1147.1219
512165364.32681346,14.981492999999999,25.298047,1149.7075,1149.6992
512165364.37774897,14.984499999999999,25.297348,1153.0141,1153.0058
512165364.4286845,14.987506999999999,25.296649,1154.0621,1154.0538
512165364.47961974,14.990514999999998,25.295949999999998,1154.2557,1154.2474
512165364.53055525,14.993521999999999,25.295251,1155.1149,1155.1066
512165364.5814908,14.996528999999999,25.294553,1154.2723,1154.2640
512165366.7207818,15.122836999999999,25.265186,1087.8861,1087.8781
512165366.77171737,15.125843999999999,25.264487,1088.8739,1088.8659
512165366.8226529,15.128851,25.263786999999997,1089.8756,1089.8676
512165366.8735884,15.131858,25.263087,1090.9605,1090.9524
512165366.9245239,15.134865999999999,25.262387999999998,1091.7356,1091.7276
512165366.97545934,15.137872999999999,25.261688,1091.7518,1091.7438
512165367.0263958,15.14088,25.260989,1092.6184,1092.6104
512165367.0773313,15.143887,25.260289,1095.0239,1095.0159
512165367.1282669,15.146894999999999,25.25959,1096.1212,1096.1132
512165367.1792023,15.149901999999999,25.258889999999997,1100.5142,1100.5062
512165367.2301379,15.152909,25.25819,1098.1067,1098.0988
512165367.2810734,15.155916999999999,25.257490999999998,1099.5387,1099.5308
512165367.33200884,15.158923999999999,25.256791,1097.3437,1097.3358
512165367.3829444,15.161931,25.256090999999998,1096.1503,1096.1424
512165367.4848154,15.167945999999999,25.254692,1093.3800,1093.3721
512165367.5357509,15.170952999999999,25.253992,1091.0588,1091.0509
512165367.58668643,15.17396,25.253293,1090.2671,1090.2592
512165369.0638159,15.26117,25.232995,1147.5182,1147.5105
512165372.33772093,15.454455,25.187965,844.0012,843.9940
512165372.3886564,15.457462,25.187264,847.2499,847.2426
512165372.43959194,15.460469999999999,25.186563,839.1845,839.1772
512165372.84707576,15.484525999999999,25.180954,893.4930,893.4857
512165372.89801115,15.487532999999999,25.180253,889.2547,889.2475
512165373.1017542,15.499562,25.177448,909.3101,909.3029
512165373.15268975,15.502569,25.176747,905.1559,905.1487
512165373.2036252,15.505576,25.176046,901.5184,901.5112
512165373.5092383,15.523617999999999,25.171837999999997,908.9778,908.9706
512165373.6620448,15.532639,25.169734,908.0910,908.0839
512165373.76391584,15.538653,25.168331,907.2220,907.2149
512165374.0695277,15.556695,25.164122,898.8428,898.8357
512165374.2223341,15.565716,25.162018,893.9801,893.9730
512165375.0882388,15.616836,25.150088999999998,875.2125,875.2055
512165375.3429165,15.631870999999999,25.14658,861.6181,861.6112
512165375.39385176,15.634877999999999,25.145878,860.1865,860.1796
512165375.4957228,15.640892,25.144475,846.8253,846.8184
512165375.5466583,15.643899,25.143773,849.7270,849.7202
512165375.5975938,15.646906,25.143071,849.4623,849.4554
512165375.6485293,15.649913,25.142369,852.1664,852.1595
512165375.69946474,15.65292,25.141666999999998,853.3165,853.3096
512165375.7504003,15.655927,25.140964999999998,857.5062,857.4993
512165375.8013358,15.658933999999999,25.140262999999997,858.1543,858.1475
512165375.8522713,15.66194,25.139561,853.3812,853.3744
512165375.9032068,15.664947,25.138859,853.2389,853.2321
512165375.9541424,15.667954,25.138157,857.2024,857.1956
512165376.00507784,15.670961,25.137455,855.6338,855.6270
512165376.0560124,15.673967999999999,25.136753,855.3906,855.3838
512165376.1069479,15.676974999999999,25.136051,854.9269,854.9202
512165376.2088189,15.682989,25.134646999999998,855.9500,855.9432
512165376.2597544,15.685996,25.133944999999997,855.3353,855.3285
512165376.3616252,15.69201,25.13254,854.2500,854.2433
512165376.4125607,15.695017,25.131838,852.7913,852.7845
512165376.4634962,15.698023999999998,25.131135999999998,851.9549,851.9481
512165377.4822073,15.758163,25.117089999999997,867.7519,867.7453
512165377.53314286,15.76117,25.116387,867.2880,867.2814
512165377.5840783,15.764175999999999,25.115685,866.0977,866.0911
512165377.6350139,15.767183,25.114981999999998,864.0934,864.0867
512165377.6859493,15.77019,25.114279999999997,862.6151,862.6084
512165377.73688483,15.773197,25.113577,861.1716,861.1649
512165378.7555938,15.833335,25.099524,817.4114,817.4049
512165378.8065293,15.836342,25.098820999999997,822.7368,822.7303
512165378.8574648,15.839348999999999,25.098118,824.5667,824.5603
512165378.9084003,15.842355,25.097414999999998,823.1588,823.1524
512165380.1308522,15.91452,25.080541999999998,873.1451,873.1388
512165380.18178767,15.917527,25.079839,870.6825,870.6762
512165380.23272324,15.920532999999999,25.079136,869.3399,869.3337
512165380.2836587,15.92354,25.078432,867.5402,867.5339
512165382.47388524,16.052832,25.048178999999998,759.0725,759.0665
512165382.5248208,16.055837999999998,25.047475,763.0257,763.0198
512165382.6266919,16.061852,25.046066999999997,741.0718,741.0659
512165382.7285631,16.067864999999998,25.044659,739.1861,739.1802
512165384.9187894,16.197153,25.014374999999998,759.6139,759.6083
512165384.9697249,16.20016,25.013669999999998,758.6632,758.6576
512165385.02066046,16.203166,25.012966,770.5491,770.5435
512165385.0715968,16.206173,25.012261,766.6249,766.6193
512165385.1225323,16.20918,25.011556,765.8935,765.8879
512165385.1734679,16.212186,25.010852,762.3555,762.3500
512165385.2244033,16.215193,25.010147,759.0334,759.0278
512165386.5996611,16.296371,24.991115,678.6343,678.6288
512165386.70153207,16.302385,24.989704999999997,675.5374,675.5320
512165386.75246763,16.305391,24.988999999999997,673.6975,673.6921
512165386.8034031,16.308398,24.988294,672.0835,672.0781
512165386.85433865,16.311404,24.987589,670.9897,670.9843
512165387.36369467,16.341469999999997,24.980536999999998,662.8935,662.8881
512165387.4146301,16.344476999999998,24.979830999999997,662.0155,662.0101
512165387.4655657,16.347483,24.979125999999997,660.3231,660.3178
512165387.5165011,16.35049,24.978420999999997,659.4398,659.4345
512165387.56743675,16.353496,24.977715,654.8776,654.8723
512165387.61837214,16.356503,24.97701,651.4538,651.4485
512165387.66930765,16.35951,24.976305,647.7980,647.7928
512165387.7202432,16.362516,24.975599,660.4176,660.4124
512165387.77117866,16.365523,24.974894,660.2764,660.2712
512165387.8221142,16.368529,24.974187999999998,661.8939,661.8886
512165387.8730497,16.371536,24.973482999999998,661.6298,661.6245
512165387.92398524,16.374541999999998,24.972776999999997,660.5297,660.5245
512165388.127726,16.386568,24.969955,655.5079,655.5027
512165388.1786616,16.389575,24.96925,653.7744,653.7692
512165388.2295971,16.392581,24.968543999999998,651.8588,651.8536
512165388.28053254,16.395588,24.967838999999998,650.0663,650.0611
512165388.3314681,16.398595,24.967133,648.5252,648.5200
512165388.38240355,16.401601,24.966427,647.4285,647.4233
512165388.4333391,16.404608,24.965722,645.6236,645.6184
512165388.8408232,16.42866,24.960075999999997,666.7352,666.7301
512165388.8917587,16.431666,24.95937,666.4273,666.4222
512165388.9426942,16.434673,24.958665,666.1280,666.1229
512165388.9936297,16.437679,24.957959,665.5735,665.5684
512165389.04456615,16.440686,24.957252999999998,664.7719,664.7668
512165389.0955016,16.443692,24.956547,663.8953,663.8903
512165389.14643717,16.446699,24.955841,661.9552,661.9501
512165389.1973726,16.449704999999998,24.955136,661.7813,661.7762
512165389.2483082,16.452712,24.95443,661.6097,661.6047
512165389.2992437,16.455718,24.953723999999998,661.9726,661.9675
512165389.35017914,16.458724999999998,24.953018,662.6515,662.6464
512165389.4011147,16.461731,24.952312,664.0401,664.0351
512165389.4520502,16.464738,24.951605999999998,664.4504,664.4453
512165389.5029857,16.467744,24.950899999999997,665.1798,665.1748
512165389.5539212,16.470751,24.950194,665.5026,665.4976
512165389.60485667,16.473757,24.949488,665.3173,665.3122
512165389.65579224,16.476764,24.948781999999998,666.1392,666.1342
512165389.7067277,16.47977,24.948076,667.1569,667.1519
512165389.75766325,16.482777,24.94737,667.5954,667.5903
512165389.80859876,16.485782999999998,24.946664,667.5384,667.5334
512165390.2670171,16.512840999999998,24.940309,670.0880,670.0831
512165390.36888814,16.518853999999997,24.938896999999997,669.8992,669.8943
512165390.41982365,16.521860999999998,24.93819,670.2241,670.2192
512165390.4707592,16.524867,24.937483999999998,670.7343,670.7293
512165390.52169466,16.527874,24.936778,671.2066,671.2017
512165390.5726301,16.53088,24.936072,671.6839,671.6790
512165390.6235657,16.533886,24.935364999999997,672.1306,672.1257
512165390.6745011,16.536893,24.934659,672.9281,672.9232
512165390.72543675,16.539899,24.933953,674.6059,674.6010
512165390.77637213,16.542906,24.933246,673.0292,673.0244
512165390.82730764,16.545911999999998,24.93254,672.9686,672.9638
512165390.87824297,16.548918999999998,24.931834,673.8240,673.8192
512165390.9291784,16.551925,24.931127,673.2079,673.2031
512165390.9801139,16.554931,24.930421,671.9499,671.9451
512165391.0310506,16.557938,24.929714999999998,671.1406,671.1358
512165391.0819862,16.560944,24.929008,670.8103,670.8055
512165391.1329217,16.563951,24.928302,670.5854,670.5806
512165391.1838572,16.566957,24.927595,669.8706,669.8658
512165391.2347925,16.569964,24.926889,669.1954,669.1906
512165391.2857279,16.572969999999998,24.926181999999997,669.1807,669.1759
512165391.3366635,16.575976,24.925476,668.6568,668.6520
512165391.387599,16.578983,24.924768999999998,668.0972,668.0924
512165391.4385345,16.581989,24.924063,667.2281,667.2233
512165391.48947,16.584996,24.923356,666.7079,666.7031
512165391.5404056,16.588002,24.922649999999997,665.8910,665.8862
512165391.59134096,16.591009,24.921943,665.2000,665.1952
512165391.6422765,16.594015,24.921236,664.6016,664.5968
512165391.69321203,16.597020999999998,24.92053,664.0184,664.0136
512165391.7441475,16.600028,24.919822999999997,663.2582,663.2534
512165391.79508305,16.603034,24.919117,662.4686,662.4638
512165391.8460185,16.606040999999998,24.918409999999998,661.5239,661.5191
512165391.896954,16.609047,24.917703,660.3969,660.3921
512165391.94788957,16.612053,24.916997,658.2116,658.2068
512165391.998825,16.61506,24.91629,657.9246,657.9198
512165392.0497597,16.618066,24.915582999999998,656.8807,656.8759
512165392.1006951,16.621071999999998,24.914877,658.0521,658.0473
512165392.1516306,16.624079,24.91417,657.5371,657.5323
512165392.2025659,16.627085,24.913463,659.2527,659.2479
512165392.25350136,16.630091999999998,24.912755999999998,658.2739,658.2691
512165392.30443686,16.633098,24.912049,658.0463,658.0415
512165392.35537237,16.636104,24.911343,657.8201,657.8153
512165392.4063079,16.639111,24.910636,657.6557,657.6510
512165392.4572434,16.642117,24.909928999999998,657.2249,657.2202
512165392.5081789,16.645124,24.909222,656.9904,656.9857
512165392.55911446,16.64813,24.908514999999998,656.7829,656.7782
512165392.6100499,16.651135999999997,24.907808,656.3749,656.3702
512165392.66098547,16.654142999999998,24.907100999999997,656.8063,656.8016
512165392.7119209,16.657149,24.906395,656.2704,656.2657
512165392.7628565,16.660155,24.905687999999998,656.2562,656.2515
512165392.813792,16.663162,24.904981,655.7068,655.7021
512165392.86472744,16.666168,24.904273999999997,656.2865,656.2818
512165392.915663,16.669173999999998,24.903567,656.2383,656.2336
512165392.9665985,16.672181,24.90286,656.0179,656.0132
512165393.017534,16.675186999999998,24.902153,655.5071,655.5024
512165393.0684705,16.678193999999998,24.901446,655.6621,655.6574
512165393.11940604,16.6812,24.900738999999998,655.5821,655.5774
512165393.17034143,16.684206,24.900032,655.3057,655.3011
512165393.221277,16.687213,24.899324999999997,656.1297,656.1251
512165393.27221245,16.690219,24.898618,655.4018,655.3971
512165393.32314795,16.693224999999998,24.89791,655.2358,655.2311
512165393.3740835,16.696232,24.897202999999998,655.0925,655.0878
512165393.42501897,16.699237999999998,24.896496,654.6984,654.6938
512165393.4759545,16.702244,24.895789,654.5486,654.5440
512165393.52689004,16.705251,24.895082,654.4423,654.4377
512165393.5778255,16.708257,24.894375,653.7875,653.7829
512165393.62876105,16.711263,24.893667999999998,653.4412,653.4367
512165393.6796965,16.71427,24.89296,653.2615,653.2570
512165393.73063207,16.717276,24.892253,652.6209,652.6164
512165393.7815676,16.720282,24.891545999999998,652.4900,652.4854
512165393.8325031,16.723288999999998,24.890839,652.1860,652.1814
512165393.8834386,16.726295,24.890131,652.2018,652.1973
512165393.9343741,16.729301,24.889423999999998,651.6549,651.6504
512165393.9853096,16.732308,24.888717,651.9647,651.9602
512165394.03624386,16.735314,24.888009,652.0021,651.9976
512165394.08717936,16.738319999999998,24.887302,651.8803,651.8758
512165394.1381149,16.741327,24.886595,652.1153,652.1108
512165394.1890504,16.744332999999997,24.885887,651.9373,651.9328
512165394.23998594,16.747339,24.88518,651.8952,651.8907
512165394.29092145,16.750345,24.884473,651.8404,651.8359
512165394.34185696,16.753352,24.883765,652.1025,652.0981
512165394.39279246,16.756358,24.883058,652.2069,652.2024
512165394.4437279,16.759363999999998,24.88235,651.8273,651.8228
512165394.4946635,16.762370999999998,24.881643,651.8315,651.8270
512165394.545599,16.765377,24.880934999999997,651.4898,651.4854
512165394.5965345,16.768383,24.880228,651.2555,651.2511
512165394.64747,16.77139,24.87952,651.3185,651.3140
512165394.6984055,16.774396,24.878812999999997,651.1636,651.1591
512165394.74934095,16.777402,24.878104999999998,650.7749,650.7705
512165394.8002766,16.780407999999998,24.877398,650.7585,650.7541
512165394.85121197,16.783414999999998,24.87669,650.2859,650.2815
512165394.9021475,16.786421,24.875982999999998,650.3207,650.3163
512165394.95308304,16.789427,24.875275,649.8146,649.8102
512165395.0040185,16.792434,24.874568,649.5986,649.5942
512165395.054955,16.79544,24.87386,648.2640,648.2597
512165395.1058905,16.798446,24.873151999999997,647.4151,647.4107
512165395.15682596,16.801451999999998,24.872445,647.5505,647.5462
512165395.2077615,16.804458999999998,24.871737,647.3829,647.3785
512165395.25869703,16.807465,24.871029,647.3471,647.3428
512165395.30963254,16.810471,24.870321999999998,647.1536,647.1492
512165395.36056805,16.813478,24.869614,647.4077,647.4034
512165395.41150355,16.816484,24.868906,647.1271,647.1227
512165395.46243906,16.81949,24.868198,647.2931,647.2888
512165395.51337457,16.822496,24.867490999999998,647.2451,647.2407
512165395.5643101,16.825502999999998,24.866782999999998,647.1429,647.1386
512165395.61524534,16.828509,24.866075,647.0210,647.0166
512165395.66618085,16.831515,24.865367,647.0454,647.0411
512165395.71711636,16.834521,24.864659,647.1483,647.1440
512165395.7680518,16.837528,24.863951999999998,646.9977,646.9934
512165395.81898737,16.840533999999998,24.863243999999998,647.0676,647.0633
512165395.8699229,16.84354,24.862536,646.7532,646.7489
512165395.9208583,16.846546,24.861828,646.4684,646.4641
512165395.9717939,16.849553,24.86112,646.3407,646.3364
512165396.02272844,16.852559,24.860412,646.4886,646.4843
512165396.07366395,16.855565,24.859703999999997,646.3558,646.3516
512165396.12459946,16.858570999999998,24.858995999999998,646.3296,646.3253
512165396.17553496,16.861577999999998,24.858287999999998,646.2585,646.2542
512165396.2264704,16.864584,24.85758,645.8940,645.8898
512165396.277406,16.86759,24.856872,645.9697,645.9655
512165396.3283414,16.870596,24.856164,646.0091,646.0048
512165396.37927705,16.873601999999998,24.855456,646.0775,646.0733
512165396.43021244,16.876609,24.854747999999997,645.8880,645.8838
512165396.48114794,16.879614999999998,24.854039999999998,646.2871,646.2829
512165396.5320835,16.882621,24.853331999999998,646.5413,646.5371
512165396.5830187,16.885627,24.852624,646.7723,646.7681
512165396.6339542,16.888634,24.851916,647.1034,647.0992
512165396.68488973,16.89164,24.851208,647.1660,647.1619
512165396.73582524,16.894645999999998,24.8505,647.4034,647.3992
512165396.7867608,16.897652,24.849791,647.3969,647.3928
512165396.83769625,16.900658,24.849083,647.4023,647.3982
512165396.8886318,16.903665,24.848374999999997,647.1560,647.1519
512165396.93956727,16.906671,24.847666999999998,646.9522,646.9481
512165396.9905028,16.909677,24.846959,646.5531,646.5490
512165397.0414393,16.912682999999998,24.846249999999998,646.3934,646.3893
512165397.09237474,16.915689,24.845542,646.3253,646.3212
512165397.1433103,16.918696,24.844834,646.0010,645.9969
512165397.1942458,16.921702,24.844126,646.2559,646.2518
512165397.2451812,16.924708,24.843417,646.6080,646.6039
512165397.2961168,16.927713999999998,24.842709,646.4618,646.4578
512165397.3470523,16.93072,24.842001,646.2685,646.2645
512165397.39798784,16.933726999999998,24.841292,646.3917,646.3877
512165397.4489233,16.936733,24.840584,646.3818,646.3778
512165397.4998588,16.939739,24.839876,646.5038,646.4998
512165397.5507943,16.942745,24.839167,646.5875,646.5834
512165397.6017298,16.945750999999998,24.838459,646.4764,646.4723
512165397.6526653,16.948757999999998,24.83775,646.4800,646.4759
512165397.7036008,16.951764,24.837042,646.6942,646.6901
512165397.7545364,16.95477,24.836333,646.7988,646.7948
512165397.80547184,16.957776,24.835625,646.7477,646.7437
512165397.8564074,16.960782,24.834916,646.7742,646.7702
512165397.90734285,16.963788,24.834208,647.0581,647.0541
512165397.9582784,16.966794999999998,24.833499,647.0274,647.0234
512165398.0092139,16.969801,24.832791,647.1523,647.1483
512165398.0601482,16.972807,24.832082,647.2869,647.2829
512165398.11108375,16.975813,24.831374,647.3127,647.3087
512165398.1620192,16.978818999999998,24.830665,646.7860,646.7820
512165398.2129547,16.981825,24.829957,646.9576,646.9536
512165398.2638902,16.984832,24.829248,646.8914,646.8874
512165398.3148257,16.987838,24.828539,646.7900,646.7860
512165398.3657613,16.990844,24.827831,646.4931,646.4891
512165398.4166967,16.99385,24.827122,646.2273,646.2233
512165398.4676323,16.996855999999998,24.826413,645.9862,645.9822
512165398.51856774,16.999862,24.825705,645.5651,645.5612
512165398.5695033,17.002868,24.824996,645.7636,645.7597
512165398.6204388,17.005875,24.824286999999998,645.5147,645.5108
512165398.67137426,17.008881,24.823579,645.7476,645.7437
512165398.7223098,17.011886999999998,24.822869999999998,645.9170,645.9131
512165398.77324533,17.014893,24.822160999999998,646.1280,646.1241
512165398.82418084,17.017899,24.821451999999997,646.1267,646.1228
512165398.87511635,17.020905,24.820743,645.9182,645.9143
512165398.92605186,17.023911,24.820034999999997,646.0092,646.0053
512165398.97698736,17.026918,24.819326,646.0611,646.0572
512165399.02792376,17.029923999999998,24.818617,645.7967,645.7928
512165399.0788593,17.03293,24.817908,645.8282,645.8243
512165399.1297948,17.035936,24.817199,645.6708,645.6669
512165399.18073034,17.038942,24.816489999999998,645.3794,645.3756
512165399.2316658,17.041947999999998,24.815780999999998,645.0975,645.0936
512165399.2826013,17.044954,24.815071999999997,644.6353,644.6315
512165399.3335368,17.04796,24.814363999999998,644.2971,644.2932
512165399.3844723,17.050967,24.813654999999997,643.7823,643.7785
512165399.4354079,17.053973,24.812946,643.9526,643.9488
512165399.4863433,17.056979,24.812237,643.5566,643.5528
512165399.5372789,17.059984999999998,24.811528,643.5448,643.5410
512165399.58821464,17.062991,24.810819,643.4916,643.4878
512165399.63915014,17.065997,24.810109999999998,643.6289,643.6251
512165399.69008565,17.069003,24.8094,643.8138,643.8100
512165399.74102116,17.072008999999998,24.808691,643.7147,643.7109
512165399.79195666,17.075015,24.807982,643.7230,643.7193
512165399.8428921,17.078022,24.807273,644.1783,644.1745
512165399.8938277,17.081028,24.806563999999998,644.3842,644.3805
512165399.9447631,17.084034,24.805854999999998,644.3416,644.3378
512165399.99569875,17.08704,24.805146,644.5072,644.5035
512165400.04663515,17.090046,24.804437,644.3471,644.3434
512165400.0975706,17.093052,24.803727,644.5330,644.5293
512165400.14850616,17.096058,24.803017999999998,644.6370,644.6333
512165400.1994416,17.099064,24.802308999999997,644.5956,644.5919
512165400.2503772,17.102069999999998,24.8016,644.5345,644.5309
512165400.3013126,17.105076,24.800891,644.7572,644.7536
512165400.35224813,17.108082,24.800181,644.9615,644.9579
512165400.40318346,17.111089,24.799471999999998,644.7671,644.7635
512165400.4541189,17.114095,24.798762999999997,644.4468,644.4432
512165400.5050545,17.117100999999998,24.798053,644.0785,644.0748
512165400.5559899,17.120107,24.797344,644.4294,644.4257
512165400.6069255,17.123113,24.796635,643.4841,643.4804
512165400.657861,17.126119,24.795925,643.4551,643.4514
512165400.70879644,17.129125,24.795216,643.3670,643.3633
512165400.759732,17.132130999999998,24.794507,643.0632,643.0596
512165400.8106675,17.135137,24.793796999999998,643.4935,643.4899
512165400.8616029,17.138143,24.793087999999997,643.8669,643.8633
512165400.9125385,17.141149,24.792378,643.6304,643.6268
512165400.963474,17.144154999999998,24.791669,643.9776,643.9740
512165401.0144095,17.147161,24.790958999999997,644.1604,644.1568
512165401.0653441,17.150167,24.79025,644.2406,644.2370
512165401.1162796,17.153173,24.78954,644.4781,644.4746
512165401.1672151,17.156178999999998,24.788831,644.4235,644.4199
512165401.2181506,17.159186,24.788121,644.6788,644.6752
512165401.26908606,17.162191999999997,24.787412,644.8236,644.8200
512165401.3200216,17.165198,24.786702,644.8354,644.8319
512165401.3709569,17.168204,24.785992999999998,644.9560,644.9525
512165401.42189234,17.17121,24.785283,644.7815,644.7779
512165401.4728279,17.174215999999998,24.784572999999998,645.0887,645.0851
512165401.52376336,17.177222,24.783863999999998,644.7794,644.7759
512165401.57469887,17.180228,24.783154,644.4840,644.4805
512165401.6256344,17.183234,24.782445,644.3269,644.3233
512165401.6765699,17.186239999999998,24.781734999999998,644.1213,644.1177
512165401.7275054,17.189246,24.781025,644.2157,644.2122
512165401.7784409,17.192252,24.780314999999998,644.2958,644.2923
512165401.8293764,17.195258,24.779605999999998,643.9653,643.9618
512165401.8803119,17.198263999999998,24.778896,643.9716,643.9680
512165401.9312474,17.20127,24.778185999999998,643.8596,643.8561
512165401.9821829,17.204276,24.777476,643.8065,643.8030
512165402.0331194,17.207282,24.776767,643.8126,643.8091
512165402.08405495,17.210288,24.776056999999998,643.5274,643.5239
512165402.13499045,17.213293999999998,24.775347,643.2653,643.2618
512165402.18592596,17.2163,24.774637,643.2055,643.2021
512165402.23686147,17.219306,24.773927,643.2697,643.2662
512165402.2877969,17.222312,24.773217,643.2756,643.2722
512165402.3387325,17.225317999999998,24.772508,643.6355,643.6321
512165402.389668,17.228324,24.771798,643.0057,643.0023
512165402.4406034,17.23133,24.771088,643.3389,643.3355
512165402.49153894,17.234336,24.770377999999997,643.1761,643.1727
512165402.54247445,17.237341999999998,24.769668,643.0129,643.0095
512165402.59340996,17.240348,24.768957999999998,643.0106,643.0072
512165402.64434546,17.243354,24.768248,642.8170,642.8136
512165402.69528097,17.24636,24.767538,642.9999,642.9965
512165402.7462165,17.249366,24.766828,642.9858,642.9825
512165402.79715204,17.252371999999998,24.766118,642.9277,642.9243
512165402.8480875,17.255378,24.765407999999997,642.2600,642.2567
512165402.899023,17.258384,24.764698,642.9463,642.9430
512165402.9499585,17.26139,24.763987999999998,642.5696,642.5663
512165403.0008941,17.264395999999998,24.763278,642.1015,642.0982
512165403.0518284,17.267402,24.762566999999997,642.1103,642.1070
512165403.1027639,17.270408,24.761857,641.7304,641.7271
512165403.15369946,17.273414,24.761146999999998,641.4484,641.4451
512165403.2046349,17.276419999999998,24.760437,641.4008,641.3976
512165403.2555705,17.279426,24.759726999999998,641.5337,641.5304
512165403.3065059,17.282432,24.759017,641.6577,641.6544
512165403.3574414,17.285438,24.758305999999997,641.0960,641.0927
512165403.408377,17.288444,24.757596,640.5688,640.5655
512165403.45931244,17.291449,24.756885999999998,640.7125,640.7093
512165403.510248,17.294455,24.756176,640.7485,640.7452
512165403.5611835,17.297461,24.755464999999997,641.1369,641.1336
512165403.612119,17.300466999999998,24.754755,641.6385,641.6353
512165403.6630545,17.303473,24.754044999999998,641.6419,641.6386
512165403.71399,17.306479,24.753335,641.8267,641.8235
512165403.76492554,17.309485,24.752623999999997,641.9999,641.9967
512165403.81586105,17.312490999999998,24.751914,641.7806,641.7774
512165403.86679655,17.315497,24.751203,641.8479,641.8447
512165403.91773206,17.318503,24.750493,641.7404,641.7372
512165403.9686676,17.321509,24.749782999999997,641.7387,641.7355
512165404.019603,17.324514999999998,24.749071999999998,641.8822,641.8790
512165404.0705395,17.327521,24.748362,641.9440,641.9408
512165404.121475,17.330527,24.747650999999998,642.2996,642.2965
512165404.1724105,17.333533,24.746941,641.1312,641.1280
512165404.22334605,17.336539,24.74623,641.8471,641.8439
512165404.2742815,17.339544999999998,24.74552,641.3835,641.3803
512165404.32521707,17.342551,24.744809,641.0522,641.0491
512165404.3761526,17.345556,24.744099,640.8203,640.8171
512165404.427088,17.348561999999998,24.743388,640.7351,640.7319
512165404.4780236,17.351568,24.742677999999998,640.7234,640.7202
512165404.5289591,17.354574,24.741967,640.7978,640.7947
512165404.5798946,17.35758,24.741256999999997,640.7866,640.7835
512165404.6308301,17.360585999999998,24.740546,640.8986,640.8954
512165404.68176556,17.363592,24.739835,640.5304,640.5272
512165404.7327011,17.366598,24.739124999999998,640.5702,640.5671
512165404.7836364,17.369604,24.738414,640.6114,640.6083
512165404.8345719,17.372609999999998,24.737703,640.8203,640.8172
512165404.8855074,17.375616,24.736993,641.0755,641.0723
512165404.9364429,17.378621,24.736282,640.7469,640.7438
512165404.9873784,17.381626999999998,24.735571,640.8884,640.8853
512165405.0383129,17.384633,24.734861,640.3452,640.3421
512165405.0892485,17.387639,24.73415,640.6123,640.6092
512165405.140184,17.390645,24.733439,640.6896,640.6866
512165405.1911195,17.393651,24.732727999999998,640.5675,640.5645
512165405.242055,17.396656999999998,24.732017,640.6992,640.6962
512165405.2929905,17.399663,24.731306999999997,640.6696,640.6665
512165405.343926,17.402669,24.730596,641.0385,641.0354
512165405.3948615,17.405673999999998,24.729885,641.0201,641.0171
512165405.445797,17.40868,24.729174,641.2907,641.2877
512165405.49673253,17.411686,24.728462999999998,641.3538,641.3508
512165405.54766804,17.414692,24.727752,641.5843,641.5813
512165405.5986035,17.417697999999998,24.727041,641.5276,641.5246
512165405.6495391,17.420704,24.726329999999997,641.6699,641.6670
512165405.7004745,17.42371,24.725619,641.7928,641.7899
512165405.75140977,17.426716,24.724908,641.8150,641.8120
512165405.80234534,17.429721,24.724197,641.8752,641.8722
512165405.8532808,17.432727,24.723485999999998,641.8729,641.8699
512165405.9042163,17.435733,24.722775,641.7842,641.7813
512165405.9551518,17.438738999999998,24.722064,641.7293,641.7264
512165406.0060873,17.441745,24.721353,641.5345,641.5316
512165406.05702406,17.444751,24.720641999999998,641.1905,641.1876
512165406.10795933,17.447757,24.719931,641.0610,641.0581
512165406.15889484,17.450761999999997,24.71922,640.9848,640.9819
512165406.20983034,17.453768,24.718508999999997,640.8866,640.8838
512165406.26076585,17.456774,24.717798,640.8685,640.8656
512165406.31170136,17.45978,24.717087,640.6666,640.6637
512165406.3626368,17.462785999999998,24.716375,640.1982,640.1953
512165406.4135724,17.465792,24.715664,640.3774,640.3745
512165406.4645079,17.468798,24.714952999999998,640.3442,640.3413
512165406.51544327,17.471802999999998,24.714242,640.3080,640.3052
512165406.5663789,17.474809,24.713531,640.0048,640.0020
512165406.61731434,17.477815,24.712819,640.0726,640.0698
512165406.6682499,17.480821,24.712108,640.6018,640.5990
512165406.71918535,17.483826999999998,24.711396999999998,640.5548,640.5520
512165406.77012086,17.486833,24.710686,640.6531,640.6502
512165406.82105637,17.489838,24.709974,640.4652,640.4623
512165406.8719919,17.492843999999998,24.709263,640.3581,640.3553
512165406.9229274,17.49585,24.708551999999997,640.4286,640.4258
512165406.9738629,17.498856,24.707839999999997,640.3446,640.3418
512165407.02479744,17.501862,24.707129,640.4736,640.4708
512165407.0757327,17.504867,24.706417,640.5824,640.5796
512165407.1266682,17.507873,24.705706,640.5331,640.5304
512165407.1776037,17.510879,24.704995,640.3149,640.3121
512165407.2285392,17.513885,24.704283,640.3481,640.3453
512165407.27947474,17.516890999999998,24.703571999999998,640.5329,640.5301
512165407.33041024,17.519896,24.702859999999998,641.0843,641.0815
512165407.3813458,17.522902,24.702149,640.6970,640.6943
512165407.43228126,17.525907999999998,24.701437,640.8484,640.8457
512165407.48321676,17.528914,24.700726,640.9888,640.9861
512165407.5341523,17.53192,24.700014,640.8212,640.8184
512165407.5850878,17.534924999999998,24.699303,640.8543,640.8515
512165407.63602334,17.537931,24.698591,640.8271,640.8244
512165407.6869588,17.540937,24.697879,640.7694,640.7667
512165407.73789436,17.543943,24.697167999999998,641.0489,641.0462
512165407.7888298,17.546948999999998,24.696455999999998,641.2582,641.2555
512165407.83976537,17.549954,24.695745,641.4610,641.4582
512165407.8907009,17.55296,24.695033,641.6699,641.6672
512165407.9416363,17.555965999999998,24.694321,641.5083,641.5056
512165407.9925719,17.558972,24.69361,641.4224,641.4197
512165408.0435083,17.561978,24.692898,641.7413,641.7387
512165408.09444374,17.564982999999998,24.692186,641.3664,641.3637
512165408.1453793,17.567989,24.691474,641.4159,641.4132
512165408.1963148,17.570995,24.690763,640.9630,640.9604
512165408.2472503,17.574001,24.690051,640.5653,640.5626
512165408.2981858,17.577006,24.689339,640.3435,640.3409
512165408.3491214,17.580012,24.688627,639.8991,639.8965
512165408.40005684,17.583018,24.687915,639.7957,639.7931
512165408.4509924,17.586024,24.687203999999998,639.5544,639.5518
512165408.50192785,17.589029,24.686491999999998,639.3890,639.3864
512165408.55286336,17.592035,24.685779999999998,639.2064,639.2038
512165408.6037989,17.595041,24.685067999999998,639.1373,639.1347
512165408.6547344,17.598046999999998,24.684355999999998,638.9093,638.9068
512165408.70566994,17.601053,24.683643999999997,638.7095,638.7069
512165408.7566054,17.604058,24.682931999999997,638.5964,638.5939
512165408.80754095,17.607063999999998,24.682219999999997,638.5334,638.5308
512165408.85847646,17.61007,24.681507999999997,638.3942,638.3917
512165408.9094119,17.613075,24.680795999999997,637.7868,637.7843
512165408.9603475,17.616080999999998,24.680083999999997,637.5125,637.5099
512165409.0112829,17.619087,24.679371999999997,637.4861,637.4836
512165409.0622173,17.622093,24.678659999999997,637.7896,637.7871
512165409.11315274,17.625097999999998,24.677947999999997,637.5676,637.5651
512165409.16408825,17.628104,24.677236,637.4410,637.4385
512165409.2150238,17.63111,24.676524,637.2954,637.2929
512165409.26595926,17.634116,24.675812,637.2716,637.2691
512165409.3168948,17.637121,24.6751,637.3841,637.3816
512165409.36783034,17.640127,24.674388,637.2390,637.2365
512165409.41876584,17.643133,24.673675,637.1637,637.1612
512165409.46970135,17.646138,24.672963,637.0523,637.0498
512165409.5206368,17.649144,24.672251,636.9281,636.9256
512165409.57157236,17.65215,24.671539,636.8427,636.8402
512165409.62250787,17.655155999999998,24.670827,636.6668,636.6643
512165409.67344326,17.658161,24.670113999999998,636.3932,636.3907
512165409.7243789,17.661167,24.669401999999998,636.4319,636.4294
512165409.77531433,17.664172999999998,24.668689999999998,636.3812,636.3787
512165409.8262499,17.667178,24.667977999999998,636.2969,636.2944
512165409.87718534,17.670184,24.667265,636.6000,636.5975
512165409.92812085,17.673189999999998,24.666553,636.2692,636.2667
512165409.97905636,17.676196,24.665841,636.2231,636.2206
512165410.0299929,17.679201,24.665128,636.2388,636.2363
512165410.0809283,17.682207,24.664416,635.7896,635.7871
512165410.13186383,17.685213,24.663704,635.8100,635.8075
512165410.1827994,17.688218,24.662990999999998,635.2536,635.2512
512165410.23373485,17.691224,24.662278999999998,635.0244,635.0219
512165410.2846704,17.694229999999997,24.661566,634.2550,634.2525
512165410.33560586,17.697235,24.660854,634.0545,634.0521
512165410.3865414,17.700241,24.660141,633.2068,633.2043
512165410.43747693,17.703246999999998,24.659429,633.1900,633.1875
512165410.48841244,17.706252,24.658716,632.7528,632.7504
512165410.5393477,17.709258,24.658004,632.4438,632.4414
512165410.5902832,17.712263999999998,24.657290999999997,632.2695,632.2670
512165410.6412187,17.71527,24.656578999999997,632.2364,632.2340
512165410.69215417,17.718275,24.655866,632.7270,632.7246
512165410.74308974,17.721280999999998,24.655154,632.5274,632.5249
512165410.7940252,17.724287,24.654441,632.8625,632.8601
512165410.8449607,17.727292,24.653727999999997,633.4192,633.4168
512165410.8958962,17.730297999999998,24.653015999999997,633.7278,633.7254
512165410.9468317,17.733304,24.652303,634.2888,634.2864
512165410.99776727,17.736309,24.65159,634.1697,634.1673
512165411.0487018,17.739314999999998,24.650878,633.5064,633.5040
512165411.09963727,17.74232,24.650164999999998,633.5114,633.5091
512165411.15057284,17.745326,24.649452,633.8238,633.8214
512165411.2015083,17.748331999999998,24.64874,634.0733,634.0709
512165411.2524438,17.751337,24.648027,634.3368,634.3345
512165411.3033793,17.754343,24.647313999999998,635.2457,635.2434
512165411.35431474,17.757348999999998,24.646601,635.1708,635.1685
512165411.4052503,17.760354,24.645889,634.7629,634.7605
512165411.4561858,17.76336,24.645176,634.5394,634.5371
512165411.5071211,17.766365999999998,24.644463,634.4636,634.4613
512165411.5580566,17.769371,24.643749999999997,634.3400,634.3377
512165411.60899216,17.772377,24.643037,634.2001,634.1979
512165411.6599276,17.775382999999998,24.642324,634.3802,634.3779
512165411.7108631,17.778388,24.641610999999997,634.0284,634.0261
512165411.7617986,17.781394,24.640898,633.4948,633.4926
512165411.8127341,17.784399,24.640186,635.7288,635.7266
512165411.8636697,17.787405,24.639473,635.6615,635.6593
512165411.91460514,17.790411,24.638759999999998,635.1760,635.1737
512165411.9655407,17.793416,24.638047,635.7704,635.7682
512165412.0164762,17.796422,24.637334,635.5934,635.5912
512165412.0674127,17.799428,24.636620999999998,635.7242,635.7220
512165412.1183481,17.802433,24.635908,635.5095,635.5073
512165412.1692837,17.805439,24.635195,635.6189,635.6167
512165412.22021914,17.808443999999998,24.634480999999997,635.6089,635.6067
512165412.27115464,17.81145,24.633768,635.5367,635.5345
512165412.3220901,17.814456,24.633055,635.5026,635.5004
512165412.37302566,17.817460999999998,24.632341999999998,635.6438,635.6416
512165412.42396116,17.820467,24.631629,635.5860,635.5839
512165412.47489667,17.823472,24.630916,635.5282,635.5261
512165412.5258322,17.826477999999998,24.630202999999998,635.6709,635.6687
512165412.5767677,17.829484,24.629489,635.6215,635.6193
512165412.6277032,17.832489,24.628776,636.0097,636.0076
512165412.6786387,17.835494999999998,24.628062999999997,635.4214,635.4193
512165412.7295742,17.8385,24.62735,635.7647,635.7626
512165412.7805097,17.841506,24.626637,635.8192,635.8171
512165412.8314453,17.844511999999998,24.625923,635.9234,635.9213
512165412.8823807,17.847517,24.62521,635.8215,635.8194
512165412.9333163,17.850523,24.624496999999998,636.0388,636.0367
512165412.98425174,17.853528,24.623783,635.8842,635.8821
512165413.03518605,17.856534,24.62307,636.0475,636.0454
512165413.08612156,17.859538999999998,24.622356999999997,636.1154,636.1133
512165413.13705707,17.862545,24.621643,636.3738,636.3717
512165413.18799263,17.865551,24.620929999999998,636.5258,636.5237
512165413.2389281,17.868555999999998,24.620217,636.9004,636.8983
512165413.2898636,17.871562,24.619502999999998,637.0127,637.0106
512165413.34079915,17.874567,24.61879,637.1163,637.1142
512165413.3917346,17.877572999999998,24.618076,637.2679,637.2658
512165413.44267017,17.880578,24.617362999999997,637.3888,637.3867
512165413.4936056,17.883584,24.616649,637.3952,637.3931
512165413.5445412,17.886589,24.615935999999998,637.5990,637.5970
512165413.5954767,17.889595,24.615222,637.5112,637.5092
512165413.6464122,17.892601,24.614508999999998,637.6248,637.6228
512165413.6973477,17.895606,24.613795,637.5228,637.5208
512165413.74828315,17.898612,24.613082,637.5093,637.5073
512165413.7992187,17.901616999999998,24.612368,637.6666,637.6646
512165413.85015416,17.904623,24.611653999999998,637.8975,637.8955
512165413.9010897,17.907628,24.610941,638.0512,638.0492
512165413.9520252,17.910633999999998,24.610227,638.0996,638.0976
512165414.0029606,17.913639,24.609513,638.2054,638.2034
512165414.05389714,17.916645,24.6088,638.1513,638.1493
512165414.10483265,17.919650999999998,24.608086,638.2618,638.2598
512165414.1557682,17.922656,24.607371999999998,638.1251,638.1231
512165414.20670366,17.925662,24.606659,638.0973,638.0953
512165414.2576392,17.928667,24.605945,638.4022,638.4003
512165414.3085747,17.931673,24.605231,637.9658,637.9639
512165414.3595102,17.934677999999998,24.604516999999998,638.0853,638.0834
512165414.41044575,17.937684,24.603804,638.0602,638.0583
512165414.4613812,17.940689,24.603089999999998,638.1156,638.1137
512165414.51231676,17.943694999999998,24.602376,638.1542,638.1523
512165414.5632523,17.9467,24.601661999999997,638.1375,638.1356
512165414.6141878,17.949706,24.600948,638.2725,638.2706
512165414.6651233,17.952711,24.600234,638.4833,638.4814
512165414.71605873,17.955717,24.59952,638.5317,638.5298
512165414.7669943,17.958721999999998,24.598806999999997,638.7218,638.7200
512165414.81792974,17.961728,24.598093,638.7970,638.7952
512165414.8688652,17.964733,24.597379,638.8408,638.8390
512165414.9198006,17.967738999999998,24.596664999999998,638.9695,638.9677
512165414.97073597,17.970744,24.595951,639.0046,639.0028
512165415.02167153,17.97375,24.595236999999997,639.0292,639.0274
512165415.0726061,17.976755,24.594523,639.1013,639.0995
512165415.12354165,17.979761,24.593809,639.1335,639.1317
512165415.1744771,17.982765999999998,24.593094999999998,639.3444,639.3427
512165415.22541267,17.985772,24.592381,639.3366,639.3349
512165415.2763481,17.988777,24.591666999999998,639.5174,639.5156
512165415.3272836,17.991782999999998,24.590951999999998,639.6588,639.6570
512165415.3782191,17.994788,24.590238,639.8911,639.8893
512165415.42915463,17.997794,24.589523999999997,639.9500,639.9482
512165415.48009014,18.000799,24.58881,640.4279,640.4261
512165415.53102565,18.003805,24.588096,640.8974,640.8957
512165415.58196115,18.006809999999998,24.587381999999998,640.4171,640.4154
512165415.63289666,18.009815,24.586668,641.1570,641.1553
512165415.68383217,18.012821,24.585953,641.3723,641.3706
512165415.7347677,18.015826,24.585238999999998,641.1930,641.1913
512165415.7857032,18.018832,24.584525,641.0056,641.0038
512165415.8366387,18.021836999999998,24.583810999999997,640.8613,640.8596
512165415.88757396,18.024843,24.583095999999998,640.5555,640.5538
512165415.93850946,18.027848,24.582382,640.4910,640.4893
512165415.989445,18.030853999999998,24.581668,639.8148,639.8131
512165416.04038167,18.033859,24.580952999999997,639.3070,639.3053
512165416.09131724,18.036865,24.580239,638.9282,638.9265
512165416.1422527,18.03987,24.579525,637.7550,637.7533
512165416.19318813,18.042876,24.578809999999997,637.8306,637.8289
512165416.2441235,18.045880999999998,24.578096,636.7717,636.7700
512165416.29505897,18.048886,24.577381,636.5677,636.5660
512165416.3459945,18.051892,24.576667,636.3675,636.3658
512165416.39693,18.054897,24.575951999999997,636.3411,636.3394
512165416.4478654,18.057903,24.575238,636.2982,636.2965
512165416.49880105,18.060907999999998,24.574524,636.4102,636.4085
512165416.54973644,18.063914,24.573808999999997,636.5969,636.5953
512165416.600672,18.066919,24.573093999999998,637.0871,637.0855
512165416.6516075,18.069924999999998,24.57238,636.6414,636.6398
512165416.702543,18.07293,24.571665,637.1972,637.1956
512165416.7534785,18.075934999999998,24.570950999999997,638.2435,638.2419
512165416.8044141,18.078941,24.570235999999998,639.0990,639.0974
512165416.85534954,18.081946,24.569522,639.8213,639.8197
512165416.90628505,18.084951999999998,24.568807,639.8681,639.8665
512165416.95722055,18.087957,24.568092,639.9920,639.9904
512165417.00815606,18.090961999999998,24.567377999999998,640.1371,640.1355
512165417.0590906,18.093968,24.566663,640.0858,640.0842
512165417.1100261,18.096973,24.565948,640.3283,640.3267
512165417.1609616,18.099978999999998,24.565234,640.3654,640.3638
512165417.2118969,18.102984,24.564519,640.6960,640.6945
512165417.2628324,18.105988999999997,24.563803999999998,640.8400,640.8385
512165417.3137679,18.108995,24.563088999999998,640.5436,640.5421
512165417.3647034,18.112,24.562375,639.8563,639.8548
512165417.4156389,18.115005999999997,24.56166,635.5992,635.5977
512165417.46657443,18.118011,24.560945,630.1540,630.1525
512165417.51750994,18.121016,24.560229999999997,632.9818,632.9803
512165417.56844544,18.124022,24.559514999999998,635.2843,635.2828
512165417.9759295,18.148065,24.553796,646.6936,646.6922
512165418.02686596,18.15107,24.553081,648.1683,648.1669
512165418.07780147,18.154076,24.552366,649.8604,649.8590
512165418.1287369,18.157080999999998,24.551651,651.3440,651.3426
512165418.230608,18.163092,24.550221,654.0508,654.0494
512165418.2815435,18.166097,24.549505999999997,655.2103,655.2089
512165418.332479,18.169102,24.548790999999998,656.2042,656.2028
512165418.38341457,18.172107999999998,24.548074999999997,657.3105,657.3092
512165418.68902755,18.19014,24.543784,659.3887,659.3873
512165418.7399631,18.193144999999998,24.543069,659.2778,659.2765
512165419.351188,18.229209,24.534485,687.0118,687.0105
512165419.4021235,18.232214,24.533769,687.3922,687.3909
512165419.50399446,18.238225,24.532338,684.5636,684.5623
512165419.55493,18.241229999999998,24.531623,683.9743,683.9731
512165419.6058655,18.244236,24.530907,683.8506,683.8494
512165421.2867369,18.34341,24.507285,685.3695,685.3686
512165421.3376725,18.346415,24.506569,685.7085,685.7076
512165421.3886079,18.34942,24.505853,685.8236,685.8227
512165421.4395435,18.352425,24.505136999999998,690.3636,690.3627
512165421.490479,18.35543,24.50442,690.7361,690.7352
512165421.5414145,18.358435999999998,24.503704,691.1306,691.1297
512165421.59234977,18.361441,24.502988,691.5014,691.5005
512165421.64328533,18.364446,24.502271999999998,692.1265,692.1256
512165421.6942208,18.367451,24.501555999999997,692.2572,692.2563
512165421.7451563,18.370457,24.500839,692.9426,692.9417
512165421.7960918,18.373462,24.500123,692.5464,692.5455
512165421.8470273,18.376466999999998,24.499406999999998,692.7091,692.7082
512165421.89796287,18.379472,24.49869,692.1549,692.1540
512165421.9488983,18.382476999999998,24.497974,691.8392,691.8383
512165421.9998338,18.385483,24.497258,691.3737,691.3728
512165422.0507703,18.388488,24.496541,690.9101,690.9092
512165422.10170573,18.391493,24.495825,690.1487,690.1478
512165422.1526413,18.394498,24.495109,689.0605,689.0596
512165422.20357674,18.397503,24.494391999999998,687.9928,687.9919
512165422.2545123,18.400509,24.493675999999997,686.5122,686.5113
512165422.3054478,18.403513999999998,24.492959,686.2323,686.2315
512165422.35638326,18.406519,24.492243,685.3294,685.3286
512165422.40731883,18.409523999999998,24.491526,685.1782,685.1774
512165422.45825434,18.412529,24.49081,684.8423,684.8415
512165422.50918984,18.415535,24.490092999999998,685.3839,685.3831
512165422.56012535,18.41854,24.489376999999998,685.6402,685.6394
512165422.61106086,18.421545,24.48866,685.3705,685.3697
512165422.66199636,18.42455,24.487944,684.3657,684.3649
512165422.7129319,18.427554999999998,24.487226999999997,684.4397,684.4389
512165422.7638674,18.43056,24.48651,690.0693,690.0685
512165422.8148029,18.433566,24.485794,690.6823,690.6814
512165422.86573845,18.436571,24.485077,690.9972,690.9963
512165422.9166739,18.439576,24.48436,690.8405,690.8396
512165422.96760947,18.442581,24.483643999999998,691.0025,691.0017
512165423.0185449,18.445586,24.482927,690.6753,690.6745
512165423.9353828,18.499679,24.470022999999998,685.4439,685.4432
512165423.98631835,18.502684,24.469306,685.0787,685.0780
512165424.0881903,18.508694,24.467872,683.6934,683.6927
512165424.6484809,18.54175,24.459982999999998,677.7678,677.7673
512165424.6994164,18.544755,24.459266,679.0507,679.0501
512165424.7503519,18.547760999999998,24.458548999999998,678.1181,678.1176
512165424.8012874,18.550766,24.457831,677.1472,677.1466
512165424.85222286,18.553770999999998,24.457113999999997,675.9565,675.9560
512165424.90315837,18.556776,24.456397,674.8354,674.8349
512165424.95409393,18.559780999999997,24.455679,673.9291,673.9286
512165425.0050294,18.562786,24.454962,673.0742,673.0737
512165425.0559638,18.565791,24.454245,672.4631,672.4626
512165425.1068992,18.568796,24.453526999999998,672.3451,672.3446
512165425.1578347,18.571801,24.45281,671.4023,671.4018
512165425.2087703,18.574806,24.452092,671.2694,671.2689
512165425.2597057,18.577811,24.451375,671.1604,671.1599
512165425.3106413,18.580816,24.450657,670.8815,670.8810
512165425.36157674,18.583821,24.449939999999998,671.0555,671.0550
512165425.4125123,18.586826,24.449222,671.5654,671.5650
512165425.4634478,18.589831999999998,24.448504999999997,672.1233,672.1229
512165425.51438326,18.592837,24.447786999999998,673.0344,673.0340
512165425.5653188,18.595841999999998,24.44707,672.7628,672.7624
512165425.6162543,18.598847,24.446351999999997,670.9326,670.9322
512165425.66718984,18.601851999999997,24.445634,669.8289,669.8285
512165425.71812534,18.604857,24.444917,667.9567,667.9563
512165425.76906085,18.607862,24.444198999999998,668.5454,668.5450
512165425.81999636,18.610867,24.443481,667.8818,667.8814
512165425.8709318,18.613872,24.442764,668.6192,668.6188
512165425.9218674,18.616877,24.442045999999998,668.0710,668.0706
512165425.9728029,18.619882,24.441328,667.7068,667.7063
512165426.02373934,18.622887,24.440611,687.3729,687.3725
512165426.07467484,18.625892,24.439892999999998,687.9095,687.9091
512165426.2274813,18.634907,24.437739,688.6276,688.6272
512165426.2784169,18.637912,24.437022,689.4457,689.4453
512165426.38028765,18.643922,24.435585999999997,691.2174,691.2170
512165426.43122315,18.646926999999998,24.434867999999998,692.4365,692.4362
512165426.4821586,18.649932,24.43415,693.5654,693.5650
512165426.53309417,18.652936999999998,24.433432,694.7739,694.7736
512165426.5840296,18.655942,24.432713999999997,693.6737,693.6734
512165426.6349652,18.658946999999998,24.431995999999998,694.7481,694.7477
512165426.6859007,18.661952,24.431278,696.9496,696.9493
512165426.7368362,18.664956999999998,24.43056,699.5899,699.5895
512165426.7877717,18.667962,24.429841999999997,700.9294,700.9291
512165426.83870727,18.670966999999997,24.429123999999998,703.0647,703.0644
512165426.8896427,18.673972,24.428406,703.6670,703.6667
512165426.9405782,18.676977,24.427688,704.4039,704.4036
512165426.9915137,18.679982,24.426969999999997,705.1969,705.1966
512165427.0933837,18.685992,24.425534,705.8573,705.8570
512165427.1443193,18.688997,24.424816,706.4230,706.4227
512165427.19525474,18.692002,24.424097999999997,706.5510,706.5507
512165427.2461903,18.695007,24.423379999999998,707.0874,707.0871
512165427.2971258,18.698012,24.422660999999998,707.4028,707.4026
512165427.3480611,18.701017,24.421943,707.4228,707.4226
512165427.3989966,18.704022,24.421225,707.5032,707.5030
512165427.44993216,18.707027,24.420507,706.7398,706.7396
512165427.5008676,18.710031999999998,24.419788,706.8807,706.8805
512165427.5518031,18.713037,24.419069999999998,706.5623,706.5621
512165427.6027386,18.716041999999998,24.418352,703.0461,703.0459
512165427.6536741,18.719047,24.417634,703.5315,703.5313
512165428.21396565,18.752101,24.409730999999997,704.2433,704.2432
512165428.26490116,18.755105999999998,24.409012,704.3038,704.3037
512165428.31583667,18.758111,24.408293999999998,704.9346,704.9345
512165428.3667722,18.761115999999998,24.407574999999998,704.6518,704.6517
512165428.4177077,18.764121,24.406857,704.7873,704.7872
512165428.4686432,18.767125999999998,24.406138,704.4732,704.4731
512165428.5195787,18.770131,24.40542,704.0630,704.0629
512165428.5705142,18.773135999999997,24.404701,703.8032,703.8031
512165429.38548106,18.821213999999998,24.3932,694.2866,694.2866
512165429.4364166,18.824219,24.392481,694.4966,694.4966
512165429.4873521,18.827223999999998,24.391762,694.1772,694.1772
512165429.53828764,18.830229,24.391043999999997,694.0851,694.0850
512165429.5892231,18.833234,24.390324999999997,693.4612,693.4611
512165429.6401586,18.836239,24.389606,693.7363,693.7363
512165429.69109416,18.839244,24.388887,693.4365,693.4365
512165429.7420296,18.842249,24.388167,693.1109,693.1109
512165429.7929652,18.845253,24.387448,693.1641,693.1641
512165429.8439006,18.848257999999998,24.386729,692.8926,692.8926
512165429.8948362,18.851263,24.38601,692.6945,692.6944
512165429.9457717,18.854267999999998,24.385291,692.0415,692.0415
512165429.9967072,18.857273,24.384572,691.1189,691.1189
512165430.04764366,18.860277999999997,24.383853,691.2238,691.2238
512165430.0985791,18.863283,24.383134,691.4166,691.4167
512165430.1495147,18.866288,24.382413999999997,691.6134,691.6134
512165430.2004501,18.869291999999998,24.381695,695.7964,695.7964
512165430.25138575,18.872297,24.380976,696.3456,696.3457
512165430.4041922,18.881311999999998,24.378818,695.7691,695.7692
512165430.45512766,18.884317,24.378099,695.2769,695.2770
512165430.55699867,18.890325999999998,24.376659999999998,676.2948,676.2949
512165430.6588697,18.896335999999998,24.375221999999997,678.8483,678.8484
512165430.7098052,18.899341,24.374502,679.6522,679.6523
512165430.7607405,18.902345999999998,24.373783,680.7550,680.7552
512165430.81167597,18.90535,24.373063,681.1986,681.1987
512165430.86261153,18.908355,24.372344,683.0571,683.0573
512165430.91354704,18.91136,24.371624,683.0234,683.0236
512165430.96448255,18.914365,24.370905,682.6971,682.6973
512165431.01541805,18.91737,24.370185,680.3936,680.3938
512165431.0663548,18.920375,24.369466,681.2359,681.2361
512165431.11728996,18.923379,24.368745999999998,680.7436,680.7438
512165431.47383857,18.944413,24.363709,690.8145,690.8148
512165431.524774,18.947418,24.36299,696.7250,696.7252
512165431.5757096,18.950423,24.36227,700.2122,700.2124
512165431.626645,18.953426999999998,24.361549999999998,700.1033,700.1036
512165431.67758054,18.956432,24.36083,700.5006,700.5009
512165431.7285161,18.959436999999998,24.360111,700.1905,700.1908
512165431.77945155,18.962442,24.359391,700.2518,700.2521
512165431.8303871,18.965446999999998,24.358670999999998,700.7463,700.7466
512165432.2888054,18.992489,24.352192,701.2398,701.2401
512165432.339741,18.995494,24.351471999999998,701.3503,701.3506
512165432.543483,19.007513,24.348592,702.0178,702.0182
512165432.5944185,19.010517999999998,24.347872,702.2122,702.2126
512165432.6453541,19.013523,24.347151999999998,702.7802,702.7806
512165432.69628954,19.016527999999997,24.346432,702.9915,702.9919
512165432.74722505,19.019531999999998,24.345712,703.2139,703.2143
512165432.79816055,19.022537,24.344991999999998,704.1332,704.1336
512165432.84909606,19.025541999999998,24.344272,704.2217,704.2221
512165432.9000316,19.028546,24.343550999999998,703.8338,703.8342
512165432.950967,19.031551,24.342831,704.3593,704.3597
512165433.00190264,19.034556,24.342111,704.3092,704.3096
512165433.05283904,19.037561,24.341390999999998,704.9047,704.9051
512165433.1037745,19.040565,24.340671,704.7690,704.7695
512165433.15471005,19.04357,24.339949999999998,704.3286,704.3291
512165433.2056455,19.046575,24.33923,706.5184,706.5188
512165433.25658107,19.04958,24.33851,705.3461,705.3465
512165433.3075166,19.052584,24.337788999999997,704.7749,704.7754
512165433.358452,19.055588999999998,24.337069,703.5408,703.5413
512165433.4093876,19.058594,24.336349,702.2750,702.2755
512165433.4603231,19.061598,24.335628,708.9291,708.9296
512165433.5112586,19.064602999999998,24.334908,709.0780,709.0785
512165433.5621941,19.067608,24.334187999999997,710.8736,710.8741
512165433.6131296,19.070612999999998,24.333467,711.6251,711.6256
512165433.6640651,19.073617,24.332746999999998,712.3790,712.3795
512165433.7150006,19.076622,24.332026,712.7688,712.7694
512165433.76593614,19.079627,24.331305999999998,713.7041,713.7047
512165433.81687164,19.082631,24.330585,713.3285,713.3291
512165433.9696781,19.091645,24.328424,714.1370,714.1376
512165434.0206137,19.094649999999998,24.327703,713.4771,713.4777
512165434.071548,19.097655,24.326983,713.9662,713.9668
512165434.1224835,19.100659,24.326262,714.3524,714.3530
512165434.173419,19.103664,24.325540999999998,714.4907,714.4913
512165434.2243545,19.106669,24.324821,714.4934,714.4940
512165434.27528995,19.109673,24.324099999999998,714.4056,714.4063
512165434.3262255,19.112678,24.323379,714.2928,714.2934
512165434.37716097,19.115683,24.322658999999998,714.2978,714.2984
512165434.42809653,19.118688,24.321938,713.9282,713.9289
512165434.47903204,19.121692,24.321216999999997,714.1740,714.1747
512165434.5299675,19.124696999999998,24.320496,715.0266,715.0272
512165434.580903,19.127701,24.319775999999997,714.3836,714.3842
512165434.6318385,19.130706,24.319055,714.8368,714.8375
512165434.682774,19.133710999999998,24.318334,714.9837,714.9844
512165434.7337096,19.136715,24.317612999999998,716.3532,716.3538
512165434.784645,19.13972,24.316892,717.4938,717.4945
512165434.8355805,19.142725,24.316171999999998,717.8896,717.8903
512165434.8865161,19.145729,24.315451,718.3119,718.3126
512165434.93745154,19.148733999999997,24.314729999999997,719.3534,719.3541
512165434.9883871,19.151739,24.314009,719.2931,719.2938
512165435.03932357,19.154743,24.313288,720.8726,720.8733
512165435.0902591,19.157747999999998,24.312566999999998,719.7744,719.7751
512165435.1411946,19.160753,24.311846,718.7146,718.7153
512165435.2430656,19.166762,24.310404,718.2148,718.2155
512165435.29400104,19.169767,24.309683,734.0120,734.0127
512165435.39587206,19.175776,24.308241,736.0606,736.0613
512165435.49774307,19.181784999999998,24.306798999999998,737.0378,737.0386
512165435.54867834,19.18479,24.306078,737.2482,737.2490
512165435.5996139,19.187794,24.305356,737.9162,737.9169
512165435.65054935,19.190799,24.304634999999998,738.0404,738.0412
512165435.70148486,19.193804,24.303914,738.0963,738.0971
512165435.75242037,19.196808,24.303193,737.7652,737.7660
512165435.8033559,19.199813,24.302471999999998,736.8039,736.8046
512165435.8542914,19.202817,24.30175,736.5656,736.5664
512165435.9052269,19.205821999999998,24.301029,735.8266,735.8274
512165435.95616245,19.208826,24.300307999999998,735.8741,735.8749
512165436.0070979,19.211831,24.299587,735.7195,735.7203
512165436.0580325,19.214836,24.298865,735.4046,735.4054
512165436.10896796,19.21784,24.298144,735.2014,735.2022
512165436.15990347,19.220845,24.297423,734.0164,734.0172
512165436.21083903,19.223848999999998,24.296701,735.5968,735.5977
512165436.2617745,19.226854,24.29598,735.6159,735.6168
512165436.31271005,19.229858999999998,24.295258999999998,736.7300,736.7309
512165436.3636455,19.232863,24.294537,736.7390,736.7399
512165436.41458106,19.235868,24.293816,736.2424,736.2432
512165436.46551657,19.238872,24.293094,737.8063,737.8072
512165436.5164518,19.241877,24.292372999999998,735.5063,735.5072
512165436.56738734,19.244881,24.291650999999998,735.5587,735.5596
512165436.6183228,19.247885999999998,24.29093,734.7078,734.7087
512165436.66925836,19.250891,24.290208,735.6879,735.6888
512165436.7201938,19.253895,24.289486999999998,735.7186,735.7195
512165436.77112937,19.256899999999998,24.288764999999998,736.6589,736.6599
512165436.8220649,19.259904,24.288044,737.7423,737.7433
512165436.8730003,19.262909,24.287322,737.9851,737.9861
512165436.9239359,19.265912999999998,24.2866,738.6246,738.6256
512165436.9748714,19.268918,24.285878999999998,739.3935,739.3945
512165437.02580774,19.271922999999997,24.285156999999998,739.1841,739.1851
512165437.0767433,19.274926999999998,24.284435,739.7630,739.7640
512165437.1276788,19.277932,24.283714,738.5607,738.5617
512165437.1786143,19.280936,24.282992,738.8812,738.8822
512165437.2295498,19.283941,24.28227,736.5225,736.5235
512165437.2804854,19.286945,24.281549,733.4493,733.4504
512165437.33142084,19.289949999999997,24.280827,732.7406,732.7416
512165437.43329185,19.295959,24.279383,733.3351,733.3362
512165437.48422736,19.298963,24.278661,735.0895,735.0906
512165437.5351629,19.301968,24.277939,737.7608,737.7618
512165437.5860984,19.304972,24.277217999999998,739.6055,739.6066
512165437.63703394,19.307976999999998,24.276495999999998,740.6027,740.6038
512165437.6879694,19.310982,24.275774,741.1314,741.1325
512165437.73890495,19.313986,24.275052,742.0271,742.0281
512165437.78984046,19.316990999999998,24.27433,741.8383,741.8394
512165437.9935825,19.329009,24.271442,744.3452,744.3463
512165438.04451674,19.332013,24.270719999999997,744.9212,744.9223
512165438.0954523,19.335017999999998,24.269997999999998,746.5113,746.5124
512165438.1463878,19.338022,24.269275999999998,746.8368,746.8379
512165438.19732326,19.341027,24.268553999999998,747.3335,747.3346
512165438.2482588,19.344030999999998,24.267832,748.1938,748.1950
512165438.29919434,19.347036,24.26711,748.6805,748.6816
512165438.35012984,19.35004,24.266388,749.7783,749.7794
512165438.40106535,19.353044999999998,24.265665,750.3482,750.3493
512165438.4520008,19.356049,24.264943,751.1768,751.1780
512165438.50293636,19.359054,24.264221,751.0198,751.0210
512165438.70667833,19.371071,24.261332,758.3348,758.3360
512165438.7576139,19.374076,24.26061,753.2510,753.2521
512165438.80854934,19.37708,24.259887,755.0254,755.0266
512165439.06322783,19.392103,24.256276,753.2808,753.2820
512165439.1141634,19.395107,24.255553,754.1883,754.1896
512165439.16509885,19.398111999999998,24.254831,756.2065,756.2077
512165439.2160344,19.401116,24.254108,757.4868,757.4880
512165439.26696986,19.404121,24.253386,757.4387,757.4400
512165439.3179054,19.407125,24.252663,758.6470,758.6483
512165439.36884093,19.41013,24.251941,758.5317,758.5330
512165439.41977644,19.413134,24.251217999999998,759.6692,759.6705
512165439.47071195,19.416138,24.250496,760.0817,760.0830
512165439.52164745,19.419143,24.249772999999998,760.3970,760.3983
512165439.57258296,19.422147,24.249050999999998,760.2242,760.2255
512165439.6235184,19.425152,24.248327999999997,759.5821,759.5835
512165439.7763249,19.434165,24.24616,757.8531,757.8545
512165439.82726043,19.437169,24.245437,758.6143,758.6157
512165439.87819594,19.440174,24.244715,758.4681,758.4694
512165439.92913127,19.443178,24.243992,759.3827,759.3841
512165439.9800667,19.446182999999998,24.243268999999998,766.7572,766.7586
512165440.03100127,19.449187,24.242545999999997,767.1799,767.1813
512165440.08193684,19.452191,24.241823999999998,767.1744,767.1758
512165440.1328723,19.455196,24.241101,766.8117,766.8131
512165440.1838078,19.458199999999998,24.240378,765.9918,765.9932
512165440.3875498,19.470218,24.237486999999998,767.0320,767.0335
512165440.4384853,19.473222,24.236763999999997,769.2478,769.2493
512165440.48942083,19.476226999999998,24.236041,766.9815,766.9830
512165440.9478402,19.503266,24.229533999999997,762.8958,762.8973
512165441.04971236,19.509275,24.228087,769.1488,769.1503
512165441.1515834,19.515283999999998,24.226640999999997,761.1994,761.2009
512165441.2025189,19.518288,24.225918,761.1263,761.1278
512165441.25345415,19.521292,24.225195,763.7210,763.7225
512165441.30438966,19.524297,24.224470999999998,764.8538,764.8553
512165441.35532516,19.527300999999998,24.223748,766.1522,766.1537
512165441.40626067,19.530305,24.223025,766.3720,766.3736
512165441.4571962,19.53331,24.222302,767.2437,767.2452
512165441.5081317,19.536314,24.221577999999997,767.5381,767.5397
512165441.5590672,19.539317999999998,24.220855,769.1120,769.1136
512165441.6100027,19.542323,24.220132,770.1521,770.1536
512165441.6609382,19.545327,24.219407999999998,770.9061,770.9077
512165441.7118737,19.548332,24.218684999999997,771.6824,771.6840
512165441.7628093,19.551336,24.217962,772.4700,772.4715
512165441.8137447,19.55434,24.217238,773.4679,773.4695
512165441.8646803,19.557344,24.216514999999998,774.2009,774.2025
512165441.91561574,19.560349,24.215791,775.1425,775.1441
512165441.9665513,19.563353,24.215068,775.8980,775.8996
512165442.0174869,19.566357999999997,24.214344,776.2273,776.2289
512165442.0684214,19.569361999999998,24.213621,776.7165,776.7181
512165442.11935693,19.572366,24.212896999999998,777.0321,777.0337
512165442.1702924,19.57537,24.212173999999997,777.5515,777.5531
512165442.2212277,19.578374999999998,24.21145,778.0505,778.0521
512165442.2721632,19.581379,24.210727,778.4297,778.4313
512165442.3230987,19.584383,24.210003,779.1475,779.1492
512165442.3740342,19.587388,24.209279,779.4651,779.4668
512165442.42496973,19.590391999999998,24.208555999999998,779.4261,779.4278
512165442.47590524,19.593396,24.207832,779.7498,779.7515
512165442.52684075,19.596401,24.207107999999998,780.1791,780.1807
512165442.57777625,19.599405,24.206384999999997,780.3710,780.3726
512165442.7305828,19.608418,24.204214,781.7744,781.7761
512165442.7815182,19.611421999999997,24.20349,782.3816,782.3833
512165442.83245355,19.614425999999998,24.202766,783.1111,783.1128
512165442.88338906,19.617431,24.202042,783.5014,783.5031
512165442.9343245,19.620435,24.201318,784.3193,784.3210
512165442.98526,19.623438999999998,24.200594,785.1298,785.1315
512165443.03619653,19.626444,24.199870999999998,785.0514,785.0531
512165443.087132,19.629448,24.199147,786.1249,786.1266
512165443.1380675,19.632452,24.198423,786.5135,786.5152
512165443.18900305,19.635455999999998,24.197699,787.0224,787.0242
512165443.2399385,19.638461,24.196975,787.3204,787.3222
512165443.29087406,19.641465,24.196251,787.3427,787.3445
512165443.3418096,19.644469,24.195527,787.3573,787.3591
512165443.3927451,19.647472999999998,24.194803,787.1974,787.1992
512165443.4436806,19.650478,24.194079,786.9649,786.9667
512165443.49461615,19.653482,24.193355,785.9761,785.9779
512165444.207712,19.695541,24.183215999999998,789.4493,789.4512
512165444.36051846,19.704553999999998,24.181043,788.4971,788.4990
512165445.2773588,19.75863,24.168001,781.1266,781.1287
512165445.3282943,19.761634,24.167277,780.1141,780.1161
512165445.3792298,19.764637999999998,24.166552,786.6581,786.6601
512165445.4301653,19.767642,24.165827,786.6141,786.6161
512165445.4811008,19.770646,24.165101999999997,785.4610,785.4631
512165445.5320363,19.77365,24.164378,785.0107,785.0128
512165445.5829719,19.776654999999998,24.163653,784.2721,784.2741
512165445.6339071,19.779659,24.162927999999997,783.5545,783.5565
512165445.6848426,19.782663,24.162202999999998,782.6345,782.6366
512165445.7867136,19.788671,24.160753,780.3205,780.3226
512165445.83764917,19.791674999999998,24.160028,779.1040,779.1061
512165445.8885846,19.794679,24.159302999999998,777.8208,777.8229
512165446.7544871,19.84575,24.146977,739.2925,739.2948
512165447.4675851,19.887807,24.136820999999998,729.7485,729.7508
512165447.56945616,19.893815,24.135369999999998,740.1162,740.1185
512165447.62039167,19.896819,24.134643999999998,740.9867,740.9890
512165450.5237141,20.068047,24.093252999999997,769.5474,769.5500
512165453.6832755,20.254378,24.048137,688.3043,688.3074
512165453.78514653,20.260386,24.046681,685.8788,685.8819
512165453.836082,20.263389,24.045952999999997,685.5908,685.5938
512165453.88701755,20.266393,24.045225,698.5791,698.5822
512165453.93795305,20.269396999999998,24.044497,697.5053,697.5084
512165453.9888885,20.272401,24.043768999999998,696.2594,696.2625
512165454.14169383,20.281412,24.041584999999998,686.4848,686.4880
512165454.1926294,20.284416,24.040857,686.2458,686.2489
512165456.89221096,20.443611,24.002238,689.6452,689.6487
512165456.9431465,20.446614999999998,24.001509,689.4634,689.4669
512165457.85998654,20.50068,23.98838,692.9964,693.0000
512165457.9109221,20.503683,23.98765,693.5437,693.5473
512165457.96185756,20.506687,23.986921,694.1601,694.1637
512165458.0127931,20.509691,23.986190999999998,692.1876,692.1912
512165458.0637274,20.512694,23.985462,689.7570,689.7606
512165458.1146629,20.515698,23.984731999999997,691.0999,691.1035
512165458.16559845,20.518701,23.984002,692.8970,692.9006
512165459.133374,20.575768999999998,23.970135,697.2544,697.2581
512165459.1843095,20.578772,23.969403999999997,696.0399,696.0437
512165459.23524505,20.581775999999998,23.968674,697.1686,697.1723
512165459.2861805,20.584778999999997,23.967944,698.7718,698.7756
512165459.33711606,20.587782999999998,23.967214,699.6028,699.6066
512165459.38805157,20.590785999999998,23.966483999999998,698.9818,698.9855
512165459.438987,20.59379,23.965754,699.7277,699.7315
512165459.4899226,20.596792999999998,23.965024,698.5006,698.5044
512165459.54085803,20.599797,23.964292999999998,697.9373,697.9412
512165459.5917936,20.6028,23.963563,695.2862,695.2900
512165459.64272904,20.605804,23.962833,685.8484,685.8522
512165459.6936645,20.608807,23.962101999999998,685.4407,685.4446
512165459.7955355,20.614814,23.960642,683.0884,683.0922
512165459.8464711,20.617818,23.959912,689.1368,689.1407
512165459.8974066,20.620821,23.959180999999997,692.1248,692.1287
512165459.948342,20.623825,23.958451,694.6501,694.6540
512165459.9992776,20.626828,23.95772,696.8657,696.8696
512165460.0502119,20.629831,23.956989999999998,696.4806,696.4845
512165460.1011474,20.632835,23.95626,695.8302,695.8341
512165460.1520829,20.635838,23.955529,696.1912,696.1951
512165460.20301837,20.638842,23.954798999999998,696.2868,696.2908
512165460.25395393,20.641845,23.954068,696.6868,696.6907
512165460.3048894,20.644849,23.953338,696.6300,696.6339
512165460.35582495,20.647852,23.952607,697.7217,697.7257
512165460.40676045,20.650855999999997,23.951876,697.5487,697.5526
512165460.45769596,20.653859,23.951145999999998,697.4805,697.4845
512165460.50863147,20.656862999999998,23.950415,697.3108,697.3147
512165460.5595669,20.659865999999997,23.949685,697.5423,697.5462
512165460.6105025,20.662869,23.948954,697.3780,697.3820
512165461.2217295,20.698911,23.940185,705.0256,705.0297
512165461.27266496,20.701914,23.939453999999998,706.7730,706.7771
512165461.32360053,20.704918,23.938723,707.9827,707.9867
512165461.37453604,20.707921,23.937991999999998,709.0928,709.0968
512165461.42547154,20.710924,23.937261,710.5528,710.5568
512165461.4764068,20.713928,23.936529999999998,711.7407,711.7447
512165461.52734226,20.716931,23.935799,712.3917,712.3958
512165461.5782778,20.719935,23.935067999999998,713.3675,713.3716
512165461.62921333,20.722938,23.934337,714.2513,714.2554
512165461.68014884,20.725941,23.933605999999997,715.2319,715.2359
512165461.73108435,20.728945,23.932873999999998,715.7299,715.7339
512165461.78201985,20.731948,23.932143,716.8762,716.8803
512165462.69885755,20.786009,23.918979999999998,735.6389,735.6432
512165462.7497931,20.789012,23.918248,731.7402,731.7444
512165462.80072856,20.792015,23.917517,719.4095,719.4137
512165463.10634255,20.810035,23.913127,730.6495,730.6538
512165463.15727806,20.813039,23.912395,729.3191,729.3235
512165463.20821357,20.816042,23.911664,728.5417,728.5460
512165463.2591491,20.819045,23.910932,727.6962,727.7005
512165463.3100846,20.822049,23.9102,726.7862,726.7905
512165463.3610201,20.825052,23.909468999999998,726.0275,726.0319
512165463.4119556,20.828055,23.908737,737.6727,737.6771
512165463.46289116,20.831059,23.908005,737.3426,737.3469
512165463.5138266,20.834062,23.907273,736.8898,736.8941
512165463.5647621,20.837065,23.906540999999997,736.5075,736.5119
512165463.6156976,20.840068,23.905808999999998,735.6312,735.6356
512165463.6666331,20.843072,23.905078,734.3963,734.4007
512165463.7175687,20.846075,23.904346,734.4081,734.4124
512165463.76850414,20.849078,23.903613999999997,737.7213,737.7256
512165463.8194397,20.852082,23.902881999999998,732.8307,732.8351
512165464.83814883,20.912146999999997,23.888239,680.0328,680.0373
512165464.88908434,20.91515,23.887506,678.2808,678.2853
512165464.94001985,20.918153,23.886774,676.0687,676.0732
512165465.9077952,20.975213999999998,23.872854999999998,711.3366,711.3412
512165465.9587307,20.978218,23.872121999999997,712.9408,712.9454
512165466.0096662,20.981220999999998,23.871389,711.4108,711.4154
512165466.0606029,20.984223999999998,23.870656,714.6634,714.6680
512165466.11153847,20.987227,23.869923,714.7528,714.7574
512165466.1624739,20.99023,23.86919,714.6128,714.6174
512165466.2134091,20.993233,23.868457,713.9212,713.9258
512165466.26434475,20.996237,23.867724,713.8243,713.8290
512165466.31528014,20.99924,23.866992,710.4353,710.4399
512165466.36621565,21.002243,23.866259,709.7395,709.7442
512165466.5190222,21.011252,23.86406,707.9534,707.9581
512165467.02837634,21.041283999999997,23.856728,703.7301,703.7349
512165467.0793118,21.044287,23.855995,704.2420,704.2468
512165467.13024735,21.04729,23.855261,704.5205,704.5253
512165467.18118256,21.050293,23.854528,704.7391,704.7439
512165467.2321181,21.053296,23.853794999999998,705.0272,705.0320
512165467.28305364,21.056299,23.853061,703.7217,703.7265
512165467.33398914,21.059302,23.852328,704.9051,704.9099
512165467.38492465,21.062306,23.851595,704.5584,704.5632
512165467.43586016,21.065309,23.850861,703.7201,703.7249
512165467.48679566,21.068312,23.850127999999998,703.2508,703.2556
512165467.5377312,21.071315,23.849394,702.3160,702.3208
512165467.6905377,21.080323999999997,23.847194,702.9158,702.9206
512165467.7414732,21.083327,23.84646,705.3477,705.3525
512165468.65831333,21.137383,23.833253,712.0287,712.0335
512165468.8111198,21.146392,23.831051,711.7766,711.7815
512165468.8620553,21.149395,23.830316999999997,715.1735,715.1784
512165468.96392626,21.155400999999998,23.828848999999998,712.3433,712.3482
512165469.0148619,21.158403999999997,23.828115,712.6129,712.6178
512165469.21860266,21.170416,23.825179,701.1337,701.1387
512165469.2695382,21.173419,23.824444999999997,707.0266,707.0316
512165469.3204737,21.176422,23.82371,707.0197,707.0246
512165469.3714091,21.179425,23.822976,706.6662,706.6712
512165469.4223447,21.182427999999998,23.822242,708.7982,708.8032
512165469.47328013,21.185430999999998,23.821507999999998,706.3687,706.3737
512165469.52421564,21.188433999999997,23.820773,706.5343,706.5393
512165469.62608665,21.19444,23.819305,704.6265,704.6315
512165469.72795767,21.200446,23.817836,704.2408,704.2459
512165469.77889323,21.203449,23.817102,703.4818,703.4868
512165469.8298287,21.206452,23.816367,703.2527,703.2578
512165469.93169975,21.212457999999998,23.814899,701.6962,701.7013
512165469.9826352,21.215460999999998,23.814163999999998,703.1151,703.1202
512165470.0335717,21.218463999999997,23.81343,701.4023,701.4074
512165470.0845072,21.221467,23.812694999999998,703.2747,703.2798
512165470.13544273,21.22447,23.811961,704.0038,704.0090
512165470.18637824,21.227473,23.811225999999998,703.8947,703.8998
512165470.2373138,21.230476,23.810491,704.1414,704.1465
512165470.2882492,21.233479,23.809756999999998,704.7992,704.8043
512165470.33918476,21.236482,23.809022,704.3343,704.3394
512165470.3901202,21.239485,23.808287999999997,705.1120,705.1172
512165470.4410558,21.242487999999998,23.807553,704.8718,704.8770
512165470.4919913,21.245490999999998,23.806818,704.6605,704.6657
512165470.5429267,21.248493999999997,23.806084,704.0039,704.0090
512165471.0013461,21.27552,23.79947,705.5049,705.5101
512165471.0522806,21.278523,23.798735999999998,705.5632,705.5684
512165471.1032162,21.281526,23.798001,705.2356,705.2408
512165471.1541516,21.284529,23.797266,704.6175,704.6227
512165471.2050871,21.287532,23.796530999999998,703.9588,703.9640
512165471.2560227,21.290533999999997,23.795796,706.4934,706.4986
512165471.4088292,21.299543,23.793591,700.0541,700.0593
512165472.0200553,21.335577999999998,23.784768,692.5683,692.5736
512165472.07099175,21.338580999999998,23.784032999999997,693.5642,693.5695
512165472.4784758,21.362603999999997,23.77815,693.5816,693.5869
512165472.5294113,21.365607,23.777414,694.2000,694.2054
512165472.5803468,21.368609,23.776678999999998,692.5473,692.5526
512165472.6312823,21.371612,23.775942999999998,691.8144,691.8197
512165472.68221784,21.374615,23.775206999999998,688.8772,688.8826
512165472.73315334,21.377618,23.774472,689.3041,689.3095
512165472.78408885,21.380620999999998,23.773736,684.5220,684.5273
512165473.2425072,21.407646,23.767115,685.0073,685.0128
512165473.39531374,21.416655,23.764906999999997,684.4848,684.4903
512165473.4462492,21.419656999999997,23.764170999999997,682.0956,682.1011
512165473.4971848,21.42266,23.763434999999998,682.3230,682.3285
512165473.5481202,21.425663,23.762698999999998,682.7333,682.7388
512165476.4005093,21.593816,23.721452,590.2659,590.2718
512165476.45144486,21.596818,23.720715,588.8931,588.8990
512165476.5023803,21.599821,23.719977999999998,587.4585,587.4644
512165476.5533159,21.602824,23.719241,586.4287,586.4346
512165476.6042513,21.605826,23.718503,585.4911,585.4971
512165476.6551869,21.608829,23.717765999999997,583.7427,583.7486
512165476.7061224,21.611831,23.717029,583.2507,583.2566
512165476.75705785,21.614834,23.716291,576.1632,576.1692
512165476.80799365,21.617836999999998,23.715553999999997,573.2607,573.2666
512165476.85892916,21.620839,23.714817,570.9500,570.9560
512165476.90986466,21.623842,23.714078999999998,568.8222,568.8282
512165476.9608002,21.626845,23.713341999999997,568.4908,568.4968
512165477.0117357,21.629846999999998,23.712605,569.2055,569.2115
512165477.06267023,21.632849999999998,23.711866999999998,570.7454,570.7514
512165477.1136057,21.635852,23.711129999999997,571.1856,571.1916
512165477.16454124,21.638855,23.710392,571.5019,571.5079
512165480.7300269,21.849031,23.658714999999997,594.1969,594.2033
512165480.78096247,21.852034,23.657975999999998,595.9575,595.9640
512165482.0034132,21.924091,23.640233,613.4717,613.4783
512165482.05434966,21.927093,23.639492999999998,613.5476,613.5542
512165482.1562207,21.933097999999998,23.638014,613.1489,613.1555
512165482.20715624,21.9361,23.637275,617.8220,617.8287
512165482.25809175,21.939103,23.636535,614.4650,614.4716
512165482.30902725,21.942104999999998,23.635794999999998,615.0055,615.0121
512165483.1749297,21.993145,23.623217,615.3812,615.3879
512165483.2258651,21.996147,23.622477,613.4777,613.4845
512165484.804867,22.089216999999998,23.599524,579.4762,579.4832
512165484.8558026,22.092219,23.598782999999997,576.8366,576.8435
512165484.9067381,22.095221,23.598042,590.1613,590.1683
512165484.9576736,22.098222999999997,23.597300999999998,593.7878,593.7948
512165485.0086091,22.101225,23.59656,598.3208,598.3278
512165485.6707695,22.140254,23.586927,621.3013,621.3084
512165485.721705,22.143255999999997,23.586185999999998,622.7249,622.7320
512165485.7726405,22.146258,23.585445,624.2230,624.2301
512165485.82357603,22.149259999999998,23.584704,625.3762,625.3832
512165485.8745115,22.152262,23.583962,626.4309,626.4380
512165485.9254471,22.155264,23.583220999999998,626.8347,626.8417
512165485.9763825,22.158267,23.58248,627.8313,627.8384
512165486.02731895,22.161269,23.581737999999998,629.8295,629.8366
512165486.0782545,22.164271,23.580997,631.0533,631.0604
512165486.12918997,22.167272999999998,23.580256,629.3819,629.3890
512165486.1801253,22.170275,23.579514,629.9168,629.9239
512165486.23106074,22.173277,23.578772999999998,630.4069,630.4140
512165486.28199625,22.17628,23.578032,631.5437,631.5509
512165486.3329318,22.179282,23.577289999999998,631.4811,631.4883
512165486.38386726,22.182284,23.576549,630.2050,630.2122
512165486.43480283,22.185285999999998,23.575806999999998,628.9940,629.0012
512165486.4857381,22.188288,23.575066,627.8773,627.8845
512165486.5366736,22.19129,23.574323999999997,629.0195,629.0267
512165486.5876091,22.194291999999997,23.573583,629.9776,629.9847
512165486.63854456,22.197294,23.572841,646.2198,646.2269
512165486.6894801,22.200295999999998,23.572098999999998,642.4547,642.4618
512165486.74041563,22.203298999999998,23.571358,629.6494,629.6565
512165486.79135114,22.206301,23.570615999999998,646.3481,646.3552
512165486.84228665,22.209303,23.569875,649.6092,649.6164
512165486.8932221,22.212305,23.569132999999997,649.5938,649.6010
512165486.9950931,22.218308999999998,23.567649,649.5996,649.6068
512165487.1988342,22.230317,23.564681999999998,652.4927,652.4999
512165487.24976975,22.233318999999998,23.56394,654.0514,654.0586
512165487.35164076,22.239324,23.562457,651.8445,651.8518
512165487.6572535,22.257336,23.558004999999998,661.0250,661.0323
512165487.708189,22.260337999999997,23.557263,659.8626,659.8699
512165487.7591245,22.26334,23.556521,659.2795,659.2868
512165487.81006,22.266341999999998,23.555778999999998,658.8520,658.8593
512165489.0834477,22.341392,23.537219,616.1671,616.1745
512165489.1343832,22.344393999999998,23.536476,614.0090,614.0165
512165489.1853187,22.347396,23.535733999999998,612.0223,612.0298
512165489.2362543,22.350398,23.534990999999998,610.6686,610.6761
512165489.2871897,22.3534,23.534247999999998,609.5085,609.5160
512165489.3381253,22.356402,23.533504999999998,608.5869,608.5944
512165489.38906074,22.359403999999998,23.532763,607.5716,607.5791
512165489.4399963,22.362406,23.53202,607.1024,607.1099
512165489.4909318,22.365408,23.531277,606.8417,606.8492
512165489.54186726,22.368409999999997,23.530534,600.0869,600.0944
512165489.5928028,22.371412,23.529791,596.3816,596.3891
512165489.69467384,22.377416,23.528305,590.4437,590.4512
512165489.84748036,22.386422,23.526076,603.6194,603.6269
512165489.8984158,22.389423999999998,23.525333,599.1926,599.2001
512165489.9493514,22.392426,23.52459,597.3359,597.3434
512165490.2549653,22.410436999999998,23.520132,582.3261,582.3336
512165490.4077721,22.419442999999998,23.517902,573.7404,573.7480
512165491.528352,22.485484,23.501545,566.8678,566.8755
512165491.78302956,22.500493,23.497825,576.7447,576.7524
512165491.8339648,22.503494999999997,23.497082,575.7413,575.7490
512165491.8849004,22.506497,23.496337999999998,573.8236,573.8313
512165491.9867714,22.512501,23.49485,570.8607,570.8685
512165492.0377081,22.515503,23.494106,568.3707,568.3786
512165492.13957906,22.521506,23.492618,565.7339,565.7417
512165493.5148363,22.602553999999998,23.47252,580.3792,580.3871
512165493.5657719,22.605556,23.471776,577.2306,577.2385
512165494.27886987,22.647579999999998,23.461347999999997,566.2608,566.2689
512165494.43167645,22.656585,23.459113,561.6550,561.6631
512165494.4826119,22.659587,23.458368,563.3384,563.3465
512165494.53354746,22.662588,23.457622999999998,571.9742,571.9823
512165494.5844829,22.665589999999998,23.456878,573.8496,573.8577
512165494.6354185,22.668592,23.456132,579.8579,579.8660
512165494.6863539,22.671592999999998,23.455386999999998,573.9140,573.9221
512165494.7372894,22.674595,23.454642,582.2716,582.2797
512165494.788225,22.677597,23.453896999999998,581.4172,581.4253
512165494.83916044,22.680598,23.453152,581.5869,581.5951
512165494.890096,22.6836,23.452406,580.2997,580.3079
512165494.9410315,22.686602,23.451660999999998,579.0729,579.0811
512165494.99196696,22.689602999999998,23.450916,577.3971,577.4053
512165495.04290134,22.692605,23.45017,575.5873,575.5955
512165495.0938368,22.695607,23.449424999999998,577.5269,577.5351
512165495.14477235,22.698608,23.44868,566.2939,566.3021
512165495.1957078,22.70161,23.447934,575.4951,575.5034
512165495.24664336,22.704611,23.447188999999998,566.8114,566.8196
512165495.2975789,22.707613,23.446443,572.4029,572.4111
512165495.4503854,22.716618,23.444207,567.9500,567.9582
512165495.55225635,22.722621,23.442715999999997,564.3869,564.3952
512165495.6031919,22.725623,23.441969999999998,563.1474,563.1557
512165496.621903,22.785655,23.427052999999997,534.9403,534.9486
512165496.67283845,22.788656,23.426306999999998,534.1752,534.1836
512165496.72377396,22.791657999999998,23.425561,533.2225,533.2309
512165496.77470946,22.79466,23.424815,532.3914,532.3998
512165496.8256449,22.797660999999998,23.424069,531.6739,531.6823
512165496.8765805,22.800663,23.423323,531.6216,531.6300
512165496.927516,22.803663999999998,23.422576,530.0673,530.0757
512165496.9784515,22.806666,23.42183,529.6476,529.6560
512165497.02938604,22.809666999999997,23.421084,530.3701,530.3785
512165497.08032155,22.812669,23.420337999999997,530.3445,530.3529
512165497.13125706,22.815669999999997,23.419591,529.7550,529.7635
512165497.1821925,22.818672,23.418844999999997,528.8558,528.8643
512165497.2331281,22.821673,23.418098999999998,528.1826,528.1910
512165497.2840636,22.824675,23.417351999999998,527.3447,527.3531
512165497.3349991,22.827676,23.416605999999998,526.6414,526.6498
512165497.3859346,22.830678,23.41586,525.5733,525.5817
512165497.43687016,22.833679,23.415112999999998,524.4136,524.4220
512165497.4878056,22.836681,23.414367,523.7210,523.7294
512165497.5387409,22.839682999999997,23.413619999999998,522.5664,522.5749
512165497.5896764,22.842684,23.412874,522.1918,522.2003
512165497.6406119,22.845686,23.412126999999998,521.1780,521.1865
512165497.69154745,22.848686999999998,23.411381,520.2193,520.2278
512165497.7424829,22.851689,23.410633999999998,519.1847,519.1932
512165497.79341847,22.854689999999998,23.409886999999998,519.6687,519.6771
512165497.8443539,22.857692,23.409140999999998,519.0278,519.0362
512165497.8952894,22.860692999999998,23.408393999999998,518.6621,518.6706
512165497.946225,22.863695,23.407648,517.4223,517.4308
512165497.99716043,22.866695999999997,23.406900999999998,516.9919,517.0004
512165498.04809684,22.869698,23.406153999999997,516.7448,516.7533
512165498.0990324,22.872698999999997,23.405407,516.2752,516.2837
512165498.14996785,22.875701,23.404660999999997,517.4172,517.4257
512165498.2009034,22.878702,23.403914,517.6734,517.6820
512165498.25183886,22.881704,23.403167,517.3076,517.3161
512165498.3027744,22.884705,23.40242,516.9495,516.9580
512165498.35370994,22.887705999999998,23.401673,517.0615,517.0701
512165498.40464544,22.890708,23.400926,517.0855,517.0941
512165498.45558095,22.893708999999998,23.40018,517.2514,517.2600
512165498.50651646,22.896711,23.399433,516.9295,516.9381
512165498.55745196,22.899711999999997,23.398685999999998,516.7264,516.7350
512165498.6083875,22.902714,23.397938999999997,516.9241,516.9327
512165498.659323,22.905715,23.397192,514.6904,514.6990
512165498.7102585,22.908717,23.396445,513.5726,513.5813
512165498.76119405,22.911718,23.395698,511.8388,511.8474
512165498.8121295,22.91472,23.394951,509.6313,509.6399
512165498.86306506,22.917721,23.394202999999997,509.3891,509.3978
512165498.9140006,22.920721999999998,23.393456,508.3190,508.3277
512165498.964936,22.923724,23.392709,508.3366,508.3453
512165499.0158716,22.926724999999998,23.391962,507.3577,507.3664
512165499.06680584,22.929727,23.391215,510.7297,510.7384
512165499.11774135,22.932727999999997,23.390468,511.2784,511.2871
512165499.16867685,22.93573,23.38972,510.3382,510.3470
512165499.21961236,22.938731,23.388973,508.9658,508.9745
512165499.2705479,22.941732,23.388226,506.5778,506.5865
512165499.3214834,22.944734,23.387479,519.3407,519.3494
512165499.37241894,22.947734999999998,23.386730999999997,519.9039,519.9127
512165499.4233544,22.950737,23.385984,521.9864,521.9951
512165499.4742899,22.953737999999998,23.385237,521.2263,521.2350
512165499.52522546,22.956739,23.384489,520.6534,520.6622
512165499.5761609,22.959740999999998,23.383741999999998,520.1303,520.1391
512165499.62709635,22.962742,23.382994,519.7903,519.7990
512165499.6780319,22.965743999999997,23.382247,519.1649,519.1737
512165499.72896737,22.968745,23.381498999999998,518.7457,518.7545
512165499.779903,22.971746,23.380751999999998,518.3931,518.4019
512165499.8308384,22.974747999999998,23.380004,517.9155,517.9242
512165499.88177395,22.977749,23.379257,517.3185,517.3273
512165499.93270946,22.980750999999998,23.378508999999998,516.8513,516.8601
512165499.9836449,22.983752,23.377762,516.3570,516.3658
512165500.0345814,22.986753,23.377014,515.3574,515.3662
512165500.0855169,22.989755,23.376265999999998,515.3850,515.3939
512165500.69674295,23.025771,23.367293,514.2145,514.2234
512165500.7476785,23.028772,23.366545,512.4231,512.4319
512165500.79861397,23.031774,23.365797,513.0030,513.0119
512165500.84954953,23.034775,23.365049,516.2809,516.2898
512165500.90048504,23.037775999999997,23.364300999999998,515.5281,515.5369
512165500.95142055,23.040778,23.363553,516.1790,516.1879
512165501.0023558,23.043779,23.362804,515.9222,515.9311
512165501.0532926,23.04678,23.362056,515.1459,515.1548
512165501.104228,23.049782,23.361307999999998,514.6578,514.6667
512165501.1551635,23.052782999999998,23.36056,514.1423,514.1512
512165501.2060991,23.055784,23.359811999999998,513.8561,513.8651
512165501.25703454,23.058785999999998,23.359064,513.0725,513.0814
512165501.3079701,23.061787,23.358314999999997,512.4617,512.4706
512165501.3589053,23.064788,23.357567,511.3554,511.3644
512165501.4098409,23.067788999999998,23.356818999999998,510.4632,510.4721
512165501.4607764,23.070791,23.356071,509.8629,509.8718
512165501.51171184,23.073791999999997,23.355321999999997,509.0510,509.0600
512165501.9701314,23.100804,23.348585999999997,502.2071,502.2161
512165502.02106684,23.103804999999998,23.347838,501.9895,501.9985
512165502.07200146,23.106806,23.347089,501.3313,501.3403
512165502.12293696,23.109807,23.346341,501.0212,501.0302
512165502.1738727,23.112809,23.345592,500.5827,500.5917
512165502.2248082,23.11581,23.344842999999997,500.0082,500.0172
512165502.27574366,23.118810999999997,23.344095,499.6745,499.6836
512165502.326679,23.121812,23.343346,499.2236,499.2327
512165502.37761444,23.124814,23.342596999999998,498.5717,498.5808
512165502.42855,23.127815,23.341849,498.3597,498.3688
512165502.4794855,23.130816,23.341099999999997,499.3572,499.3663
512165502.530421,23.133817,23.340351,499.8453,499.8544
512165502.5813565,23.136819,23.339602,502.3234,502.3325
512165502.6322921,23.13982,23.338853,504.3248,504.3339
512165502.68322754,23.142820999999998,23.338103999999998,504.5358,504.5450
512165502.73416305,23.145822,23.337356,504.5975,504.6066
512165502.78509855,23.148823,23.336606999999997,504.7910,504.8002
512165502.83603406,23.151825,23.335857999999998,504.7653,504.7744
512165502.8869696,23.154826,23.335109,505.2008,505.2100
512165502.9379051,23.157826999999997,23.33436,504.2717,504.2809
512165502.98884064,23.160828,23.333610999999998,503.8235,503.8327
512165503.03977704,23.163829999999997,23.332862,503.5736,503.5828
512165503.0907125,23.166831,23.332113,503.5711,503.5803
512165503.4472611,23.187839,23.326869,506.1327,506.1419
512165503.4981966,23.190839999999998,23.326119,506.5881,506.5973
512165503.5491321,23.193841,23.32537,507.2329,507.2421
512165503.6000676,23.196842999999998,23.324621,507.2454,507.2546
512165503.6510031,23.199844,23.323871,507.4868,507.4960
512165503.7019386,23.202845,23.323121999999998,507.2689,507.2781
512165503.75287414,23.205845999999998,23.322373,506.9932,507.0024
512165503.80380964,23.208847,23.321623,506.6174,506.6267
512165503.8547452,23.211848,23.320874,506.1308,506.1401
512165503.90568066,23.21485,23.320124999999997,505.6406,505.6499
512165503.9566162,23.217851,23.319374999999997,504.9814,504.9907
512165504.00755167,23.220852,23.318626,504.7275,504.7368
512165504.058486,23.223853,23.317876,504.1826,504.1919
512165504.1094215,23.226854,23.317127,503.4348,503.4442
512165504.160357,23.229855,23.316377,503.3671,503.3764
512165504.2112925,23.232855999999998,23.315627,502.9652,502.9745
512165504.262228,23.235858,23.314878,502.4189,502.4282
512165504.3131635,23.238858999999998,23.314128,502.0988,502.1081
512165504.364099,23.24186,23.313378999999998,502.0811,502.0905
512165504.41503453,23.244861,23.312628999999998,501.6726,501.6819
512165504.4659701,23.247861999999998,23.311878999999998,501.9607,501.9701
512165504.51690555,23.250863,23.311128999999998,501.2504,501.2598
512165504.567841,23.253864,23.31038,500.2323,500.2416
512165504.61877656,23.256864999999998,23.30963,490.2667,490.2761
512165504.669712,23.259867,23.30888,491.2881,491.2974
512165504.72064763,23.262867999999997,23.30813,491.5499,491.5593
512165504.771583,23.265869,23.30738,492.2012,492.2106
512165504.8225185,23.26887,23.306631,492.4168,492.4262
512165504.8734541,23.271870999999997,23.305881,491.7365,491.7459
512165504.92438954,23.274872,23.305131,491.4770,491.4864
512165504.9753251,23.277873,23.304381,491.6625,491.6719
512165505.02626157,23.280873999999997,23.303631,490.6973,490.7067
512165505.0771971,23.283875,23.302881,491.3048,491.3142
512165505.1281326,23.286877,23.302131,494.4164,494.4258
512165505.1790681,23.289877999999998,23.301381,494.5946,494.6040
512165505.2300036,23.292879,23.300631,494.7696,494.7790
512165505.28093916,23.29588,23.299881,494.9899,494.9994
512165505.3318746,23.298880999999998,23.299129999999998,494.9866,494.9961
512165505.3828101,23.301882,23.298379999999998,494.9332,494.9427
512165505.4337456,23.304883,23.297629999999998,494.9119,494.9214
512165505.4846811,23.307883999999998,23.296879999999998,494.8061,494.8156
512165505.5356167,23.310885,23.296129999999998,494.3981,494.4075
512165505.5865521,23.313886,23.295379999999998,493.4733,493.4827
512165505.6374877,23.316886999999998,23.294629,493.5655,493.5749
512165505.892165,23.331892,23.290878,492.1398,492.1493
512165505.94310045,23.334892999999997,23.290127,491.4064,491.4159
512165505.9940359,23.337895,23.289376999999998,490.6505,490.6600
512165506.0449706,23.340895999999997,23.288626,490.4500,490.4595
512165506.29964805,23.355901,23.284874,487.4578,487.4673
512165506.3505835,23.358902,23.284122999999997,486.6984,486.7079
512165506.605261,23.373907,23.280369999999998,477.8431,477.8528
512165506.7071318,23.379908999999998,23.278868,477.4049,477.4145
512165506.75806737,23.38291,23.278118,478.0983,478.1079
512165507.31835884,23.41592,23.269857,485.1350,485.1447
512165507.77677846,23.442929,23.263097,493.4182,493.4280
512165508.03145474,23.457933999999998,23.259339999999998,496.2976,496.3074
512165508.0823903,23.460933999999998,23.258589,497.0137,497.0235
512165508.1333258,23.463935,23.257837,497.7567,497.7665
512165508.18426126,23.466936,23.257085999999997,497.8714,497.8812
512165508.2351968,23.469936999999998,23.256334,496.2395,496.2493
512165508.28613234,23.472938,23.255582999999998,498.6376,498.6474
512165508.33706784,23.475939,23.254831,499.2247,499.2346
512165508.38800335,23.478939999999998,23.25408,500.0482,500.0581
512165508.4389388,23.481941,23.253328,500.3455,500.3554
512165508.48987436,23.484942,23.252575999999998,499.1647,499.1746
512165508.54080987,23.487942999999998,23.251825,497.6005,497.6104
512165508.5917454,23.490942999999998,23.251072999999998,507.2769,507.2867
512165508.6426809,23.493944,23.250321,508.3521,508.3619
512165508.69361645,23.496945,23.24957,511.8611,511.8709
512165508.89735836,23.508948999999998,23.246563,508.4780,508.4879
512165508.948294,23.51195,23.245811,513.6362,513.6461
512165508.9992294,23.51495,23.245058999999998,507.5736,507.5835
512165510.2726171,23.589971,23.226255,473.5339,473.5439
512165510.32355255,23.592972,23.225502,473.1323,473.1423
512165510.8329076,23.62298,23.217976,468.1518,468.1619
512165510.8838432,23.62598,23.217223,467.7255,467.7356
512165510.9347787,23.628981,23.216469999999997,467.2745,467.2846
512165510.9857142,23.631981999999997,23.215718,466.8944,466.9045
512165511.03665066,23.634983,23.214965,465.9531,465.9632
512165511.0875861,23.637983,23.214212,465.1730,465.1831
512165511.1385217,23.640984,23.213459,464.3605,464.3706
512165511.1894571,23.643985,23.212705999999997,464.0659,464.0760
512165511.2403926,23.646986,23.211952999999998,463.1112,463.1213
512165511.29132813,23.649986,23.211199999999998,462.6124,462.6225
512165511.34226364,23.652987,23.210447,462.0759,462.0861
512165511.39319915,23.655988,23.209694,461.4027,461.4129
512165511.44413465,23.658989,23.208941,460.9080,460.9182
512165511.4950699,23.661989,23.208188,460.3392,460.3494
512165511.5460054,23.66499,23.207435,460.4228,460.4330
512165511.596941,23.667991,23.206682,459.8124,459.8225
512165511.64787644,23.670990999999997,23.205928999999998,461.0587,461.0688
512165511.698812,23.673992,23.205175999999998,462.3007,462.3108
512165511.7497475,23.676993,23.204421999999997,463.1318,463.1419
512165511.80068296,23.679994,23.203668999999998,464.5043,464.5145
512165511.8516185,23.682993999999997,23.202916,464.2731,464.2833
512165511.90255404,23.685995,23.202163,464.1454,464.1556
512165511.95348954,23.688996,23.201408999999998,463.7506,463.7608
512165512.00442505,23.691996,23.200656,463.8452,463.8554
512165512.05535954,23.694996999999997,23.199903,463.3709,463.3811
512165512.1062951,23.697998,23.19915,463.3684,463.3786
512165512.15723056,23.700998,23.198396,462.9729,462.9831
512165512.2081661,23.703999,23.197643,462.5743,462.5846
512165512.2591016,23.706999999999997,23.196889,462.2302,462.2404
512165512.31003714,23.709999999999997,23.196136,461.9457,461.9559
512165512.36097264,23.713001,23.195382,461.7304,461.7407
512165512.41190815,23.716002,23.194629,461.5413,461.5515
512165512.4628434,23.719002,23.193875,461.1974,461.2076
512165512.5137789,23.722002999999997,23.193122,461.1285,461.1388
512165512.56471443,23.725004,23.192368,460.7483,460.7585
512165512.61564994,23.728004,23.191615,460.3122,460.3225
512165512.66658545,23.731005,23.190860999999998,459.6392,459.6495
512165512.71752095,23.734005999999997,23.190106999999998,459.1819,459.1921
512165512.76845646,23.737005999999997,23.189353999999998,458.5419,458.5522
512165512.81939197,23.740007,23.188599999999997,457.6624,457.6727
512165512.8703275,23.743008,23.187846,456.7529,456.7632
512165512.921263,23.746008,23.187092999999997,447.2533,447.2636
512165512.9721985,23.749008999999997,23.186339,446.7979,446.8082
512165513.0231349,23.75201,23.185585,444.4620,444.4723
512165513.07407045,23.75501,23.184831,445.1765,445.1868
512165513.1250059,23.758011,23.184077,447.5190,447.5293
512165513.17594147,23.761011,23.183322999999998,450.9343,450.9446
512165513.2268769,23.764011999999997,23.182568999999997,449.8701,449.8804
512165513.2778125,23.767013,23.181815999999998,449.2047,449.2150
512165513.328748,23.770013,23.181062,447.6642,447.6745
512165513.37968343,23.773014,23.180308,447.4452,447.4556
512165513.430619,23.776014,23.179554,447.5763,447.5867
512165513.4815545,23.779014999999998,23.1788,446.2109,446.2213
512165513.53249,23.782016,23.178046,444.5608,444.5712
512165513.5834255,23.785016,23.177291999999998,447.5380,447.5484
512165513.634361,23.788017,23.176537,444.1814,444.1917
512165513.68529654,23.791017,23.175783,446.5940,446.6043
512165513.73623204,23.794017999999998,23.175029,447.8703,447.8806
512165513.78716755,23.797019,23.174274999999998,445.1391,445.1495
512165513.838103,23.800019,23.173520999999997,444.7407,444.7511
512165513.88903856,23.80302,23.172767,443.2711,443.2815
512165513.939974,23.80602,23.172012,444.2379,444.2483
512165513.99090964,23.809020999999998,23.171257999999998,442.2296,442.2400
512165514.0418439,23.812020999999998,23.170503999999998,442.5813,442.5917
512165514.0927794,23.815022,23.169749,443.2564,443.2668
512165514.1437149,23.818023,23.168995,442.2962,442.3066
512165514.1946504,23.821023,23.168241,444.2170,444.2274
512165514.2455859,23.824023999999998,23.167486,447.1629,447.1734
512165514.2965214,23.827023999999998,23.166732,446.4242,446.4346
512165514.34745693,23.830025,23.165978,444.8489,444.8593
512165514.3983924,23.833025,23.165222999999997,444.3536,444.3641
512165514.44932795,23.836026,23.164469,443.5107,443.5212
512165514.5002634,23.839026,23.163714,442.7796,442.7901
512165514.55119896,23.842026999999998,23.162958999999997,442.2882,442.2987
512165514.6021344,23.845026999999998,23.162205,441.5262,441.5367
512165514.6530699,23.848028,23.16145,440.7739,440.7845
512165514.7040054,23.851029,23.160695999999998,440.0129,440.0235
512165514.754941,23.854029,23.159941,439.2062,439.2167
512165514.80587643,23.857029999999998,23.159186,438.6060,438.6166
512165514.856812,23.86003,23.158431999999998,437.9203,437.9309
512165514.9077475,23.863031,23.157677,437.0883,437.0989
512165514.9586832,23.866031,23.156921999999998,435.8193,435.8299
512165515.00961876,23.869032,23.156167,435.0246,435.0352
512165515.0605552,23.872031999999997,23.155413,434.2885,434.2991
512165515.1114907,23.875033,23.154657999999998,433.5212,433.5318
512165515.16242623,23.878033,23.153903,432.6821,432.6927
512165515.21336174,23.881034,23.153147999999998,431.9495,431.9602
512165515.2642972,23.884034,23.152393,431.1445,431.1551
512165515.3152328,23.887034999999997,23.151638,430.7138,430.7245
512165515.3661682,23.890034999999997,23.150883,430.1894,430.2000
512165515.4680393,23.896036,23.149373,430.4329,430.4436
512165515.67178124,23.908037999999998,23.146352999999998,430.9449,430.9556
512165515.7227168,23.911039,23.145598,431.2901,431.3008
512165515.77365226,23.914039,23.144842999999998,431.4043,431.4149
512165515.8245878,23.91704,23.144088,431.3257,431.3364
512165515.8755231,23.92004,23.143333,431.3128,431.3235
512165515.92645854,23.92304,23.142577,431.1170,431.1277
512165515.9773941,23.926040999999998,23.141821999999998,430.8201,430.8308
512165516.0283286,23.929040999999998,23.141067,430.5536,430.5643
512165516.53768367,23.959045999999997,23.133513,427.6540,427.6648
512165516.58861923,23.962045999999997,23.132756999999998,427.5677,427.5784
512165516.6395547,23.965047,23.132002,427.5900,427.6008
512165516.69049025,23.968047,23.131245999999997,427.6780,427.6888
512165516.74142575,23.971047,23.130491,426.4417,426.4525
512165516.79236126,23.974048,23.129735,424.6025,424.6133
512165516.8432965,23.977048,23.128978999999998,427.0875,427.0983
512165516.8942321,23.980048999999998,23.128224,426.5135,426.5243
512165516.94516754,23.983048999999998,23.127468,426.3897,426.4005
512165516.996103,23.986048999999998,23.126711999999998,420.0721,420.0829
512165517.04703975,23.98905,23.125956,419.5384,419.5492
512165517.0979752,23.99205,23.125201,420.1179,420.1287
512165517.1489107,23.995051,23.124444999999998,420.1885,420.1993
512165517.19984597,23.998051,23.123689,419.9888,419.9997
512165517.2507815,24.001051,23.122933,419.7047,419.7155
512165517.30171704,24.004051999999998,23.122177,419.3146,419.3254
512165517.3526525,24.007051999999998,23.121420999999998,418.5274,418.5382
512165517.40358806,24.010051999999998,23.120665,417.8822,417.8930
512165517.4545235,24.013053,23.119909,416.3790,416.3899
512165517.5054591,24.016053,23.119152999999997,414.9964,415.0072
512165517.5563946,24.019054,23.118396999999998,413.8976,413.9085
512165517.60733,24.022054,23.117641,412.7268,412.7376
512165517.6582656,24.025053999999997,23.116885,410.6788,410.6897
512165517.8620076,24.037056,23.113861,405.7447,405.7555
512165517.9129431,24.040056,23.113104,404.9896,405.0005
512165517.96387863,24.043056,23.112347999999997,404.4408,404.4517
512165518.0148141,24.046056999999998,23.111591999999998,404.6083,404.6192
512165518.0657487,24.049056999999998,23.110836,407.3789,407.3898
512165518.1166842,24.052056999999998,23.110079,407.8223,407.8332
512165518.16761947,24.055058,23.109323,408.4052,408.4162
512165518.2185549,24.058058,23.108566999999997,409.2705,409.2814
512165518.2694905,24.061058,23.10781,409.2421,409.2530
512165518.320426,24.064059,23.107053999999998,410.5159,410.5269
512165518.3713615,24.067059,23.106298,410.3534,410.3644
512165518.42229694,24.070059,23.105541,409.9810,409.9920
512165518.47323257,24.073059999999998,23.104785,409.2872,409.2982
512165518.52416795,24.07606,23.104028,407.1033,407.1143
512165518.72791,24.088061,23.101001999999998,412.0854,412.0965
512165518.7788455,24.091061,23.100244999999997,414.0004,414.0115
512165518.829781,24.094061999999997,23.099489,414.6573,414.6683
512165518.8807165,24.097061999999998,23.098732,415.3780,415.3891
512165518.931652,24.100061999999998,23.097974999999998,416.2028,416.2139
512165518.9825876,24.103061999999998,23.097217999999998,416.7316,416.7427
512165519.3900726,24.127064999999998,23.091164,423.2661,423.2772
512165519.44100803,24.130065,23.090407,426.1836,426.1947
512165519.4919436,24.133065,23.08965,426.9503,426.9615
512165519.54287905,24.136065,23.088893,429.1912,429.2023
512165519.59381455,24.139066,23.088136,430.0193,430.0305
512165519.64475006,24.142066,23.087379,431.4042,431.4153
512165519.6956855,24.145066,23.086622,432.0024,432.0136
512165519.7466211,24.148066,23.085865,431.8256,431.8368
512165519.7975566,24.151066999999998,23.085107,431.5995,431.6107
512165519.8484921,24.154066999999998,23.08435,431.5000,431.5112
512165519.8994276,24.157066999999998,23.083593,431.0634,431.0746
512165519.95036316,24.160066999999998,23.082836,431.5482,431.5594
512165520.0012986,24.163066999999998,23.082079,431.3290,431.3402
512165520.1031684,24.169068,23.080564,428.7204,428.7316
512165520.15410393,24.172068,23.079807,426.7949,426.8061
512165520.20503944,24.175068,23.079048999999998,425.6893,425.7005
512165520.25597495,24.178068,23.078291999999998,435.2507,435.2619
512165520.3069105,24.181068999999997,23.077534999999997,451.5428,451.5540
512165520.35784596,24.184068999999997,23.076777,451.8772,451.8885
512165520.40878147,24.187068999999997,23.07602,451.5728,451.5841
512165520.45971704,24.190068999999998,23.075262,451.3495,451.3607
512165520.6125235,24.19907,23.072989999999997,449.1806,449.1918
512165520.66345906,24.20207,23.072232,448.1414,448.1527
512165520.71439457,24.20507,23.071475,447.5066,447.5179
512165520.76533,24.20807,23.070717,446.5439,446.5551
512165520.8162656,24.21107,23.069958999999997,444.6569,444.6682
512165520.9690721,24.220070999999997,23.067686,426.0974,426.1087
512165521.0200076,24.223070999999997,23.066929,433.8679,433.8792
512165521.1218795,24.229070999999998,23.065413,433.3802,433.3915
512165521.172815,24.232072,23.064655,432.3578,432.3691
512165521.22375053,24.235072,23.063896999999997,434.1838,434.1952
512165521.2746861,24.238072,23.063139,435.2226,435.2339
512165521.32562155,24.241072,23.062382,436.3186,436.3299
512165521.37655705,24.244072,23.061624,437.4567,437.4681
512165521.42749256,24.247072,23.060865999999997,438.8044,438.8157
512165521.47842807,24.250072,23.060108,438.2692,438.2805
512165521.52936363,24.253072,23.05935,440.3666,440.3780
512165521.5802991,24.256073,23.058591999999997,437.3330,437.3444
512165521.6312344,24.259072999999997,23.057834,438.0457,438.0570
512165521.68216985,24.262072999999997,23.057076,438.3608,438.3722
512165521.73310536,24.265072999999997,23.056317999999997,432.9633,432.9747
512165521.7840409,24.268072999999998,23.055559,433.9537,433.9650
512165521.8349764,24.271072999999998,23.054800999999998,428.7532,428.7646
512165521.88591194,24.274072999999998,23.054043,430.8448,430.8562
512165521.93684745,24.277072999999998,23.053285,432.8561,432.8675
512165521.98778296,24.280072999999998,23.052526999999998,435.6694,435.6808
512165522.03871757,24.283074,23.051768,435.2447,435.2561
512165522.0896531,24.286074,23.051009999999998,435.1383,435.1498
512165522.1405886,24.289074,23.050252,434.3541,434.3656
512165522.1915241,24.292074,23.049493,435.3615,435.3730
512165522.2424596,24.295074,23.048735,436.7983,436.8098
512165522.2933951,24.298074,23.047977,437.5388,437.5503
512165522.3443306,24.301074,23.047217999999997,439.1284,439.1399
512165522.3952661,24.304074,23.04646,440.1782,440.1897
512165522.4462016,24.307074,23.045700999999998,440.9405,440.9520
512165522.49713707,24.310074,23.044943,442.4746,442.4861
512165522.5480727,24.313074,23.044183999999998,443.2335,443.2450
512165522.5990079,24.316074,23.043426,444.6308,444.6424
512165522.64994335,24.319074,23.042666999999998,446.3438,446.3554
512165522.7008789,24.322074,23.041909,448.4976,448.5092
512165522.75181437,24.325073999999997,23.04115,450.8263,450.8379
512165522.80275,24.328075,23.040392,452.7798,452.7914
512165522.8536854,24.331075,23.039633,455.2421,455.2537
512165522.9046209,24.334075,23.038874,457.5952,457.6068
512165522.95555645,24.337075,23.038114999999998,459.7213,459.7329
512165523.0064919,24.340075,23.037357,461.8110,461.8226
512165523.0574284,24.343075,23.036597999999998,464.0313,464.0429
512165523.2611704,24.355075,23.033562999999997,471.2577,471.2693
512165523.31210595,24.358075,23.032804,472.3463,472.3580
512165523.36304146,24.361075,23.032045,474.2290,474.2407
512165523.41397697,24.364075,23.031285999999998,475.5527,475.5643
512165523.4649125,24.367075,23.030527,476.7100,476.7217
512165523.515848,24.370075,23.029768,476.0128,476.0245
512165523.5667835,24.373075,23.029009,475.7973,475.8089
512165523.617719,24.376075,23.02825,475.3465,475.3582
512165523.66865444,24.379075,23.027490999999998,475.8903,475.9020
512165523.71959,24.382075,23.026732,475.6753,475.6870
512165523.77052546,24.385075,23.025972,474.4887,474.5004
512165523.821461,24.388075,23.025212999999997,474.3035,474.3152
512165523.87239647,24.391074999999997,23.024454,473.4561,473.4678
512165523.923332,24.394074999999997,23.023695,476.0325,476.0442
512165523.9742675,24.397074999999997,23.022935999999998,476.9208,476.9325
512165524.02520186,24.400074999999998,23.022175999999998,477.4892,477.5009
512165524.0761373,24.403074999999998,23.021417,478.5648,478.5765
512165524.12707293,24.406074999999998,23.020657999999997,478.7963,478.8080
512165524.1780083,24.409074999999998,23.019899,478.3277,478.3394
512165524.2289438,24.412074999999998,23.019139,478.0797,478.0915
512165524.2798794,24.415074999999998,23.01838,477.7105,477.7222
512165524.33081484,24.418074999999998,23.017619999999997,477.2545,477.2663
512165524.38175035,24.421073999999997,23.016861,477.8746,477.8863
512165524.63642794,24.436073999999998,23.013063,479.2143,479.2261
512165524.6873634,24.439073999999998,23.012304,479.5170,479.5288
512165524.7382989,24.442073999999998,23.011544,479.3993,479.4111
512165524.8401699,24.448074,23.010025,477.8419,477.8537
512165525.55326796,24.490073,22.999387,461.2764,461.2882
512165525.6042035,24.493071999999998,22.998627,459.8836,459.8955
512165525.65513897,24.496071999999998,22.997867,456.3974,456.4093
512165525.70607454,24.499071999999998,22.997107,456.7463,456.7581
512165525.75701,24.502072,22.996346,454.1500,454.1619
512165525.8079455,24.505072,22.995586,453.0818,453.0937
512165525.85888106,24.508072,22.994826,454.7911,454.8030
512165525.9098165,24.511072,22.994066,452.5857,452.5975
512165525.96075207,24.514070999999998,22.993306,451.5363,451.5482
512165526.01168734,24.517070999999998,22.992545,452.0803,452.0923
512165526.06262183,24.520070999999998,22.991785,450.3255,450.3374
512165526.1135574,24.523070999999998,22.991025,447.8241,447.8360
512165526.16449285,24.526070999999998,22.990264,447.5056,447.5175
512165526.4701062,24.544069999999998,22.985702,419.6397,419.6517
512165527.79442984,24.622063999999998,22.96592,468.6021,468.6143
512165527.8453653,24.625064,22.965159,469.7862,469.7984
512165527.89630085,24.628064,22.964396999999998,471.4806,471.4928
512165527.9472363,24.631062999999997,22.963635999999997,472.1330,472.1452
512165527.9981718,24.634062999999998,22.962875,472.8733,472.8855
512165528.0491064,24.637062999999998,22.962113,473.9325,473.9447
512165528.1000419,24.640062999999998,22.961351999999998,474.2505,474.2627
512165528.1509774,24.643062,22.960590999999997,475.2126,475.2248
512165528.20191294,24.646062,22.959829,475.2709,475.2831
512165528.2528483,24.649061999999997,22.959068,476.4457,476.4579
512165528.3037837,24.652061,22.958306999999998,476.5646,476.5769
512165528.35471916,24.655061,22.957545,477.2019,477.2141
512165528.4565902,24.661061,22.956021999999997,477.6690,477.6812
512165528.5075256,24.66406,22.955261,477.2869,477.2992
512165529.628108,24.730052999999998,22.938499999999998,453.1699,453.1823
512165529.67904353,24.733052999999998,22.937738,453.1299,453.1422
512165529.7299791,24.736051999999997,22.936975999999998,438.1051,438.1175
512165529.78091455,24.739051999999997,22.936213,453.0181,453.0305
512165529.8318501,24.742051,22.935451,452.7515,452.7639
512165529.88278556,24.745051,22.934689,453.0289,453.0413
512165529.9337211,24.748051,22.933927,452.4659,452.4783
512165529.98465663,24.75105,22.933163999999998,451.0895,451.1019
512165530.0355909,24.75405,22.932402,447.3117,447.3241
512165530.08652645,24.757049,22.931639999999998,446.0568,446.0693
512165530.1374619,24.760049,22.930877,444.5505,444.5629
512165530.2393329,24.766047999999998,22.929351999999998,441.4541,441.4665
512165530.2902684,24.769047999999998,22.92859,439.7631,439.7755
512165530.341204,24.772047,22.927827,436.0825,436.0949
512165530.39213943,24.775046999999997,22.927065,434.3928,434.4053
512165530.443075,24.778046,22.926302,438.0205,438.0330
512165530.5958815,24.787045,22.924015,420.7001,420.7125
512165530.64681697,24.790045,22.923251999999998,416.5456,416.5580
512165530.85055906,24.802042999999998,22.920201,411.3742,411.3867
512165530.90149456,24.805042999999998,22.919438,413.4311,413.4436
512165531.0033655,24.811042,22.917913,412.6483,412.6608
512165531.054302,24.814041,22.91715,410.4525,410.4650
512165531.1052375,24.817041,22.916387,409.9679,409.9804
512165531.156173,24.82004,22.915623999999998,410.0366,410.0492
512165531.2071085,24.82304,22.914861,409.1787,409.1913
512165531.258044,24.826038999999998,22.914098,406.7758,406.7883
512165531.3089796,24.829038999999998,22.913335,405.2350,405.2475
512165531.359915,24.832037999999997,22.912571999999997,404.2498,404.2624
512165531.4108506,24.835037999999997,22.911808999999998,404.5157,404.5283
512165531.4617861,24.838037,22.911046,403.8393,403.8519
512165531.51272184,24.841037,22.910283,403.1588,403.1714
512165531.56365734,24.844036,22.90952,401.1662,401.1788
512165531.6145928,24.847036,22.908756999999998,398.8177,398.8303
512165531.66552836,24.850036,22.907992999999998,398.2864,398.2990
512165531.71646357,24.853035,22.90723,393.3387,393.3514
512165531.7673991,24.856033999999998,22.906467,390.8681,390.8808
512165531.81833464,24.859033999999998,22.905704,390.4735,390.4861
512165531.86927,24.862033,22.904940999999997,390.5628,390.5755
512165531.9202056,24.865033,22.904177,389.1015,389.1142
512165531.9711411,24.868032,22.903413999999998,387.4008,387.4135
512165532.0220766,24.871032,22.902651,385.7970,385.8097
512165532.0730112,24.874031,22.901887,383.6985,383.7112
512165532.1239467,24.877031,22.901124,383.2201,383.2329
512165532.1748822,24.880029999999998,22.90036,382.9868,382.9995
512165532.3786242,24.892028,22.897306,379.8620,379.8747
512165532.5314307,24.901027,22.895014999999997,376.5494,376.5622
512165532.5823662,24.904025999999998,22.894251999999998,375.8217,375.8345
512165532.684237,24.910024999999997,22.892723999999998,374.5552,374.5679
512165532.73517257,24.913024,22.891961,373.5761,373.5889
512165532.786108,24.916024,22.891197,372.1828,372.1956
512165532.8370435,24.919023,22.890432999999998,373.9025,373.9153
512165532.8879791,24.922023,22.889668999999998,372.1042,372.1170
512165532.93891454,24.925022,22.888904999999998,372.0674,372.0802
512165532.9898501,24.928020999999998,22.888142,371.9812,371.9940
512165533.0407865,24.931020999999998,22.887378,371.2428,371.2556
512165533.09172195,24.93402,22.886613999999998,370.7770,370.7899
512165533.1426576,24.93702,22.885849999999998,372.4747,372.4875
512165533.19359297,24.940019,22.885085999999998,372.0172,372.0300
512165533.2445286,24.943019,22.884321999999997,371.3721,371.3849
512165533.29546404,24.946018,22.883558,370.7074,370.7203
512165533.34639955,24.949016999999998,22.882794,370.4183,370.4311
512165533.8557546,24.979011,22.875152,362.2571,362.2700
512165533.9066901,24.982011,22.874387,367.4581,367.4709
512165533.9576257,24.98501,22.873623,367.1927,367.2056
512165534.00856113,24.988008999999998,22.872859,366.4166,366.4295
512165534.8744657,25.038998,22.859859999999998,386.3653,386.3782
512165535.07820654,25.050995,22.8568,384.5336,384.5466
512165535.12914205,25.053994,22.856035,383.5947,383.6077
512165535.18007755,25.056994,22.855269999999997,380.8502,380.8632
512165535.23101306,25.059993,22.854505,384.3991,384.4121
512165535.2819486,25.062991999999998,22.85374,390.2895,390.3025
512165535.3328841,25.065991,22.852975,391.7332,391.7462
512165535.38381964,25.068991,22.85221,397.9440,397.9570
512165535.5875616,25.080987999999998,22.849149,398.8232,398.8362
512165535.6384972,25.083987,22.848384,397.1692,397.1823
512165535.6894326,25.086986,22.847618,399.0394,399.0525
512165535.7403682,25.089985,22.846853,398.6067,398.6198
512165535.7913037,25.092985,22.846087999999998,397.9958,398.0089
512165535.84223914,25.095983999999998,22.845322,398.2028,398.2159
512165535.8931747,25.098983,22.844557,398.4717,398.4848
512165535.94411016,25.101982,22.843792,395.5990,395.6121
512165535.9950457,25.104982,22.843026,395.8353,395.8484
512165536.0459821,25.107981,22.842261,395.0005,395.0136
512165536.14785314,25.113979,22.84073,391.0511,391.0642
512165536.30065966,25.122977,22.838433,377.7237,377.7368
512165536.6062725,25.140971999999998,22.833838999999998,376.5490,376.5622
512165536.70814353,25.146971,22.832307,379.1565,379.1696
512165536.759079,25.14997,22.831540999999998,376.2028,376.2160
512165536.8100145,25.152969,22.830775,382.3569,382.3701
512165536.86095005,25.155967999999998,22.830009,378.1848,378.1980
512165536.9118855,25.158967,22.829242999999998,377.8959,377.9091
512165536.96282095,25.161966999999997,22.828477,378.2828,378.2960
512165537.0137566,25.164966,22.827710999999997,371.3989,371.4121
512165537.0646911,25.167965,22.826946,372.4784,372.4916
512165537.11562663,25.170963999999998,22.826179,370.8453,370.8585
512165537.1665621,25.173963,22.825412999999998,371.1628,371.1760
512165537.2684331,25.179961,22.823881,372.2076,372.2209
512165537.31936866,25.182961,22.823114999999998,371.6039,371.6171
512165537.3703041,25.185959999999998,22.822349,375.3397,375.3529
512165537.42123955,25.188959,22.821583,375.4556,375.4689
512165537.47217494,25.191958,22.820816,374.9627,374.9760
512165537.5231104,25.194957,22.82005,371.0772,371.0904
512165537.57404596,25.197955999999998,22.819284,361.5392,361.5525
512165537.72685266,25.206954,22.816985,370.9193,370.9326
512165537.77778816,25.209953,22.816218,369.6651,369.6784
512165537.82872367,25.212951999999998,22.815452,368.7987,368.8120
512165538.0324667,25.224947999999998,22.812386,363.1673,363.1806
512165538.0834022,25.227947,22.811619999999998,359.4090,359.4223
512165538.2362087,25.236945,22.80932,342.2454,342.2588
512165538.2871441,25.239943999999998,22.808553,354.4028,354.4161
512165538.33807975,25.242943,22.807786,347.3731,347.3864
512165538.38901514,25.245942,22.807019999999998,349.5791,349.5924
512165538.4399507,25.248941,22.806252999999998,342.4040,342.4174
512165538.5418217,25.254939,22.804719,331.7431,331.7565
512165538.5927572,25.257938,22.803953,345.7104,345.7237
512165538.6436927,25.260937,22.803186,350.4293,350.4426
512165538.69462824,25.263935999999998,22.802419,343.9103,343.9237
512165538.74556375,25.266935999999998,22.801652,340.3285,340.3419
512165538.79649925,25.269935,22.800884999999997,342.6879,342.7013
512165538.84743476,25.272934,22.800117999999998,339.7153,339.7287
512165538.89837027,25.275933,22.799350999999998,338.7824,338.7958
512165538.9493058,25.278931999999998,22.798583999999998,336.3702,336.3836
512165539.0002413,25.281931,22.797817,336.3797,336.3931
512165539.0511756,25.28493,22.79705,333.9932,334.0066
512165539.1021111,25.287929,22.796283,331.0839,331.0974
512165539.1530466,25.290927999999997,22.795516,314.2552,314.2686
512165539.2039821,25.293927,22.794748,315.7094,315.7228
512165539.3058531,25.299924999999998,22.793214,317.8075,317.8210
512165539.35678864,25.302923999999997,22.792447,317.0822,317.0956
512165539.40772414,25.305923,22.79168,317.3194,317.3328
512165539.45865965,25.308922,22.790912,316.5011,316.5145
512165539.6114662,25.317919,22.78861,314.1800,314.1934
512165539.6624017,25.320918,22.787843,313.5552,313.5686
512165539.7133372,25.323916999999998,22.787074999999998,311.5794,311.5929
512165540.1208224,25.347908999999998,22.780935,315.3664,315.3800
512165540.22269344,25.353907,22.7794,315.9797,315.9933
512165540.27362895,25.356906,22.778631999999998,318.8642,318.8777
512165540.32456446,25.359904999999998,22.777863999999997,316.6284,316.6420
512165540.37549996,25.362904,22.777096,320.1445,320.1580
512165540.4264355,25.365903,22.776329,311.7603,311.7739
512165540.477371,25.368902,22.775561,318.2370,318.2506
512165540.5283065,25.3719,22.774793,316.9051,316.9187
512165540.57924205,25.374899,22.774024999999998,310.2717,310.2853
512165540.6301775,25.377898,22.773256999999997,311.3977,311.4113
512165540.68111306,25.380896999999997,22.772489,314.1840,314.1976
512165540.7320486,25.383896,22.771721,312.7599,312.7736
512165540.782984,25.386895,22.770953,313.7484,313.7620
512165540.8339196,25.389893999999998,22.770184999999998,315.4126,315.4263
512165540.8848548,25.392892999999997,22.769417,324.3950,324.4087
512165540.93579036,25.395892,22.768649,325.0342,325.0479
512165540.98672587,25.398891,22.767881,327.5133,327.5270
512165541.03766036,25.401889999999998,22.767113,328.7905,328.8042
512165541.0885959,25.404888999999997,22.766344999999998,328.7005,328.7142
512165541.1395314,25.407887,22.765576,328.9697,328.9834
512165541.1904667,25.410885999999998,22.764808,328.9323,328.9460
512165541.2414022,25.413885,22.764039999999998,329.0114,329.0251
512165541.29233766,25.416884,22.763272,328.7072,328.7210
512165541.3432732,25.419883,22.762503,328.8270,328.8408
512165541.39420867,25.422881999999998,22.761734999999998,328.5514,328.5651
512165541.4451441,25.425881,22.760966999999997,328.4118,328.4255
512165541.4960797,25.42888,22.760198,329.1475,329.1612
512165541.54701513,25.431879,22.75943,330.5124,330.5262
512165541.5979507,25.434877999999998,22.758661,331.8378,331.8516
512165541.64888614,25.437876,22.757893,334.3790,334.3928
512165541.6998217,25.440875,22.757125,335.8032,335.8170
512165541.7507572,25.443873999999997,22.756356,337.1488,337.1625
512165541.80169266,25.446873,22.755587,338.4271,338.4408
512165541.852628,25.449872,22.754818999999998,340.1001,340.1139
512165541.90356344,25.452871,22.75405,341.6571,341.6709
512165541.954499,25.455869999999997,22.753282,341.9645,341.9783
512165542.0054345,25.458868,22.752513,343.2233,343.2371
512165542.0563713,25.461866999999998,22.751744,344.1231,344.1369
512165542.1073067,25.464865999999997,22.750975999999998,346.8491,346.8629
512165542.1582423,25.467865,22.750207,346.3927,346.4065
512165542.2091775,25.470864,22.749437999999998,344.6285,344.6423
512165542.26011306,25.473862999999998,22.748669,344.0569,344.0707
512165542.31104857,25.476861,22.747899999999998,343.5026,343.5165
512165542.36198395,25.47986,22.747132,342.3806,342.3944
512165542.4129196,25.482858999999998,22.746363,341.2386,341.2524
512165542.46385497,25.485858,22.745594,339.9867,340.0006
512165543.0750804,25.521843,22.736365,331.0021,331.0160
512165543.12601584,25.524842,22.735595999999997,330.0602,330.0741
512165543.17695117,25.527841,22.734825999999998,328.7797,328.7936
512165543.2278866,25.530839999999998,22.734057,327.5695,327.5834
512165543.3297577,25.536837,22.732518,325.8755,325.8894
512165543.3806932,25.539835999999998,22.731749,324.1554,324.1694
512165543.4316287,25.542835,22.730978999999998,322.9445,322.9584
512165543.4825642,25.545834,22.73021,327.1504,327.1644
512165543.5334997,25.548831999999997,22.72944,319.6942,319.7081
512165543.5844352,25.551831,22.728671,319.1826,319.1966
512165543.63537073,25.55483,22.727901,317.7216,317.7355
512165543.73724174,25.560827,22.726361999999998,316.1224,316.1364
512165543.83911276,25.566824999999998,22.724823,313.7555,313.7695
512165543.89004827,25.569823,22.724052999999998,312.9709,312.9849
512165543.9409838,25.572822,22.723284,311.8304,311.8444
512165543.99191934,25.575820999999998,22.722514,311.4496,311.4636
512165544.0428557,25.57882,22.721743999999997,310.4829,310.4969
512165544.0937912,25.581818,22.720974,310.5014,310.5154
512165544.14472675,25.584816999999997,22.720204,309.3133,309.3273
512165544.1956622,25.587816,22.719435,304.4447,304.4588
512165544.24659777,25.590815,22.718664999999998,294.1017,294.1158
512165544.2975333,25.593812999999997,22.717895,292.0517,292.0658
512165544.6031463,25.611805,22.713275,292.4626,292.4767
512165545.3162423,25.653786999999998,22.702491,299.9176,299.9318
512165545.3671777,25.656785,22.701719999999998,300.6902,300.7045
512165545.4181133,25.659784,22.70095,301.1347,301.1489
512165545.46904874,25.662782,22.700179,301.6777,301.6919
512165545.9784038,25.692769,22.692472,302.3659,302.3802
512165546.0802758,25.698766,22.690931,299.6161,299.6304
512165546.1312113,25.701763999999997,22.69016,298.1974,298.2118
512165546.2330823,25.707760999999998,22.688617999999998,297.0205,297.0349
512165546.2840178,25.71076,22.687846999999998,295.4876,295.5019
512165546.3349533,25.713759,22.687075999999998,294.8322,294.8466
512165546.3858889,25.716756999999998,22.686304999999997,295.5244,295.5387
512165546.4368243,25.719756,22.685534,296.2829,296.2973
512165546.4877598,25.722754,22.684763,298.2927,298.3070
512165546.53869534,25.725752999999997,22.683992,299.1366,299.1510
512165546.58963084,25.728751,22.68322,299.2232,299.2375
512165546.64056605,25.731749999999998,22.682449,298.6349,298.6493
512165546.69150156,25.734748999999997,22.681677999999998,297.8874,297.9018
512165546.74243706,25.737747,22.680906999999998,296.9649,296.9793
512165546.79337263,25.740745999999998,22.680135999999997,296.6066,296.6210
512165546.8443081,25.743744,22.679364,297.0067,297.0211
512165546.89524364,25.746743,22.678593,296.1485,296.1629
512165546.94617915,25.749741,22.677822,295.6637,295.6781
512165546.9971146,25.75274,22.677049999999998,295.8466,295.8610
512165547.0480492,25.755737999999997,22.676278999999997,295.7189,295.7333
512165547.09898466,25.758737,22.675507,295.3218,295.3363
512165547.1499202,25.761734999999998,22.674736,295.3509,295.3653
512165547.2008559,25.764733999999997,22.673963999999998,295.0665,295.0809
512165547.2517915,25.767732,22.673192999999998,295.3522,295.3666
512165547.302727,25.770730999999998,22.672421,294.5313,294.5457
512165547.35366243,25.773729,22.67165,294.2328,294.2473
512165547.404598,25.776728,22.670878,294.3927,294.4072
512165547.45553344,25.779726,22.670106999999998,294.2834,294.2979
512165547.506469,25.782725,22.669335,291.0555,291.0699
512165547.5574045,25.785722999999997,22.668563,287.9022,287.9166
512165547.7611463,25.797717,22.665475999999998,284.5180,284.5325
512165547.8120818,25.800715999999998,22.664704,283.6354,283.6498
512165547.8630173,25.803714,22.663932,281.4510,281.4655
512165547.9139528,25.806713,22.663161,278.7141,278.7286
512165547.9648884,25.809711,22.662388999999997,290.2759,290.2904
512165548.01582384,25.812708999999998,22.661617,294.7259,294.7404
512165548.06676024,25.815707999999997,22.660845,293.9120,293.9265
512165548.1176958,25.818706,22.660073,292.9310,292.9455
512165548.16863126,25.821704999999998,22.659301,292.8789,292.8934
512165548.21956676,25.824703,22.658528999999998,292.5175,292.5320
512165548.2705023,25.827702,22.657757,292.2919,292.3065
512165548.3214378,25.8307,22.656983999999998,291.7938,291.8083
512165548.37237334,25.833699,22.656212,291.2965,291.3110
512165548.4233088,25.836696999999997,22.65544,291.2236,291.2382
512165548.47424436,25.839696,22.654667999999997,290.6189,290.6335
512165548.5251798,25.842693999999998,22.653896,288.4155,288.4300
512165548.57611537,25.845692,22.653124,288.2296,288.2441
512165548.6270509,25.848691,22.652351,287.2404,287.2550
512165548.6779863,25.851689,22.651578999999998,287.7976,287.8122
512165548.7289219,25.854688,22.650807,287.3765,287.3910
512165548.7798574,25.857685999999998,22.650033999999998,283.7991,283.8137
512165548.8307929,25.860684,22.649262,281.3229,281.3375
512165548.8817284,25.863682999999998,22.648488999999998,277.7921,277.8067
512165548.9326639,25.866681,22.647717,278.6589,278.6735
512165548.9835994,25.86968,22.646943999999998,275.1764,275.1910
512165549.0345337,25.872678,22.646172,275.2272,275.2418
512165549.08546925,25.875676,22.645398999999998,274.9336,274.9482
512165549.13640475,25.878674999999998,22.644627,278.9284,278.9431
512165549.18734026,25.881673,22.643853999999997,282.2755,282.2901
512165549.23827577,25.884672,22.643082,281.3377,281.3523
512165549.28921133,25.88767,22.642308999999997,280.5616,280.5763
512165549.3401468,25.890667999999998,22.641536,280.9549,280.9696
512165549.3910823,25.893666999999997,22.640763999999997,279.5142,279.5289
512165549.4420178,25.896665,22.639991,280.3017,280.3164
512165549.4929533,25.899663,22.639218,280.1661,280.1808
512165549.54388887,25.902662,22.638444999999997,279.3855,279.4002
512165549.5948243,25.905659999999997,22.637673,277.3046,277.3193
512165549.6457598,25.908658,22.6369,276.7640,276.7788
512165549.69669527,25.911656999999998,22.636127,278.0702,278.0849
512165549.74763083,25.914655,22.635354,277.3233,277.3380
512165549.79856634,25.917652999999998,22.634581,276.4949,276.5097
512165549.8495018,25.920652,22.633808,277.5746,277.5894
512165549.9004373,25.92365,22.633035,276.8081,276.8229
512165549.9513728,25.926648,22.632261999999997,277.9066,277.9214
512165550.0023083,25.929647,22.631489,277.9227,277.9375
512165550.0532448,25.932644999999997,22.630716,276.8312,276.8460
512165550.10418034,25.935643,22.629942999999997,276.5143,276.5291
512165550.15511584,25.938641999999998,22.62917,275.3146,275.3295
512165550.20605135,25.94164,22.628397,276.5256,276.5404
512165550.2569868,25.944637999999998,22.627623,276.0025,276.0174
512165550.30792236,25.947637,22.626849999999997,277.5216,277.5364
512165550.35885787,25.950635,22.626077,272.9511,272.9660
512165550.4097934,25.953633,22.625304,278.6349,278.6497
512165550.4607289,25.956632,22.62453,276.7233,276.7382
512165550.51166445,25.959629999999997,22.623756999999998,277.7285,277.7433
512165550.5625999,25.962628,22.622984,278.4339,278.4488
512165550.61353546,25.965626999999998,22.62221,278.2093,278.2242
512165550.6644709,25.968625,22.621437,278.5966,278.6115
512165550.71540636,25.971622999999997,22.620663999999998,279.6320,279.6469
512165550.766342,25.974621,22.619889999999998,278.2195,278.2344
512165550.8172774,25.977619999999998,22.619117,276.3683,276.3832
512165550.8682129,25.980618,22.618343,276.4953,276.5102
512165550.9191484,25.983615999999998,22.617569,275.6105,275.6254
512165550.9700839,25.986614,22.616795999999997,274.6374,274.6523
512165551.0210192,25.989613,22.616021999999997,273.5091,273.5240
512165551.0719538,25.992611,22.615249,273.5692,273.5841
512165551.1228892,25.995608999999998,22.614475,272.1775,272.1924
512165551.1738248,25.998607,22.613701,271.8773,271.8922
512165551.22476023,26.001606,22.612928,270.1064,270.1213
512165551.27569574,26.004604,22.612154,269.7409,269.7558
512165551.32663125,26.007602,22.61138,269.7047,269.7196
512165551.3775668,26.0106,22.610606,269.0332,269.0481
512165551.42850226,26.013599,22.609831999999997,268.5804,268.5953
512165551.47943777,26.016596999999997,22.609059,268.7821,268.7970
512165551.53037333,26.019595,22.608285,269.1754,269.1903
512165551.5813088,26.022593,22.607511,269.7131,269.7280
512165551.63224435,26.025592,22.606737,269.4083,269.4232
512165551.6831798,26.028589999999998,22.605963,270.0054,270.0203
512165551.73411536,26.031588,22.605189,269.2425,269.2574
512165551.78505087,26.034585999999997,22.604415,268.9899,269.0048
512165551.8359863,26.037584,22.603641,268.3448,268.3597
512165551.8869219,26.040582999999998,22.602867,268.5624,268.5773
512165551.9378574,26.043581,22.602093,268.5521,268.5671
512165551.98879266,26.046578999999998,22.601318,267.4951,267.5101
512165552.0397293,26.049577,22.600544,266.5973,266.6123
512165552.09066486,26.052574999999997,22.59977,263.2460,263.2610
512165552.1416003,26.055574,22.598996,261.9647,261.9797
512165552.1925358,26.058571999999998,22.598221,262.4716,262.4866
512165552.2434713,26.06157,22.597447,262.1532,262.1683
512165552.29440683,26.064567999999998,22.596673,262.0512,262.0663
512165552.34534216,26.067566,22.595899,263.4707,263.4858
512165552.3962776,26.070565,22.595124,263.0398,263.0549
512165552.4472132,26.073563,22.59435,262.3097,262.3248
512165552.49814886,26.076560999999998,22.593574999999998,263.3002,263.3153
512165552.54908437,26.079559,22.592800999999998,261.8610,261.8761
512165552.60001993,26.082556999999998,22.592026,260.9262,260.9413
512165552.6509554,26.085555,22.591251999999997,260.6920,260.7071
512165552.70189095,26.088552999999997,22.590477,261.1011,261.1162
512165552.75282645,26.091552,22.589703,260.5715,260.5866
512165552.8037619,26.094549999999998,22.588928,261.0976,261.1127
512165552.85469747,26.097548,22.588153,259.4029,259.4180
512165552.9056329,26.100545999999998,22.587379,261.8087,261.8238
512165552.9565685,26.103544,22.586603999999998,261.8229,261.8380
512165553.007504,26.106541999999997,22.585829,259.9242,259.9393
512165553.05843854,26.10954,22.585055,261.3085,261.3236
512165553.10937405,26.112537999999997,22.58428,259.4444,259.4595
512165553.1603095,26.115537,22.583505,259.8767,259.8918
512165553.21124506,26.118534999999998,22.582729999999998,260.3843,260.3995
512165553.26218057,26.121533,22.581955,260.1435,260.1586
512165553.31311584,26.124530999999998,22.58118,259.5140,259.5291
512165553.36405134,26.127529,22.580406,258.8422,258.8573
512165553.41498685,26.130526999999997,22.579631,258.8958,258.9109
512165553.46592236,26.133525,22.578856,258.2876,258.3028
512165553.5168578,26.136523,22.578080999999997,257.8378,257.8530
512165553.56779337,26.139521,22.577306,256.9726,256.9878
512165553.6187289,26.142519999999998,22.576531,256.4367,256.4519
512165553.6696644,26.145518,22.575754999999997,255.8501,255.8652
512165553.7205999,26.148515999999997,22.57498,255.2621,255.2772
512165553.77153534,26.151514,22.574205,254.7183,254.7335
512165553.8224709,26.154512,22.57343,253.7294,253.7446
512165553.87340635,26.15751,22.572654999999997,253.3793,253.3945
512165553.9243419,26.160508,22.57188,253.2683,253.2835
512165553.97527736,26.163505999999998,22.571104,253.7385,253.7537
512165554.0262139,26.166504,22.570328999999997,253.5900,253.6053
512165554.0771494,26.169501999999998,22.569554,253.7365,253.7518
512165554.12808484,26.1725,22.568778,252.8938,252.9091
512165554.1790204,26.175497999999997,22.568002999999997,252.4542,252.4695
512165554.22995585,26.178496,22.567227,252.2971,252.3124
512165554.2808914,26.181493999999997,22.566451999999998,252.0384,252.0537
512165554.3318269,26.184492,22.565676999999997,252.0412,252.0565
512165554.38276243,26.18749,22.564901,251.9211,251.9364
512165554.43369794,26.190489,22.564125999999998,250.9039,250.9192
512165554.4846334,26.193486999999998,22.56335,250.7552,250.7705
512165554.53556895,26.196485,22.562573999999998,250.9242,250.9395
512165554.58650446,26.199482999999997,22.561799,249.9005,249.9158
512165554.63743997,26.202481,22.561023,249.6189,249.6343
512165554.6883755,26.205479,22.560247999999998,249.2273,249.2427
512165554.739311,26.208477,22.559472,248.8800,248.8954
512165554.7902464,26.211475,22.558695999999998,248.4762,248.4916
512165554.841182,26.214472999999998,22.55792,247.5755,247.5909
512165554.89211744,26.217471,22.557145,247.1146,247.1300
512165554.94305295,26.220468999999998,22.556369,246.3872,246.4026
512165554.9939885,26.223467,22.555593,245.9617,245.9771
512165555.0449228,26.226464999999997,22.554817,245.5989,245.6143
512165555.0958584,26.229463,22.554040999999998,245.2878,245.3032
512165555.14679384,26.232460999999997,22.553265,245.2380,245.2535
512165555.1977293,26.235459,22.552488999999998,244.9249,244.9403
512165555.24866486,26.238457,22.551713,244.9285,244.9439
512165555.2996003,26.241455,22.550936999999998,244.7568,244.7722
512165555.3505358,26.244453,22.550161,244.6752,244.6906
512165555.4014713,26.247449999999997,22.549384999999997,244.3115,244.3270
512165555.4524068,26.250448,22.548609,243.8678,243.8833
512165555.5033424,26.253446,22.547833,243.9612,243.9766
512165555.55427784,26.256444,22.547057,243.5022,243.5176
512165555.6052134,26.259442,22.546281,242.8871,242.9025
512165555.65614885,26.262439999999998,22.545503999999998,241.9684,241.9839
512165555.70708436,26.265438,22.544728,241.4672,241.4827
512165555.7580199,26.268435999999998,22.543951999999997,241.0040,241.0195
512165555.8089554,26.271434,22.543176,240.6459,240.6614
512165555.85989094,26.274431999999997,22.542399,240.0870,240.1024
512165555.9108264,26.27743,22.541622999999998,239.4463,239.4618
512165555.96176195,26.280428,22.540846,239.2034,239.2189
512165556.01269746,26.283426,22.54007,238.8983,238.9138
512165556.0636339,26.286424,22.539293999999998,238.1647,238.1802
512165556.1145694,26.289422,22.538517,237.6080,237.6235
512165556.16550493,26.29242,22.537741,237.0855,237.1010
512165556.2164404,26.295417999999998,22.536963999999998,236.2109,236.2264
512165556.26737595,26.298416,22.536188,235.9424,235.9580
512165556.3183114,26.301413,22.535411,235.3866,235.4022
512165556.3692469,26.304410999999998,22.534634,234.9427,234.9583
512165556.4201824,26.307409,22.533858,234.2751,234.2907
512165556.4711179,26.310406999999998,22.533081,233.9270,233.9426
512165556.5220534,26.313405,22.532304,233.3913,233.4068
512165556.572989,26.316402999999998,22.531527999999998,232.9389,232.9544
512165556.62392443,26.319401,22.530751,233.0185,233.0340
512165556.67486,26.322398999999997,22.529974,232.5287,232.5442
512165556.7257955,26.325397,22.529197,232.5548,232.5703
512165556.7767307,26.328394,22.52842,232.0582,232.0738
512165556.8276663,26.331391999999997,22.527642999999998,231.3984,231.4140
512165556.87860173,26.33439,22.526867,231.0780,231.0936
512165556.9295373,26.337387999999997,22.52609,230.7423,230.7579
512165556.98047274,26.340386,22.525313,230.3390,230.3546
512165557.0314073,26.343384,22.524535999999998,229.8520,229.8676
512165557.0823428,26.346382,22.523759,229.8335,229.8491
512165557.1332783,26.349379,22.522982,228.9412,228.9568
512165557.1842139,26.352376999999997,22.522204,228.7884,228.8040
512165557.2351493,26.355375,22.521427,228.9336,228.9492
512165557.28608483,26.358373,22.52065,228.4575,228.4732
512165557.3370204,26.361371,22.519873,228.4258,228.4415
512165557.38795584,26.364369,22.519095999999998,228.4136,228.4292
512165557.4388914,26.367366,22.518318999999998,228.2907,228.3063
512165557.48982686,26.370364,22.517540999999998,228.0881,228.1037
512165557.84637547,26.391348999999998,22.5121,226.9425,226.9581
512165557.897311,26.394347,22.511322,226.8382,226.8539
512165558.0501184,26.40334,22.50899,226.4599,226.4756
512165558.1010539,26.406337999999998,22.508212,226.5702,226.5859
512165558.15198946,26.409336,22.507434,226.4457,226.4615
512165558.2029249,26.412333999999998,22.506657,226.2086,226.2243
512165558.2538605,26.415331,22.505879,225.6941,225.7098
512165558.3047959,26.418329,22.505101,225.4612,225.4769
512165558.3557314,26.421326999999998,22.504323,225.0030,225.0187
512165558.406667,26.424325,22.503546,224.4674,224.4831
512165558.45760244,26.427322,22.502768,224.1210,224.1368
512165558.508538,26.43032,22.50199,223.7216,223.7374
512165558.5594735,26.433318,22.501212,223.6236,223.6394
512165558.610409,26.436315999999998,22.500434,223.3306,223.3463
512165558.6613445,26.439314,22.499655999999998,223.1480,223.1637
512165558.71228,26.442311,22.498877999999998,223.0684,223.0842
512165558.76321554,26.445308999999998,22.498099999999997,223.0270,223.0428
512165558.814151,26.448307,22.497322,222.6179,222.6337
512165558.86508656,26.451304999999998,22.496544,222.5163,222.5321
512165558.916022,26.454302,22.495766,222.2037,222.2195
512165558.9669575,26.4573,22.494988,222.1102,222.1260
512165559.017893,26.460297999999998,22.49421,222.1055,222.1213
512165559.0688274,26.463295,22.493432,221.9922,222.0081
512165559.1197629,26.466293,22.492653999999998,221.8620,221.8778
512165559.1706984,26.469291,22.491875,221.7843,221.8001
512165559.2216339,26.472288,22.491097,221.6296,221.6454
512165559.27256936,26.475286,22.490319,221.3261,221.3419
512165559.3235049,26.478284,22.489541,220.9691,220.9850
512165559.3744404,26.481282,22.488761999999998,220.7388,220.7546
512165559.42537594,26.484278999999997,22.487983999999997,220.5540,220.5698
512165559.4763113,26.487277,22.487206,220.3481,220.3640
512165559.5272469,26.490275,22.486427,220.0119,220.0277
512165559.5781824,26.493271999999997,22.485649,219.6933,219.7092
512165559.6291179,26.49627,22.484869999999997,219.5557,219.5716
512165559.6800534,26.499267999999997,22.484092,219.1701,219.1859
512165559.7309889,26.502264999999998,22.483313,219.0480,219.0639
512165559.7819244,26.505263,22.482535,218.7309,218.7468
512165559.83285993,26.508260999999997,22.481756,218.9213,218.9372
512165559.88379544,26.511257999999998,22.480977,218.8844,218.9003
512165559.93473095,26.514256,22.480199,218.6530,218.6688
512165559.9856665,26.517253999999998,22.479419999999998,218.3621,218.3780
512165560.0366029,26.520251,22.478641,218.0156,218.0315
512165560.0875385,26.523249,22.477862,217.7354,217.7513
512165560.138474,26.526246999999998,22.477083999999998,217.4995,217.5154
512165560.1894095,26.529244,22.476305,217.4038,217.4197
512165560.24034494,26.532242,22.475526,217.0790,217.0950
512165560.29128045,26.535239999999998,22.474747,216.7412,216.7571
512165560.34221596,26.538237,22.473968,216.1902,216.2061
512165560.39315146,26.541235,22.473188999999998,216.0285,216.0444
512165560.44408697,26.544233,22.47241,215.8353,215.8513
512165560.4950225,26.54723,22.471631,215.7229,215.7388
512165560.545958,26.550227999999997,22.470852,215.9181,215.9340
512165560.5968935,26.553224999999998,22.470073,215.6680,215.6840
512165560.647829,26.556223,22.469293999999998,215.5381,215.5541
512165560.6987645,26.559220999999997,22.468515,215.4011,215.4170
512165560.7497,26.562217999999998,22.467736,214.8504,214.8664
512165560.8006356,26.565216,22.466957,214.4583,214.4743
512165560.851571,26.568213,22.466178,214.5242,214.5402
512165560.90250653,26.571210999999998,22.465398,214.0759,214.0919
512165561.00437754,26.577206,22.463839999999998,213.5355,213.5515
512165561.05531186,26.580204,22.463061,213.4129,213.4289
512165561.10624737,26.583201,22.462280999999997,212.9728,212.9888
512165561.1571829,26.586198999999997,22.461502,212.7750,212.7910
512165561.2081184,26.589197,22.460722999999998,212.5828,212.5989
512165561.2590539,26.592194,22.459943,212.3828,212.3988
512165561.30998945,26.595191999999997,22.459163999999998,212.3834,212.3994
512165561.3609249,26.598188999999998,22.458384,212.4090,212.4250
512165561.41186047,26.601187,22.457604999999997,212.3037,212.3197
512165561.4627959,26.604184,22.456825,212.0973,212.1134
512165561.5137314,26.607181999999998,22.456046,212.1745,212.1906
512165561.564667,26.610179,22.455265999999998,211.6805,211.6966
512165561.61560243,26.613177,22.454486,211.5621,211.5781
512165561.666538,26.616175,22.453706999999998,211.0460,211.0620
512165561.7174735,26.619172,22.452927,210.4872,210.5033
512165561.768409,26.62217,22.452147,210.5443,210.5604
512165561.8193445,26.625166999999998,22.451366999999998,210.0480,210.0641
512165561.8702799,26.628165,22.450588,209.8502,209.8663
512165561.92121553,26.631162,22.449807999999997,209.4986,209.5147
512165561.972151,26.634159999999998,22.449028,209.1886,209.2047
512165562.0230875,26.637157,22.448248,208.8104,208.8265
512165562.074023,26.640155,22.447468,208.5928,208.6090
512165562.1249586,26.643151999999997,22.446687999999998,208.3369,208.3530
512165562.175894,26.64615,22.445908,208.2497,208.2658
512165562.2268296,26.649147,22.445128,207.6967,207.7129
512165562.2777651,26.652144999999997,22.444347999999998,207.4485,207.4646
512165562.3287006,26.655141999999998,22.443568,207.3563,207.3724
512165562.3796361,26.65814,22.442788,207.0973,207.1134
512165562.43057156,26.661137,22.442007999999998,206.6928,206.7090
512165562.4815069,26.664134999999998,22.441228,206.4842,206.5003
512165562.5324424,26.667132,22.440448,206.1606,206.1767
512165562.5833779,26.67013,22.439667999999998,205.8783,205.8945
512165562.6343134,26.673126999999997,22.438886999999998,205.6989,205.7151
512165562.7361844,26.679122,22.437327,205.0577,205.0739
512165562.7871199,26.682119999999998,22.436546999999997,204.6133,204.6295
512165562.83805543,26.685116999999998,22.435765999999997,204.2063,204.2224
512165562.88899094,26.688115,22.434986,204.1181,204.1343
512165562.93992645,26.691112,22.434205,203.5585,203.5747
512165562.99086195,26.69411,22.433425,203.3006,203.3168
512165563.04179645,26.697107,22.432644999999997,202.9991,203.0153
512165563.1436675,26.703101999999998,22.431084,202.1931,202.2093
512165563.24553853,26.709097,22.429522,201.4238,201.4400
512165563.29647404,26.712094,22.428742,201.1154,201.1316
512165563.34740955,26.715092,22.427961,200.8191,200.8353
512165563.39834505,26.718089,22.427180999999997,200.5732,200.5894
512165563.44928026,26.721086,22.426399999999997,199.9327,199.9489
512165563.5002158,26.724083999999998,22.425618999999998,199.4348,199.4511
512165563.5511513,26.727081,22.424837999999998,199.1914,199.2077
512165563.6020868,26.730079,22.424058,198.6377,198.6540
512165563.6530225,26.733076,22.423277,198.6042,198.6205
512165563.7039581,26.736074,22.422496,198.4422,198.4585
512165563.75489354,26.739071,22.421715,198.5358,198.5521
512165563.8058291,26.742068,22.420934,198.8020,198.8183
512165563.85676455,26.745065999999998,22.420153,198.7045,198.7208
512165563.9077001,26.748063,22.419372,198.7700,198.7863
512165563.9586356,26.751061,22.418591,198.5364,198.5527
512165564.0095711,26.754058,22.41781,198.4025,198.4188
512165564.0605076,26.757054999999998,22.417029,198.1038,198.1201
512165564.1114431,26.760053,22.416248,197.8070,197.8233
512165564.1623786,26.76305,22.415467,197.3558,197.3722
512165564.21331406,26.766047999999998,22.414686,197.0829,197.0992
512165564.2642496,26.769045,22.413905,196.7198,196.7362
512165564.31518507,26.772042,22.413123,196.5584,196.5747
512165564.3661207,26.775039999999997,22.412342,196.0625,196.0789
512165564.4170561,26.778036999999998,22.411561,195.7449,195.7613
512165564.4679916,26.781034,22.41078,195.5268,195.5432
512165564.51892716,26.784032,22.409997999999998,195.1252,195.1416
512165564.5698626,26.787029,22.409216999999998,194.6623,194.6788
512165564.6207981,26.790025999999997,22.408436,194.5103,194.5267
512165564.6717336,26.793024,22.407653999999997,194.1012,194.1176
512165564.7226691,26.796021,22.406872999999997,193.6989,193.7153
512165564.7736047,26.799018,22.406091,193.4504,193.4668
512165564.82454014,26.802016,22.40531,193.0421,193.0586
512165564.8754757,26.805013,22.404528,192.7684,192.7848
512165564.9264112,26.80801,22.403747,192.2683,192.2848
512165564.97734666,26.811007999999998,22.402965,192.1031,192.1196
512165565.028281,26.814004999999998,22.402182999999997,192.4225,192.4390
512165565.0792165,26.817002,22.401401999999997,191.6034,191.6199
512165565.130152,26.82,22.40062,191.4589,191.4754
512165565.1810875,26.822996999999997,22.399838,190.9134,190.9299
512165565.232023,26.825993999999998,22.399057,190.7545,190.7711
512165565.28295857,26.828991,22.398274999999998,190.5591,190.5756
512165565.333894,26.831989,22.397493,190.3110,190.3275
512165565.3848296,26.834985999999997,22.396711,190.1902,190.2068
512165565.435765,26.837982999999998,22.395929,189.7648,189.7813
512165565.4867006,26.840981,22.395146999999998,189.9511,189.9676
512165565.5376361,26.843978,22.394365999999998,189.7639,189.7805
512165565.58857155,26.846975,22.393584,189.5071,189.5236
512165565.6395071,26.849971999999998,22.392802,188.9368,188.9534
512165565.69044256,26.85297,22.39202,188.8176,188.8342
512165565.7413781,26.855967,22.391237999999998,188.3392,188.3557
512165565.79231364,26.858964,22.390456,188.1478,188.1644
512165565.84324914,26.861960999999997,22.389673,187.8436,187.8602
512165565.89418465,26.864959,22.388890999999997,187.4720,187.4886
512165565.9451202,26.867956,22.388109,187.2296,187.2462
512165565.99605566,26.870953,22.387327,186.9825,186.9991
512165566.1488631,26.879945,22.38498,186.9315,186.9482
512165566.3016696,26.888937,22.382633,187.3611,187.3777
512165566.35260516,26.891934,22.381850999999997,187.2572,187.2738
512165566.4035406,26.894931,22.381068,187.0005,187.0172
512165566.4544762,26.897928,22.380285999999998,186.6121,186.6288
512165566.5054116,26.900926,22.379503,186.3331,186.3497
512165566.5563472,26.903923,22.378721,185.9956,186.0122
512165566.6072827,26.90692,22.377938,185.6728,185.6895
512165566.65821815,26.909917,22.377156,185.7321,185.7488
512165566.7091537,26.912913999999997,22.376372999999997,185.3509,185.3676
512165566.7600892,26.915912,22.37559,184.9311,184.9478
512165566.8110247,26.918909,22.374807999999998,184.5400,184.5566
512165566.86196,26.921906,22.374025,183.7033,183.7200
512165566.9128955,26.924903,22.373241999999998,183.2866,183.3033
512165567.0657032,26.933895,22.370894,181.8840,181.9007
512165567.11663866,26.936892,22.370110999999998,181.2470,181.2637
512165567.1675742,26.939888999999997,22.369328,180.8052,180.8219
512165567.21850944,26.942885999999998,22.368544999999997,180.2069,180.2236
512165567.26944494,26.945883,22.367762,179.8313,179.8481
512165567.3203805,26.948881,22.366979,179.6159,179.6326
512165567.37131596,26.951877999999997,22.366196,178.9093,178.9260
512165567.4222515,26.954874999999998,22.365413,178.6376,178.6544
512165567.47318697,26.957872,22.36463,178.1590,178.1757
512165567.52412254,26.960869,22.363847,177.7344,177.7512
512165567.575058,26.963866,22.363063999999998,177.0018,177.0185
512165567.6259935,26.966863,22.362281,176.9627,176.9795
512165567.67692906,26.969860999999998,22.361497999999997,176.5772,176.5940
512165567.7278645,26.972858,22.360715,176.4534,176.4701
512165567.7788001,26.975855,22.359931,176.3036,176.3204
512165567.8297356,26.978852,22.359147999999998,176.7823,176.7991
512165567.8806711,26.981849,22.358365,176.9347,176.9515
512165567.9316066,26.984845999999997,22.357581,177.1057,177.1225
512165567.9825421,26.987842999999998,22.356797999999998,176.5252,176.5420
512165568.03347665,26.99084,22.356015,176.3236,176.3404
512165568.08441216,26.993837,22.355231,176.2007,176.2175
512165568.13534766,26.996834999999997,22.354447999999998,176.0208,176.0376
512165568.18628293,26.999831999999998,22.353664,175.4909,175.5078
512165568.2372184,27.002829,22.352881,174.8187,174.8355
512165568.28815395,27.005826,22.352097,174.2493,174.2661
512165568.33908945,27.008823,22.351314,173.2265,173.2433
512165568.39002496,27.01182,22.35053,172.3638,172.3807
512165568.44096047,27.014816999999997,22.349746,172.2430,172.2598
512165568.491896,27.017813999999998,22.348962999999998,172.2824,172.2992
512165568.5428314,27.020811,22.348179,171.4692,171.4861
512165568.593767,27.023808,22.347395,170.5449,170.5618
512165568.64470243,27.026805,22.346612,170.5581,170.5750
512165568.695638,27.029802,22.345827999999997,170.7606,170.7774
512165568.74657345,27.032798999999997,22.345043999999998,170.7404,170.7573
512165568.79750896,27.035797,22.34426,170.8610,170.8779
512165568.84844446,27.038794,22.343476,170.3005,170.3174
512165568.89937997,27.041791,22.342692,170.0692,170.0860
512165568.9503157,27.044788,22.341908,169.6505,169.6674
512165569.0012513,27.047784999999998,22.341124,169.6901,169.7070
512165569.0521877,27.050781999999998,22.340339999999998,168.4957,168.5126
512165569.10312325,27.053779,22.339555999999998,168.1393,168.1562
512165569.15405875,27.056776,22.338772,167.3798,167.3968
512165569.20499426,27.059773,22.337988,167.8046,167.8215
512165569.25592977,27.06277,22.337204,167.6203,167.6372
512165569.3068653,27.065766999999997,22.33642,166.7561,166.7730
512165569.3578008,27.068763999999998,22.335635999999997,168.7706,168.7875
512165569.4087362,27.071761,22.334851999999998,168.6992,168.7161
512165569.4596718,27.074758,22.334066999999997,168.3384,168.3554
512165569.51060724,27.077755,22.333282999999998,167.6462,167.6632
512165569.56154275,27.080752,22.332499,167.5593,167.5763
512165569.61247826,27.083748999999997,22.331713999999998,167.1518,167.1687
512165569.66341376,27.086745999999998,22.33093,166.8668,166.8837
512165569.7143493,27.089743,22.330146,166.7897,166.8067
512165569.7652848,27.09274,22.329361,166.4558,166.4728
512165569.8162203,27.095737,22.328577,165.9886,166.0056
512165569.8671558,27.098734,22.327792,165.5538,165.5708
512165569.9180913,27.101730999999997,22.327008,165.0989,165.1159
512165569.9690268,27.104727999999998,22.326223,164.7926,164.8095
512165570.0199623,27.107725,22.325439,164.5817,164.5987
512165570.07089657,27.110722,22.324654,164.4498,164.4668
512165570.12183213,27.113719,22.323869,164.3811,164.3981
512165570.17276764,27.116716,22.323085,164.4180,164.4350
512165570.22370315,27.119712999999997,22.3223,164.2073,164.2244
512165570.27463865,27.122709999999998,22.321514999999998,163.7884,163.8055
512165570.3255742,27.125705999999997,22.320731,163.7350,163.7521
512165570.37650967,27.128702999999998,22.319945999999998,163.8367,163.8537
512165570.4274452,27.1317,22.319160999999998,163.6328,163.6499
512165570.4783807,27.134697,22.318376,162.8693,162.8864
512165570.5293162,27.137694,22.317591,162.7067,162.7238
512165570.58025175,27.140691,22.316806,163.6306,163.6478
512165570.6311872,27.143687999999997,22.316021,162.6079,162.6250
512165570.68212277,27.146684999999998,22.315236,162.1359,162.1530
512165570.7330583,27.149682,22.314451,161.1942,161.2113
512165570.7839937,27.152679,22.313665999999998,160.3489,160.3661
512165570.8349293,27.155676,22.312880999999997,159.0829,159.1001
512165570.88586473,27.158673,22.312096,158.5999,158.6171
512165570.9368003,27.161669999999997,22.311311,158.0354,158.0525
512165570.9877358,27.164666,22.310526,157.3738,157.3910
512165571.34428525,27.185644999999997,22.305028999999998,155.6914,155.7087
512165571.39522076,27.188641999999998,22.304244,155.3353,155.3525
512165571.44615626,27.191637999999998,22.303458,155.5317,155.5489
512165571.49709177,27.194634999999998,22.302673,155.0611,155.0784
512165571.54802734,27.197632,22.301887,155.1051,155.1224
512165571.5989628,27.200629,22.301102,154.9703,154.9876
512165571.6498981,27.203626,22.300316,154.6587,154.6759
512165571.70083356,27.206623,22.299530999999998,154.1728,154.1900
512165571.7517691,27.209619999999997,22.298745,153.8830,153.9003
512165571.80270463,27.212615999999997,22.297959,153.4584,153.4757
512165571.8536401,27.215612999999998,22.297174,152.6033,152.6206
512165571.90457565,27.218609999999998,22.296388,151.4908,151.5080
512165571.95551115,27.221607,22.295602,151.5530,151.5703
512165572.00644666,27.224604,22.294815999999997,150.6919,150.7092
512165572.0573812,27.227601,22.294031,153.4504,153.4677
512165572.10831666,27.230597,22.293245,152.7655,152.7828
512165572.1592522,27.233594,22.292458999999997,150.1493,150.1666
512165572.2101877,27.236590999999997,22.291673,150.7154,150.7328
512165572.41392976,27.248578,22.288529,149.2973,149.3146
512165572.4648652,27.251575,22.287743,149.2899,149.3073
512165572.5158008,27.254572,22.286956999999997,150.4307,150.4480
512165572.5667362,27.257569,22.286171,150.4026,150.4200
512165572.61767155,27.260565,22.285384999999998,150.7088,150.7261
512165572.66860706,27.263562,22.284599,150.6256,150.6430
512165572.71954244,27.266558999999997,22.283813,150.5312,150.5486
512165572.770478,27.269555999999998,22.283026,149.6943,149.7117
512165572.8214135,27.272553,22.282239999999998,150.1916,150.2090
512165572.872349,27.275548999999998,22.281454,144.5951,144.6124
512165572.92328453,27.278546,22.280666999999998,145.6619,145.6793
512165572.97422004,27.281543,22.279881,147.0193,147.0367
512165573.0251565,27.28454,22.279094999999998,146.8848,146.9022
512165573.076092,27.287536,22.278308,145.9365,145.9539
512165573.1270276,27.290533,22.277521999999998,144.7704,144.7878
512165573.177963,27.29353,22.276735,143.7607,143.7781
512165573.2288986,27.296526999999998,22.275949,142.9775,142.9949
512165573.94199556,27.338480999999998,22.264934999999998,139.7364,139.7539
512165573.9929311,27.341476999999998,22.264148,139.6313,139.6488
512165574.0438654,27.344473999999998,22.263361,139.0091,139.0266
512165574.14573646,27.350467,22.261786999999998,138.8008,138.8183
512165574.196672,27.353464,22.261,138.7205,138.7380
512165574.2985432,27.359457,22.259425,138.6778,138.6953
512165574.3494787,27.362454,22.258637999999998,138.0963,138.1138
512165574.4004142,27.365451,22.257851,137.6011,137.6186
512165574.45134974,27.368447,22.257064,137.5619,137.5794
512165574.50228524,27.371444,22.256276,136.9217,136.9393
512165574.55322075,27.374440999999997,22.255489,137.0864,137.1040
512165574.60415626,27.377437,22.254701999999998,138.8772,138.8948
512165574.65509176,27.380433999999997,22.253913999999998,136.5883,136.6059
512165574.7060273,27.383429999999997,22.253127,138.4925,138.5101
512165574.7569628,27.386426999999998,22.25234,138.1255,138.1431
512165574.80789834,27.389423999999998,22.251552,137.8908,137.9084
512165574.8588338,27.392419999999998,22.250764999999998,137.8977,137.9153
512165574.90976936,27.395417,22.249976999999998,138.4058,138.4234
512165574.9607048,27.398414,22.249188999999998,138.6665,138.6841
512165575.0116403,27.40141,22.248402,138.6638,138.6814
512165575.0625768,27.404407,22.247614,138.7682,138.7858
512165575.1135123,27.407403,22.246827,138.6224,138.6400
512165575.1644477,27.4104,22.246039,138.4024,138.4200
512165575.2153833,27.413397,22.245251,137.9874,138.0051
512165575.26631874,27.416393,22.244464,137.3950,137.4126
512165575.9284804,27.455349,22.23422,135.9127,135.9304
512165575.9794159,27.458344999999998,22.233432,135.5624,135.5801
512165576.0812857,27.464337999999998,22.231856,135.4032,135.4209
512165576.84531826,27.509286,22.220028,135.4257,135.4436
512165576.8962538,27.512282,22.21924,135.7637,135.7816
512165576.94718933,27.515279,22.218450999999998,135.5713,135.5892
512165576.9981246,27.518275,22.217662,135.3966,135.4145
512165577.0490613,27.521272,22.216873,135.1658,135.1837
512165577.09999686,27.524268,22.216084,134.7490,134.7669
512165577.1509323,27.527265,22.215294999999998,134.4005,134.4184
512165577.2018678,27.530261,22.214506,134.1689,134.1869
512165577.2528033,27.533258,22.213718,133.8539,133.8718
512165577.30373883,27.536254,22.212929,133.4873,133.5052
512165577.35467416,27.539251,22.212139999999998,133.3223,133.3402
512165577.4056096,27.542247,22.21135,132.7364,132.7543
512165577.4565452,27.545244,22.210561,131.5269,131.5448
512165577.5074806,27.54824,22.209771999999997,131.1263,131.1443
512165577.5584162,27.551236,22.208983,130.3920,130.4100
512165577.6093517,27.554233,22.208194,130.1966,130.2146
512165577.6602871,27.557229,22.207404999999998,129.8269,129.8449
512165577.7112227,27.560226,22.206616,129.7852,129.8032
512165577.76215816,27.563222,22.205826,129.9393,129.9572
512165577.8130936,27.566219,22.205036999999997,130.1551,130.1730
512165577.86402917,27.569215,22.204248,130.0166,130.0346
512165577.9149646,27.572211,22.203457999999998,130.0294,130.0474
512165577.9659002,27.575208,22.202669,130.1387,130.1567
512165578.0168357,27.578204,22.20188,130.0489,130.0669
512165578.0677702,27.5812,22.20109,130.3411,130.3591
512165578.1187058,27.584197,22.200301,130.7471,130.7651
512165578.1696412,27.587193,22.199510999999998,130.9925,131.0105
512165578.22057676,27.59019,22.198722,131.0912,131.1092
512165578.27151227,27.593186,22.197931999999998,131.1944,131.2124
512165578.32244754,27.596182,22.197142,131.4666,131.4847
512165578.37338305,27.599179,22.196353,131.5111,131.5291
512165578.4243185,27.602175,22.195563,131.8894,131.9074
512165578.47525406,27.605172,22.194772999999998,131.6316,131.6497
512165578.5261895,27.608168,22.193984,131.4190,131.4370
512165578.5771251,27.611164,22.193194,131.2472,131.2652
512165578.6280606,27.614161,22.192404,130.9472,130.9653
512165578.6789961,27.617157,22.191613999999998,130.8589,130.8770
512165578.7299316,27.620153,22.190824,130.6081,130.6262
512165578.78086716,27.62315,22.190034999999998,130.4037,130.4218
512165578.8318026,27.626146,22.189245,130.1124,130.1305
512165578.8827381,27.629141999999998,22.188454999999998,129.9470,129.9651
512165578.9336736,27.632139,22.187665,129.3152,129.3333
512165578.9846091,27.635135,22.186875,129.2809,129.2990
512165579.03554565,27.638130999999998,22.186085,128.0311,128.0492
512165579.0864811,27.641128,22.185295,127.2234,127.2415
512165579.13741666,27.644123999999998,22.184504,127.3747,127.3929
512165579.1883521,27.647119999999997,22.183714,126.7603,126.7784
512165579.23928756,27.650116999999998,22.182924,126.9764,126.9945
512165579.2902231,27.653112999999998,22.182133999999998,126.9169,126.9351
512165579.3411586,27.656108999999997,22.181344,126.6879,126.7060
512165579.44302964,27.662101999999997,22.179762999999998,127.5956,127.6138
512165579.4939651,27.665098,22.178973,129.4240,129.4421
512165579.54490066,27.668094,22.178182,129.8411,129.8593
512165579.59583616,27.671090999999997,22.177391999999998,130.4418,130.4600
512165579.64677167,27.674087,22.176602,130.8064,130.8245
512165579.6977072,27.677083,22.175811,131.8515,131.8697
512165579.7486426,27.68008,22.175020999999997,132.3366,132.3548
512165579.7995782,27.683076,22.174229999999998,132.4052,132.4233
512165579.8505137,27.686072,22.17344,132.5161,132.5343
512165579.9014492,27.689068,22.172649,133.0032,133.0214
512165580.10519004,27.701052999999998,22.169486,133.0456,133.0638
512165580.15612555,27.70405,22.168696,133.0859,133.1041
512165580.20706105,27.707046,22.167904999999998,132.9589,132.9771
512165580.25799656,27.710041999999998,22.167113999999998,132.7090,132.7272
512165580.8182871,27.743,22.158413,125.2601,125.2784
512165580.8692227,27.745997,22.157622,125.0478,125.0660
512165580.9201581,27.748993,22.156831,124.6638,124.6821
512165580.9710936,27.751989,22.156039999999997,124.2012,124.2195
512165581.02202916,27.754984999999998,22.155248,124.0968,124.1151
512165581.07296556,27.757982,22.154457,124.2406,124.2590
512165581.1239011,27.760977999999998,22.153665999999998,124.5498,124.5682
512165581.17483664,27.763973999999997,22.152874,124.6728,124.6912
512165581.22577214,27.766969999999997,22.152082999999998,124.8919,124.9102
512165584.3328366,27.949728999999998,22.103747,123.1708,123.1896
512165584.38377213,27.952724999999997,22.102954,123.4088,123.4276
512165584.43470764,27.955721,22.102161,122.9645,122.9833
512165584.48564315,27.958717,22.101367,122.6114,122.6302
512165584.53657866,27.961713,22.100573999999998,122.3957,122.4145
512165584.5875142,27.964709,22.09978,122.3007,122.3195
512165584.63844967,27.967705,22.098986999999997,122.4815,122.5003
512165584.6893852,27.970701,22.098193,121.9148,121.9336
512165584.7403207,27.973696999999998,22.097399,122.0015,122.0203
512165584.7912562,27.976692999999997,22.096605999999998,121.2473,121.2661
512165584.84219176,27.979689,22.095812,121.1888,121.2076
512165584.89312714,27.982684,22.095018,120.9445,120.9633
512165584.94406277,27.98568,22.094224999999998,120.9913,121.0101
512165584.9949982,27.988675999999998,22.093431,120.7980,120.8168
512165585.3006122,28.006652,22.088668,120.5837,120.6025
512165586.01370925,28.048593,22.077548999999998,120.4155,120.4345
512165586.0646436,28.051589,22.076755,120.3229,120.3418
512165586.1155791,28.054585,22.07596,120.3962,120.4151
512165586.1665147,28.057581,22.075166,120.2020,120.2209
512165586.21745014,28.060577,22.074371,120.1514,120.1703
512165586.26838565,28.063571999999997,22.073577,120.0965,120.1154
512165586.31932116,28.066568,22.072782,119.8968,119.9158
512165586.37025666,28.069564,22.071987,120.4627,120.4817
512165586.4211921,28.07256,22.071192999999997,120.1873,120.2063
512165586.4721276,28.075556,22.070397999999997,120.1073,120.1262
512165586.5230631,28.078550999999997,22.069603,120.1240,120.1429
512165586.6758697,28.087539,22.067218999999998,120.1949,120.2139
512165586.7268052,28.090533999999998,22.066423999999998,119.9321,119.9511
512165586.77774066,28.093529999999998,22.065628999999998,120.0925,120.1115
512165586.8286762,28.096525999999997,22.064833999999998,120.7847,120.8037
512165586.8796117,28.099522,22.064038999999998,120.7240,120.7430
512165586.93054724,28.102518,22.063243999999997,120.2997,120.3187
512165586.9814827,28.105513,22.062448999999997,120.4542,120.4732
512165587.0324192,28.108508999999998,22.061654,120.1268,120.1458
512165587.1342903,28.114500999999997,22.060064,119.8319,119.8509
512165587.1852257,28.117496,22.059269,119.7501,119.7691
512165587.2361613,28.120492,22.058474,119.8273,119.8463
512165587.28709674,28.123488,22.057679,119.8664,119.8854
512165587.3380322,28.126483,22.056883,119.9556,119.9746
512165587.3889678,28.129479,22.056088,119.7668,119.7858
512165587.4399032,28.132475,22.055293,119.8706,119.8896
512165587.49083847,28.135471,22.054496999999998,119.6217,119.6407
512165587.54177403,28.138465999999998,22.053701999999998,119.3067,119.3257
512165587.5927095,28.141461999999997,22.052906999999998,118.8681,118.8871
512165587.64364505,28.144458,22.052111,118.4473,118.4663
512165587.6945805,28.147453,22.051316,118.7855,118.8045
512165587.79645157,28.153444999999998,22.049725,118.2866,118.3056
512165587.847387,28.15644,22.048928999999998,117.5713,117.5903
512165587.8983226,28.159436,22.048133999999997,117.3165,117.3355
512165588.0001936,28.165428,22.046542,117.0601,117.0791
512165588.05112815,28.168422999999997,22.045747,117.1224,117.1414
512165588.1020636,28.171419,22.044950999999998,116.9250,116.9440
512165588.15299916,28.174414,22.044155,116.8324,116.8515
512165588.2039346,28.17741,22.043359,117.2393,117.2584
512165588.2548702,28.180405999999998,22.042562999999998,117.2639,117.2829
512165588.3058056,28.183401,22.041767999999998,117.2055,117.2245
512165588.3567412,28.186397,22.040972,117.1651,117.1842
512165588.4076767,28.189393,22.040176,116.9636,116.9827
512165588.4586119,28.192387999999998,22.039379999999998,116.7849,116.8040
512165588.5095475,28.195383999999997,22.038584,116.6165,116.6356
512165588.5604829,28.19838,22.037788,116.4874,116.5065
512165588.6114185,28.201375,22.036991999999998,116.2045,116.2237
512165588.764225,28.210362,22.034603,115.4497,115.4688
512165589.01890254,28.22534,22.030621999999997,115.1972,115.2164
512165589.06983894,28.228336,22.029826,115.3116,115.3308
512165589.1207745,28.231330999999997,22.02903,114.6961,114.7153
512165589.1717102,28.234327,22.028233,113.6724,113.6916
512165589.22264576,28.237323,22.027437,113.0645,113.0837
512165589.2735812,28.240318,22.02664,112.4303,112.4495
512165589.3245168,28.243313999999998,22.025844,112.6724,112.6916
512165589.3754523,28.246309,22.025047,111.7165,111.7358
512165589.4263877,28.249305,22.024251,111.8661,111.8853
512165589.4773233,28.252299999999998,22.023453999999997,112.1113,112.1306
512165589.52825874,28.255295999999998,22.022657,111.7866,111.8058
512165589.5791943,28.258291999999997,22.021860999999998,111.6057,111.6250
512165589.6301298,28.261287,22.021064,111.6811,111.7004
512165589.6810653,28.264283,22.020267,111.3154,111.3347
512165589.7320008,28.267277999999997,22.01947,111.3164,111.3357
512165589.7829364,28.270273999999997,22.018674,108.5931,108.6124
512165589.83387184,28.273269,22.017877,108.1857,108.2050
512165589.98667836,28.282256,22.015486,107.9872,108.0065
512165590.0376127,28.285251,22.014689,109.4124,109.4317
512165590.0885482,28.288247,22.013892,109.4442,109.4635
512165590.1394837,28.291242,22.013095,109.8623,109.8816
512165590.1904192,28.294238,22.012297999999998,109.1778,109.1971
512165590.2413547,28.297233,22.011501,108.5832,108.6026
512165590.2922903,28.300228999999998,22.010704,108.3716,108.3909
512165590.3432257,28.303224,22.009907,107.7285,107.7478
512165590.39416116,28.30622,22.00911,109.5334,109.5528
512165590.44509673,28.309215,22.008312,111.9317,111.9510
512165590.4960322,28.312210999999998,22.007514999999998,109.9049,109.9243
512165590.54696774,28.315206,22.006718,110.5484,110.5678
512165590.5979032,28.318202,22.00592,109.5938,109.6131
512165590.6488387,28.321196999999998,22.005122999999998,108.6341,108.6535
512165590.6997742,28.324192999999998,22.004326,108.5086,108.5279
512165590.7507097,28.327188,22.003528,106.6649,106.6843
512165590.9035163,28.336174999999997,22.001136,104.1887,104.2081
512165590.95445174,28.33917,22.000338,103.9089,103.9283
512165591.05632377,28.345160999999997,21.998742999999997,103.3374,103.3568
512165591.1072593,28.348156999999997,21.997944999999998,102.9231,102.9425
512165591.1581948,28.351152,21.997148,102.6513,102.6708
512165591.2091303,28.354146999999998,21.99635,102.3523,102.3717
512165591.2600658,28.357142999999997,21.995552,101.9904,102.0098
512165591.41287225,28.366128999999997,21.993159,101.3811,101.4006
512165591.4638078,28.369125,21.992361,101.0432,101.0627
512165591.5147433,28.37212,21.991563,101.0663,101.0857
512165591.56567883,28.375114999999997,21.990765,101.6482,101.6676
512165591.6166143,28.378110999999997,21.989967,100.3988,100.4182
512165591.6675498,28.381106,21.989169,100.3005,100.3200
512165591.7184853,28.384102,21.988371,101.6308,101.6503
512165591.7694208,28.387096999999997,21.987572999999998,101.4645,101.4840
512165591.8203563,28.390092,21.986774999999998,102.6428,102.6623
512165591.87129164,28.393088,21.985977,103.7206,103.7400
512165591.9222271,28.396082999999997,21.985179,103.9560,103.9755
512165591.9731626,28.399079,21.984379999999998,103.7452,103.7647
512165592.02409714,28.402074,21.983582,103.6596,103.6791
512165592.2787747,28.417050999999997,21.979589999999998,103.1316,103.1511
512165592.6353233,28.438018,21.974000999999998,102.5654,102.5850
512165592.68625873,28.441012999999998,21.973202,102.4103,102.4299
512165592.7371943,28.444008999999998,21.972403,102.3291,102.3487
512165592.7881298,28.447004,21.971605,102.1808,102.2004
512165592.8390651,28.449999,21.970806,101.9747,101.9943
512165592.8900006,28.452994999999998,21.970007,101.8307,101.8503
512165592.9409361,28.45599,21.969208,101.8171,101.8367
512165592.9918716,28.458985,21.968408999999998,101.6545,101.6741
512165593.04280823,28.461980999999998,21.96761,101.4510,101.4706
512165593.09374374,28.464976,21.966811999999997,101.3045,101.3241
512165593.1956146,28.470965999999997,21.965214,100.9710,100.9906
512165593.29748553,28.476957,21.963615,100.6360,100.6556
512165593.3484211,28.479951999999997,21.962816,100.5303,100.5500
512165593.39935654,28.482948,21.962017,100.4606,100.4802
512165593.4502921,28.485943,21.961218,100.0882,100.1078
512165593.50122756,28.488937999999997,21.960418999999998,100.0188,100.0385
512165593.5521631,28.491933,21.959619999999997,99.7842,99.8039
512165593.60309863,28.494929,21.95882,99.1487,99.1684
512165593.6540341,28.497923999999998,21.958021,98.9291,98.9487
512165593.70496964,28.500919,21.957221999999998,98.3682,98.3879
512165594.41806555,28.542852,21.946028,94.7907,94.8105
512165594.46900105,28.545847,21.945228,94.7728,94.7926
512165594.570872,28.551838,21.943628,94.7188,94.7385
512165594.6218076,28.554833,21.942828,94.7551,94.7748
512165594.672743,28.557827999999997,21.942028,94.6650,94.6848
512165594.7236785,28.560823,21.941228,94.5797,94.5995
512165594.7746141,28.563817999999998,21.940428,94.5734,94.5932
512165594.82554954,28.566813999999997,21.939628,95.0453,95.0651
512165594.87648505,28.569809,21.938827999999997,94.6614,94.6812
512165594.92742056,28.572803999999998,21.938028,94.2610,94.2808
512165594.97835606,28.575799,21.937227999999998,94.0899,94.1097
512165595.0292926,28.578794,21.936428,93.8882,93.9080
512165595.0802281,28.581788999999997,21.935627,93.7835,93.8033
512165595.13116384,28.584785,21.934827,93.6628,93.6826
512165595.18209934,28.58778,21.934027,93.3420,93.3619
512165595.28397036,28.59377,21.932426,92.9164,92.9363
512165595.58958334,28.611741,21.927623,90.8512,90.8711
512165595.6405189,28.614735999999997,21.926823,90.5678,90.5877
512165595.69145435,28.617731,21.926022,90.2312,90.2511
512165595.74238986,28.620725999999998,21.925221,89.9166,89.9365
512165595.79332536,28.623721,21.924421,89.4527,89.4726
512165595.8442609,28.626716,21.92362,89.2370,89.2570
512165595.8951964,28.629711,21.922819,88.7550,88.7750
512165595.9461319,28.632706,21.922017999999998,88.2389,88.2589
512165595.99706745,28.635700999999997,21.921218,87.8561,87.8761
512165596.04800177,28.638696,21.920417,87.5634,87.5834
512165596.0989372,28.641690999999998,21.919615999999998,87.3020,87.3220
512165596.1498727,28.644686999999998,21.918815,87.2704,87.2904
512165596.2008082,28.647682,21.918014,87.1950,87.2150
512165596.25174373,28.650676999999998,21.917213,87.5206,87.5406
512165596.30267924,28.653672,21.916411999999998,87.2974,87.3174
512165597.88168067,28.746516,21.891564,77.4223,77.4425
512165601.5999725,28.965135999999998,21.832922,65.3929,65.4135
512165601.65090805,28.968131,21.832117999999998,65.4905,65.5111
512165601.7018435,28.971124999999997,21.831312999999998,65.0705,65.0911
512165601.75277907,28.97412,21.830509,64.8530,64.8736
512165601.8037146,28.977114999999998,21.829704,64.3699,64.3905
512165601.8546501,28.980109,21.828899,63.7674,63.7880
512165601.9055856,28.983103999999997,21.828094,62.6469,62.6675
512165601.9565211,28.986099,21.827289999999998,63.4080,63.4286
512165602.00745636,28.989093,21.826484999999998,63.2689,63.2895
512165602.058393,28.992088,21.82568,63.2324,63.2530
512165602.10932857,28.995082,21.824875,63.1436,63.1642
512165602.160264,28.998077,21.82407,63.2687,63.2893
512165602.2111995,29.001071999999997,21.823265,63.3373,63.3579
512165602.262135,29.004065999999998,21.82246,63.3021,63.3228
512165602.31307054,29.007061,21.821655,63.2071,63.2278
512165602.3640058,29.010054999999998,21.82085,63.2564,63.2771
512165602.8224254,29.037007,21.813603,63.0728,63.0936
512165603.02616644,29.048985,21.810382,63.8823,63.9031
512165603.077102,29.051979,21.809576,63.7221,63.7429
512165603.1280375,29.054973999999998,21.808771,63.6978,63.7186
512165603.17897296,29.057968,21.807965,63.3706,63.3914
512165603.2299085,29.060962999999997,21.807159,63.4386,63.4594
512165603.280844,29.063957,21.806354,63.6422,63.6630
512165603.3317793,29.066951999999997,21.805547999999998,63.7107,63.7315
512165603.3827148,29.069945999999998,21.804741999999997,63.7028,63.7236
512165603.4336503,29.072941,21.803936999999998,64.1689,64.1897
512165603.4845858,29.075934999999998,21.803131,64.2271,64.2479
512165603.5355213,29.07893,21.802325,64.4326,64.4535
512165603.58645684,29.081923999999997,21.801519,64.7419,64.7628
512165603.63739234,29.084919,21.800713,64.7138,64.7347
512165603.68832785,29.087913,21.799906999999997,64.5370,64.5579
512165603.73926336,29.090908,21.799101,64.8033,64.8242
512165603.9939409,29.10588,21.795071,64.5047,64.5256
512165604.04487735,29.108874999999998,21.794265,64.8035,64.8244
512165604.0958128,29.111869,21.793459,64.6360,64.6569
512165604.14674836,29.114863999999997,21.792652999999998,64.5469,64.5678
512165604.1976839,29.117858,21.791846,64.5379,64.5589
512165604.2486193,29.120853,21.79104,64.1156,64.1365
512165604.2995549,29.123846999999998,21.790233999999998,63.7079,63.7288
512165604.4523614,29.13283,21.787813999999997,62.9773,62.9983
512165604.50329685,29.135824999999997,21.787008,62.7189,62.7399
512165604.5542324,29.138818999999998,21.786201,62.1555,62.1764
512165604.6051679,29.141814,21.785394999999998,61.7046,61.7256
512165604.70703894,29.147802,21.783782,61.0122,61.0332
512165604.80890995,29.153791,21.782168,60.4358,60.4568
512165604.8598454,29.156786,21.781361999999998,59.7979,59.8189
512165604.9617164,29.162774,21.779747999999998,59.1505,59.1715
512165605.01265186,29.165768999999997,21.778941,58.5461,58.5671
512165605.1145218,29.171757,21.777328,58.0922,58.1132
512165605.16545725,29.174751999999998,21.776521,57.7217,57.7427
512165605.2163928,29.177746,21.775714,57.0945,57.1155
512165605.26732826,29.180740999999998,21.774907,57.0215,57.0425
512165605.3182638,29.183735,21.7741,56.7835,56.8046
512165605.3691993,29.186729,21.773293,56.9673,56.9884
512165605.4201348,29.189724,21.772485,56.8258,56.8469
512165605.4710703,29.192718,21.771677999999998,56.8555,56.8765
512165605.5220058,29.195712,21.770871,56.9024,56.9234
512165605.5729413,29.198707,21.770063999999998,56.7925,56.8135
512165605.62387687,29.201701,21.769257,56.6221,56.6431
512165605.6748123,29.204694999999997,21.768449999999998,56.5810,56.6021
512165605.7257478,29.20769,21.767642,56.4389,56.4600
512165605.82761884,29.213677999999998,21.766026999999998,55.9038,55.9249
512165605.8785544,29.216673,21.76522,55.8755,55.8966
512165605.92948985,29.219666999999998,21.764412999999998,55.6417,55.6628
512165605.9804254,29.222661,21.763605,55.4527,55.4738
512165606.0313619,29.225655999999997,21.762798,55.5417,55.5628
512165606.0822974,29.22865,21.761989999999997,55.4676,55.4887
512165606.1332329,29.231644,21.761183,55.3604,55.3815
512165606.18416834,29.234638,21.760375,55.3551,55.3763
512165606.4388459,29.249609999999997,21.756335999999997,55.0327,55.0538
512165606.6935234,29.264581,21.752297,53.6446,53.6657
512165606.7444589,29.267574999999997,21.751489,53.0102,53.0314
512165606.7953942,29.27057,21.750681,52.7923,52.8135
512165606.84632975,29.273564,21.749872999999997,52.5600,52.5812
512165606.8972652,29.276557999999998,21.749064999999998,52.1990,52.2202
512165606.94820076,29.279552,21.748257,52.4006,52.4218
512165606.99913627,29.282546999999997,21.747448,52.1857,52.2069
512165607.05007076,29.285541,21.74664,52.0766,52.0978
512165607.10100657,29.288535,21.745832,52.2096,52.2308
512165607.151942,29.291528999999997,21.745023999999997,51.7450,51.7662
512165607.2028776,29.294524,21.744215,51.6548,51.6760
512165607.253813,29.297518,21.743406999999998,51.0392,51.0604
512165607.3047486,29.300511999999998,21.742599,50.9483,50.9695
512165607.3556841,29.303506,21.741789999999998,50.3021,50.3234
512165607.40661955,29.3065,21.740982,49.8418,49.8631
512165607.50849056,29.312489,21.739365,49.7428,49.7640
512165607.5594261,29.315483,21.738556,49.7982,49.8195
512165607.61036164,29.318476999999998,21.737748,49.9030,49.9243
512165607.66129714,29.321471,21.736939,49.1637,49.1850
512165607.71223265,29.324465,21.73613,48.5944,48.6156
512165607.76316786,29.32746,21.735322,49.2784,49.2997
512165607.86503893,29.333447999999997,21.733704,48.8524,48.8737
512165607.91597444,29.336441999999998,21.732896,48.8235,48.8448
512165608.06878185,29.345425,21.730469,48.6559,48.6772
512165608.4762659,29.369377999999998,21.723997,48.6307,48.6520
512165608.5272015,29.372372,21.723187,48.5332,48.5546
512165608.5781369,29.375366,21.722378,48.5407,48.5621
512165608.6290725,29.378359999999997,21.721569,48.6782,48.6995
512165608.680008,29.381353999999998,21.720758999999997,48.5687,48.5900
512165608.73094344,29.384348,21.71995,48.4318,48.4532
512165608.781879,29.387342,21.719141,48.5034,48.5248
512165608.8328145,29.390335999999998,21.718331,48.4184,48.4398
512165608.88375,29.39333,21.717522,48.2204,48.2417
512165608.9346855,29.396324999999997,21.716711999999998,48.0918,48.1132
512165608.98562104,29.399319,21.715902999999997,47.6979,47.7193
512165609.03655535,29.402313,21.715093,47.7420,47.7634
512165609.0874908,29.405306999999997,21.714284,47.6425,47.6639
512165609.13842636,29.408300999999998,21.713473999999998,47.3597,47.3812
512165609.1893619,29.411295,21.712664,47.2213,47.2428
512165609.2402974,29.414289,21.711855,47.1156,47.1371
512165609.2912329,29.417282999999998,21.711045,46.8082,46.8297
512165609.34216833,29.420277,21.710234999999997,46.7216,46.7431
512165609.3931039,29.423271,21.709425,46.2779,46.2993
512165609.44403934,29.426264999999997,21.708616,45.9954,46.0168
512165609.4949748,29.429259,21.707805999999998,45.7230,45.7444
512165609.54591036,29.432253,21.706996,45.5242,45.5456
512165609.59684587,29.435247,21.706186,45.2955,45.3169
512165609.6477814,29.438240999999998,21.705375999999998,45.0836,45.1050
512165609.6987169,29.441235,21.704566,44.8519,44.8733
512165609.7496524,29.444229,21.703756,44.6054,44.6269
512165609.8005879,29.447222999999997,21.702946,44.4754,44.4969
512165609.85152346,29.450217,21.702136,43.8016,43.8231
512165609.9024589,29.453211,21.701325,43.4022,43.4237
512165609.9533944,29.456204999999997,21.700515,43.3655,43.3870
512165610.0043299,29.459198999999998,21.699704999999998,42.6101,42.6316
512165610.0552664,29.462193,21.698895,42.0211,42.0427
512165610.10620195,29.465187,21.698085,41.7955,41.8170
512165610.15713745,29.468180999999998,21.697274,41.5448,41.5663
512165610.20807296,29.471175,21.696464,41.0759,41.0975
512165610.25900847,29.474169,21.695653,40.6251,40.6466
512165610.309944,29.477162999999997,21.694843,39.7276,39.7492
512165610.3608794,29.480157,21.694032999999997,39.4033,39.4249
512165610.411815,29.483151,21.693222,40.9459,40.9675
512165610.46275043,29.486144999999997,21.692411,41.3062,41.3278
512165610.51368594,29.489138999999998,21.691601,41.2725,41.2941
512165610.56462145,29.492133,21.69079,41.2066,41.2282
512165610.61555696,29.495127,21.68998,40.9794,41.0010
512165610.66649246,29.498120999999998,21.689169,40.7662,40.7879
512165610.71742797,29.501115,21.688357999999997,40.7822,40.8038
512165610.7683635,29.504109,21.687548,40.8880,40.9097
512165610.819299,29.507102999999997,21.686736999999997,40.7010,40.7227
512165610.8702345,29.510095999999997,21.685926,40.7737,40.7953
512165610.92117,29.51309,21.685115,40.4705,40.4922
512165610.9721055,29.516084,21.684303999999997,40.3506,40.3723
512165611.0230398,29.519078,21.683493,40.1327,40.1544
512165611.0739753,29.522071999999998,21.682682,39.7864,39.8082
512165611.12491083,29.525066,21.681870999999997,39.6718,39.6935
512165611.17584634,29.52806,21.68106,39.3188,39.3405
512165611.22678185,29.531053999999997,21.680249,39.1457,39.1675
512165611.27771735,29.534048,21.679437999999998,39.0066,39.0283
512165611.32865286,29.537042,21.678627,38.9820,39.0037
512165611.37958837,29.540035,21.677816,39.0043,39.0261
512165611.43052393,29.543028999999997,21.677004999999998,39.4029,39.4246
512165611.4814594,29.546022999999998,21.676192999999998,39.5818,39.6035
512165611.5323949,29.549017,21.675382,39.6922,39.7140
512165611.58333045,29.552011,21.674571,39.8265,39.8483
512165611.6342659,29.555004999999998,21.673759,40.2783,40.3000
512165611.68520147,29.557999,21.672947999999998,40.5691,40.5909
512165611.7361369,29.560993,21.672137,40.5633,40.5851
512165611.7870725,29.563986,21.671325,40.5040,40.5258
512165611.838008,29.566979999999997,21.670514,40.4962,40.5180
512165611.8889435,29.569974,21.669701999999997,40.5116,40.5334
512165611.939879,29.572968,21.668891,40.5915,40.6133
512165611.9908145,29.575961999999997,21.668079,40.7028,40.7246
512165612.0417509,29.578955999999998,21.667267,40.6847,40.7065
512165612.0926864,29.58195,21.666456,40.6884,40.7102
512165612.14362186,29.584943,21.665644,40.6535,40.6753
512165612.1945574,29.587937,21.664832,40.2388,40.2606
512165612.24549294,29.590930999999998,21.664020999999998,40.3378,40.3597
512165612.29642844,29.593925,21.663209,39.9158,39.9377
512165612.34736395,29.596919,21.662397,40.1260,40.1479
512165612.3982995,29.599912,21.661585,40.2276,40.2495
512165612.44923496,29.602905999999997,21.660773,38.3392,38.3611
512165612.5001703,29.6059,21.659961,37.8643,37.8862
512165612.55110574,29.608894,21.659149,37.2424,37.2642
512165612.60204124,29.611888,21.658337,37.0602,37.0820
512165612.6529768,29.614880999999997,21.657525,36.8349,36.8567
512165612.70391226,29.617874999999998,21.656713,36.4728,36.4946
512165612.7548478,29.620869,21.655901,36.1558,36.1776
512165612.80578333,29.623863,21.655089,35.6462,35.6680
512165612.8567188,29.626856999999998,21.654277,34.8691,34.8910
512165612.90765435,29.629849999999998,21.653464,34.5964,34.6183
512165612.9585898,29.632844,21.652652,33.7916,33.8135
512165613.00952536,29.635838,21.65184,33.1518,33.1737
512165613.06045985,29.638831,21.651027,32.5742,32.5961
512165613.11139566,29.641824999999997,21.650215,31.8986,31.9205
512165613.16233116,29.644819,21.649403,31.4487,31.4706
512165613.2132666,29.647813,21.64859,31.1063,31.1283
512165613.2642021,29.650806,21.647778,30.3440,30.3659
512165613.3151376,29.6538,21.646964999999998,29.8298,29.8518
512165613.36607313,29.656793999999998,21.646152999999998,29.7455,29.7674
512165613.4170087,29.659788,21.645339999999997,27.8384,27.8603
512165613.46794397,29.662781,21.644527,28.2571,28.2791
512165613.5188794,29.665775,21.643715,28.3651,28.3870
512165613.5698149,29.668768999999998,21.642902,28.3683,28.3903
512165613.6207504,29.671761999999998,21.642089,28.5977,28.6196
512165613.67168593,29.674756,21.641277,29.0106,29.0326
512165613.7226214,29.67775,21.640463999999998,29.3549,29.3768
512165613.77355695,29.680743999999997,21.639651,30.3921,30.4141
512165613.82449245,29.683736999999997,21.638838,30.9371,30.9591
512165613.87542796,29.686730999999998,21.638025,31.7659,31.7879
512165613.92636347,29.689725,21.637211999999998,32.8573,32.8793
512165613.977299,29.692718,21.636398999999997,35.0369,35.0589
512165614.02823544,29.695712,21.635586,35.0681,35.0901
512165614.079171,29.698705999999998,21.634773,36.2884,36.3104
512165614.1301065,29.701698999999998,21.63396,36.6524,36.6744
512165614.18104196,29.704693,21.633146999999997,36.9814,37.0035
512165614.2319775,29.707687,21.632334,37.3192,37.3412
512165614.28291297,29.71068,21.631521,37.9812,38.0032
512165614.33384854,29.713673999999997,21.630708,38.5934,38.6154
512165614.384784,29.716668,21.629894,38.8628,38.8849
512165614.43571943,29.719661,21.629081,39.6117,39.6338
512165614.48665506,29.722655,21.628268,40.0859,40.1080
512165614.53759044,29.725648999999997,21.627454,40.6697,40.6917
512165614.588526,29.728641999999997,21.626641,40.9681,40.9901
512165614.6394615,29.731635999999998,21.625826999999997,41.4511,41.4732
512165614.690397,29.734628999999998,21.625014,41.7968,41.8189
512165614.74133253,29.737623,21.6242,41.8090,41.8311
512165614.79226804,29.740617,21.623386999999997,41.6779,41.7000
512165614.84320354,29.74361,21.622573,41.1913,41.2133
512165614.89413905,29.746603999999998,21.62176,41.8615,41.8836
512165614.94507456,29.749598,21.620946,42.0714,42.0935
512165614.99601007,29.752591,21.620131999999998,41.9810,42.0031
512165615.0469443,29.755585,21.619318999999997,40.5360,40.5581
512165615.0978799,29.758578,21.618505,40.7282,40.7503
512165615.1488154,29.761571999999997,21.617691,40.4350,40.4571
512165615.1997509,29.764564999999997,21.616877,40.5679,40.5900
512165615.2506864,29.767559,21.616063,40.4854,40.5075
512165615.30162185,29.770553,21.61525,40.3398,40.3620
512165615.3525574,29.773546,21.614435999999998,39.6900,39.7122
512165615.4034929,29.776539999999997,21.613622,39.9663,39.9884
512165615.45442843,29.779532999999997,21.612807999999998,39.7265,39.7486
512165615.50536394,29.782526999999998,21.611994,39.6327,39.6549
512165615.5562995,29.785519999999998,21.611179999999997,39.9898,40.0120
512165615.60723495,29.788514,21.610364999999998,40.3305,40.3527
512165615.6581705,29.791507,21.609551,41.2693,41.2914
512165615.70910597,29.794501,21.608736999999998,41.6820,41.7042
512165615.7600415,29.797494999999998,21.607923,42.3716,42.3938
512165615.810977,29.800487999999998,21.607108999999998,43.0850,43.1072
512165615.8619125,29.803482,21.606294,43.9976,44.0198
512165615.91284806,29.806475,21.60548,44.8012,44.8234
512165615.9637835,29.809469,21.604665999999998,45.5642,45.5864
512165616.01471895,29.812462,21.603851,46.2604,46.2826
512165616.06565547,29.815455999999998,21.603037,47.0165,47.0387
512165616.1165909,29.818448999999998,21.602221999999998,47.6450,47.6672
512165616.1675265,29.821443,21.601408,48.1474,48.1696
512165616.218462,29.824436,21.600593,48.3890,48.4112
512165616.2693975,29.82743,21.599778999999998,48.4022,48.4244
512165616.320333,29.830423,21.598964,48.6793,48.7015
512165616.3712685,29.833416999999997,21.598149,49.1578,49.1800
512165616.422204,29.836409999999997,21.597334999999998,49.9147,49.9369
512165616.4731395,29.839404,21.596519999999998,49.3100,49.3322
512165616.5240751,29.842397,21.595705,50.5656,50.5879
512165616.57501054,29.845391,21.59489,51.3628,51.3851
512165616.6259461,29.848384,21.594075999999998,51.6358,51.6581
512165616.67688155,29.851378,21.593261,51.7789,51.8012
512165616.7278171,29.854370999999997,21.592446,51.9301,51.9524
512165616.77875257,29.857364999999998,21.591631,52.5787,52.6010
512165616.8296881,29.860357999999998,21.590816,53.3726,53.3949
512165616.88062364,29.863350999999998,21.590000999999997,53.9970,54.0193
512165616.93155885,29.866345,21.589185999999998,54.7787,54.8010
512165616.9824944,29.869338,21.588371,56.3675,56.3898
512165617.0334289,29.872332,21.587556,54.9388,54.9611
512165617.0843644,29.875325,21.586741,55.5625,55.5848
512165617.1352999,29.878318999999998,21.585925,54.8578,54.8801
512165617.1862354,29.881311999999998,21.58511,56.1425,56.1648
512165617.237171,29.884304999999998,21.584294999999997,57.8124,57.8348
512165617.28810644,29.887299,21.583479999999998,57.7176,57.7399
512165617.33904195,29.890292,21.582663999999998,59.5025,59.5248
512165617.3899775,29.893286,21.581849,59.7537,59.7760
512165617.44091296,29.896279,21.581032999999998,59.7225,59.7448
512165617.4918485,29.899272,21.580218,60.6567,60.6791
512165617.542784,29.902265999999997,21.579403,60.8000,60.8223
512165617.5937194,29.905258999999997,21.578587,60.8118,60.8342
512165617.64465505,29.908253,21.577771,61.1764,61.1988
512165617.69559044,29.911246,21.576956,61.7475,61.7698
512165617.746526,29.914239,21.57614,61.7009,61.7233
512165617.7974615,29.917233,21.575325,61.8211,61.8435
512165617.848397,29.920226,21.574509,61.7710,61.7934
512165617.8993323,29.923219,21.573693,62.1777,62.2001
512165617.95026773,29.926212999999997,21.572877,62.4333,62.4557
512165618.0012033,29.929205999999997,21.572062,62.5272,62.5496
512165618.05214,29.932199999999998,21.571246,62.6148,62.6372
512165618.1030755,29.935192999999998,21.570429999999998,62.8396,62.8620
512165618.154011,29.938185999999998,21.569613999999998,63.0443,63.0667
512165618.20494634,29.94118,21.568797999999997,62.6759,62.6983
512165618.2558818,29.944173,21.567982,63.4461,63.4686
512165618.30681735,29.947166,21.567166,62.5494,62.5719
512165618.3577528,29.95016,21.56635,61.6731,61.6956
512165618.4086883,29.953153,21.565534,62.1704,62.1929
512165618.4596239,29.956146,21.564718,60.8698,60.8923
512165618.5105593,29.959139999999998,21.563902,61.2179,61.2403
512165618.5614949,29.962132999999998,21.563084999999997,60.8561,60.8785
512165618.61243033,29.965125999999998,21.562269,61.2512,61.2736
512165618.6633659,29.96812,21.561453,61.4551,61.4775
512165618.71430135,29.971113,21.560637,61.3562,61.3786
512165618.7652368,29.974106,21.55982,61.7012,61.7237
512165618.81617236,29.977099,21.559003999999998,62.0804,62.1029
512165618.86710787,29.980093,21.558187999999998,62.3084,62.3309
512165618.9180433,29.983086,21.557371,62.7409,62.7634
512165618.9689789,29.986079,21.556555,62.8338,62.8563
512165619.0199144,29.989072999999998,21.555737999999998,63.0651,63.0876
512165619.070849,29.992065999999998,21.554921999999998,63.4628,63.4853
512165619.12178445,29.995058999999998,21.554105,64.1855,64.2080
512165619.17271966,29.998051999999998,21.553288,64.4154,64.4380
512165619.2236552,30.001046,21.552471999999998,65.0380,65.0606
512165619.2745907,30.004039,21.551655,65.3501,65.3726
512165619.32552624,30.007032,21.550838,65.2408,65.2633
512165619.3764617,30.010025,21.550020999999997,66.0077,66.0303
512165619.42739725,30.013018,21.549205,66.3920,66.4146
512165619.47833276,30.016012,21.548388,66.4174,66.4400
512165619.52926826,30.019005,21.547570999999998,65.2019,65.2245
512165619.5802038,30.021998,21.546754,64.6040,64.6266
512165619.6311393,30.024991,21.545937,63.8824,63.9051
512165619.6820748,30.027984999999997,21.54512,64.5517,64.5744
512165619.7330103,30.030977999999998,21.544303,65.1188,65.1415
512165619.7839458,30.033970999999998,21.543485999999998,65.6351,65.6577
512165619.8348813,30.036963999999998,21.542669,66.3436,66.3662
512165619.8858168,30.039956999999998,21.541852,66.9041,66.9268
512165619.9367523,30.042951,21.541034,68.0945,68.1172
512165619.9876878,30.045944,21.540217,69.0221,69.0448
512165620.0386243,30.048937,21.5394,69.6744,69.6971
512165620.0895598,30.05193,21.538583,70.3265,70.3492
512165620.1404953,30.054923,21.537765,70.9626,70.9854
512165620.1914308,30.057917,21.536948,71.8244,71.8471
512165620.24236625,30.06091,21.536130999999997,72.1712,72.1939
512165620.2933018,30.063903,21.535313,72.7039,72.7266
512165620.34423727,30.066896,21.534496,73.2089,73.2317
512165620.39517283,30.069889,21.533678,73.4650,73.4878
512165620.44610834,30.072882,21.532861,73.7893,73.8120
512165620.4970438,30.075875999999997,21.532042999999998,73.8080,73.8307
512165620.54797935,30.078868999999997,21.531226,73.7073,73.7301
512165620.5989148,30.081861999999997,21.530407999999998,73.8618,73.8846
512165620.64985037,30.084854999999997,21.52959,73.7846,73.8073
512165620.7007859,30.087847999999997,21.528772999999997,73.8949,73.9177
512165620.7517214,30.090840999999998,21.527955,73.8996,73.9224
512165620.8026569,30.093835,21.527137,73.8331,73.8559
512165620.85359246,30.096828,21.526318999999997,74.0222,74.0450
512165620.9045279,30.099821,21.525501,74.0940,74.1168
512165620.9554634,30.102814,21.524683,74.5463,74.5691
512165621.0063989,30.105807,21.523865,74.4383,74.4611
512165621.05733323,30.1088,21.523047,74.5884,74.6112
512165621.10826874,30.111793,21.522229,75.1032,75.1260
512165621.15920424,30.114786,21.521411,75.8477,75.8705
512165621.21013975,30.117779,21.520592999999998,76.5851,76.6079
512165621.26107526,30.120772,21.519775,78.0166,78.0394
512165621.31201077,30.123766,21.518957,78.9871,79.0099
512165621.36294633,30.126759,21.518138999999998,79.9229,79.9457
512165621.4138818,30.129752,21.517321,80.5842,80.6070
512165621.46481735,30.132745,21.516502,80.9041,80.9269
512165621.5157528,30.135738,21.515684,81.3544,81.3772
512165621.5666883,30.138731,21.514865999999998,81.3238,81.3466
512165621.61762387,30.141724,21.514046999999998,81.2928,81.3156
512165621.6685593,30.144717,21.513229,81.3765,81.3993
512165621.7194949,30.14771,21.51241,81.3867,81.4095
512165621.77043027,30.150703,21.511592,81.2425,81.2653
512165621.8213659,30.153696,21.510773,81.3798,81.4026
512165621.87230134,30.156689,21.509954999999998,81.6911,81.7139
512165621.9232368,30.159682,21.509135999999998,81.7383,81.7611
512165621.97417235,30.162675,21.508318,82.0321,82.0549
512165622.0251088,30.165668,21.507499,81.7085,81.7313
512165622.0760443,30.168661,21.50668,80.5261,80.5489
512165622.1269798,30.171654,21.505862,78.6170,78.6398
512165622.1779154,30.174647,21.505043,78.1686,78.1914
512165622.22885084,30.17764,21.504224,77.6031,77.6259
512165622.27978635,30.180633,21.503405,77.8553,77.8781
512165622.33072186,30.183626999999998,21.502585999999997,78.2508,78.2736
512165622.38165736,30.186619,21.501766999999997,78.6789,78.7017
512165622.4325929,30.189612,21.500947999999998,78.8660,78.8888
512165622.4835284,30.192605,21.500128999999998,78.3870,78.4098
512165622.5344639,30.195598,21.499309999999998,78.5112,78.5340
512165622.58539945,30.198591,21.498490999999998,78.8258,78.8486
512165622.63633466,30.201583999999997,21.497671999999998,79.2450,79.2679
512165622.6872702,30.204576999999997,21.496852999999998,79.9840,80.0069
512165622.7382057,30.207569999999997,21.496033999999998,80.8023,80.8252
512165622.7891411,30.210562999999997,21.495214999999998,81.2036,81.2265
512165622.8400767,30.213555999999997,21.494394999999997,81.8618,81.8847
512165622.89101213,30.216548999999997,21.493575999999997,81.9120,81.9349
512165622.9419477,30.219541999999997,21.492756999999997,81.8914,81.9143
512165622.99288315,30.222534999999997,21.491937,81.5523,81.5752
512165623.0438178,30.225527999999997,21.491118,81.1808,81.2037
512165623.0947532,30.228520999999997,21.490299,80.6158,80.6387
512165623.14568883,30.231513999999997,21.489479,80.5670,80.5899
512165623.1966243,30.234506999999997,21.48866,78.9498,78.9727
512165623.2475598,30.237499999999997,21.48784,78.0353,78.0582
512165623.2984953,30.240492999999997,21.487019999999998,76.5044,76.5273
512165623.34943074,30.243485999999997,21.486200999999998,76.7521,76.7750
512165623.40036625,30.246478999999997,21.485381,75.6629,75.6859
512165623.4513018,30.249471999999997,21.484562,75.0763,75.0993
512165623.50223726,30.252464,21.483742,75.0299,75.0529
512165623.5531728,30.255457,21.482922,75.2092,75.2321
512165623.6041081,30.25845,21.482101999999998,75.8064,75.8293
512165623.6550436,30.261443,21.481282,77.1439,77.1669
512165623.7059791,30.264436,21.480463,77.5605,77.5835
512165623.75691456,30.267429,21.479643,76.3047,76.3277
512165623.8078501,30.270422,21.478823,76.5959,76.6189
512165623.8587856,30.273415,21.478002999999998,75.6629,75.6859
512165623.90972114,30.276408,21.477183,74.0231,74.0460
512165623.96065664,30.2794,21.476363,73.9034,73.9264
512165624.0115922,30.282393,21.475542,73.1613,73.1843
512165624.0625286,30.285386,21.474722,72.7473,72.7703
512165624.11346406,30.288379,21.473902,72.9901,73.0131
512165624.1643996,30.291372,21.473081999999998,72.5951,72.6181
512165624.2153351,30.294365,21.472262,73.6572,73.6802
512165624.26627064,30.297358,21.471441,73.8432,73.8662
512165624.3172061,30.300349999999998,21.470620999999998,76.1324,76.1554
512165624.3681416,30.303342999999998,21.469801,77.2302,77.2532
512165624.41907716,30.306335999999998,21.46898,78.9287,78.9518
512165624.4700126,30.309328999999998,21.468159999999997,79.3303,79.3533
512165624.5209482,30.312321999999998,21.467339,80.4752,80.4983
512165624.5718836,30.315315,21.466518999999998,80.8978,80.9208
512165624.6228192,30.318306999999997,21.465698,82.8080,82.8311
512165624.6737547,30.321299999999997,21.464878,85.1099,85.1330
512165624.7246902,30.324292999999997,21.464057,85.3933,85.4164
512165624.7756257,30.327285999999997,21.463237,85.8253,85.8484
512165624.8265612,30.330278999999997,21.462415999999997,86.3321,86.3551
512165624.8774967,30.333271,21.461595,87.1466,87.1697
512165624.9284322,30.336264,21.460774,87.2768,87.2999
512165624.97936773,30.339257,21.459954,87.4937,87.5168
512165625.03030205,30.34225,21.459132999999998,87.8325,87.8556
512165625.0812375,30.345243,21.458312,87.8633,87.8864
512165625.13217306,30.348235,21.457490999999997,88.2060,88.2291
512165625.18310857,30.351228,21.45667,88.4135,88.4366
512165625.2340441,30.354221,21.455849,88.4018,88.4249
512165625.2849796,30.357214,21.455028,88.3220,88.3452
512165625.3359151,30.360205999999998,21.454207,88.1824,88.2055
512165625.3868506,30.363198999999998,21.453386,88.4436,88.4668
512165625.4377861,30.366191999999998,21.452565,88.2670,88.2901
512165625.4887216,30.369184999999998,21.451743999999998,88.6457,88.6689
512165625.5396571,30.372176999999997,21.450922,88.8908,88.9139
512165625.5905926,30.375169999999997,21.450101,89.0330,89.0562
512165625.6415281,30.378162999999997,21.449279999999998,89.3183,89.3414
512165625.6924637,30.381155999999997,21.448459,89.2935,89.3167
512165625.74339914,30.384148,21.447637,89.6931,89.7162
512165625.79433465,30.387141,21.446816,89.7217,89.7449
512165625.8452702,30.390134,21.445994,89.6111,89.6342
512165625.89620566,30.393127,21.445173,90.0380,90.0612
512165625.9471411,30.396119,21.444350999999997,88.6560,88.6792
512165625.9980767,30.399112,21.44353,89.1593,89.1825
512165626.0490131,30.402105,21.442708,88.6902,88.7134
512165626.09994864,30.405096999999998,21.441886999999998,88.5675,88.5907
512165626.15088415,30.408089999999998,21.441065,88.2214,88.2446
512165626.20181966,30.411082999999998,21.440243,89.0714,89.0946
512165626.25275517,30.414074999999997,21.439422,89.5558,89.5790
512165626.3036907,30.417067999999997,21.438599999999997,89.1242,89.1475
512165626.3546262,30.420060999999997,21.437777999999998,89.0403,89.0635
512165626.4055617,30.423053,21.436956,88.9094,88.9327
512165626.4564972,30.426046,21.436134,88.8324,88.8556
512165626.5074327,30.429039,21.435312,88.6740,88.6972
512165626.5583682,30.432031,21.434490999999998,88.7441,88.7674
512165626.6093037,30.435024,21.433669,88.2226,88.2458
512165626.6602393,30.438017,21.432847,88.0523,88.0756
512165626.7111747,30.441008999999998,21.432024,88.3442,88.3675
512165626.76211023,30.444001999999998,21.431202,88.1163,88.1396
512165626.81304574,30.446994999999998,21.43038,88.1948,88.2181
512165626.8639812,30.449987,21.429558,87.8399,87.8631
512165626.9149168,30.45298,21.428736,87.9109,87.9342
512165626.96585244,30.455973,21.427913999999998,88.3870,88.4103
512165627.0167877,30.458965,21.427091,88.7764,88.7997
512165627.0677223,30.461958,21.426268999999998,88.7051,88.7284
512165627.1186578,30.464949999999998,21.425447,88.5384,88.5617
512165627.1695934,30.467942999999998,21.424623999999998,88.3279,88.3512
512165627.22052884,30.470936,21.423802,88.1364,88.1598
512165627.2714643,30.473927999999997,21.422978999999998,88.4325,88.4558
512165627.32239985,30.476920999999997,21.422157,88.1444,88.1677
512165627.3733353,30.479913,21.421333999999998,87.8532,87.8765
512165627.42427087,30.482906,21.420512,87.2060,87.2293
512165627.4752063,30.485899,21.419688999999998,85.9853,86.0087
512165627.5261418,30.488891,21.418867,84.5948,84.6181
512165627.5770774,30.491884,21.418044,82.9893,83.0127
512165627.62801284,30.494875999999998,21.417220999999998,81.6932,81.7166
512165627.6789484,30.497868999999998,21.416397999999997,83.3820,83.4054
512165627.72988385,30.500860999999997,21.415575999999998,85.6503,85.6737
512165627.7808194,30.503853999999997,21.414752999999997,85.4827,85.5060
512165627.83175486,30.506846999999997,21.41393,86.4557,86.4791
512165627.8826904,30.509839,21.413107,85.9068,85.9302
512165627.93362594,30.512832,21.412284,86.2649,86.2883
512165627.98456115,30.515824,21.411461,86.5804,86.6038
512165628.0354979,30.518817,21.410638,86.9848,87.0082
512165628.0864334,30.521808999999998,21.409815,85.9584,85.9818
512165628.1373689,30.524801999999998,21.408991999999998,86.0111,86.0345
512165628.1883044,30.527794,21.408168999999997,85.7684,85.7918
512165628.23924,30.530787,21.407345,85.7441,85.7675
512165628.2901754,30.533779,21.406522,86.0268,86.0503
512165628.34111077,30.536772,21.405699,85.6955,85.7189
512165628.3920462,30.539763999999998,21.404875999999998,85.8090,85.8324
512165628.44298166,30.542756999999998,21.404052,86.1615,86.1849
512165628.4939172,30.545748999999997,21.403229,86.5888,86.6123
512165628.5448527,30.548741999999997,21.402406,86.9551,86.9786
512165628.5957882,30.551734,21.401581999999998,87.8736,87.8971
512165628.64672375,30.554727,21.400759,88.1288,88.1522
512165628.6976592,30.557719,21.399935,89.3540,89.3775
512165628.74859476,30.560712,21.399112,91.0561,91.0796
512165628.7995302,30.563703999999998,21.398287999999997,92.6169,92.6404
512165628.8504658,30.566696999999998,21.397464,94.1567,94.1802
512165628.9014013,30.569689,21.396641,95.2748,95.2982
512165628.9523367,30.572682,21.395816999999997,96.9555,96.9790
512165629.0032723,30.575674,21.394993,98.7008,98.7243
512165629.0542068,30.578667,21.39417,97.6489,97.6724
512165629.10514235,30.581659,21.393345999999998,99.6319,99.6555
512165629.1560778,30.584650999999997,21.392522,99.9636,99.9871
512165629.2070133,30.587643999999997,21.391697999999998,100.3761,100.3996
512165629.2579489,30.590636,21.390874,100.6689,100.6925
512165629.3088841,30.593629,21.39005,99.5974,99.6210
512165629.35981965,30.596621,21.389226,100.1845,100.2080
512165629.41075516,30.599614,21.388402,100.3986,100.4222
512165629.46169066,30.602605999999998,21.387577999999998,100.9336,100.9572
512165629.5126262,30.605597999999997,21.386754,101.2289,101.2525
512165629.5635616,30.608590999999997,21.38593,100.9113,100.9349
512165629.6144972,30.611583,21.385106,101.2096,101.2332
512165629.6654327,30.614576,21.384280999999998,101.1798,101.2035
512165629.7163682,30.617568,21.383457,101.4028,101.4264
512165629.7673037,30.620559999999998,21.382633,101.9971,102.0207
512165629.8182393,30.623552999999998,21.381808,102.1526,102.1763
512165629.8691747,30.626545,21.380983999999998,102.5484,102.5721
512165629.9201103,30.629538,21.38016,102.5838,102.6075
512165629.97104573,30.63253,21.379334999999998,102.8448,102.8685
512165630.0219812,30.635521999999998,21.378511,103.0079,103.0316
512165630.0729177,30.638514999999998,21.377686,103.2112,103.2350
512165630.12385315,30.641506999999997,21.376862,103.3214,103.3451
512165630.17478865,30.644499,21.376037,103.6121,103.6358
512165630.2257242,30.647492,21.375211999999998,103.5365,103.5603
512165630.27665967,30.650484,21.374388,103.8229,103.8466
512165630.32759523,30.653475999999998,21.373563,104.1395,104.1632
512165630.3785307,30.656468999999998,21.372738,103.3191,103.3429
512165630.42946625,30.659461,21.371913,103.5019,103.5256
512165630.48040175,30.662454,21.371088999999998,106.3211,106.3448
512165630.53133726,30.665446,21.370264,107.0747,107.0985
512165630.58227277,30.668438,21.369439,103.7135,103.7373
512165630.6332083,30.671429999999997,21.368613999999997,106.1503,106.1740
512165630.6841438,30.674422999999997,21.367789,105.8291,105.8529
512165630.7350793,30.677415,21.366964,106.6856,106.7094
512165630.7860148,30.680407,21.366139,106.7404,106.7642
512165630.8369503,30.6834,21.365313999999998,106.5535,106.5773
512165630.88788587,30.686391999999998,21.364489,107.0378,107.0616
512165630.9388213,30.689383999999997,21.363664,107.1163,107.1401
512165630.9897568,30.692376999999997,21.362838,107.2392,107.2630
512165631.04069114,30.695369,21.362012999999997,107.4379,107.4617
512165631.09162664,30.698361,21.361188,107.4951,107.5189
512165631.1425622,30.701352999999997,21.360363,107.8097,107.8335
512165631.19349766,30.704345999999997,21.359537,107.9553,107.9791
512165631.24443316,30.707338,21.358712,107.7391,107.7629
512165631.2953687,30.71033,21.357886,107.5594,107.5832
512165631.3463041,30.713321999999998,21.357060999999998,107.6928,107.7167
512165631.3972397,30.716314999999998,21.356234999999998,107.4286,107.4524
512165631.44817513,30.719306999999997,21.35541,107.0740,107.0978
512165631.49911076,30.722299,21.354584,106.4137,106.4375
512165631.55004615,30.725291,21.353759,106.9968,107.0207
512165631.60098165,30.728284,21.352933,106.8316,106.8555
512165631.6519172,30.731275999999998,21.352107,108.3188,108.3426
512165631.70285267,30.734268,21.351281999999998,108.6933,108.7172
512165631.7537882,30.73726,21.350455999999998,108.5273,108.5512
512165631.8047237,30.740253,21.349629999999998,108.2704,108.2943
512165631.8556592,30.743244999999998,21.348803999999998,108.7039,108.7278
512165631.90659475,30.746236999999997,21.347977999999998,107.9882,108.0121
512165631.9575302,30.749229,21.347151999999998,107.3705,107.3944
512165632.00846577,30.752221,21.346325999999998,107.1512,107.1751
512165632.0594022,30.755214,21.345499999999998,107.2182,107.2421
512165632.11033773,30.758205999999998,21.344673999999998,106.8822,106.9061
512165632.16127324,30.761198,21.343847999999998,106.8400,106.8639
512165632.21220875,30.76419,21.343021999999998,107.5574,107.5814
512165632.26314425,30.767182,21.342195999999998,107.6870,107.7109
512165632.31407976,30.770175,21.341369999999998,108.1131,108.1371
512165632.3650152,30.773166999999997,21.340543999999998,108.4182,108.4421
512165632.4159508,30.776159,21.339717,107.9994,108.0233
512165632.4668862,30.779151,21.338891,108.8576,108.8816
512165632.5178218,30.782142999999998,21.338065,109.1394,109.1633
512165632.56875724,30.785135,21.337238,110.3654,110.3894
512165632.61969274,30.788127999999997,21.336412,110.8649,110.8889
512165632.67062825,30.79112,21.335585,111.0608,111.0847
512165632.72156376,30.794112,21.334759,110.5334,110.5574
512165632.772499,30.797103999999997,21.333932,110.6415,110.6655
512165632.82343453,30.800096,21.333106,110.6205,110.6445
512165632.8743701,30.803088,21.332279,110.3217,110.3457
512165632.92530555,30.806079999999998,21.331453,110.4239,110.4479
512165632.9762411,30.809072999999998,21.330626,110.7163,110.7403
512165633.0271756,30.812064999999997,21.329798999999998,110.2876,110.3116
512165633.0781111,30.815057,21.328972999999998,110.0374,110.0615
512165633.1290466,30.818049,21.328146,110.1879,110.2119
512165633.1799821,30.821040999999997,21.327319,110.4682,110.4922
512165633.2309177,30.824033,21.326492,110.6066,110.6307
512165633.28185314,30.827025,21.325665,109.9540,109.9780
512165633.33278865,30.830016999999998,21.324838,109.7418,109.7658
512165633.3837242,30.833008999999997,21.324011,109.4679,109.4920
512165633.43465966,30.836001,21.323183999999998,109.9209,109.9449
512165633.4855952,30.838994,21.322357,114.7670,114.7910
512165633.5365307,30.841986,21.32153,114.8670,114.8911
512165633.58746624,30.844977999999998,21.320702999999998,114.9304,114.9544
512165633.63840175,30.84797,21.319876,115.3152,115.3392
512165633.68933725,30.850962,21.319049,115.2718,115.2959
512165633.7402725,30.853953999999998,21.318220999999998,115.0287,115.0528
512165633.79120797,30.856945999999997,21.317394,116.2102,116.2343
512165633.84214354,30.859938,21.316567,116.0330,116.0571
512165633.89307904,30.86293,21.315739,116.1719,116.1960
512165633.94401455,30.865921999999998,21.314912,116.4709,116.4950
512165633.99495006,30.868914,21.314083999999998,116.7220,116.7461
512165634.0458867,30.871906,21.313257,116.7794,116.8035
512165634.09682196,30.874897999999998,21.312428999999998,117.1294,117.1535
512165634.1477575,30.877889999999997,21.311602,116.6833,116.7074
512165634.19869304,30.880882,21.310774,116.4423,116.4664
512165634.2496285,30.883874,21.309946999999998,114.6440,114.6681
512165634.30056405,30.886865999999998,21.309119,114.6629,114.6871
512165634.3514995,30.889858,21.308291,115.2665,115.2906
512165634.402435,30.89285,21.307464,114.6270,114.6512
512165634.4533706,30.895842,21.306635999999997,116.4602,116.4843
512165634.504306,30.898833999999997,21.305808,115.3560,115.3801
512165634.5552416,30.901826,21.30498,118.0245,118.0487
512165634.6061771,30.904818,21.304152,118.2282,118.2523
512165634.6571126,30.907809999999998,21.303324,118.6439,118.6681
512165634.7080481,30.910802,21.302495999999998,118.9020,118.9261
512165634.75898355,30.913794,21.301668,119.1989,119.2231
512165634.8099191,30.916786,21.300839999999997,119.0328,119.0570
512165634.86085457,30.919777999999997,21.300012,118.9959,119.0201
512165634.91179013,30.92277,21.299184,119.2518,119.2760
512165634.96272564,30.925762,21.298356,119.1295,119.1537
512165635.01366115,30.928753999999998,21.297528,119.2816,119.3058
512165635.06459755,30.931745999999997,21.296699,119.4128,119.4370
512165635.11553305,30.934738,21.295870999999998,119.8458,119.8700
512165635.16646856,30.93773,21.295043,120.2333,120.2575
512165635.21740407,30.940721999999997,21.294214,120.3896,120.4139
512165635.26833963,30.943714,21.293385999999998,120.5389,120.5631
512165635.3192751,30.946706,21.292558,120.6980,120.7222
512165635.3702106,30.949697999999998,21.291729,121.0170,121.0412
512165635.42114615,30.952689999999997,21.290900999999998,121.1919,121.2161
512165635.4720816,30.955681,21.290072,121.2740,121.2983
512165635.52301717,30.958672999999997,21.289243,121.7320,121.7562
512165635.5739526,30.961665,21.288415,122.0585,122.0828
512165635.6248882,30.964657,21.287585999999997,122.8908,122.9150
512165635.6758237,30.967648999999998,21.286756999999998,123.1476,123.1719
512165635.7267592,30.970640999999997,21.285929,124.1012,124.1255
512165635.7776947,30.973633,21.2851,124.2313,124.2555
512165635.8286302,30.976625,21.284271,124.3488,124.3731
512165635.8795657,30.979616999999998,21.283441999999997,125.0483,125.0726
512165635.9305012,30.982608,21.282612999999998,125.5378,125.5621
512165635.9814367,30.985599999999998,21.281784,126.4272,126.4515
512165636.03237104,30.988591999999997,21.280956,126.9209,126.9452
512165636.0833065,30.991584,21.280127,127.2322,127.2565
512165636.13424206,30.994576,21.279297,127.5142,127.5385
512165636.1851775,30.997567999999998,21.278468,127.6706,127.6949
512165636.2361131,31.00056,21.277639,127.5428,127.5671
512165636.2870486,31.003550999999998,21.276809999999998,127.4089,127.4332
512165636.3379841,31.006542999999997,21.275980999999998,127.4794,127.5037
512165636.3889196,31.009535,21.275152,126.5665,126.5908
512165636.4398551,31.012527,21.274321999999998,126.5826,126.6069
512165636.4907906,31.015518999999998,21.273493,125.0380,125.0624
512165636.54172605,31.018511,21.272664,125.9829,126.0072
512165636.5926616,31.021501999999998,21.271834,125.8024,125.8268
512165636.64359707,31.024493999999997,21.271005,125.8496,125.8739
512165636.6945326,31.027486,21.270175,124.9716,124.9960
512165636.7454681,31.030478,21.269346,124.7504,124.7747
512165636.7964036,31.033469999999998,21.268515999999998,124.3429,124.3673
512165636.84733915,31.036461,21.267687,124.3826,124.4069
512165636.8982746,31.039452999999998,21.266856999999998,124.8567,124.8811
512165636.9492101,31.042444999999997,21.266028,125.4789,125.5032
512165637.0001456,31.045437,21.265197999999998,126.0382,126.0626
512165637.0510821,31.048429,21.264367999999997,126.4540,126.4784
512165637.10201764,31.05142,21.263538,127.0541,127.0785
512165637.1529531,31.054412,21.262708,127.3591,127.3835
512165637.20388865,31.057404,21.261879,127.7616,127.7860
512165637.25482416,31.060395999999997,21.261049,128.0999,128.1243
512165637.30575967,31.063387,21.260219,128.8844,128.9088
512165637.3566952,31.066378999999998,21.259389,128.8781,128.9025
512165637.4076306,31.069371,21.258558999999998,129.2377,129.2621
512165637.4585662,31.072363,21.257728999999998,129.3845,129.4089
512165637.50950146,31.075353999999997,21.256899,129.4407,129.4652
512165637.56043696,31.078346,21.256069,129.1906,129.2150
512165637.6113725,31.081338,21.255238,129.2676,129.2921
512165637.662308,31.084329999999998,21.254407999999998,128.7385,128.7629
512165637.7132434,31.087321,21.253577999999997,128.6765,128.7010
512165637.764179,31.090313,21.252748,128.6045,128.6289
512165637.81511444,31.093304999999997,21.251917,128.1208,128.1453
512165637.86604995,31.096296,21.251087,127.7843,127.8088
512165637.91698545,31.099287999999998,21.250256999999998,127.3394,127.3639
512165637.96792096,31.102279999999997,21.249426,126.7926,126.8171
512165638.01885647,31.105272,21.248596,126.2413,126.2658
512165638.069791,31.108262999999997,21.247764999999998,125.5983,125.6228
512165638.1207265,31.111255,21.246935,124.9974,125.0219
512165638.1716621,31.114247,21.246104,124.3000,124.3245
512165638.22259754,31.117237999999997,21.245272999999997,123.8084,123.8330
512165638.27353305,31.12023,21.244443,124.0610,124.0855
512165638.32446855,31.123222,21.243612,124.2771,124.3016
512165638.37540406,31.126213,21.242781,124.2649,124.2895
512165638.4263396,31.129205,21.241951,124.0658,124.0903
512165638.47727484,31.132196999999998,21.24112,123.9258,123.9504
512165638.52821034,31.135188,21.240289,123.4842,123.5087
512165638.57914585,31.13818,21.239458,123.5130,123.5376
512165638.6300816,31.141171999999997,21.238626999999997,123.0925,123.1171
512165638.68101716,31.144163,21.237796,123.0306,123.0552
512165638.7319526,31.147154999999998,21.236964999999998,122.8447,122.8693
512165638.7828882,31.150146,21.236134,122.0619,122.0864
512165638.8338236,31.153138,21.235303,122.2509,122.2755
512165638.8847592,31.156129999999997,21.234472,122.3323,122.3569
512165638.9356947,31.159121,21.233641,122.4953,122.5199
512165638.98663014,31.162112999999998,21.232809,122.3229,122.3475
512165639.0375666,31.165104999999997,21.231977999999998,122.0349,122.0595
512165639.0885021,31.168096,21.231147,121.7552,121.7799
512165639.1394376,31.171087999999997,21.230316,121.5242,121.5488
512165639.1903731,31.174079,21.229484,120.9190,120.9436
512165639.2413086,31.177070999999998,21.228652999999998,120.1640,120.1886
512165639.29224414,31.180062999999997,21.227821,119.3487,119.3733
512165639.34317964,31.183054,21.22699,118.7451,118.7698
512165639.3941152,31.186045999999997,21.226157999999998,118.0259,118.0506
512165639.44505066,31.189037,21.225327,118.0200,118.0447
512165639.4959862,31.192028999999998,21.224494999999997,117.6058,117.6304
512165639.5469217,31.19502,21.223664,117.0103,117.0349
512165639.5978572,31.198012,21.222832,117.0230,117.0476
512165639.6487927,31.201003999999998,21.221999999999998,116.7173,116.7420
512165639.6997282,31.203995,21.221168,116.5062,116.5309
512165639.75066376,31.206986999999998,21.220337,116.0427,116.0674
512165639.8015992,31.209978,21.219504999999998,116.0719,116.0966
512165639.8525348,31.21297,21.218673,115.7724,115.7970
512165639.9034703,31.215961,21.217841,115.1417,115.1664
512165639.9544057,31.218953,21.217008999999997,114.7953,114.8200
512165640.0053413,31.221943999999997,21.216177,115.5795,115.6042
512165640.05627555,31.224936,21.215345,115.5638,115.5885
512165640.1072111,31.227926999999998,21.214513,115.7645,115.7892
512165640.15814656,31.230919,21.213680999999998,115.8920,115.9167
512165640.2090821,31.233909999999998,21.212849,115.8557,115.8804
512165640.26001763,31.236901999999997,21.212017,115.8840,115.9087
512165640.3109531,31.239893,21.211184,115.4873,115.5120
512165640.36188865,31.242884999999998,21.210352,115.6381,115.6629
512165640.41282415,31.245876,21.209519999999998,115.7198,115.7446
512165640.46375966,31.248867999999998,21.208686999999998,115.4545,115.4792
512165640.51469517,31.251859,21.207855,113.0647,113.0895
512165640.5656306,31.254851,21.207023,110.8754,110.9002
512165640.6165661,31.257842,21.20619,110.4905,110.5152
512165640.6675017,31.260834,21.205358,109.5429,109.5677
512165640.71843714,31.263824999999997,21.204525,110.2342,110.2590
512165640.7693727,31.266817,21.203692999999998,110.3808,110.4055
512165640.8203081,31.269807999999998,21.202859999999998,111.2952,111.3200
512165640.87124366,31.2728,21.202026999999998,111.8721,111.8969
512165640.92217916,31.275790999999998,21.201195,112.3129,112.3376
512165640.97311467,31.278782,21.200362,112.9480,112.9728
512165641.02405125,31.281774,21.199529,113.4334,113.4582
512165641.07498676,31.284765,21.198695999999998,113.7992,113.8240
512165641.1259222,31.287757,21.197864,114.1586,114.1835
512165641.17685777,31.290747999999997,21.197031,113.9542,113.9791
512165641.2277933,31.29374,21.196198,113.8325,113.8574
512165641.2787288,31.296730999999998,21.195365,113.4576,113.4825
512165641.3805998,31.302713999999998,21.193699,113.2216,113.2465
512165641.68621284,31.320662,21.1887,115.0606,115.0855
512165641.7371483,31.323653999999998,21.187866,115.4121,115.4370
512165641.78808385,31.326645,21.187033,116.3866,116.4115
512165641.8390193,31.329635999999997,21.1862,116.7572,116.7821
512165641.88995486,31.332628,21.185366,117.1433,117.1682
512165641.9408901,31.335618999999998,21.184533,117.3937,117.4186
512165642.29743767,31.356558,21.178697,117.9653,117.9902
512165642.3483732,31.35955,21.177864,117.8666,117.8915
512165642.3993087,31.362541,21.17703,117.6608,117.6858
512165642.4502442,31.365531999999998,21.176195999999997,117.4603,117.4853
512165642.50117975,31.368523999999997,21.175362,117.7491,117.7741
512165642.5521152,31.371515,21.174528,117.7920,117.8170
512165642.6030507,31.374506,21.173693999999998,117.8786,117.9036
512165642.6539863,31.377498,21.17286,118.1696,118.1946
512165642.7049217,31.380488999999997,21.172026,118.4108,118.4359
512165642.7558573,31.38348,21.171191999999998,118.4754,118.5004
512165642.80679274,31.386471,21.170358,118.2460,118.2711
512165642.8577283,31.389463,21.169524,118.3800,118.4051
512165642.9086636,31.392453999999997,21.168689,118.4258,118.4509
512165642.9595991,31.395445,21.167855,118.4975,118.5226
512165643.0105346,31.398436999999998,21.167021,118.5872,118.6123
512165643.0614712,31.401428,21.166186,118.7704,118.7955
512165643.1124068,31.404418999999997,21.165352,118.9647,118.9898
512165643.16334224,31.40741,21.164517999999997,118.9579,118.9831
512165643.21427745,31.410401999999998,21.163683,119.1427,119.1678
512165643.265213,31.413393,21.162848999999998,119.2719,119.2970
512165643.3161485,31.416383999999997,21.162014,119.6312,119.6563
512165643.367084,31.419375,21.161179999999998,119.5248,119.5499
512165643.41801953,31.422366999999998,21.160345,119.4322,119.4574
512165643.4689551,31.425358,21.159509999999997,119.3457,119.3709
512165643.51989055,31.428348999999997,21.158676,119.5994,119.6245
512165643.5708261,31.43134,21.157840999999998,119.4792,119.5043
512165643.62176156,31.434331,21.157006,119.6317,119.6568
512165643.67269707,31.437323,21.156171,119.8559,119.8811
512165643.72363263,31.440313999999997,21.155336,119.9125,119.9377
512165643.7745681,31.443305,21.154502,120.0904,120.1156
512165643.82550365,31.446296,21.153667,119.8646,119.8898
512165643.87643915,31.449286999999998,21.152832,119.7660,119.7912
512165643.92737466,31.452278999999997,21.151996999999998,119.5047,119.5299
512165643.97831017,31.45527,21.151162,119.7970,119.8222
512165644.02924466,31.458261,21.150327,119.7977,119.8229
512165644.0801802,31.461251999999998,21.149490999999998,119.9267,119.9519
512165644.1311157,31.464243,21.148656,120.2949,120.3201
512165644.18205094,31.467233999999998,21.147821,120.3889,120.4142
512165644.2329865,31.470226,21.146986,120.3291,120.3543
512165644.28392196,31.473216999999998,21.146151,120.0466,120.0719
512165644.3348575,31.476208,21.145315,119.8687,119.8939
512165644.385793,31.479198999999998,21.144479999999998,119.2225,119.2477
512165644.43672854,31.48219,21.143644,118.8431,118.8684
512165644.48766404,31.485180999999997,21.142809,118.7204,118.7456
512165644.53859955,31.488173,21.141973999999998,118.2371,118.2624
512165644.58953506,31.491163999999998,21.141137999999998,118.2416,118.2668
512165644.6404705,31.494155,21.140302,117.9315,117.9568
512165644.6914061,31.497145999999997,21.139467,118.0109,118.0361
512165644.7423416,31.500137,21.138631,118.0468,118.0721
512165644.79327697,31.503128,21.137795999999998,117.9005,117.9258
512165644.8442126,31.506118999999998,21.13696,118.2431,118.2684
512165644.89514804,31.50911,21.136124,118.6622,118.6875
512165644.9460836,31.512100999999998,21.135288,119.1218,119.1471
512165644.99701905,31.515092,21.134452,119.7138,119.7391
512165645.0479556,31.518083999999998,21.133616999999997,120.3701,120.3954
512165645.098891,31.521075,21.132780999999998,121.3733,121.3986
512165645.1498266,31.524065999999998,21.131944999999998,122.0068,122.0321
512165645.2007621,31.527057,21.131109,122.5738,122.5991
512165645.25169754,31.530047999999997,21.130273,123.2919,123.3172
512165645.3026331,31.533039,21.129437,123.8976,123.9230
512165645.35356855,31.53603,21.128601,125.2771,125.3025
512165645.4045041,31.539020999999998,21.127764,125.4162,125.4415
512165645.4554396,31.542012,21.126928,126.4548,126.4801
512165645.50637513,31.545002999999998,21.126092,125.5269,125.5523
512165645.55731064,31.547994,21.125256,125.0042,125.0296
512165645.60824615,31.550984999999997,21.124419,124.5552,124.5805
512165645.65918165,31.553976,21.123583,125.4567,125.4820
512165645.71011716,31.556967,21.122747,124.6830,124.7084
512165645.76105267,31.559957999999998,21.12191,123.0498,123.0752
512165645.8119881,31.562949,21.121074,127.8951,127.9205
512165645.8629237,31.565939999999998,21.120237,133.3355,133.3609
512165645.9138591,31.568931,21.119401,135.2597,135.2851
512165645.96479464,31.571922999999998,21.118564,136.6968,136.7222
512165646.01573014,31.574913,21.117727,138.5088,138.5342
512165646.0666645,31.577904,21.116891,139.2687,139.2941
512165646.1176,31.580894999999998,21.116054,140.1284,140.1538
512165646.16853553,31.583886,21.115216999999998,140.4727,140.4981
512165646.219471,31.586876999999998,21.114380999999998,140.7010,140.7264
512165646.27040654,31.589868,21.113543999999997,141.4712,141.4966
512165646.32134205,31.592858999999997,21.112707,142.1638,142.1892
512165646.3722775,31.59585,21.11187,142.4332,142.4586
512165646.423213,31.598841,21.111033,143.1057,143.1311
512165646.4741485,31.601831999999998,21.110196,143.8371,143.8626
512165646.525084,31.604823,21.109358999999998,144.6073,144.6328
512165646.5760195,31.607813999999998,21.108522,144.6853,144.7108
512165646.6269551,31.610805,21.107685,145.0929,145.1184
512165646.67789054,31.613795999999997,21.106848,145.6033,145.6288
512165646.7288261,31.616787,21.106009999999998,146.5837,146.6092
512165646.77976155,31.619778,21.105173,147.4183,147.4438
512165646.83069706,31.622768999999998,21.104336,147.2796,147.3051
512165646.8816326,31.62576,21.103499,147.9786,148.0041
512165646.9325681,31.628750999999998,21.102660999999998,147.1620,147.1875
512165646.98350364,31.631742,21.101824,147.8185,147.8440
512165647.0344401,31.634732999999997,21.100987,149.4442,149.4697
512165647.0853756,31.637724,21.100149,149.9251,149.9506
512165647.13631105,31.640714,21.099311999999998,150.2206,150.2461
512165647.1872466,31.643704999999997,21.098474,150.8966,150.9221
512165647.23818207,31.646696,21.097635999999998,151.4887,151.5142
512165647.28911763,31.649687,21.096799,152.5094,152.5349
512165647.3400531,31.652677999999998,21.095961,152.9449,152.9704
512165647.3909886,31.655669,21.095122999999997,153.9085,153.9340
512165647.4419241,31.658659999999998,21.094286,154.6139,154.6394
512165647.4928596,31.661651,21.093448,155.2164,155.2419
512165647.5437951,31.664641999999997,21.09261,156.4187,156.4442
512165647.5947306,31.667631999999998,21.091772,157.3010,157.3266
512165647.6456659,31.670623,21.090934,159.3349,159.3605
512165647.69660145,31.673613999999997,21.090096,160.3403,160.3659
512165647.7475369,31.676605,21.089257999999997,162.0933,162.1189
512165647.7984724,31.679596,21.08842,163.9710,163.9966
512165647.8494079,31.682586999999998,21.087581999999998,165.3626,165.3882
512165647.9003434,31.685578,21.086744,167.5824,167.6080
512165647.951279,31.688568,21.085905999999998,168.5230,168.5486
512165648.00221443,31.691558999999998,21.085068,169.4921,169.5177
512165648.053149,31.69455,21.084229999999998,170.6108,170.6365
512165648.1040845,31.697540999999998,21.083391,171.4488,171.4744
512165648.15502,31.700532,21.082553,172.4148,172.4404
512165648.2059555,31.703522,21.081715,173.6831,173.7088
512165648.256891,31.706512999999998,21.080876,175.0662,175.0918
512165648.3078266,31.709504,21.080038,176.6831,176.7087
512165648.358762,31.712494999999997,21.079199,177.9772,178.0028
512165648.4096976,31.715486,21.078360999999997,179.5212,179.5469
512165648.4606331,31.718476,21.077522,181.2615,181.2871
512165648.51156855,31.721466999999997,21.076684,182.4324,182.4580
512165648.5625041,31.724458,21.075844999999997,183.3217,183.3474
512165648.6134393,31.727449,21.075007,185.1431,185.1687
512165648.6643749,31.730439999999998,21.074168,186.8416,186.8672
512165648.7153104,31.73343,21.073328999999998,188.8947,188.9204
512165648.76624584,31.736421,21.07249,189.9781,190.0038
512165648.8171814,31.739411999999998,21.071651,192.7018,192.7274
512165648.86811686,31.742403,21.070812999999998,193.5870,193.6127
512165648.9190524,31.745393,21.069974,195.0151,195.0408
512165649.6321505,31.787263,21.058225,213.4734,213.4991
512165649.6830859,31.790253999999997,21.057385,214.4371,214.4629
512165649.9377635,31.805207,21.053186999999998,219.1232,219.1490
512165649.988699,31.808197999999997,21.052346999999997,219.9239,219.9497
512165650.03963333,31.811189,21.051508,221.9136,221.9394
512165650.0905688,31.814179,21.050667999999998,223.9041,223.9299
512165650.14150435,31.817169999999997,21.049827999999998,225.8795,225.9053
512165650.1924398,31.820161,21.048987999999998,228.1915,228.2173
512165650.24337536,31.823151,21.048147999999998,229.8661,229.8919
512165650.29431087,31.826141999999997,21.047307999999997,231.6982,231.7240
512165650.3452464,31.829131999999998,21.046467999999997,232.7642,232.7900
512165650.3961819,31.832123,21.045628,234.6377,234.6635
512165650.85460114,31.859037999999998,21.038065,245.5739,245.5998
512165650.90553665,31.862029,21.037225,247.0334,247.0593
512165650.9564722,31.865019999999998,21.036383999999998,248.5165,248.5424
512165651.00740767,31.868009999999998,21.035543999999998,250.1550,250.1810
512165651.0583442,31.871001,21.034703,251.1583,251.1842
512165651.1092797,31.873991,21.033863,252.5845,252.6104
512165651.16021514,31.876981999999998,21.033022,253.5242,253.5501
512165651.2111507,31.879973,21.032180999999998,255.2587,255.2846
512165651.2620862,31.882963,21.03134,256.7419,256.7678
512165651.3130217,31.885953999999998,21.0305,257.4756,257.5015
512165651.3639572,31.888944,21.029659,259.0130,259.0390
512165651.4148927,31.891935,21.028817999999998,259.7844,259.8103
512165651.4658282,31.894924999999997,21.027977,260.6761,260.7021
512165651.51676375,31.897916,21.027136,261.9058,261.9317
512165651.5676992,31.900906,21.026294999999998,262.5199,262.5459
512165651.61863476,31.903896999999997,21.025454,263.5077,263.5337
512165651.66957015,31.906886999999998,21.024613,264.6643,264.6903
512165651.7205057,31.909878,21.023771999999997,266.0400,266.0660
512165651.7714412,31.912868,21.02293,267.2808,267.3067
512165651.8223767,31.915858999999998,21.022088999999998,268.3587,268.3847
512165651.87331223,31.918848999999998,21.021248,270.3461,270.3720
512165651.9242477,31.92184,21.020407,271.5056,271.5316
512165651.97518325,31.92483,21.019565,274.1477,274.1737
512165652.0261175,31.927820999999998,21.018724,276.0472,276.0732
512165652.07705307,31.930811,21.017882999999998,277.1271,277.1531
512165652.1279886,31.933802,21.017041,278.8178,278.8439
512165652.1789241,31.936791999999997,21.016199999999998,280.1898,280.2158
512165652.2298596,31.939781999999997,21.015358,280.3120,280.3381
512165652.2807951,31.942773,21.014516999999998,278.7758,278.8018
512165652.3317306,31.945763,21.013675,280.2832,280.3093
512165652.3826661,31.948753999999997,21.012833,277.4967,277.5227
512165652.4336016,31.951743999999998,21.011992,276.9090,276.9350
512165652.4845371,31.954735,21.01115,290.3628,290.3889
512165652.5354727,31.957725,21.010308,292.3255,292.3515
512165652.58640814,31.960715999999998,21.009466,295.1911,295.2172
512165652.63734365,31.963706,21.008623999999998,296.4235,296.4495
512165652.6882792,31.966696,21.007783,305.1583,305.1844
512165652.73921466,31.969686999999997,21.006940999999998,307.2112,307.2372
512165652.89202124,31.978658,21.004414,312.6684,312.6945
512165653.04482865,31.987629,21.001887999999997,330.9235,330.9496
512165653.09576416,31.99062,21.001046,331.5567,331.5828
512165653.14669967,31.99361,21.000204,332.5433,332.5694
512165653.1976352,31.996599999999997,20.999361,333.5225,333.5487
512165653.2485706,31.999591,20.998518999999998,334.3302,334.3564
512165654.42008567,32.068368,20.979134,427.6580,427.6842
512165654.471021,32.071358,20.978289999999998,430.2653,430.2916
512165654.52195644,32.074348,20.977446999999998,431.1627,431.1890
512165654.57289195,32.077339,20.976604,433.7008,433.7270
512165654.6238275,32.080329,20.975759999999998,433.4852,433.5115
512165654.67476296,32.083318999999996,20.974916999999998,434.7840,434.8103
512165654.72569853,32.086309,20.974073,435.6993,435.7255
512165655.03131247,32.104251,20.969011,439.0619,439.0883
512165656.55937624,32.193954999999995,20.943678,562.0762,562.1027
512165656.61031175,32.196945,20.942833,560.3282,560.3547
512165656.66124725,32.199934999999996,20.941988,562.0277,562.0541
512165657.374345,32.241794999999996,20.930152,640.1813,640.2078
512165657.42528063,32.244785,20.929306999999998,644.2607,644.2873
512165657.476216,32.247775,20.928461,636.9712,636.9978
512165657.7818289,32.265715,20.923386,669.9453,669.9719
512165657.8327641,32.268705,20.922539999999998,668.6433,668.6699
512165657.88369966,32.271695,20.921692999999998,669.5914,669.6180
512165657.93463516,32.274685,20.920847,669.7756,669.8022
512165657.9855706,32.277674999999995,20.920001,662.1411,662.1677
512165658.08744067,32.283654999999996,20.918309,677.6535,677.6801
512165658.13837624,32.286645,20.917462,676.7911,676.8177
512165659.1061518,32.343452,20.901374999999998,673.3131,673.3398
512165660.9273553,32.450351,20.87106,510.2155,510.2424
512165661.02922726,32.456331,20.869362,514.8170,514.8439
512165661.08016276,32.45932,20.868513999999998,518.7269,518.7538
512165661.13109833,32.462309999999995,20.867665,517.7596,517.7865
512165661.1820338,32.4653,20.866816,519.6296,519.6566
512165661.23296934,32.468289,20.865966999999998,510.6398,510.6667
512165661.2839048,32.471278999999996,20.865118,506.7325,506.7594
512165661.33484036,32.474269,20.864269,502.9203,502.9473
512165662.00687766,32.513712999999996,20.853064999999997,366.0046,366.0316
512165662.057812,32.516703,20.852214999999998,365.8738,365.9007
512165662.1087475,32.519692,20.851366,364.1492,364.1761
512165662.15968305,32.522681999999996,20.850516,364.0664,364.0933
512165662.2106185,32.525670999999996,20.849667,363.5163,363.5431
512165662.31248957,32.531651,20.847967,358.7927,358.8194
512165662.7199735,32.555566999999996,20.841168,360.0732,360.0996
512165662.7709093,32.558555999999996,20.840318,358.3654,358.3918
512165662.8218448,32.561546,20.839468,356.6133,356.6396
512165662.87278026,32.564535,20.838617,354.4741,354.5004
512165663.0765233,32.576493,20.835216,343.7201,343.7461
512165663.1274589,32.579482999999996,20.834366,344.3383,344.3643
512165663.1783943,32.582471999999996,20.833515,343.6251,343.6509
512165663.2293299,32.585462,20.832665,343.4412,343.4669
512165663.28026533,32.588451,20.831813999999998,345.5451,345.5707
512165663.33120084,32.591440999999996,20.830963999999998,344.6675,344.6930
512165663.38213634,32.594429999999996,20.830113,342.8107,342.8361
512165663.43307185,32.597418999999995,20.829262999999997,345.0397,345.0650
512165663.53494287,32.603398,20.827561,343.0435,343.0686
512165663.5858781,32.606387999999995,20.82671,341.8988,341.9238
512165663.63681364,32.609377,20.825858999999998,341.1814,341.2062
512165663.6877491,32.612367,20.825008999999998,340.7657,340.7905
512165663.73868465,32.615356,20.824158,338.0507,338.0754
512165663.9424266,32.627314,20.820753999999997,332.7993,332.8235
512165663.9933622,32.630303,20.819903,332.3902,332.4143
512165664.0442967,32.633292,20.819050999999998,326.6432,326.6673
512165664.4008453,32.654218,20.813091999999997,304.1470,304.1709
512165664.45178074,32.657207,20.812241,298.6553,298.6792
512165664.5536516,32.663185999999996,20.810537,312.7592,312.7830
512165664.6045871,32.666174999999996,20.809686,309.3390,309.3628
512165664.6555226,32.669165,20.808833999999997,308.1816,308.2054
512165664.7064584,32.672154,20.807982,303.3211,303.3449
512165664.8083294,32.678132999999995,20.806279,295.7059,295.7296
512165664.96113586,32.687101,20.803722999999998,285.2852,285.3088
512165665.0120713,32.69009,20.802871,284.6536,284.6772
512165665.702821,32.730627999999996,20.791313,29.6544,29.6780
512165665.7537565,32.733616999999995,20.790461,29.4879,29.5116
512165665.8046921,32.736607,20.789607999999998,29.5181,29.5418
512165665.85562754,32.739596,20.788755,29.4378,29.4615
512165665.90656304,32.742585,20.787903,29.5357,29.5594
512165665.95749855,32.745574,20.78705,29.4318,29.4555
512165666.00843406,32.748563,20.786196999999998,29.4921,29.5158
512165666.0593686,32.751553,20.785344,29.3610,29.3847
512165666.1103041,32.754542,20.784491,29.3535,29.3772
512165666.16123956,32.757531,20.783638,29.3776,29.4013
512165666.21217513,32.76052,20.782785,29.2860,29.3098
512165666.26311064,32.763509,20.781931999999998,29.2641,29.2878
512165666.31404614,32.766498999999996,20.781079,29.1747,29.1985
512165666.36498165,32.769487999999996,20.780226,29.2196,29.2433
512165666.4159172,32.772476999999995,20.779373,29.1246,29.1483
512165666.46685266,32.775466,20.77852,29.1106,29.1344
512165666.51778823,32.778455,20.777666999999997,29.0987,29.1224
512165666.5687237,32.781444,20.776813,29.0619,29.0857
512165666.6196591,32.784434,20.775959999999998,28.9376,28.9614
512165666.6705945,32.787423,20.775107,28.9956,29.0193
512165666.72152996,32.790411999999996,20.774252999999998,28.9450,28.9688
512165666.7724655,32.793400999999996,20.7734,28.8552,28.8790
512165666.823401,32.796389999999995,20.772546,28.8702,28.8940
512165666.8743364,32.799379,20.771693,28.8135,28.8373
512165666.92527205,32.802368,20.770839,28.8793,28.9031
512165666.97620744,32.805357,20.769986,28.8059,28.8297
512165667.02714396,32.808347,20.769132,28.7850,28.8088
512165667.07807946,32.811336,20.768278,28.7449,28.7687
512165667.1290149,32.814325,20.767425,28.6382,28.6620
512165667.1799505,32.817313999999996,20.766571,28.6474,28.6712
512165667.2308859,32.820302999999996,20.765717,28.6403,28.6641
512165667.2818215,32.823291999999995,20.764863,28.6548,28.6786
512165667.332757,32.826281,20.764008999999998,28.6022,28.6261
512165667.3836925,32.82927,20.763154999999998,28.5255,28.5493
512165667.434628,32.832259,20.762301,28.5802,28.6040
512165667.4855635,32.835248,20.761447,28.4051,28.4290
512165667.536499,32.838238,20.760593,28.4899,28.5137
512165667.58743453,32.841226999999996,20.759739,28.4390,28.4629
512165667.63837004,32.844215999999996,20.758885,28.2971,28.3210
512165667.68930554,32.847204999999995,20.758031,28.2922,28.3161
512165667.740241,32.850194,20.757175999999998,28.2523,28.2762
512165667.79117656,32.853183,20.756322,28.2234,28.2472
512165667.842112,32.856172,20.755468,28.2405,28.2644
512165667.8930476,32.859161,20.754613,28.1580,28.1819
512165667.943983,32.86215,20.753759,28.2953,28.3192
512165667.9949185,32.865139,20.752903999999997,28.1533,28.1772
512165668.04585505,32.868128,20.75205,28.0892,28.1131
512165668.0967905,32.871117,20.751195,28.0436,28.0675
512165668.14772606,32.874106,20.750341,27.9784,28.0023
512165668.1986615,32.877095,20.749485999999997,28.0199,28.0438
512165668.2495971,32.880084,20.748631,28.0529,28.0768
512165668.3005326,32.883072999999996,20.747777,28.0426,28.0666
512165668.3514681,32.886061999999995,20.746921999999998,27.9722,27.9961
512165668.4024036,32.889051,20.746067,27.8012,27.8252
512165668.45333916,32.89204,20.745212,27.8822,27.9061
512165668.5042746,32.895029,20.744357,27.8362,27.8601
512165668.5552101,32.898018,20.743502,27.7855,27.8095
512165784.9937658,39.716926,18.65915,34.0871,34.1209
512165785.0447023,39.719902,18.658172999999998,34.0673,34.1011
512165785.09563774,39.722879,18.657194999999998,34.2764,34.3102
512165785.1465733,39.725854999999996,18.656218,34.1571,34.1909
512165785.1975088,39.728831,18.655241,34.2118,34.2456
512165785.2484443,39.731806999999996,18.654263,34.1753,34.2091
512165785.2993798,39.734783,18.653285999999998,34.3174,34.3512
512165785.3503154,39.737759,18.652307999999998,34.2917,34.3256
512165785.40125084,39.740735,18.651331,34.3380,34.3718
512165785.45218635,39.743711,18.650353,34.3428,34.3766
512165785.50312185,39.746687,18.649375,34.4317,34.4656
512165785.55405736,39.749663,18.648397,34.3973,34.4312
512165785.6049929,39.752638999999995,18.647419,34.5212,34.5551
512165785.6559284,39.755615,18.646441,34.4818,34.5156
512165785.7068639,39.758590999999996,18.645463,34.5922,34.6261
512165785.7577994,39.761567,18.644485,34.5535,34.5874
512165785.8087349,39.764542999999996,18.643507,34.5100,34.5439
512165785.8596704,39.767519,18.642529,34.6420,34.6759
512165785.9106059,39.770495,18.64155,34.4983,34.5322
512165785.96154135,39.773471,18.640572,34.6008,34.6347
512165786.0124766,39.776447,18.639594,34.6574,34.6913
512165786.06341124,39.779423,18.638614999999998,34.6984,34.7323
512165786.11434674,39.782399,18.637636999999998,34.6975,34.7314
512165786.1652822,39.785374999999995,18.636658,34.8783,34.9122
512165786.2162178,39.788351,18.635679,34.7657,34.7996
512165786.2671532,39.791326999999995,18.634701,34.7314,34.7653
512165786.3180888,39.794303,18.633722,34.8215,34.8554
512165786.3690243,39.797278999999996,18.632742999999998,34.8071,34.8410
512165786.4199597,39.800255,18.631764,34.8587,34.8926
512165786.4708953,39.803231,18.630785,34.8012,34.8351
512165786.52183074,39.806207,18.629806,34.9533,34.9873
512165786.57276624,39.809183,18.628826999999998,34.9979,35.0319
512165786.6237018,39.812159,18.627847,35.0613,35.0953
512165786.67463726,39.815134,18.626867999999998,35.0204,35.0544
512165786.7255728,39.81811,18.625889,34.9978,35.0318
512165786.77650833,39.821086,18.624909,35.0919,35.1259
512165786.82744384,39.824062,18.623929999999998,35.1344,35.1684
512165786.87837934,39.827038,18.62295,35.1231,35.1571
512165786.9293148,39.830014,18.621971,35.0158,35.0498
512165786.9802501,39.832989999999995,18.620991,35.1233,35.1573
512165787.0311868,39.835966,18.620010999999998,35.1085,35.1425
512165787.0821223,39.838941,18.619031,35.1932,35.2272
512165787.13305783,39.841916999999995,18.618050999999998,35.1776,35.2116
512165787.1839933,39.844893,18.617071,35.2399,35.2740
512165787.23492885,39.847868999999996,18.616091,35.2697,35.3038
512165787.28586406,39.850845,18.615111,35.3133,35.3473
512165787.33679956,39.853820999999996,18.614131,35.2966,35.3306
512165787.38773507,39.856795999999996,18.613151,35.3637,35.3977
512165787.43867064,39.859772,18.612171,35.3419,35.3759
512165787.4896061,39.862747999999996,18.61119,35.3578,35.3918
512165787.5405416,39.865724,18.61021,35.4086,35.4427
512165787.59147716,39.8687,18.609229,35.4957,35.5298
512165787.6424126,39.871674999999996,18.608249,35.5361,35.5702
512165787.69334817,39.874651,18.607267999999998,35.3315,35.3656
512165787.7442836,39.877627,18.606288,35.4892,35.5233
512165787.7952192,39.880603,18.605307,35.6090,35.6430
512165787.8461547,39.883578,18.604326,35.5415,35.5756
512165787.8970902,39.886554,18.603345,35.6030,35.6371
512165787.9480257,39.88953,18.602363999999998,35.6112,35.6453
512165787.9989612,39.892506,18.601383,35.5649,35.5990
512165788.04989576,39.895481,18.600402,35.6754,35.7095
512165788.1008313,39.898457,18.599421,35.6169,35.6510
512165788.1517667,39.901433,18.59844,35.5935,35.6276
512165788.2027023,39.904408,18.597458,35.5662,35.6003
512165788.2536375,39.907384,18.596477,35.6630,35.6971
512165788.30457306,39.91036,18.595496,35.7116,35.7457
512165788.3555085,39.913335,18.594514,35.7265,35.7606
512165788.4064441,39.916311,18.593533,35.6056,35.6397
512165788.4573796,39.919287,18.592551,35.8034,35.8375
512165788.5083151,39.922261999999996,18.591569,35.7669,35.8010
512165788.5592506,39.925238,18.590588,35.8388,35.8729
512165788.6101861,39.928214,18.589606,35.8942,35.9283
512165788.6611216,39.931188999999996,18.588624,35.9234,35.9575
512165788.7120571,39.934165,18.587642,35.9000,35.9341
512165788.7629926,39.937141,18.58666,35.9104,35.9445
512165788.8139281,39.940115999999996,18.585677999999998,35.9820,36.0161
512165788.8648637,39.943092,18.584695999999997,35.8445,35.8786
512165788.9157991,39.946067,18.583714,35.9257,35.9598
512165788.96673465,39.949042999999996,18.582731,35.9795,36.0136
512165789.01767015,39.952019,18.581749,35.8763,35.9104
512165789.0686068,39.954994,18.580766,35.9985,36.0326
512165789.11954236,39.957969999999996,18.579784,36.0391,36.0732
512165789.17047787,39.960944999999995,18.578801,36.1171,36.1512
512165789.2214133,39.963921,18.577818999999998,36.0873,36.1214
512165789.2723489,39.966896999999996,18.576836,36.1856,36.2198
512165789.3232844,39.969871999999995,18.575853,36.1607,36.1949
512165789.3742199,39.972848,18.574870999999998,36.1450,36.1792
512165789.4251554,39.975823,18.573888,36.1118,36.1460
512165789.4760909,39.978798999999995,18.572905,36.1659,36.2001
512165789.5270264,39.981774,18.571922,36.2211,36.2552
512165789.57796186,39.98475,18.570939,36.2030,36.2371
512165789.6288974,39.987725,18.569955999999998,36.3696,36.4037
512165789.67983294,39.990701,18.568972,36.2469,36.2810
512165789.73076844,39.993676,18.567989,36.2797,36.3138
512165789.78170395,39.996652,18.567006,36.3367,36.3709
512165789.8326395,39.999627,18.566022,36.3600,36.3942
512165789.88357496,40.002603,18.565039,36.4467,36.4809
512165789.9345104,40.005578,18.564055,36.4987,36.5329
512165789.985446,40.008554,18.563072,36.3443,36.3785
512165790.0363803,40.011528999999996,18.562088,36.2025,36.2367
512165790.0873158,40.014505,18.561104,36.3805,36.4147
512165790.1382513,40.01748,18.560119999999998,36.5214,36.5556
512165790.1891868,40.020455,18.559137,36.5546,36.5888
512165790.2401223,40.023430999999995,18.558153,36.5487,36.5829
512165790.2910578,40.026406,18.557169,36.5034,36.5376
512165790.3419933,40.029382,18.556185,36.5557,36.5899
512165790.39292884,40.032357,18.5552,36.6378,36.6720
512165790.4438643,40.035333,18.554216,36.5603,36.5945
512165790.4947998,40.038308,18.553231999999998,36.6068,36.6410
512165790.5457353,40.041283,18.552248,36.6469,36.6812
512165790.59667087,40.044259,18.551263,36.7283,36.7626
512165790.6476063,40.047233999999996,18.550279,36.4949,36.5292
512165790.6985418,40.050208999999995,18.549294,36.6142,36.6485
512165790.7494773,40.053185,18.54831,36.7297,36.7640
512165790.80041283,40.05616,18.547325,36.7327,36.7670
512165790.8513484,40.059135999999995,18.54634,36.6901,36.7244
512165790.90228385,40.062111,18.545355,36.7161,36.7504
512165790.9532194,40.065086,18.54437,36.6895,36.7238
512165791.00415486,40.068062,18.543385,36.6385,36.6728
512165791.0550914,40.071037,18.5424,36.7983,36.8326
512165791.1060269,40.074011999999996,18.541415,36.8141,36.8484
512165791.15696245,40.076988,18.54043,36.8058,36.8401
512165791.2078979,40.079963,18.539445,36.8944,36.9288
512165791.2588334,40.082938,18.53846,36.9167,36.9510
512165791.3097689,40.085913,18.537474,36.7595,36.7938
512165791.36070436,40.088888999999995,18.536489,37.0082,37.0425
512165791.41164,40.091864,18.535503,37.0730,37.1073
512165791.4625754,40.094839,18.534518,37.0743,37.1086
512165791.5135109,40.097815,18.533531999999997,37.0893,37.1237
512165791.56444645,40.100789999999996,18.532546999999997,37.2021,37.2365
512165791.6153819,40.103764999999996,18.531561,37.2668,37.3012
512165791.66631746,40.106739999999995,18.530575,37.2295,37.2639
512165791.7172527,40.109716,18.529588999999998,37.1494,37.1838
512165791.7681882,40.112691,18.528603,37.2395,37.2738
512165791.8191237,40.115666,18.527617,37.3426,37.3769
512165791.8700592,40.118641,18.526631,37.3415,37.3759
512165791.92099476,40.121615999999996,18.525645,37.4507,37.4851
512165791.9719302,40.124592,18.524659,37.3307,37.3651
512165792.02286476,40.127567,18.523671999999998,37.6550,37.6894
512165792.07380027,40.130542,18.522686,37.7452,37.7796
512165792.1247358,40.133517,18.5217,40.4396,40.4740
512165792.17567134,40.136492,18.520713,39.8945,39.9289
512165792.2266068,40.139468,18.519726,37.7819,37.8163
512165792.27754235,40.142443,18.518739999999998,37.5658,37.6002
512165792.3284778,40.145418,18.517753,37.6435,37.6779
512165792.3794133,40.148393,18.516766,37.7646,37.7990
512165792.4303489,40.151368,18.51578,37.6021,37.6365
512165792.4812843,40.154343,18.514792999999997,37.4557,37.4901
512165792.5322199,40.157318,18.513806,37.4248,37.4592
512165792.5831554,40.160292999999996,18.512819,37.4081,37.4425
512165792.6340909,40.163269,18.511832,37.3542,37.3886
512165792.68502617,40.166244,18.510844,37.2669,37.3013
512165792.7359616,40.169219,18.509857,37.4083,37.4427
512165792.7868972,40.172194,18.508869999999998,37.4425,37.4769
512165793.0415756,40.187069,18.503932,37.5282,37.5626
512165793.0925111,40.190044,18.502945,37.0559,37.0903
512165793.1434466,40.193019,18.501957,37.1854,37.2198
512165793.19438213,40.195994,18.500968999999998,37.4189,37.4534
512165793.2453177,40.198969999999996,18.499981,37.9009,37.9354
512165793.29625314,40.201944999999995,18.498993,37.7544,37.7889
512165793.34718865,40.20492,18.498005,37.8747,37.9092
512165793.3981242,40.207895,18.497017,37.6721,37.7066
512165793.44905967,40.21087,18.496029,37.9204,37.9549
512165793.49999523,40.213845,18.49504,37.9316,37.9660
512165793.5509307,40.21682,18.494052,38.0516,38.0860
512165793.60186625,40.219795,18.493064,37.7308,37.7652
512165793.65280175,40.22277,18.492075,37.6951,37.7295
512165793.70373726,40.225744,18.491087,37.7270,37.7614
512165793.75467277,40.228719,18.490098,37.7939,37.8283
512165793.8056083,40.231694,18.489109,37.7523,37.7867
512165793.8565438,40.234669,18.488121,37.8008,37.8353
512165793.9074793,40.237643999999996,18.487132,37.7600,37.7945
512165793.9584148,40.240618999999995,18.486143,37.8361,37.8706
512165794.0093503,40.243594,18.485153999999998,37.7409,37.7754
512165794.06028455,40.246569,18.484165,37.9492,37.9837
512165794.1112201,40.249544,18.483176,37.8484,37.8829
512165794.1621556,40.252519,18.482187,37.7347,37.7692
512165794.21309114,40.255494,18.481198,37.7423,37.7768
512165794.26402664,40.258469,18.480209,37.8483,37.8828
512165794.31496215,40.261444,18.479219,37.8277,37.8622
512165794.36589766,40.264418,18.47823,37.9252,37.9597
512165794.4168331,40.267393,18.47724,37.9541,37.9886
512165794.46776867,40.270368,18.476250999999998,37.8088,37.8433
512165794.5187041,40.273343,18.475261,37.8363,37.8709
512165794.5696397,40.276317999999996,18.474270999999998,37.9286,37.9632
512165794.62057513,40.279292999999996,18.473281999999998,38.5130,38.5476
512165794.67151064,40.282267999999995,18.472292,38.5673,38.6019
512165794.72244614,40.285242,18.471301999999998,38.4808,38.5154
512165794.77338165,40.288216999999996,18.470312,38.6499,38.6845
512165794.8243172,40.291191999999995,18.469322,38.1996,38.2342
512165794.87525266,40.294167,18.468332,38.0794,38.1140
512165794.9261882,40.297142,18.467342,37.8095,37.8441
512165794.9771237,40.300117,18.466352,37.6266,37.6612
512165795.02806014,40.303090999999995,18.465360999999998,37.7415,37.7761
512165795.0789957,40.306066,18.464371,37.6783,37.7129
512165795.1299312,40.309041,18.463381,37.4591,37.4937
512165795.1808667,40.312016,18.46239,37.7271,37.7617
512165795.2318022,40.31499,18.461399,37.5986,37.6333
512165795.282738,40.317965,18.460409,37.7094,37.7441
512165795.3336735,40.32094,18.459418,37.5994,37.6340
512165795.384609,40.323915,18.458427,37.6345,37.6691
512165795.43554443,40.32689,18.457437,37.7608,37.7954
512165795.48648,40.329864,18.456446,37.7867,37.8214
512165795.5374154,40.332839,18.455455,37.9222,37.9569
512165795.58835095,40.335814,18.454463999999998,37.8629,37.8975
512165795.63928646,40.338788,18.453473,37.9900,38.0246
512165795.69022197,40.341763,18.452481,37.9204,37.9551
512165795.7411575,40.344738,18.45149,37.9382,37.9729
512165795.79209304,40.347713,18.450499,37.8261,37.8608
512165795.8430285,40.350687,18.449507,37.8484,37.8830
512165795.89396405,40.353662,18.448515999999998,38.0070,38.0417
512165795.9448995,40.356637,18.447523999999998,37.9368,37.9715
512165795.995835,40.359611,18.446533,37.8638,37.8985
512165796.0467693,40.362586,18.445541,37.9739,38.0086
512165796.0977048,40.365559999999995,18.444549,37.9623,37.9970
512165796.1486404,40.368535,18.443558,37.9703,38.0050
512165796.19957584,40.37151,18.442566,37.9810,38.0157
512165796.25051135,40.374483999999995,18.441574,38.0044,38.0391
512165796.30144686,40.377458999999995,18.440582,37.9617,37.9964
512165796.35238236,40.380434,18.43959,37.8993,37.9340
512165796.4033179,40.383407999999996,18.438598,38.0772,38.1119
512165796.4542534,40.386382999999995,18.437606,37.8700,37.9047
512165796.5051889,40.389357,18.436612999999998,37.9939,38.0286
512165796.55612445,40.392331999999996,18.435620999999998,38.0034,38.0381
512165796.6070599,40.395306999999995,18.434628,37.9253,37.9600
512165796.65799546,40.398281,18.433636,37.9833,38.0180
512165796.7089309,40.401256,18.432643,38.0475,38.0822
512165796.7598665,40.40423,18.431651,38.0043,38.0390
512165796.8108019,40.407205,18.430657999999998,38.0137,38.0484
512165796.8617375,40.410179,18.429665,38.0416,38.0763
512165796.912673,40.413154,18.428673,38.0319,38.0666
512165796.96360844,40.416128,18.42768,38.1731,38.2078
512165797.01454395,40.419103,18.426686999999998,37.9644,37.9991
512165797.0654804,40.422078,18.425694,38.1443,38.1790
512165797.1164159,40.425052,18.424701,38.1136,38.1483
512165797.1673514,40.428027,18.423707,38.0843,38.1190
512165797.21828693,40.431000999999995,18.422714,38.0460,38.0808
512165797.26922244,40.433976,18.421720999999998,38.1492,38.1839
512165797.32015795,40.436949999999996,18.420728,38.1192,38.1539
512165797.3710935,40.439924999999995,18.419734,38.1771,38.2119
512165797.4220287,40.442899,18.418741,38.1508,38.1855
512165797.4729643,40.445873999999996,18.417747,38.2103,38.2450
512165797.52389973,40.448848,18.416753,38.0396,38.0744
512165797.57483524,40.451822,18.41576,38.1590,38.1938
512165797.6257708,40.454797,18.414766,38.2397,38.2744
512165797.67670625,40.457771,18.413771999999998,38.1584,38.1932
512165797.7276418,40.460746,18.412778,38.0781,38.1129
512165797.77857727,40.463719999999995,18.411784,38.1700,38.2047
512165797.82951283,40.466695,18.41079,38.1614,38.1962
512165797.88044834,40.469668999999996,18.409796,38.0088,38.0436
512165797.9313838,40.472643,18.408801999999998,38.2147,38.2495
512165797.98231936,40.475618,18.407808,38.2963,38.3311
512165798.03325385,40.478592,18.406813,38.1341,38.1689
512165798.0841894,40.481567,18.405818999999997,38.1451,38.1800
512165798.13512486,40.484541,18.404823999999998,38.1287,38.1635
512165798.1860604,40.487514999999995,18.40383,38.1691,38.2039
512165798.23699594,40.49049,18.402835,38.1106,38.1454
512165798.2879314,40.493463999999996,18.401840999999997,38.1973,38.2322
512165798.33886695,40.496438,18.400845999999998,38.1939,38.2287
512165798.3898022,40.499413,18.399850999999998,38.2179,38.2527
512165798.4407377,40.502387,18.398856,38.1294,38.1643
512165798.49167323,40.505361,18.397861,38.1925,38.2274
512165798.5426087,40.508336,18.396866,38.1883,38.2231
512165798.5935442,40.51131,18.395871,38.1429,38.1778
512165798.64447975,40.514283999999996,18.394876,38.2483,38.2832
512165798.6954152,40.517258999999996,18.393881,38.1309,38.1658
512165798.7463507,40.520233,18.392885,38.2156,38.2504
512165798.7972862,40.523207,18.39189,38.2470,38.2819
512165798.8482217,40.526181,18.390895,38.2095,38.2444
512165798.8991572,40.529156,18.389899,38.2417,38.2766
512165798.95009273,40.532129999999995,18.388903,38.3239,38.3588
512165799.00102824,40.535104,18.387908,38.2162,38.2511
512165799.05196476,40.538078999999996,18.386912,38.1281,38.1630
512165799.1029002,40.541053,18.385915999999998,38.1853,38.2202
512165799.1538357,40.544027,18.384919999999997,38.1998,38.2347
512165799.2047713,40.547001,18.383924999999998,38.2629,38.2978
512165799.2557067,40.549976,18.382929,38.3024,38.3374
512165799.3066423,40.552949999999996,18.381933,38.2066,38.2416
512165799.35757774,40.555924,18.380936,38.2559,38.2909
512165799.4085133,40.558898,18.379939999999998,38.1731,38.2081
512165799.4594488,40.561872,18.378944,38.2114,38.2464
512165799.5103843,40.564847,18.377948,38.1734,38.2083
512165799.5613198,40.567820999999995,18.376951,38.1881,38.2230
512165799.6122553,40.570795,18.375954999999998,38.2777,38.3126
512165799.66319084,40.573769,18.374958,38.2051,38.2400
512165799.7141263,40.576743,18.373962,38.2409,38.2758
512165799.76506174,40.579716999999995,18.372965,38.1483,38.1833
512165799.8159973,40.582692,18.371968,38.2158,38.2508
512165799.8669328,40.585665999999996,18.370971,38.1796,38.2146
512165799.9178683,40.58864,18.369974,38.2141,38.2491
512165799.9688038,40.591614,18.368976999999997,38.1913,38.2263
512165800.01973945,40.594588,18.36798,38.2121,38.2471
512165800.07067376,40.597561999999996,18.366982999999998,38.2353,38.2703
512165800.1216093,40.600536,18.365986,38.2816,38.3166
512165800.1725447,40.60351,18.364988999999998,38.2112,38.2462
512165800.2234803,40.606483999999995,18.363992,38.1667,38.2017
512165800.27441573,40.609459,18.362994,38.2707,38.3057
512165800.32535124,40.612432999999996,18.361997,38.1494,38.1844
512165800.3762868,40.615407,18.360999,38.2486,38.2836
512165800.42722225,40.618381,18.360001999999998,38.2040,38.2390
512165800.4781578,40.621355,18.359004,38.1893,38.2243
512165800.52909327,40.624328999999996,18.358006,38.2225,38.2575
512165800.5800288,40.627303,18.357008999999998,38.2276,38.2626
512165800.63096434,40.630277,18.356011,38.2011,38.2361
512165800.6818998,40.633251,18.355013,38.2536,38.2886
512165800.73283535,40.636224999999996,18.354015,38.1994,38.2344
512165800.7837708,40.639199,18.353016999999998,38.1392,38.1742
512165800.83470637,40.642173,18.352019,38.2532,38.2882
512165800.8856419,40.645147,18.35102,38.1733,38.2083
512165800.9365774,40.648120999999996,18.350022,38.1674,38.2024
512165800.9875129,40.651095,18.349024,38.2163,38.2513
512165801.0384493,40.654069,18.348025,38.1341,38.1691
512165801.08938485,40.657043,18.347027,38.2124,38.2474
512165801.14032054,40.660016999999996,18.346028,38.2573,38.2924
512165801.1912561,40.662991,18.345029999999998,38.1770,38.2120
512165801.24219155,40.665965,18.344030999999998,38.1805,38.2155
512165801.29312706,40.668938999999995,18.343032,38.0419,38.0769
512165801.3440626,40.671912999999996,18.342033,38.0322,38.0672
512165801.3949981,40.674887,18.341034,38.1167,38.1518
512165801.44593364,40.677861,18.340035,38.1066,38.1417
512165801.4968691,40.680834999999995,18.339036,38.1477,38.1828
512165801.54780465,40.683809,18.338037,38.0912,38.1262
512165801.59874016,40.686782,18.337038,38.1490,38.1840
512165801.6496756,40.689755999999996,18.336039,38.1576,38.1927
512165801.7006112,40.69273,18.33504,38.0990,38.1341
512165801.7515466,40.695704,18.334039999999998,38.1658,38.2009
512165801.8024822,40.698678,18.333040999999998,38.1288,38.1639
512165801.85341746,40.701651999999996,18.332041,38.0469,38.0819
512165801.90435296,40.704626,18.331042,38.1455,38.1806
512165801.95528847,40.7076,18.330042,38.1061,38.1412
512165802.0062239,40.710573,18.329041999999998,38.0462,38.0813
512165802.0571606,40.713547,18.328042,38.1742,38.2093
512165802.1080961,40.716521,18.327042,38.1564,38.1915
512165802.1590317,40.719494999999995,18.326041999999998,38.0564,38.0915
512165831.65068525,42.440135999999995,17.734873999999998,39.7213,39.7585
512165831.7016208,42.443106,17.733831,39.7430,39.7802
512165831.75255626,42.446075,17.732788,39.7836,39.8208
512165831.80349183,42.449045,17.731745,39.6990,39.7362
512165831.85442734,42.452014999999996,17.730702,39.8436,39.8808
512165831.9053628,42.454983999999996,17.729658,39.8352,39.8724
512165831.95629835,42.457954,17.728614999999998,39.9046,39.9418
512165832.0072338,42.460923,17.727572,39.8811,39.9183
512165832.05817026,42.463893,17.726528,39.8036,39.8408
512165832.1091058,42.466863,17.725485,39.9595,39.9967
512165832.1600413,42.469832,17.724441,39.9486,39.9858
512165832.21097684,42.472802,17.723398,39.9524,39.9897
512165832.2619123,42.475770999999995,17.722354,39.9105,39.9477
512165832.3128478,42.478741,17.72131,39.8861,39.9233
512165832.3637833,42.48171,17.720266,39.9688,40.0061
512165832.41471887,42.48468,17.719222,40.0023,40.0395
512165832.4656543,42.487649,17.718177999999998,39.9518,39.9891
512165832.5165898,42.490618999999995,17.717133999999998,40.0434,40.0807
512165832.5675251,42.493587999999995,17.716089999999998,39.9131,39.9503
512165832.6184606,42.496556999999996,17.715045,40.0190,40.0563
512165832.66939616,42.499527,17.714001,40.0966,40.1339
512165832.7203316,42.502496,17.712956,40.1478,40.1850
512165832.7712672,42.505466,17.711911999999998,40.1344,40.1717
512165832.8222026,42.508435,17.710867,40.0527,40.0900
512165832.8731382,42.511404999999996,17.709823,40.1668,40.2041
512165832.9240737,42.514374,17.708778,40.1969,40.2342
512165832.97500914,42.517343,17.707732999999998,40.2498,40.2871
512165833.02594566,42.520313,17.706688,40.2030,40.2403
512165833.0768811,42.523281999999995,17.705643,40.3022,40.3395
512165833.1278167,42.526252,17.704598,40.2033,40.2406
512165833.1787521,42.529221,17.703553,40.2204,40.2577
512165833.22968763,42.53219,17.702507999999998,40.3179,40.3552
512165833.28062314,42.53516,17.701462,40.1869,40.2242
512165833.33155864,42.538129,17.700416999999998,40.3446,40.3819
512165833.3824942,42.541098999999996,17.699371,40.3269,40.3642
512165833.43342966,42.544067999999996,17.698325999999998,40.3058,40.3431
512165833.4843652,42.547036999999996,17.69728,40.3813,40.4186
512165833.5353007,42.550007,17.696234,40.3923,40.4296
512165833.5862362,42.552976,17.695189,40.3470,40.3843
512165833.63717175,42.555945,17.694143,40.4483,40.4856
512165833.6881072,42.558914,17.693096999999998,40.4538,40.4911
512165833.73904276,42.561884,17.692051,40.4751,40.5124
512165833.7899782,42.564853,17.691005,40.5203,40.5576
512165833.8409137,42.567822,17.689958,40.3286,40.3659
512165833.8918493,42.570792,17.688912,40.5633,40.6006
512165833.9427847,42.573761,17.687866,40.6423,40.6796
512165833.9937203,42.57673,17.686819,40.5458,40.5831
512165834.04465455,42.579699,17.685772999999998,40.6364,40.6737
512165834.0955901,42.582668999999996,17.684725999999998,40.5000,40.5373
512165834.14652556,42.585637999999996,17.68368,40.5499,40.5872
512165834.19746107,42.588606999999996,17.682633,40.6753,40.7126
512165834.24839664,42.591575999999996,17.681586,40.6853,40.7227
512165834.2993321,42.594545,17.680539,40.5507,40.5880
512165834.35026765,42.597515,17.679492,40.6920,40.7293
512165834.40120316,42.600484,17.678445,40.6168,40.6541
512165834.45213866,42.603452999999995,17.677398,40.6333,40.6707
512165834.50307417,42.606421999999995,17.676351,40.6612,40.6986
512165834.5540096,42.609390999999995,17.675304,40.6484,40.6857
512165834.6049452,42.612361,17.674256,40.7660,40.8034
512165834.6558807,42.61533,17.673209,40.7880,40.8254
512165834.7068162,42.618299,17.672161,40.8226,40.8600
512165834.7577517,42.621268,17.671114,40.7364,40.7737
512165834.80868715,42.624237,17.670066,40.8596,40.8970
512165834.8596227,42.627206,17.669017999999998,40.8654,40.9028
512165834.91055816,42.630175,17.66797,40.8258,40.8632
512165834.96149373,42.633144,17.666922,40.9380,40.9754
512165835.0124292,42.636114,17.665874,40.8994,40.9368
512165835.0633657,42.639083,17.664825999999998,41.0088,41.0462
512165835.11430115,42.642052,17.663778,41.0149,41.0523
512165835.16523665,42.645021,17.66273,41.0127,41.0501
512165835.2161722,42.64799,17.661682,40.9896,41.0270
512165835.26710767,42.650959,17.660633,40.9786,41.0160
512165835.31804323,42.653928,17.659585,41.0416,41.0791
512165835.3689787,42.656897,17.658535999999998,41.1240,41.1615
512165835.41991425,42.659866,17.657487,40.9059,40.9433
512165835.47084975,42.662835,17.656439,41.0784,41.1158
512165835.52178526,42.665804,17.65539,41.0754,41.1129
512165835.57272077,42.668773,17.654341,41.1629,41.2004
512165835.6236563,42.671741999999995,17.653292,41.0596,41.0970
512165835.6745918,42.674710999999995,17.652243,40.9811,41.0186
512165835.7255273,42.677679999999995,17.651194,41.1613,41.1988
512165835.7764628,42.680648999999995,17.650145,41.2079,41.2454
512165835.82739824,42.683617999999996,17.649095,41.2241,41.2615
512165835.8783338,42.686586999999996,17.648046,41.2322,41.2697
512165835.92926925,42.689555999999996,17.646997,41.2491,41.2866
512165835.9802048,42.692524999999996,17.645947,41.4084,41.4459
512165836.03113914,42.695494,17.644897999999998,41.4252,41.4627
512165836.08207464,42.698463,17.643848,41.4348,41.4723
512165836.13301015,42.701432,17.642798,41.4637,41.5012
512165836.18394566,42.704401,17.641748,41.5534,41.5909
512165836.2348811,42.70737,17.640698,41.5894,41.6269
512165836.28581667,42.710339,17.639647999999998,41.6129,41.6504
512165836.3367521,42.713307,17.638597999999998,41.6020,41.6395
512165836.38768756,42.716276,17.637548,41.5259,41.5634
512165836.43862337,42.719245,17.636498,40.0636,40.1011
512165836.4895589,42.722214,17.635448,41.1139,41.1514
512165836.5404944,42.725183,17.634397,40.7103,40.7478
512165836.5914299,42.728152,17.633347,40.7047,40.7422
512165836.64236546,42.731120999999995,17.632296,41.0551,41.0926
512165836.6933009,42.734089999999995,17.631245,41.1595,41.1970
512165836.7442364,42.737058,17.630195,41.3164,41.3539
512165836.7951719,42.740027,17.629144,41.5666,41.6041
512165836.8461074,42.742996,17.628093,41.5906,41.6281
512165836.897043,42.745965,17.627042,41.6594,41.6969
512165836.94797844,42.748934,17.625991,41.7309,41.7684
512165836.99891376,42.751902,17.62494,41.6580,41.6955
512165837.04985046,42.754871,17.623889,41.6119,41.6494
512165837.100786,42.757839999999995,17.622837999999998,41.6883,41.7258
512165837.1517215,42.760808999999995,17.621786,41.6125,41.6501
512165837.202657,42.763777999999995,17.620735,41.5654,41.6029
512165837.25359243,42.766746,17.619683,41.6356,41.6732
512165837.30452776,42.769715,17.618631999999998,41.5962,41.6337
512165837.35546315,42.772684,17.61758,41.6016,41.6392
512165837.4063987,42.775653,17.616528,41.6021,41.6396
512165837.4573342,42.778621,17.615475999999997,41.6151,41.6527
512165837.5082697,42.78159,17.614424,41.5755,41.6130
512165837.55920523,42.784559,17.613372,41.4893,41.5269
512165837.61014074,42.787527999999995,17.61232,41.4779,41.5155
512165837.66107625,42.790496,17.611268,41.6171,41.6547
512165837.71201175,42.793465,17.610215999999998,41.5297,41.5673
512165837.76294726,42.796434,17.609164,41.5996,41.6372
512165837.81388277,42.799402,17.608111,41.4224,41.4600
512165837.86481833,42.802371,17.607059,41.6816,41.7192
512165837.9157538,42.80534,17.606006,41.6669,41.7045
512165837.96668935,42.808308,17.604954,41.7367,41.7743
512165838.0176248,42.811277,17.603901,41.7759,41.8135
512165838.06855935,42.814245,17.602847999999998,41.7594,41.7971
512165838.11949486,42.817214,17.601795,41.8573,41.8950
512165838.17043036,42.820183,17.600742,42.1003,42.1380
512165838.2213659,42.823150999999996,17.599688999999998,42.1923,42.2300
512165838.27230114,42.826119999999996,17.598636,42.1844,42.2222
512165838.32323664,42.829088999999996,17.597583,42.2000,42.2379
512165838.3741722,42.832057,17.596529999999998,41.9067,41.9446
512165838.42510766,42.835026,17.595475999999998,41.7490,41.7870
512165838.4760432,42.837993999999995,17.594423,41.4983,41.5363
512165838.5269787,42.840962999999995,17.593369,41.1068,41.1448
512165838.57791424,42.843931,17.592316,40.7823,40.8203
512165838.6288497,42.8469,17.591262,40.1947,40.2328
512165838.67978525,42.849868,17.590208,23.7804,23.8186
512165838.73072076,42.852837,17.589154999999998,27.4331,27.4713
512165838.7816562,42.855806,17.588100999999998,29.8127,29.8509
512165838.8325918,42.858774,17.587047,30.1314,30.1697
512165838.8835273,42.861743,17.585993,31.5794,31.6177
512165838.9344628,42.864711,17.584937999999998,31.7206,31.7589
512165838.98539823,42.86768,17.583883999999998,32.0968,32.1351
512165839.0363348,42.870647999999996,17.582829999999998,31.6523,31.6908
512165839.08727026,42.873616999999996,17.581775,31.5091,31.5477
512165839.1382058,42.876585,17.580721,32.4275,32.4662
512165839.18914133,42.879554,17.579666,32.4887,32.5275
512165839.2400768,42.882522,17.578612,34.2140,34.2530
512165839.29101235,42.88549,17.577557,35.9565,35.9956
512165840.05504376,42.930015999999995,17.561726,41.5558,41.5967
512165840.10597926,42.932984999999995,17.56067,41.7806,41.8215
512165840.1569148,42.935953,17.559614,42.1755,42.2165
512165840.20785034,42.938921,17.558557999999998,43.7478,43.7888
512165840.2587858,42.941888999999996,17.557502,42.7592,42.8002
512165840.30972123,42.944857999999996,17.556445999999998,44.0140,44.0551
512165840.3606568,42.947826,17.555388999999998,42.0348,42.0760
512165840.41159225,42.950793999999995,17.554333,40.6871,40.7283
512165840.4625279,42.953762999999995,17.553276,39.8245,39.8658
512165840.51346326,42.956731,17.552219,38.7546,38.7959
512165840.71720535,42.968604,17.547992,37.4332,37.4747
512165840.7681408,42.971571999999995,17.546934999999998,37.8890,37.9306
512165840.8190763,42.97454,17.545878,41.4775,41.5192
512165842.6018188,43.078423,17.508826,42.0914,42.1323
512165844.99578714,43.217907,17.458914,120.2791,120.3213
512165845.0467236,43.220875,17.45785,120.4159,120.4581
512165845.0976592,43.223842,17.456785999999997,121.1754,121.2176
512165845.50514317,43.247582,17.448271,141.6893,141.7315
512165848.3720823,43.414595999999996,17.388211,351.4592,351.5015
512165848.5248888,43.423497999999995,17.385002,344.5792,344.6216
512165848.67769533,43.432398,17.381793,339.8845,339.9269
512165849.59401447,43.485772999999995,17.362531999999998,702.4878,702.5303
512165849.6958855,43.491706,17.360388999999998,703.4466,703.4891
512165849.7977566,43.49764,17.358245999999998,702.1720,702.2145
512165849.8996277,43.503574,17.356102,701.2438,701.2863
512165850.66365916,43.548074,17.340014,664.6360,664.6785
512165851.90482235,43.620362,17.313838999999998,915.6571,915.6997
512165851.95575786,43.623328,17.312763999999998,915.7984,915.8410
512165854.4515962,43.768674999999995,17.259971,925.3960,925.4388
512165854.5025318,43.771640999999995,17.258892,925.5307,925.5734
512165854.5534673,43.774606999999996,17.257811999999998,925.3835,925.4263
512165854.60440284,43.777573,17.256732,924.9009,924.9436
512165854.6553383,43.780539,17.255653,924.4188,924.4616
512165854.70627373,43.783505,17.254573,923.8053,923.8481
512165855.82685566,43.848755999999995,17.230794,950.7989,950.8417
512165855.87779117,43.851721999999995,17.229712,962.2530,962.2958
512165855.9287266,43.854687999999996,17.22863,963.4559,963.4987
512165856.0305967,43.860619,17.226466,964.7559,964.7987
512165856.7436936,43.902139999999996,17.211308,1002.2194,1002.2623
512165858.99628943,44.033288,17.163311999999998,1171.8205,1171.8635
512165859.81125855,44.080732,17.145906,1163.8781,1163.9212
512165859.862194,44.083697,17.144818,1163.4680,1163.5111
512165860.1678059,44.101487999999996,17.138284,1161.5320,1161.5751
512165860.2696769,44.107417999999996,17.136105999999998,1159.8451,1159.8882
512165860.3206124,44.110383999999996,17.135016,1158.3737,1158.4168
512165860.371548,44.113349,17.133927,1156.6666,1156.7097
512165860.4224834,44.116313999999996,17.132837,1154.8868,1154.9299
512165863.0799679,44.271001999999996,17.075868,663.3420,663.3852
512165863.74212956,44.309542,17.061635,642.7855,642.8287
512165863.9968071,44.324363999999996,17.056157,647.5332,647.5764
512165864.04774165,44.327329,17.055061,655.6683,655.7115
512165864.0986772,44.330293,17.053966,646.7522,646.7955
512165864.20054793,44.336222,17.051773,645.3885,645.4317
512165864.30241895,44.342151,17.049581,649.3554,649.3986
512165864.3533545,44.345115,17.048484,649.6847,649.7279
512165864.5570964,44.356972999999996,17.044097999999998,627.2580,627.3013
512165864.60803205,44.359938,17.043001,629.7517,629.7950
512165867.345556,44.519247,16.983919999999998,761.6599,761.7033
512165867.3964915,44.522211,16.982817999999998,760.4841,760.5275
512165867.4474271,44.525175,16.981716,758.3276,758.3710
512165867.49836254,44.528138999999996,16.980615,756.9479,756.9913
512165867.549298,44.531102999999995,16.979513,755.6878,755.7312
512165867.60023355,44.534065999999996,16.97841,754.6248,754.6682
512165867.70210457,44.539994,16.976205999999998,751.8615,751.9049
512165867.75304,44.542958,16.975103999999998,754.0554,754.0988
512165869.07736295,44.620016,16.94641,786.3128,786.3563
512165869.5867178,44.649651999999996,16.935358,786.4021,786.4456
512165869.63765335,44.652615999999995,16.934252,785.0519,785.0955
512165869.6885888,44.655578999999996,16.933146999999998,784.4611,784.5047
512165869.73952436,44.658542999999995,16.932040999999998,783.3845,783.4281
512165869.7904599,44.661505999999996,16.930934999999998,782.6620,782.7055
512165871.9188378,44.785332,16.884638,302.6239,302.6676
512165872.0716452,44.794222,16.881308,283.8220,283.8657
512165872.12258077,44.797185,16.880198,285.8679,285.9116
512165875.58619404,44.998658,16.804489999999998,240.6702,240.7141
512165875.63712955,45.001621,16.803373999999998,238.7614,238.8052
512165875.68806505,45.004583,16.802257,252.2270,252.2709
512165875.73900056,45.007546,16.801140999999998,249.5331,249.5770
512165875.789936,45.010507999999994,16.800024,248.4123,248.4562
512165875.8408716,45.013470999999996,16.798907,246.9287,246.9725
512165875.891807,45.016433,16.79779,245.5129,245.5568
512165875.9427426,45.019396,16.796673,245.4430,245.4869
512165875.99367803,45.022358,16.795555,249.3133,249.3572
512165876.09555,45.028282999999995,16.793321,263.1911,263.2350
512165876.35022736,45.043095,16.787732,261.2202,261.2641
512165876.8595824,45.072719,16.776549,291.2844,291.3283
512165877.7254848,45.123076999999995,16.757514999999998,284.5028,284.5468
512165878.4910781,45.167598999999996,16.740664,156.4153,156.4593
512165878.7457557,45.18241,16.735053999999998,146.0621,146.1061
512165878.7966911,45.185370999999996,16.733931,146.2816,146.3256
512165883.48275614,45.457837,16.630269,140.3395,140.3838
512165883.53369164,45.460798,16.629137999999998,139.5322,139.5765
512165884.70520926,45.528901999999995,16.603094,136.6115,136.6559
512165885.31643414,45.564433,16.589486,152.5420,152.5864
512165888.11788774,45.727264999999996,16.526934999999998,157.6836,157.7282
512165889.1875322,45.789429999999996,16.502974,164.8878,164.9324
512165889.2384677,45.79239,16.501832,164.2413,164.2859
512165889.3912743,45.801271,16.498404999999998,155.7648,155.8094
512165889.6459518,45.816071,16.492691999999998,155.6430,155.6876
512165889.7987583,45.824951,16.489262,155.3502,155.3948
512165889.9515648,45.833830999999996,16.485832,152.8950,152.9396
512165892.8548894,46.002537,16.420492,183.3209,183.3657
512165892.90582466,46.005496,16.419342999999998,182.6789,182.7237
512165892.95676017,46.008455999999995,16.418194,183.6072,183.6520
512165893.0076957,46.011415,16.417044,175.3905,175.4353
512165893.05863005,46.014375,16.415895,177.4168,177.4616
512165893.10956544,46.017334,16.414745,188.0284,188.0732
512165893.160501,46.020292999999995,16.413595,188.3928,188.4376
512165893.2114365,46.023253,16.412446,186.3836,186.4284
512165893.41517854,46.03509,16.407845,185.2885,185.3333
512165894.79043794,46.11499,16.376752,267.3924,267.4372
512165894.89230895,46.120908,16.374446,262.3588,262.4037
512165894.9432445,46.123867999999995,16.373293,265.4213,265.4662
512165894.99417996,46.126827,16.372139,269.8648,269.9097
512165895.0451145,46.129785999999996,16.370986,272.5956,272.6405
512165895.09605,46.132745,16.369833,274.9954,275.0403
512165895.14698553,46.135704,16.368679,274.5094,274.5543
512165895.1979211,46.138663,16.367525,277.8104,277.8553
512165895.24885654,46.141622,16.366371,280.5116,280.5565
512165896.7410598,46.228305999999996,16.332525,243.2953,243.3403
512165897.7088335,46.284521,16.310527,215.6257,215.6707
512165897.75976896,46.287479,16.309368,216.1549,216.1999
512165897.9125754,46.296355,16.305891,217.2375,217.2825
512165897.96351105,46.299313,16.304731999999998,217.9154,217.9604
512165898.01444644,46.302271999999995,16.303572,218.0491,218.0941
512165898.06538296,46.305231,16.302412999999998,218.4560,218.5010
512165898.11631846,46.308189,16.301253,218.7113,218.7563
512165898.167254,46.311147999999996,16.300093999999998,219.0821,219.1271
512165898.2181895,46.314105999999995,16.298934,219.1281,219.1731
512165898.269125,46.317065,16.297774,218.5004,218.5455
512165898.3200605,46.320023,16.296613999999998,217.7415,217.7866
512165898.370996,46.322981,16.295454,217.7888,217.8339
512165898.4219315,46.325939999999996,16.294294,219.2517,219.2968
512165899.8990598,46.411730999999996,16.260606,244.2354,244.2805
512165899.9499953,46.414688999999996,16.259443,244.9509,244.9960
512165900.0009308,46.417646999999995,16.25828,250.2205,250.2656
512165900.76496434,46.462019,16.240818,272.0854,272.1306
512165900.9177708,46.470893,16.237323,282.2472,282.2924
512165901.0705759,46.479766999999995,16.233826999999998,293.2788,293.3240
512165901.6818021,46.515260999999995,16.219832999999998,310.1894,310.2346
512165901.73273754,46.518218999999995,16.218666,312.7692,312.8144
512165903.24365324,46.605954,16.184008,225.8314,225.8767
512165903.2945888,46.608912,16.182838,226.2273,226.2726
512165903.34552425,46.611869,16.181668,226.6810,226.7263
512165903.3964598,46.614827,16.180498,228.3889,228.4342
512165903.4983308,46.620742,16.178157,229.3054,229.3507
512165905.38294387,46.730163,16.134778999999998,268.8873,268.9327
512165905.4848149,46.736076999999995,16.13243,276.9183,276.9637
512165905.5866859,46.741991,16.130081,286.4644,286.5098
512165906.3507173,46.786347,16.112448,317.6829,317.7283
512165906.4016529,46.789304,16.111272,318.5046,318.5501
512165906.5035238,46.795218,16.108919,321.9370,321.9824
512165906.60539484,46.801131,16.106565,318.7400,318.7854
512165906.8600723,46.815916,16.10068,336.2713,336.3168
512165906.9110079,46.818872999999996,16.099501999999998,344.6273,344.6728
512165907.4712991,46.851397999999996,16.086543,381.1777,381.2232
512165908.0315885,46.883921,16.073572,407.9260,407.9715
512165908.082524,46.886877999999996,16.072392,400.8028,400.8484
512165908.2353305,46.895748,16.068852,409.3651,409.4106
512165908.4900081,46.91053,16.062949,427.6626,427.7081
512165908.54094356,46.913486999999996,16.061768999999998,418.0707,418.1162
512165908.74468565,46.925312999999996,16.057043999999998,417.3891,417.4347
512165908.79562116,46.92827,16.055863,413.5134,413.5590
512165908.84655666,46.931225999999995,16.054682,414.4963,414.5419
512165908.8974922,46.934182,16.0535,411.0984,411.1440
512165908.9484277,46.937138999999995,16.052318,410.8366,410.8822
512165909.8054967,46.986885,16.032419,356.1430,356.1886
512165909.90736765,46.992796999999996,16.030051999999998,368.1572,368.2028
512165910.162044,47.007577999999995,16.024131999999998,379.0848,379.1304
512165910.365786,47.019403,16.019394,406.6844,406.7301
512165910.4167216,47.022358999999994,16.018209,406.7712,406.8169
512165910.5185923,47.028272,16.015839,406.2430,406.2886
512165911.0970752,47.061845,16.002374,380.1646,380.2103
512165911.4536238,47.082536999999995,15.994067999999999,360.7836,360.8293
512165912.1157841,47.120962999999996,15.978627999999999,363.8601,363.9059
512165912.9816878,47.171211,15.958409999999999,418.0544,418.1002
512165913.0835598,47.177122999999995,15.956029,412.3873,412.4331
512165913.2873017,47.188945,15.951265999999999,437.2955,437.3413
512165913.4910438,47.200768,15.946501999999999,430.0291,430.0749
512165913.54197925,47.203723,15.94531,417.5162,417.5620
512165913.6947858,47.21259,15.941735999999999,448.0387,448.0845
512165913.89852756,47.224412,15.936967999999998,451.5495,451.5953
512165914.4078817,47.253966,15.925040999999998,453.7788,453.8247
512165914.66255933,47.268743,15.919073,447.0915,447.1373
512165914.7134948,47.271699,15.917879,449.0135,449.0594
512165914.9172366,47.283519999999996,15.913103,448.2103,448.2562
512165915.17191505,47.298296,15.907129,435.0042,435.0501
512165915.27378607,47.304207,15.904739,453.1557,453.2016
512165915.3247216,47.307162,15.903544,463.2555,463.3014
512165915.375657,47.310117,15.902349,467.6047,467.6506
512165915.4265926,47.313072,15.901154,469.4547,469.5006
512165915.4775281,47.316027999999996,15.899958,469.6914,469.7373
512165915.5284636,47.318982999999996,15.898762,460.1671,460.2130
512165915.5793991,47.321937999999996,15.897566999999999,465.7976,465.8435
512165915.6303346,47.324892999999996,15.896370999999998,466.9064,466.9523
512165915.6812701,47.327847999999996,15.895175,463.2655,463.3114
512165915.7322056,47.330802999999996,15.893979,467.5146,467.5605
512165915.7831411,47.333759,15.892783,469.3075,469.3534
512165915.83407664,47.336714,15.891585999999998,469.2174,469.2633
512165915.8850121,47.339669,15.89039,474.7614,474.8073
512165916.088753,47.351489,15.885603,477.7839,477.8298
512165916.44530123,47.372174,15.877222999999999,498.6195,498.6654
512165916.4962367,47.375129,15.876024999999998,503.5629,503.6088
512165916.54717225,47.378084,15.874827,505.5888,505.6347
512165918.2763798,47.478397,15.834097,739.8427,739.8887
512165920.1838613,47.589037,15.789021,1047.9554,1048.0015
512165920.2347968,47.591992,15.787815,1040.8013,1040.8474
512165920.2857324,47.594946,15.786608999999999,1040.6110,1040.6571
512165920.33666784,47.597899999999996,15.785402999999999,1041.9255,1041.9716
512165920.54040986,47.609716999999996,15.780577,1037.9130,1037.9591
512165920.8969584,47.630396,15.772129,1051.3830,1051.4291
512165921.1007014,47.642212,15.767297999999998,1049.0318,1049.0779
512165921.1516369,47.645165999999996,15.766091,1051.5316,1051.5777
512165921.2535079,47.651075,15.763675,1052.4873,1052.5334
512165921.3044434,47.654029,15.762466,1051.4300,1051.4761
512165921.3553791,47.656983,15.761258,1052.3507,1052.3968
512165921.4063146,47.659937,15.76005,1048.4281,1048.4743
512165921.4572501,47.662890999999995,15.758840999999999,1043.7108,1043.7569
512165921.5081856,47.665845,15.757632999999998,1049.8176,1049.8638
512165923.4957109,47.781102,15.710384,645.5861,645.6324
512165923.5466464,47.784056,15.709169999999999,646.9248,646.9712
512165924.9728392,47.866752,15.675156999999999,694.0048,694.0512
512165925.12564665,47.875612,15.671507,711.5800,711.6264
512165925.78780824,47.914003,15.655679999999998,735.6983,735.7447
512165925.83874375,47.916956,15.654461999999999,733.8558,733.9022
512165928.33926064,48.061917,15.594513999999998,493.4863,493.5329
512165929.1370783,48.108163,15.575329,369.2076,369.2542
512165929.1880138,48.111115,15.574103,368.3075,368.3541
512165929.2389493,48.114067999999996,15.572877,367.8795,367.9261
512165929.2898848,48.11702,15.571651,367.6029,367.6495
512165929.3408201,48.119972999999995,15.570425,366.6765,366.7231
512165929.3917558,48.122924999999995,15.569199,362.8964,362.9430
512165929.4426913,48.125876999999996,15.567972,360.9177,360.9643
512165929.49362683,48.12883,15.566745999999998,365.2711,365.3177
512165929.5445624,48.131782,15.565519,364.3129,364.3595
512165929.59549785,48.134733999999995,15.564293,358.2889,358.3355
512165929.6464334,48.137687,15.563066,354.6427,354.6893
512165931.17449856,48.226251999999995,15.526206,295.5478,295.5945
512165931.2254341,48.229203999999996,15.524975,292.6423,292.6889
512165931.27636963,48.232155999999996,15.523743999999999,292.0097,292.0564
512165931.327305,48.235108,15.522514,291.5883,291.6349
512165931.37824064,48.23806,15.521282999999999,296.2159,296.2626
512165931.4291761,48.241011,15.520052,297.8270,297.8736
512165931.4801116,48.243963,15.518820999999999,294.8678,294.9145
512165931.5310471,48.246915,15.517589999999998,292.8968,292.9435
512165931.58198255,48.249866999999995,15.516357999999999,289.6762,289.7229
512165931.6329181,48.252818999999995,15.515127,287.2580,287.3047
512165931.6838536,48.255770999999996,15.513895999999999,287.9016,287.9483
512165931.73478913,48.258722999999996,15.512664,284.3956,284.4423
512165931.78572464,48.261675,15.511432,280.6416,280.6883
512165931.83666015,48.264627,15.5102,278.4396,278.4863
512165932.39694977,48.297097,15.496642,254.3942,254.4409
512165932.70256287,48.314806999999995,15.489239999999999,211.8576,211.9043
512165932.7534983,48.317758,15.488005999999999,224.1867,224.2334
512165937.4063,48.58734,15.374785,638.6412,638.6881
512165937.55910635,48.596191999999995,15.371049999999999,642.8585,642.9054
512165938.44424176,48.647465,15.349392,658.6471,658.6941
512165938.4951773,48.650416,15.348144,658.7434,658.7904
512165938.5461128,48.653366,15.346896999999998,658.8621,658.9091
512165938.59704834,48.656316999999994,15.345649,659.3051,659.3520
512165939.20827323,48.691721,15.330668,635.8004,635.8474
512165939.36107975,48.700572,15.32692,637.4216,637.4686
512165939.41201514,48.703522,15.325669999999999,636.3460,636.3930
512165939.46295077,48.706472,15.32442,634.1666,634.2136
512165939.5138862,48.709423,15.32317,636.3188,636.3658
512165939.5648219,48.712373,15.321919999999999,635.3370,635.3840
512165939.6666929,48.718272999999996,15.31942,630.8379,630.8849
512165939.7176285,48.721224,15.318169999999999,624.2794,624.3264
512165939.92137045,48.733024,15.313167,612.9144,612.9614
512165939.9723058,48.735974,15.311916,607.1738,607.2208
512165940.1251135,48.744825,15.308162999999999,616.2482,616.2952
512165940.17604905,48.747775,15.306911,623.4147,623.4617
512165940.2269845,48.750724999999996,15.30566,604.2890,604.3360
512165940.27791977,48.753675,15.304407999999999,602.1895,602.2365
512165940.32885534,48.756625,15.303156,603.1616,603.2086
512165940.3797908,48.759575,15.301905,602.1086,602.1556
512165940.5835328,48.771375,15.296895999999998,604.7638,604.8108
512165940.63446826,48.774325,15.295643,599.1485,599.1955
512165940.6854038,48.777274999999996,15.294391,598.8518,598.8988
512165940.73633933,48.780224999999994,15.293137999999999,601.2371,601.2841
512165940.7872748,48.783175,15.291884999999999,597.2292,597.2762
512165940.83821034,48.786125,15.290631999999999,597.5004,597.5474
512165940.8891458,48.789075,15.289378999999998,594.7798,594.8268
512165940.94008136,48.792024999999995,15.288126,595.3677,595.4147
512165940.99101686,48.794975,15.286871999999999,595.1005,595.1475
512165941.805984,48.842172,15.266801999999998,547.4599,547.5070
512165942.21346897,48.86577,15.256755,540.1488,540.1959
512165942.26440454,48.868719999999996,15.255498,559.1896,559.2367
512165944.60743755,49.004391,15.197569999999999,599.8983,599.9455
512165944.6583731,49.00734,15.196308,606.5226,606.5698
512165946.1417391,49.093221,15.159495,721.0971,721.1444
512165946.3964166,49.107965,15.153163999999999,693.7887,693.8359
512165946.4473522,49.110914,15.151898,691.8634,691.9107
512165946.4982876,49.113862999999995,15.150630999999999,693.5886,693.6359
512165946.5492232,49.116811,15.149363999999998,688.9715,689.0188
512165946.6001587,49.11976,15.148097,690.1473,690.1946
512165946.6510942,49.122709,15.14683,686.8159,686.8632
512165946.7020297,49.125657,15.145563,698.6267,698.6739
512165948.09236145,49.20614,15.110925,601.2287,601.2760
512165948.1432969,49.209088,15.109655,602.7178,602.7651
512165948.19423246,49.212036999999995,15.108384,601.5100,601.5573
512165948.2451679,49.214985,15.107113,600.8622,600.9095
512165948.7035873,49.241519,15.095668,589.4860,589.5333
512165951.1994254,49.385968999999996,15.033178999999999,682.0675,682.1149
512165951.3522319,49.394811999999995,15.029344,692.2507,692.2981
512165951.4031674,49.397759,15.028065,693.2027,693.2501
512165951.9125225,49.427234999999996,15.015269,713.4726,713.5200
512165951.96345806,49.430183,15.013988999999999,708.0347,708.0821
512165953.2274902,49.503325,14.982177,649.9784,650.0259
512165953.2784257,49.506271999999996,14.980894,649.4681,649.5156
512165953.32936114,49.509218999999995,14.97961,649.5699,649.6174
512165953.3802967,49.512167,14.978326,651.3112,651.3587
512165953.4312322,49.515114,14.977041999999999,654.5749,654.6224
512165953.4821677,49.518060999999996,14.975757999999999,651.6850,651.7325
512165953.5331032,49.521007999999995,14.974473999999999,657.0245,657.0720
512165953.58403873,49.523955,14.973189999999999,658.2183,658.2658
512165953.63497424,49.526902,14.971905,661.3224,661.3699
512165953.68590975,49.529849999999996,14.970621,662.5627,662.6102
512165953.7368452,49.532796999999995,14.969336,665.3106,665.3581
512165953.8387162,49.538691,14.966766,662.5568,662.6043
512165953.8896518,49.541638,14.965480999999999,667.9490,667.9965
512165953.9915227,49.547532,14.962909999999999,666.5537,666.6012
512165954.0424592,49.550478999999996,14.961625,666.6211,666.6686
512165954.09339476,49.553425999999995,14.960339,667.8925,667.9400
512165954.1443302,49.556373,14.959054,669.6751,669.7226
512165954.19526577,49.55932,14.957768,677.0624,677.1100
512165954.2462013,49.562267,14.956482,675.4862,675.5337
512165954.44994307,49.574054999999994,14.951336,678.6215,678.6691
512165954.5518141,49.579949,14.948763,671.7069,671.7544
512165954.65368515,49.585843,14.946188999999999,682.4876,682.5351
512165954.7046206,49.588789,14.944901999999999,681.3848,681.4324
512165954.9083627,49.600577,14.939751999999999,671.4897,671.5373
512165955.1121037,49.612364,14.9346,682.5723,682.6199
512165955.366781,49.627098,14.928156999999999,669.7734,669.8210
512165955.4177164,49.630044999999996,14.926867999999999,670.2864,670.3340
512165955.46865195,49.632991,14.925578999999999,675.3219,675.3695
512165957.10690475,49.727761,14.884048,454.3036,454.3512
512165957.3106468,49.739546,14.878874,465.6625,465.7102
512165957.3615823,49.742492,14.87758,465.6189,465.6665
512165957.51438874,49.751331,14.873697,471.0309,471.0786
512165957.5653243,49.754276999999995,14.872402999999998,471.2056,471.2533
512165957.6162598,49.757224,14.871108,471.1371,471.1847
512165957.7181308,49.763116,14.868518,475.8521,475.8998
512165957.7690663,49.766062,14.867223,473.9353,473.9830
512165958.4821643,49.807308,14.849079999999999,519.5365,519.5842
512165958.53309965,49.810254,14.847783,515.0624,515.1101
512165958.58403516,49.813199999999995,14.846485999999999,514.9854,515.0331
512165958.63497066,49.816145999999996,14.845189,503.5843,503.6320
512165958.6859061,49.819092,14.843891,508.1823,508.2300
512165958.8387127,49.827929,14.839998,524.2863,524.3340
512165958.94058365,49.833821,14.837401999999999,522.4704,522.5181
512165958.99151915,49.836766999999995,14.836103999999999,521.8448,521.8925
512165959.0424538,49.839712999999996,14.834805999999999,522.4918,522.5395
512165959.0933893,49.842659,14.833508,522.0729,522.1206
512165959.14432484,49.845605,14.832208999999999,509.4858,509.5335
512165959.34806687,49.857388,14.827014,525.6209,525.6686
512165959.6536796,49.875063,14.819217,522.7916,522.8393
512165959.7046152,49.878008,14.817917,528.8525,528.9002
512165961.2919317,49.969801,14.777337999999999,537.7216,537.7694
512165961.3428672,49.972747,14.776034,537.4158,537.4636
512165961.3938027,49.975691999999995,14.77473,534.5223,534.5701
512165961.4447382,49.978637,14.773425,534.1050,534.1528
512165961.4956737,49.981583,14.772120999999999,534.1307,534.1785
512165961.5466092,49.984528,14.770816,533.1168,533.1646
512165961.5975447,49.987472999999994,14.769511,537.9733,538.0211
512165961.64848024,49.990418999999996,14.768206,531.0452,531.0930
512165963.638084,50.105456,14.717124,305.6214,305.6693
512165963.68901944,50.108401,14.715814,305.6058,305.6537
512165963.73995495,50.111345,14.714502999999999,305.3586,305.4065
512165963.7908905,50.11429,14.713192999999999,304.3631,304.4110
512165963.84182596,50.117235,14.711882,303.6969,303.7447
512165963.8927615,50.12018,14.710571,303.8818,303.9297
512165963.943697,50.123124,14.709259999999999,306.4877,306.5356
512165963.99463254,50.126069,14.707949,307.0828,307.1307
512165964.045569,50.129014,14.706636999999999,297.4203,297.4682
512165964.09650445,50.131958999999995,14.705326,307.3010,307.3489
512165964.14744,50.134902999999994,14.704013999999999,306.9031,306.9510
512165964.19837546,50.137848,14.702701999999999,306.7951,306.8430
512165964.249311,50.140792999999995,14.70139,307.0175,307.0654
512165964.4021175,50.149626999999995,14.697453999999999,304.9200,304.9679
512165964.5039885,50.155516,14.694828999999999,302.4759,302.5238
512165964.554924,50.158460999999996,14.693515999999999,301.1587,301.2066
512165964.6058596,50.161404999999995,14.692203,299.9988,300.0467
512165964.656795,50.16435,14.69089,298.7685,298.8164
512165964.7077306,50.167294,14.689577,297.4214,297.4693
512165964.7586661,50.170238999999995,14.688264,295.7226,295.7705
512165964.80960155,50.173182999999995,14.686950999999999,293.5303,293.5782
512165964.8605371,50.176128,14.685637,291.1428,291.1907
512165970.56531286,50.505838999999995,14.537661,336.8137,336.8617
512165970.66718394,50.511725,14.535003,341.1141,341.1622
512165970.7181194,50.514668,14.533674,339.9932,340.0413
512165970.87092596,50.523497,14.529686,357.7158,357.7639
512165971.0746689,50.53527,14.524365,354.8754,354.9235
512165971.482153,50.558814,14.513719,381.7711,381.8192
512165971.53308845,50.561757,14.512386999999999,381.0378,381.0859
512165971.58402395,50.564699999999995,14.511056,382.4954,382.5435
512165971.6858947,50.570585,14.508391999999999,385.6588,385.7069
512165971.7368303,50.573527999999996,14.50706,386.6933,386.7414
512165971.9915078,50.588242,14.500397999999999,409.9039,409.9520
512165973.0897398,50.651689999999995,14.471627999999999,303.7166,303.7647
512165974.77061033,50.748788,14.42747,278.2768,278.3250
512165975.025289,50.763498,14.420765999999999,291.0740,291.1222
512165975.1271599,50.769382,14.418083,283.8067,283.8549
512165975.1780954,50.772324,14.416742,291.2258,291.2740
512165975.27996635,50.778209,14.414057999999999,298.8273,298.8755
512165976.14586854,50.828221,14.391226,344.3420,344.3902
512165976.19680405,50.831163,14.389882,348.0165,348.0647
512165976.7061592,50.86058,14.37643,384.2812,384.3294
512165976.9608367,50.875288,14.369698999999999,395.2840,395.3322
512165977.1136441,50.884113,14.365658999999999,410.6501,410.6984
512165977.16457963,50.887054,14.364312,415.0342,415.0824
512165977.2664504,50.892938,14.361616999999999,426.9007,426.9489
512165977.3683214,50.898821,14.358922,434.3705,434.4187
512165977.4192569,50.901762,14.357574,431.6236,431.6718
512165977.52112794,50.907644999999995,14.354878,432.4513,432.4995
512165977.57206345,50.910585999999995,14.35353,431.7621,431.8104
512165977.62299895,50.913528,14.352181999999999,452.2653,452.3135
512165977.6739345,50.916469,14.350833,450.3851,450.4334
512165977.72486997,50.919411,14.349485,451.7686,451.8169
512165977.8776765,50.928235,14.345438,464.1624,464.2106
512165977.9795475,50.934118,14.342739,473.0124,473.0607
512165978.0304818,50.937059,14.341389999999999,477.8174,477.8657
512165978.6417077,50.972353999999996,14.325185,533.4383,533.4866
512165978.69264317,50.975294999999996,14.323834,532.5015,532.5498
512165978.7435786,50.978235999999995,14.322481999999999,532.5006,532.5489
512165979.9384854,51.04723,14.290735999999999,384.4203,384.4686
512165979.9894209,51.050171,14.289380999999999,384.0031,384.0514
512165980.0912907,51.056053,14.286669999999999,396.0239,396.0722
512165980.1422263,51.058993,14.285314999999999,394.5506,394.5989
512165980.24409723,51.064875,14.282604,395.2460,395.2943
512165980.29503274,51.067816,14.281248,394.9645,395.0128
512165980.34596825,51.070755999999996,14.279891999999998,398.1588,398.2072
512165980.3969038,51.073696999999996,14.278535,402.6336,402.6819
512165980.44783926,51.076637999999996,14.277178999999999,381.3763,381.4247
512165980.4987748,51.079578999999995,14.275822999999999,396.0389,396.0873
512165981.0081301,51.108985,14.26225,372.5741,372.6225
512165981.67029256,51.147211999999996,14.244584,386.5151,386.5635
512165981.7212281,51.150152,14.243224,385.3557,385.4041
512165981.7721636,51.153093,14.241864,388.3931,388.4415
512165981.82309884,51.156033,14.240502999999999,388.1216,388.1700
512165981.8740344,51.158972999999996,14.239142999999999,384.3516,384.4000
512165982.17964643,51.176615,14.230977999999999,357.9594,358.0078
512165982.230582,51.179556,14.229616,355.0696,355.1180
512165982.332453,51.185435999999996,14.226892999999999,354.5506,354.5990
512165982.3833885,51.188376999999996,14.225531,352.0701,352.1185
512165982.6890018,51.206018,14.217357,333.3277,333.3761
512165982.9946146,51.223659,14.209178,279.0895,279.1379
512165983.04555124,51.226599,14.207813999999999,297.5721,297.6205
512165983.09648657,51.229538999999995,14.20645,295.1849,295.2333
512165983.147422,51.232479,14.205086,292.4885,292.5369
512165983.6567774,51.261879,14.191436999999999,240.3546,240.4030
512165983.7077129,51.264818999999996,14.190071999999999,247.9881,248.0365
512165985.3885846,51.361829,14.144922,177.2228,177.2713
512165985.43952006,51.364768,14.143552,176.3489,176.3974
512165985.74513316,51.382405,14.135323999999999,174.6951,174.7436
512165985.7960686,51.385343999999996,14.133953,174.0757,174.1242
512165985.8470042,51.388282999999994,14.132581,173.4131,173.4616
512165985.8979396,51.391223,14.131209,172.2884,172.3369
512165985.9488752,51.394161999999994,14.129837,170.7343,170.7828
512165985.9998107,51.397101,14.128464,170.1898,170.2383
512165986.05074495,51.400040999999995,14.127092,163.6355,163.6840
512165986.1016805,51.40298,14.125719,163.4847,163.5332
512165986.1526162,51.405919,14.124347,160.4005,160.4490
512165986.20355177,51.408859,14.122974,164.4692,164.5177
512165986.2544873,51.411798,14.121601,170.5860,170.6345
512165986.3054227,51.414736999999995,14.120228,170.7275,170.7760
512165987.06945634,51.458824,14.099611999999999,172.8021,172.8506
512165987.52787566,51.485274999999994,14.087226,158.4092,158.4577
512165987.8334887,51.502908999999995,14.078961999999999,147.6733,147.7218
512165987.88442427,51.505846999999996,14.077585,147.6431,147.6916
512165987.9353597,51.508786,14.076207,146.4722,146.5207
512165987.9862953,51.511725,14.074828,144.9790,145.0275
512165988.0881653,51.517603,14.072071999999999,143.8519,143.9004
512165988.1391008,51.520540999999994,14.070692999999999,140.4065,140.4550
512165988.2409718,51.526419,14.067936,138.3987,138.4472
512165988.2919073,51.529357999999995,14.066557,137.2400,137.2885
512165989.56529576,51.602821999999996,14.032032,161.7649,161.8135
512165989.61623114,51.60576,14.030648999999999,161.6969,161.7455
512165989.66716665,51.608698999999994,14.029266,161.2071,161.2557
512165989.76903766,51.614574999999995,14.026499999999999,158.7427,158.7913
512165989.81997323,51.617514,14.025115999999999,157.6712,157.7198
512165989.8709087,51.620452,14.023731999999999,156.1707,156.2193
512165992.5195539,51.773227,13.951571999999999,118.0404,118.0890
512165993.1817166,51.811415,13.933466999999998,97.4584,97.5071
512165993.23265195,51.814353,13.932072999999999,96.9813,97.0300
512165993.28358746,51.81729,13.930679999999999,96.9861,97.0348
512165993.33452296,51.820226999999996,13.929285,96.9332,96.9819
512165994.14949006,51.867224,13.90696,93.8490,93.8977
512165994.2004253,51.870160999999996,13.905562999999999,89.7487,89.7974
512165994.25136083,51.873098999999996,13.904167,91.5112,91.5599
512165994.40416735,51.88191,13.899975,91.7325,91.7812
512165994.50603837,51.887783999999996,13.897179999999999,92.6771,92.7258
512165994.55697393,51.890721,13.895781999999999,92.2226,92.2713
512165994.6079094,51.893659,13.894385,93.8535,93.9022
512165997.4602988,52.058113999999996,13.815856,82.4784,82.5273
512165998.3262012,52.108028999999995,13.79192,85.4590,85.5079
512165998.3771367,52.110965,13.79051,83.4792,83.5281
512165998.4280723,52.113901,13.789100999999999,83.8494,83.8983
512165998.4790077,52.116837,13.787690999999999,84.4920,84.5409
512165999.75239617,52.190234,13.752397,74.3657,74.4146
512166001.1785901,52.272428,13.71275,75.8413,75.8903
512166001.28046113,52.278299,13.709913,74.9968,75.0458
512166001.9426229,52.316457,13.691459,77.0029,77.0519
512166002.35010576,52.339937,13.68009,73.7466,73.7956
512166002.4010413,52.342872,13.678668,72.2242,72.2732
512166002.4519768,52.345807,13.677246,73.3427,73.3917
512166003.57255864,52.410373,13.645919,70.1469,70.1959
512166003.67442966,52.416242,13.643068,69.8224,69.8714
512166005.4571722,52.518946,13.593058,98.3317,98.3808
512166005.5081077,52.521879999999996,13.591626,98.1948,98.2439
512166005.5590432,52.524814,13.590195,99.9830,100.0321
512166005.8646562,52.542418,13.5816,90.8704,90.9195
512166005.9665272,52.548286,13.578733,93.8237,93.8728
512166006.0683992,52.554154,13.575866,93.1815,93.2306
512166006.3230767,52.568824,13.568696,95.7967,95.8458
512166006.3740123,52.571757999999996,13.567262,97.7433,97.7924
512166006.5268188,52.580559,13.562956999999999,99.2323,99.2814
512166006.67962533,52.589361,13.558651,101.2484,101.2975
512166006.73056084,52.592295,13.557215999999999,103.2533,103.3024
512166006.7814963,52.595228,13.555779999999999,103.7705,103.8196
512166006.8324316,52.598161999999995,13.554343999999999,109.5456,109.5947
512166006.88336706,52.601096,13.552907999999999,108.1054,108.1545
512166006.9343026,52.604029999999995,13.551471,106.9476,106.9967
512166006.9852381,52.606963,13.550035,105.5157,105.5648
512166007.0361727,52.609897,13.548598,105.1333,105.1824
512166007.2399147,52.621632,13.54285,103.3655,103.4146
512166007.3927212,52.630433,13.538537,110.0280,110.0771
512166007.5964632,52.642167,13.532784,114.6924,114.7415
512166007.6473987,52.6451,13.531346,102.5693,102.6184
512166008.10581905,52.671502,13.518391,104.7032,104.7523
512166008.15675455,52.674434999999995,13.516950999999999,104.5199,104.5690
512166008.20769,52.677367999999994,13.515509999999999,105.0548,105.1039
512166008.25862557,52.680302,13.51407,105.1248,105.1739
512166008.3604965,52.686167999999995,13.511187999999999,109.1628,109.2119
512166008.41143197,52.689102,13.509746999999999,103.9717,104.0208
512166008.46236753,52.692035,13.508306,103.0041,103.0532
512166008.51330304,52.694967999999996,13.506865,103.0240,103.0731
512166008.56423855,52.697902,13.505422999999999,102.6023,102.6514
512166008.61517406,52.700835,13.503981,102.9623,103.0114
512166008.66610956,52.703768,13.502538999999999,99.3917,99.4408
512166008.71704507,52.706700999999995,13.501097,98.2930,98.3421
512166008.7679806,52.709635,13.499654999999999,98.6520,98.7011
512166008.8189161,52.712568,13.498213,96.3574,96.4065
512166008.9717226,52.721367,13.493884999999999,93.6657,93.7148
512166009.22639894,52.736033,13.486668,114.7304,114.7795
512166009.6338833,52.759496999999996,13.475112,95.3769,95.4260
512166009.88856083,52.774162,13.467884999999999,92.0758,92.1249
512166009.99043185,52.780027999999994,13.464991999999999,90.0071,90.0562
512166010.5507233,52.812287999999995,13.449074,83.0644,83.1135
512166014.52369237,53.040996,13.335614,87.2075,87.2567
512166014.72743446,53.052721999999996,13.329768,86.7722,86.8214
512166015.54240125,53.099624,13.306357,92.1306,92.1799
512166016.4592414,53.152384999999995,13.279968,87.9337,87.9830
512166016.5611124,53.158246999999996,13.277032,92.0918,92.1411
512166016.61204785,53.161178,13.275564,88.3696,88.4189
512166016.6629834,53.164108999999996,13.274096,90.5717,90.6210
512166019.8209832,53.3458,13.182730999999999,108.7607,108.8100
512166019.8719186,53.348729999999996,13.181251999999999,108.3873,108.4366
512166020.0247262,53.35752,13.176814,110.8341,110.8834
512166021.5527904,53.445412999999995,13.132344999999999,112.1453,112.1946
512166021.60372585,53.448342,13.13086,119.3899,119.4393
512166021.9602745,53.468847999999994,13.120460999999999,85.0797,85.1291
512166025.88230777,53.694367,13.005493,110.9448,110.9942
512166029.6005995,53.908086999999995,12.895520999999999,34.4738,34.5233
512166029.85527706,53.922722,12.887953999999999,38.8413,38.8908
512166031.43427753,54.013453,12.840933,41.8925,41.9420
512166031.53614855,54.019306,12.837893999999999,39.0365,39.0861
512166032.75860167,54.089537,12.801361,45.6296,45.6792
512166032.80953693,54.092462999999995,12.799835999999999,45.8940,45.9436
512166032.86047244,54.095389,12.798312,44.3139,44.3635
512166033.4716997,54.130502,12.780000999999999,55.9278,55.9774
512166033.5226352,54.133427,12.778474,54.4206,54.4702
512166033.5735707,54.136353,12.776947,55.1185,55.1681
512166033.62450624,54.139278999999995,12.775419,53.9695,54.0191
512166034.7450859,54.203644,12.741769,64.8027,64.8523
512166036.4768932,54.303101999999996,12.689585,44.4931,44.5428
512166036.6296997,54.311876999999996,12.684970999999999,46.8936,46.9433
512166037.4956043,54.361598,12.658788,39.6881,39.7370
512166037.59747505,54.367447,12.655704,39.9080,39.9568
512166037.6484105,54.370371999999996,12.654162,39.4666,39.5153
512166037.69934607,54.373297,12.652619999999999,43.7011,43.7497
512166037.7502816,54.376221,12.651076999999999,41.0397,41.0882
512166037.9540236,54.387919,12.644905,38.1275,38.1757
512166038.0049591,54.390843999999994,12.643360999999999,37.2286,37.2767
512166038.05589396,54.393767999999994,12.641817999999999,36.8583,36.9063
512166038.10682946,54.396693,12.640274,36.6099,36.6578
512166038.157765,54.399617,12.638729999999999,36.6734,36.7211
512166038.2087005,54.402541,12.637184999999999,36.5933,36.6409
512166039.0746048,54.452253999999996,12.610902999999999,37.5535,37.5993
512166039.1255403,54.455178,12.609356,37.7551,37.8008
512166039.1764758,54.458102,12.607807999999999,37.5427,37.5884
512166039.38021785,54.469798999999995,12.601614,36.4756,36.5213
512166039.4311533,54.472722999999995,12.600064999999999,36.1174,36.1631
512166039.4820888,54.475646999999995,12.598516,35.0941,35.1398
512166039.5330243,54.478570999999995,12.596967,34.3376,34.3833
512166039.5839598,54.481494999999995,12.595417999999999,34.3243,34.3700
512166039.6348953,54.484418999999995,12.593867999999999,33.0594,33.1051
512166039.68583083,54.487342999999996,12.592317999999999,32.5115,32.5572
512166039.7367664,54.490266999999996,12.590767999999999,31.4038,31.4495
512166039.78770185,54.49319,12.589217999999999,30.7394,30.7851
512166039.8386374,54.496114,12.587667999999999,30.8243,30.8700
512166039.88957286,54.499038,12.586117,35.9007,35.9464
512166039.94050837,54.501962,12.584565999999999,37.2222,37.2679
512166039.99144393,54.504886,12.583015,37.2169,37.2626
512166040.0423782,54.50781,12.581463999999999,37.1557,37.2014
512166040.09331375,54.510734,12.579913,37.2520,37.2977
512166040.1442492,54.513656999999995,12.578361,37.2830,37.3287
512166040.1951847,54.516580999999995,12.57681,37.2834,37.3291
512166040.2461203,54.519504999999995,12.575258,37.2453,37.2910
512166040.2970557,54.522428999999995,12.573706,37.1869,37.2326
512166040.3479913,54.525352,12.572153,37.2754,37.3211
512166040.39892673,54.528276,12.570601,37.3135,37.3592
512166040.4498623,54.5312,12.569047999999999,37.2043,37.2500
512166040.5007978,54.534124,12.567495,37.2723,37.3180
512166040.5517333,54.537046999999994,12.565942,37.1768,37.2225
512166040.6026688,54.539970999999994,12.564389,37.2301,37.2758
512166040.6536043,54.542894,12.562835999999999,37.2312,37.2769
512166040.70453984,54.545818,12.561282,37.2016,37.2473
512166040.75547534,54.548742,12.559728,37.2317,37.2774
512166040.80641085,54.551665,12.558174,37.2232,37.2689
512166040.85734636,54.554589,12.556619999999999,37.1348,37.1805
512166040.9082818,54.557511999999996,12.555066,37.1615,37.2072
512166040.95921737,54.560435999999996,12.553511,37.1645,37.2102
512166041.0101529,54.563359999999996,12.551955999999999,37.2398,37.2855
512166041.06108934,54.566283,12.550400999999999,37.1644,37.2101
512166041.1120248,54.569207,12.548846,37.2458,37.2915
512166041.16296035,54.572129999999994,12.547291,37.2227,37.2684
512166041.2138958,54.575053,12.545734999999999,37.3141,37.3598
512166041.2648313,54.577977,12.544179,37.2817,37.3274
512166041.3157669,54.5809,12.542624,37.3466,37.3923
512166041.3667023,54.583824,12.541067,37.1936,37.2393
512166041.4176379,54.586746999999995,12.539511,37.2317,37.2774
512166041.4685734,54.589670999999996,12.537955,37.2052,37.2509
512166041.51950884,54.592594,12.536398,37.1851,37.2308
512166041.5704444,54.595517,12.534841,37.1435,37.1892
512166041.62137985,54.598440999999994,12.533284,37.2912,37.3369
512166041.6723154,54.601364,12.531727,37.2680,37.3137
512166041.7232509,54.604287,12.530168999999999,37.1592,37.2049
512166041.77418643,54.607209999999995,12.528611999999999,37.1709,37.2166
512166041.82512194,54.610133999999995,12.527054,37.2673,37.3130
512166041.87605745,54.613057,12.525495999999999,37.1232,37.1689
512166041.92699295,54.61598,12.523937,37.1755,37.2212
512166041.9779282,54.618902999999996,12.522378999999999,37.2433,37.2890
512166042.0288628,54.621826999999996,12.520819999999999,37.2281,37.2738
512166042.0797983,54.62475,12.519262,37.2398,37.2855
512166042.1307338,54.627672999999994,12.517703,37.2450,37.2907
512166042.1816693,54.630596,12.516143,37.1097,37.1555
512166042.23260474,54.633519,12.514584,37.1344,37.1802
512166042.2835403,54.636441999999995,12.513024,37.2539,37.2996
512166042.3344758,54.639365,12.511465,37.3603,37.4060
512166042.3854112,54.642288,12.509905,37.2132,37.2589
512166042.4363468,54.645210999999996,12.508345,37.2386,37.2843
512166042.4872823,54.648134,12.506784,37.1876,37.2333
512166042.53821784,54.651058,12.505224,37.1911,37.2369
512166042.5891533,54.653980999999995,12.503663,37.2368,37.2826
512166042.6400888,54.656904,12.502101999999999,37.1260,37.1718
512166042.6910243,54.659827,12.500541,37.1373,37.1831
512166042.7419598,54.662749999999996,12.498979,37.2397,37.2855
512166042.7928953,54.665672,12.497418,37.1640,37.2097
512166042.8438308,54.668594999999996,12.495856,37.0838,37.1296
512166042.8947664,54.671518,12.494294,37.1260,37.1718
512166042.9457016,54.674440999999995,12.492732,37.1413,37.1871
512166042.99663717,54.677364,12.491169999999999,37.1317,37.1775
512166043.04757386,54.680287,12.489607,37.1088,37.1546
512166043.0985094,54.683209999999995,12.488045,37.0561,37.1019
512166043.1494449,54.686133,12.486481999999999,37.0487,37.0945
512166043.2003804,54.689054999999996,12.484919,37.1145,37.1603
512166043.25131565,54.691978,12.483355999999999,37.0492,37.0950
512166043.30225116,54.694900999999994,12.481791999999999,37.1733,37.2191
512166043.35318667,54.697824,12.480228,37.0701,37.1159
512166043.40412235,54.700747,12.478665,37.0298,37.0756
512166043.4550579,54.703669,12.477101,37.1349,37.1807
512166043.50599337,54.706592,12.475536,37.1359,37.1817
512166043.55692893,54.709514999999996,12.473972,37.0612,37.1070
512166043.6078644,54.712436999999994,12.472406999999999,37.1268,37.1726
512166043.6587999,54.71536,12.470842,37.1469,37.1927
512166043.70973545,54.718283,12.469278,37.0879,37.1337
512166043.7606709,54.721205,12.467711999999999,36.9429,36.9887
512166043.8116064,54.724128,12.466147,37.1823,37.2281
512166043.8625419,54.727050999999996,12.464580999999999,36.9927,37.0385
512166043.9134774,54.729972999999994,12.463016,37.1460,37.1918
512166043.964413,54.732896,12.46145,37.0667,37.1125
512166044.01534843,54.735817999999995,12.459883,37.2047,37.2505
512166044.066283,54.738741,12.458317,37.1948,37.2406
512166044.1172185,54.741662999999996,12.45675,37.1368,37.1826
512166044.168154,54.744586,12.455184,37.1513,37.1971
512166044.2190893,54.747507999999996,12.453617,37.0283,37.0741
512166044.2700248,54.750431,12.45205,37.0057,37.0516
512166044.32096034,54.753353,12.450482,37.0098,37.0557
512166044.3718958,54.756276,12.448915,37.1280,37.1739
512166044.4228313,54.759198,12.447346999999999,37.2092,37.2551
512166044.4737668,54.762119999999996,12.445779,37.1079,37.1538
512166044.5247023,54.765043,12.444211,37.0877,37.1335
512166044.5756379,54.767965,12.442642999999999,37.1740,37.2198
512166044.6265733,54.770886999999995,12.441073999999999,37.2216,37.2674
512166044.6775089,54.77381,12.439504999999999,37.1062,37.1520
512166044.7284444,54.776731999999996,12.437937,37.1498,37.1956
512166044.77937984,54.779654,12.436366999999999,36.9577,37.0036
512166044.8303154,54.782576999999996,12.434797999999999,37.1962,37.2421
512166044.88125086,54.785498999999994,12.433228999999999,37.0976,37.1435
512166044.9321864,54.788421,12.431659,37.1254,37.1713
512166044.98312193,54.791343,12.430088999999999,37.1297,37.1756
512166045.03405833,54.794266,12.428519,37.1147,37.1606
512166045.08499384,54.797188,12.426948999999999,37.1627,37.2086
512166045.13592935,54.80011,12.425378,37.1742,37.2201
512166045.18686485,54.803031999999995,12.423808,37.1164,37.1623
512166045.23780036,54.805954,12.422236999999999,37.1858,37.2317
512166045.2887359,54.808876999999995,12.420665999999999,37.2239,37.2698
512166045.3396714,54.811799,12.419094,37.0665,37.1124
512166045.3906069,54.814721,12.417523,37.0880,37.1339
512166045.4415424,54.817643,12.415951,37.1481,37.1940
512166045.4924779,54.820564999999995,12.414379,37.0873,37.1332
512166045.54341346,54.823487,12.412806999999999,37.1483,37.1942
512166045.5943489,54.826409,12.411235,37.0047,37.0506
512166045.6452845,54.829330999999996,12.409663,37.1032,37.1491
512166045.6962199,54.832252999999994,12.40809,37.1333,37.1792
512166045.7471555,54.835175,12.406517,37.1326,37.1785
512166045.798091,54.838097,12.404943999999999,37.0856,37.1315
512166045.84902644,54.841018999999996,12.403371,37.1113,37.1572
512166045.899962,54.843941,12.401798,37.1502,37.1961
512166045.9508975,54.846863,12.400224,37.1998,37.2457
512166046.001833,54.849785,12.39865,37.1145,37.1604
512166046.05276734,54.852706,12.397076,37.1214,37.1673
512166046.1037028,54.855627999999996,12.395501999999999,37.1645,37.2104
512166046.15463835,54.85855,12.393927999999999,37.1524,37.1983
512166046.2055738,54.861472,12.392353,37.1101,37.1560
512166046.25650936,54.864394,12.390778,37.1281,37.1740
512166046.3074449,54.867315999999995,12.389203,37.0968,37.1427
512166046.3583804,54.870236999999996,12.387628,37.1349,37.1808
512166046.4093159,54.873158999999994,12.386052999999999,37.1928,37.2387
512166046.4602514,54.876081,12.384476999999999,37.2082,37.2541
512166046.5111869,54.879003,12.382902,37.1779,37.2238
512166046.56212234,54.881924,12.381326,37.1717,37.2176
512166046.6130579,54.884845999999996,12.379748999999999,37.1825,37.2284
512166046.66399336,54.887767999999994,12.378173,37.1572,37.2031
512166046.71492887,54.890688999999995,12.376596,37.0915,37.1374
512166046.7658644,54.893611,12.37502,37.1492,37.1951
512166046.8167999,54.896533,12.373443,37.1414,37.1873
512166046.8677354,54.899454,12.371865999999999,37.0877,37.1336
512166046.9186709,54.902376,12.370287999999999,37.0719,37.1178
512166046.9696064,54.905297,12.368711,37.1077,37.1536
512166047.0205419,54.908218999999995,12.367132999999999,37.0683,37.1142
512166047.07147837,54.911141,12.365554999999999,37.2147,37.2606
512166047.12241393,54.914061999999994,12.363977,37.1871,37.2330
512166047.1733494,54.916984,12.362399,37.1037,37.1496
512166047.22428495,54.919905,12.360819999999999,36.9722,37.0181
512166047.27522045,54.922827,12.359240999999999,37.0150,37.0609
512166047.32615596,54.925748,12.357662,37.1444,37.1903
512166047.37709147,54.92867,12.356083,37.0067,37.0526
512166047.4280269,54.931591,12.354503999999999,37.1398,37.1857
512166047.4789625,54.934512,12.352924,37.0623,37.1082
512166047.529898,54.937433999999996,12.351345,37.1860,37.2319
512166047.5808334,54.940355,12.349765,37.1302,37.1761
512166047.631769,54.943276999999995,12.348184999999999,37.1907,37.2366
512166047.6827042,54.946197999999995,12.346604,37.1255,37.1714
512166047.7336397,54.949118999999996,12.345023999999999,37.1891,37.2350
512166047.7845752,54.95204,12.343442999999999,37.2473,37.2932
512166047.83551073,54.954961999999995,12.341861999999999,37.1921,37.2380
512166047.88644624,54.957882999999995,12.340281,37.0686,37.1145
512166047.9373817,54.960803999999996,12.3387,36.9481,36.9940
512166048.7014132,55.004621,12.314955999999999,54.5162,54.5621
512166048.75234866,55.007542,12.313372,51.9947,52.0406
512166048.90515524,55.016304999999996,12.308617,47.1530,47.1989
512166049.3126402,55.039671999999996,12.295929,37.6095,37.6554
512166049.5163825,55.051355,12.289581,37.1463,37.1922
512166049.56731796,55.054275999999994,12.287993,37.0722,37.1181
512166049.61825347,55.057196,12.286405,37.0824,37.1283
512166050.22947836,55.092242999999996,12.267335,36.5324,36.5783
512166050.5860269,55.112686,12.256198,34.2317,34.2776
512166050.6369625,55.115607,12.254605999999999,34.3326,34.3785
512166050.6878979,55.118527,12.253014,34.3951,34.4410
512166050.73883337,55.121446999999996,12.251420999999999,36.6842,36.7301
512166050.789769,55.124368,12.249829,36.7255,36.7714
512166050.8407044,55.127288,12.248235999999999,36.9936,37.0395
512166050.89163995,55.130207999999996,12.246642999999999,36.9760,37.0219
512166050.94257545,55.133128,12.245049999999999,37.1172,37.1631
512166050.99351096,55.136049,12.243457,36.9619,37.0078
512166051.0444474,55.138968999999996,12.241862999999999,36.8894,36.9353
512166051.095383,55.141889,12.240269999999999,37.0000,37.0459
512166051.14631844,55.144808999999995,12.238676,36.9420,36.9879
512166051.19725394,55.147729,12.237082,36.9198,36.9657
512166051.2481895,55.15065,12.235487,36.9309,36.9768
512166051.29912496,55.153569999999995,12.233893,36.8588,36.9047
512166051.3500605,55.15649,12.232298,36.9730,37.0189
512166051.40099597,55.159409999999994,12.230703,36.9579,37.0038
512166051.45193154,55.16233,12.229108,36.9991,37.0450
512166051.502867,55.16525,12.227513,36.9580,37.0039
512166051.55380255,55.168169999999996,12.225916999999999,36.9848,37.0307
512166051.60473806,55.17109,12.224321999999999,36.9030,36.9489
512166051.65567344,55.174009999999996,12.222726,36.9920,37.0379
512166051.706609,55.17693,12.221129999999999,37.0243,37.0702
512166051.7575445,55.179849999999995,12.219533,37.0041,37.0500
512166051.80847996,55.18277,12.217937,36.9975,37.0434
512166051.85941553,55.18569,12.216339999999999,36.9681,37.0140
512166051.91035104,55.18861,12.214742999999999,36.8439,36.8898
512166051.96128654,55.19153,12.213146,36.9153,36.9612
512166052.01222205,55.194449999999996,12.211549,36.9160,36.9619
512166052.0631563,55.19737,12.209951,36.8950,36.9409
512166052.11409193,55.200289999999995,12.208352999999999,36.8546,36.9005
512166052.1650273,55.203208999999994,12.206755,36.9353,36.9812
512166052.2159629,55.206129,12.205157,36.9661,37.0120
512166052.2668984,55.209049,12.203559,37.1319,37.1778
512166052.3178339,55.211968999999996,12.20196,37.4131,37.4590
512166052.3687694,55.214889,12.200362,38.4729,38.5188
512166052.41970485,55.217808,12.198763,39.0359,39.0818
512166052.4706404,55.220727999999994,12.197163999999999,39.9948,40.0407
512166052.72531796,55.235326,12.189165,48.0087,48.0546
512166052.77625346,55.238246,12.187564,49.9096,49.9555
512166052.8781245,55.244085,12.184363,52.0606,52.1065
512166052.92906,55.247004999999994,12.182762,52.8558,52.9017
512166053.4893513,55.279118999999994,12.165137999999999,61.3765,61.4235
512166054.66086674,55.34626,12.128207,52.3894,52.4384
512166055.83238435,55.413391999999995,12.091168999999999,73.1709,73.2198
512166056.3926737,55.445496,12.073416,78.1933,78.2425
512166056.6982868,55.463006,12.063722,74.1916,74.2411
512166058.73570704,55.579722999999994,11.998904999999999,70.3682,70.4181
512166058.8885133,55.588474999999995,11.994029999999999,67.6586,67.7085
512166060.7731268,55.696411999999995,11.933753,43.2730,43.3229
512166061.28248286,55.725578999999996,11.917413,60.5430,60.5929
512166061.48622483,55.737246,11.910871,46.5014,46.5513
512166063.47270966,55.85098,11.846905999999999,36.5938,36.6432
512166063.5236449,55.853896,11.845262,36.5853,36.6346
512166063.57458043,55.856812,11.843617,36.6467,36.6959
512166063.62551594,55.859728,11.841973,36.5581,36.6073
512166063.67645144,55.862643999999996,11.840328,36.7123,36.7614
512166063.72738695,55.865559,11.838681999999999,36.5962,36.6452
512166063.7783225,55.868475,11.837036999999999,36.5854,36.6344
512166063.82925797,55.871390999999996,11.835391,36.6164,36.6653
512166063.8801935,55.874306999999995,11.833744999999999,36.6114,36.6603
512166063.931129,55.877223,11.832099,36.6217,36.6705
512166063.9820645,55.880137999999995,11.830453,36.4920,36.5407
512166064.0329991,55.883053999999994,11.828806,36.5578,36.6064
512166064.08393455,55.88597,11.82716,36.5945,36.6430
512166064.13487005,55.888884999999995,11.825512999999999,36.4665,36.5149
512166064.18580556,55.891801,11.823865,36.4206,36.4689
512166064.236741,55.894717,11.822218,36.5093,36.5574
512166064.28767663,55.897631999999994,11.82057,36.5563,36.6044
512166064.338612,55.900548,11.818923,36.2102,36.2581
512166064.38954765,55.903462999999995,11.817274999999999,36.5238,36.5717
512166064.4404831,55.906378999999994,11.815626,36.4911,36.5388
512166064.4914183,55.909295,11.813977999999999,34.7410,34.7886
512166064.5423539,55.912209999999995,11.812329,36.4416,36.4891
512166064.5932893,55.915126,11.81068,36.2966,36.3440
512166064.6442248,55.918040999999995,11.809031,36.1671,36.2143
512166064.6951604,55.920956999999994,11.807381999999999,35.5765,35.6237
512166064.74609584,55.923871999999996,11.805731999999999,35.5110,35.5580
512166064.7970314,55.926787,11.804083,35.2294,35.2763
512166064.84796685,55.929702999999996,11.802432999999999,35.5267,35.5735
512166064.8989024,55.932618,11.800783,35.8162,35.8629
512166064.94983786,55.935534,11.799132,36.1427,36.1893
512166065.0007734,55.938449,11.797481999999999,36.5597,36.6062
512166065.0517099,55.941365,11.795831,36.6274,36.6739
512166065.1026454,55.94428,11.794179999999999,36.6469,36.6934
512166065.1535809,55.947195,11.792527999999999,37.0080,37.0544
512166065.2554519,55.953025999999994,11.789225,37.5967,37.6431
512166065.3063874,55.955940999999996,11.787573,37.6423,37.6887
512166065.357323,55.958856,11.785921,37.8618,37.9082
512166065.40825844,55.961771,11.784269,38.0902,38.1366
512166065.56106496,55.970517,11.779309999999999,38.5413,38.5876
512166065.6120004,55.973431999999995,11.777657,38.3264,38.3727
512166065.7138714,55.979262,11.77435,37.4827,37.5289
512166065.764807,55.982178,11.772696,36.9029,36.9491
512166065.81574243,55.985093,11.771042,36.8032,36.8494
512166065.866678,55.988008,11.769388,36.6869,36.7331
512166065.91761345,55.990922999999995,11.767733,36.5478,36.5940
512166065.968549,55.993838,11.766079,36.5846,36.6307
512166066.0194845,55.996753,11.764424,36.5142,36.5603
512166066.0704188,55.999668,11.762768999999999,36.6512,36.6973
512166066.12135434,56.002582999999994,11.761113,36.6387,36.6848
512166066.1722898,56.005497999999996,11.759457999999999,36.6911,36.7372
512166066.22322536,56.008412,11.757802,36.4718,36.5179
512166066.2741608,56.011326999999994,11.756146,36.6524,36.6985
512166066.32509655,56.014241999999996,11.754489999999999,36.6018,36.6479
512166066.3760321,56.017157,11.752832999999999,36.5026,36.5487
512166066.42696756,56.020072,11.751176,36.6388,36.6849
512166066.4779031,56.022987,11.749519999999999,36.6202,36.6663
512166066.52883863,56.025901999999995,11.747862,36.6554,36.7015
512166066.57977414,56.028816,11.746205,36.5358,36.5819
512166066.63070965,56.031731,11.744548,36.6040,36.6501
512166066.68164515,56.034645999999995,11.74289,36.7313,36.7774
512166066.73258066,56.037561,11.741232,36.6527,36.6988
512166066.78351617,56.040475,11.739574,36.3992,36.4453
512166066.8344517,56.043389999999995,11.737915,36.6468,36.6929
512166066.8853872,56.046305,11.736257,36.5967,36.6428
512166066.93632275,56.04922,11.734598,36.5196,36.5657
512166066.9872582,56.052133999999995,11.732939,36.5666,36.6127
512166067.0381946,56.055049,11.731278999999999,36.5950,36.6411
512166067.08913016,56.057964,11.729619999999999,36.6409,36.6870
512166067.1400656,56.060877999999995,11.72796,36.5235,36.5696
512166067.1910012,56.063793,11.7263,36.6426,36.6887
512166067.2419366,56.066707,11.724639999999999,36.6420,36.6881
512166067.29287213,56.069621999999995,11.72298,36.5576,36.6037
512166067.3438077,56.072536,11.721319,36.6382,36.6843
512166067.39474314,56.075450999999994,11.719657999999999,36.6938,36.7399
512166067.4456787,56.078365,11.717996999999999,36.6626,36.7087
512166067.4966142,56.08128,11.716336,36.6643,36.7104
512166067.5475497,56.084194,11.714673999999999,36.5872,36.6333
512166067.59848523,56.087109,11.713013,36.6366,36.6827
512166067.6494207,56.090022999999995,11.711350999999999,36.7064,36.7525
512166067.70035625,56.092938,11.709689,36.6102,36.6563
512166067.75129175,56.095852,11.708026,36.6232,36.6693
512166067.80222726,56.098766,11.706363999999999,36.5584,36.6045
512166067.85316277,56.101681,11.704701,36.7417,36.7878
512166067.90409833,56.104594999999996,11.703038,36.7346,36.7807
512166067.95503354,56.107509,11.701374999999999,36.6755,36.7216
512166068.005969,56.110423,11.699710999999999,36.7787,36.8248
512166068.05690575,56.113338,11.698048,36.6773,36.7234
512166068.1078412,56.116251999999996,11.696384,36.6534,36.6995
512166068.15877676,56.119166,11.69472,36.7208,36.7669
512166068.2097122,56.122080999999994,11.693055,36.7000,36.7461
512166068.2606475,56.124995,11.691391,36.7175,36.7636
512166068.31158304,56.127908999999995,11.689726,36.7994,36.8455
512166068.3625185,56.130823,11.688061,36.7242,36.7703
512166068.41345406,56.133736999999996,11.686396,36.7086,36.7547
512166068.4643895,56.136651,11.68473,36.7587,36.8048
512166068.51532507,56.139565,11.683065,36.8071,36.8532
512166068.5662606,56.142478999999994,11.681398999999999,36.8026,36.8487
512166068.6171961,56.145393999999996,11.679732999999999,36.7491,36.7952
512166068.6681316,56.148308,11.678066999999999,36.7613,36.8074
512166068.7190671,56.151222,11.6764,36.6195,36.6656
512166068.7700026,56.154135999999994,11.674733,36.7565,36.8026
512166068.8209381,56.15705,11.673065999999999,36.7670,36.8131
512166068.8718736,56.159963999999995,11.671399,36.8014,36.8475
512166068.9228091,56.162878,11.669732,36.7504,36.7965
512166068.9737447,56.165791,11.668064,36.7833,36.8294
512166069.0246792,56.168704999999996,11.666395999999999,36.6985,36.7446
512166069.0756147,56.171619,11.664728,36.7434,36.7895
512166069.1265502,56.174533,11.66306,36.7879,36.8340
512166069.1774857,56.177447,11.661392,36.6699,36.7160
512166069.2284209,56.180361,11.659723,36.8450,36.8911
512166069.2793565,56.183274999999995,11.658054,36.5092,36.5553
512166069.330292,56.186187999999994,11.656385,36.7447,36.7908
512166069.3812275,56.189102,11.654715,36.7817,36.8278
512166069.43216294,56.192015999999995,11.653046,36.4426,36.4887
512166069.48309857,56.19493,11.651375999999999,36.8330,36.8791
512166069.53403395,56.197843,11.649706,36.8453,36.8914
512166069.58496946,56.200756999999996,11.648036,36.8067,36.8528
512166069.63590497,56.203671,11.646365,36.7580,36.8041
512166069.6868405,56.206584,11.644694999999999,36.7395,36.7856
512166069.73777604,56.209497999999996,11.643023999999999,36.8288,36.8749
512166069.7887115,56.212412,11.641352,36.7483,36.7944
512166069.839647,56.215325,11.639681,36.8695,36.9156
512166069.8905825,56.218239,11.638009,36.8719,36.9180
512166069.941518,56.221152999999994,11.636338,36.8982,36.9443
512166069.9924536,56.224066,11.634666,36.7175,36.7636
512166070.04339004,56.22698,11.632992999999999,36.8068,36.8529
512166070.09432554,56.229893,11.631321,36.9021,36.9482
512166070.14526105,56.232806999999994,11.629648,36.9334,36.9795
512166070.19619656,56.23572,11.627975,37.0155,37.0616
512166070.24713206,56.238634,11.626301999999999,36.9550,37.0011
512166070.29806757,56.241547,11.624628999999999,36.9429,36.9890
512166070.3490031,56.244460999999994,11.622955,36.8900,36.9361
512166070.3999386,56.247374,11.621281,36.9125,36.9586
512166070.45087403,56.250287,11.619607,36.9083,36.9544
512166070.5018096,56.253201,11.617932999999999,36.8499,36.8960
512166070.55274504,56.256114,11.616259,36.8288,36.8749
512166070.60368055,56.259026999999996,11.614583999999999,37.0436,37.0897
512166070.65461606,56.261941,11.612909,36.9998,37.0459
512166070.70555156,56.264854,11.611234,36.9371,36.9832
512166070.7564871,56.267767,11.609558999999999,37.0095,37.0556
512166070.8074226,56.270680999999996,11.607883,36.9955,37.0416
512166070.8583581,56.273593999999996,11.606207,36.9763,37.0224
512166070.9092936,56.276506999999995,11.604531,36.9806,37.0267
512166070.96022916,56.279419999999995,11.602855,36.9710,37.0171
512166071.0111646,56.282332999999994,11.601179,37.0172,37.0633
512166071.062099,56.285247,11.599502,37.0605,37.1066
512166071.1130344,56.28816,11.597825,37.0066,37.0527
512166071.16396993,56.291073,11.596148,37.0981,37.1442
512166071.21490544,56.293986,11.594470999999999,37.0397,37.0858
512166071.26584095,56.296898999999996,11.592793,37.0550,37.1011
512166071.3167765,56.299811999999996,11.591115,37.0750,37.1211
512166071.36771196,56.302724999999995,11.589437,37.0768,37.1229
512166071.4186475,56.305637999999995,11.587759,37.0511,37.0972
512166071.46958303,56.308550999999994,11.586079999999999,37.0626,37.1087
512166071.5205185,56.311464,11.584401999999999,37.1442,37.1903
512166071.57145405,56.314377,11.582723,37.1126,37.1587
512166071.6223895,56.31729,11.581044,37.1312,37.1773
512166071.67332506,56.320203,11.579364,37.0872,37.1333
512166071.72426057,56.323116,11.577684999999999,37.1331,37.1792
512166071.7751961,56.326029,11.576005,37.0181,37.0642
512166071.8261316,56.328942,11.574325,37.1815,37.2276
512166071.877067,56.331855,11.572645,37.1881,37.2342
512166071.9280026,56.334767,11.570964,36.9686,37.0147
512166071.9789381,56.33768,11.569284,37.0450,37.0911
512166072.0298745,56.340593,11.567603,37.1393,37.1854
512166072.08081025,56.343506,11.565921,37.1441,37.1902
512166072.13174576,56.346419,11.56424,37.0520,37.0981
512166072.18268126,56.349331,11.562558,37.0794,37.1255
512166072.23361677,56.352244,11.560877,37.0326,37.0787
512166072.28455234,56.355157,11.559194999999999,37.1614,37.2075
512166072.3354878,56.35807,11.557512,37.1976,37.2437
512166072.38642335,56.360982,11.55583,37.1034,37.1495
512166072.4373588,56.363895,11.554146999999999,37.0497,37.0958
512166072.4882943,56.366808,11.552463999999999,37.1602,37.2063
512166072.53922987,56.36972,11.550780999999999,37.2745,37.3206
512166072.5901653,56.372633,11.549097999999999,37.1321,37.1782
512166072.6411009,56.375544999999995,11.547414,37.1524,37.1985
512166072.69203615,56.378457999999995,11.545729999999999,37.1437,37.1898
512166072.74297166,56.381370999999994,11.544046,37.1955,37.2416
512166072.79390717,56.384282999999996,11.542361999999999,37.1960,37.2421
512166072.8448426,56.387195999999996,11.540676999999999,37.1770,37.2231
512166072.8957782,56.390108,11.538993,37.2027,37.2488
512166072.9467137,56.39302,11.537308,37.2348,37.2809
512166072.9976492,56.395933,11.535623,37.1943,37.2404
512166073.04858375,56.398844999999994,11.533937,37.2738,37.3199
512166073.09951925,56.401758,11.532252,37.1303,37.1764
512166073.15045476,56.404669999999996,11.530566,37.1706,37.2167
512166073.2013902,56.407582,11.52888,37.2475,37.2936
512166073.2523258,56.410495,11.527192999999999,37.1123,37.1584
512166073.3032613,56.413407,11.525507,37.2523,37.2984
512166073.3541968,56.416318999999994,11.523819999999999,37.3737,37.4198
512166073.4051323,56.419232,11.522133,37.1709,37.2170
512166073.45606774,56.422143999999996,11.520446,37.3049,37.3510
512166073.50700325,56.425056,11.518758,37.2027,37.2488
512166073.5579388,56.427969,11.517071,37.1911,37.2372
512166073.60887426,56.430881,11.515383,37.2675,37.3136
512166073.6598096,56.433792999999994,11.513695,37.1762,37.2223
512166073.71074504,56.436704999999996,11.512006,37.2032,37.2493
512166073.76168054,56.439617,11.510318,37.2289,37.2750
512166073.81261605,56.442529,11.508628999999999,37.2152,37.2613
512166073.86355156,56.445442,11.50694,37.1555,37.2016
512166073.91448706,56.448353999999995,11.505251,37.1622,37.2083
512166073.9654226,56.451266,11.503561,37.0558,37.1019
512166074.0163581,56.454178,11.501871999999999,37.2129,37.2590
512166074.0672946,56.45709,11.500181999999999,37.1734,37.2195
512166074.1182301,56.460001999999996,11.498491999999999,37.2027,37.2488
512166074.16916555,56.462914,11.496801,37.1735,37.2196
512166074.2201011,56.465826,11.495111,37.1989,37.2450
512166074.27103657,56.468737999999995,11.493419999999999,37.2147,37.2608
512166074.32197213,56.47165,11.491729,37.2715,37.3176
512166074.37290764,56.474562,11.490038,37.3464,37.3925
512166074.42384315,56.477474,11.488346,37.2933,37.3394
512166074.47477865,56.480385999999996,11.486654,37.2609,37.3070
512166074.5257141,56.483298,11.484962999999999,37.1560,37.2021
512166074.57664967,56.486208999999995,11.48327,37.2853,37.3314
512166074.6275851,56.489121,11.481577999999999,37.2598,37.3059
512166074.6785207,56.492033,11.479885,37.1635,37.2096
512166074.7294561,56.494944999999994,11.478193,37.1474,37.1935
512166074.78039163,56.497856999999996,11.476498999999999,37.1678,37.2139
512166074.83132714,56.500768,11.474806,37.2531,37.2992
512166074.88226265,56.503679999999996,11.473113,37.2143,37.2604
512166074.9331982,56.506592,11.471419,37.2020,37.2481
512166074.98413366,56.509504,11.469724999999999,37.2648,37.3109
512166075.035068,56.512415,11.468031,37.2312,37.2773
512166075.0860035,56.515327,11.466336,37.2393,37.2854
512166075.136939,56.518238999999994,11.464642,37.2672,37.3133
512166075.1878745,56.52115,11.462947,37.2469,37.2930
512166075.23881,56.524062,11.461252,37.2493,37.2954
512166075.2897455,56.526973,11.459556,37.2972,37.3433
512166075.340681,56.529885,11.457861,37.2570,37.3031
512166075.3916165,56.532796,11.456164999999999,37.2788,37.3249
512166075.4425521,56.535708,11.454469,37.1271,37.1732
512166075.49348754,56.538619999999995,11.452772999999999,37.3539,37.4000
512166075.5444231,56.541531,11.451075999999999,37.2494,37.2955
512166075.59535855,56.544442999999994,11.449378999999999,37.2409,37.2870
512166075.6462941,56.547354,11.447683,37.2545,37.3006
512166075.69722956,56.550264999999996,11.445985,37.2357,37.2818
512166075.7481651,56.553177,11.444288,37.3057,37.3518
512166075.79910064,56.556087999999995,11.44259,37.3177,37.3638
512166075.8500361,56.559,11.440892,37.2645,37.3106
512166075.90097165,56.561910999999995,11.439193999999999,37.3824,37.4285
512166075.95190716,56.564822,11.437496,37.1806,37.2267
512166076.0028426,56.567733999999994,11.435798,37.1974,37.2435
512166076.05377907,56.570645,11.434099,37.3427,37.3888
512166076.1047146,56.573555999999996,11.4324,37.3038,37.3499
512166076.1556501,56.576468,11.430701,37.2233,37.2694
512166076.2065856,56.579378999999996,11.429001,37.3567,37.4028
512166076.25752115,56.58229,11.427302,37.3517,37.3978
512166076.3084566,56.585201,11.425602,37.3373,37.3834
512166076.3593921,56.588111999999995,11.423900999999999,37.2992,37.3453
512166076.4103276,56.591024,11.422201,37.3155,37.3616
512166076.4612631,56.593934999999995,11.420501,37.3346,37.3807
512166076.5121987,56.596846,11.4188,37.2956,37.3417
512166076.56313413,56.599757,11.417099,37.3061,37.3522
512166076.61406964,56.602667999999994,11.415396999999999,37.4038,37.4499
512166076.66500515,56.605579,11.413696,37.3766,37.4227
512166076.71594065,56.608489999999996,11.411994,37.3878,37.4339
512166076.7668762,56.611401,11.410292,37.3773,37.4234
512166076.81781167,56.614312,11.40859,37.3684,37.4145
512166076.86874723,56.617222999999996,11.406888,37.3793,37.4254
512166076.9196827,56.620134,11.405185,37.4598,37.5059
512166076.97061825,56.623045,11.403482,37.3309,37.3770
512166077.02155375,56.625955999999995,11.401779,37.3438,37.3899
512166077.072488,56.628867,11.400076,37.4088,37.4549
512166077.1234236,56.631778,11.398372,37.3763,37.4224
512166077.174359,56.634688999999995,11.396668,37.4456,37.4917
512166077.2252946,56.6376,11.394964,37.4526,37.4987
512166077.2762301,56.64051,11.39326,37.2917,37.3378
512166077.32716554,56.643421,11.391556,37.3435,37.3896
512166077.3781011,56.646331999999994,11.389851,37.3455,37.3916
512166077.42903656,56.649243,11.388145999999999,37.3723,37.4184
512166077.4799721,56.652153999999996,11.386441,37.4310,37.4771
512166077.53090763,56.655063999999996,11.384735,37.3102,37.3563
512166077.58184314,56.657975,11.38303,37.4303,37.4764
512166077.63277864,56.660886,11.381324,37.3574,37.4035
512166077.6837141,56.663796,11.379617999999999,37.3728,37.4189
512166077.73464966,56.666706999999995,11.377912,37.4004,37.4465
512166077.7855851,56.669618,11.376204999999999,37.4586,37.5047
512166077.83652055,56.672528,11.374497999999999,37.3177,37.3638
512166077.8874561,56.675439,11.372791,37.3835,37.4296
512166077.93839186,56.678349999999995,11.371084,37.3412,37.3873
512166077.9893274,56.681259999999995,11.369377,37.3804,37.4265
512166078.04026395,56.684171,11.367669,37.2995,37.3456
512166078.09119946,56.687081,11.365960999999999,37.3662,37.4123
512166078.1421349,56.689992,11.364253,37.3642,37.4103
512166078.1930705,56.692902,11.362544,37.4281,37.4742
512166078.2440059,56.695812999999994,11.360835999999999,37.3652,37.4113
512166078.2949415,56.698722999999994,11.359126999999999,37.3869,37.4330
512166078.345877,56.701634,11.357418,37.4175,37.4636
512166078.39681226,56.704544,11.355708,37.4637,37.5098
512166078.44774777,56.707454,11.353999,37.4335,37.4796
512166078.49868333,56.710364999999996,11.352288999999999,37.2644,37.3105
512166078.5496188,56.713274999999996,11.350579,37.4849,37.5310
512166078.6005543,56.716186,11.348868999999999,37.4199,37.4660
512166078.6514898,56.719096,11.347158,37.4665,37.5126
512166078.70242524,56.722006,11.345448,37.3608,37.4069
512166078.75336087,56.724916,11.343736999999999,37.3758,37.4219
512166078.80429626,56.727827,11.342025999999999,37.3228,37.3689
512166078.85523176,56.730737,11.340314,37.4256,37.4717
512166078.9061673,56.733647,11.338602999999999,37.3379,37.3840
512166078.9571028,56.736557,11.336891,37.3479,37.3940
512166079.00803834,56.739467999999995,11.335179,37.3794,37.4255
512166079.0589729,56.742377999999995,11.333466,37.3981,37.4442
512166079.10990834,56.745287999999995,11.331754,37.3753,37.4214
512166079.1608439,56.748197999999995,11.330041,37.2530,37.2991
512166079.21177936,56.751107999999995,11.328327999999999,37.4211,37.4672
512166079.26271486,56.754017999999995,11.326615,37.3656,37.4117
512166079.31365037,56.756927999999995,11.324900999999999,37.4605,37.5066
512166079.36458564,56.759837999999995,11.323188,37.2916,37.3377
512166079.41552114,56.762747999999995,11.321474,37.3088,37.3549
512166079.46645665,56.765657999999995,11.319759999999999,37.3178,37.3639
512166079.5173922,56.768567999999995,11.318045,37.3326,37.3787
512166079.56832767,56.771477999999995,11.316331,37.3427,37.3888
512166079.61926323,56.774387999999995,11.314616,37.3511,37.3972
512166079.6701987,56.777297999999995,11.312901,37.2388,37.2849
512166079.7211342,56.780207999999995,11.311185,37.4001,37.4462
512166079.77206975,56.783117999999995,11.30947,37.3385,37.3846
512166079.8230052,56.786027999999995,11.307754,37.4145,37.4606
512166079.87394077,56.788937999999995,11.306038,37.4642,37.5103
512166079.9248763,56.791847,11.304321999999999,37.2943,37.3404
512166079.9758118,56.794757,11.302605,37.3426,37.3887
512166080.0267482,56.797667,11.300887999999999,37.3160,37.3621
512166080.0776838,56.800577,11.299171,37.4789,37.5250
512166080.1286192,56.803487,11.297454,37.4348,37.4809
512166080.17955476,56.806396,11.295736999999999,37.4519,37.4980
512166080.2304902,56.809306,11.294018999999999,37.4203,37.4664
512166080.2814257,56.812216,11.292301,37.3772,37.4234
512166080.3323613,56.815124999999995,11.290583,37.3920,37.4382
512166080.3832967,56.818034999999995,11.288865,37.4272,37.4734
512166080.43423223,56.820944999999995,11.287146,37.4485,37.4947
512166080.48516774,56.823854,11.285427,37.3997,37.4459
512166080.53610325,56.826764,11.283707999999999,37.4046,37.4507
512166080.5870388,56.829673,11.281989,37.4738,37.5199
512166080.63797426,56.832583,11.280268999999999,37.3830,37.4291
512166080.68890977,56.835493,11.27855,37.4076,37.4537
512166080.73984534,56.838401999999995,11.27683,37.4358,37.4819
512166080.7907808,56.841311999999995,11.275108999999999,37.3914,37.4376
512166080.84171635,56.844221,11.273389,37.4288,37.4750
512166080.8926518,56.84713,11.271668,37.3486,37.3948
512166080.94358736,56.85004,11.269947,37.3983,37.4445
512166080.99452287,56.852948999999995,11.268226,37.4622,37.5084
512166081.0454571,56.855858999999995,11.266504999999999,37.4542,37.5004
512166081.0963927,56.858768,11.264783,37.3562,37.4024
512166081.14732814,56.861677,11.263060999999999,37.4070,37.4532
512166081.1982637,56.864587,11.261339,37.4320,37.4782
512166081.2491992,56.867495999999996,11.259616999999999,37.4168,37.4630
512166081.3001347,56.870405,11.257894,37.3735,37.4197
512166081.3510702,56.873315,11.256172,37.4536,37.4998
512166081.4020057,56.876224,11.254449,37.4421,37.4883
512166081.45294124,56.879132999999996,11.252725,37.4183,37.4645
512166081.50387675,56.882042,11.251002,37.4211,37.4673
512166081.55481225,56.884952,11.249278,37.5359,37.5821
512166081.60574776,56.887861,11.247554,37.4379,37.4841
512166081.65668327,56.890769999999996,11.24583,37.3782,37.4244
512166081.7076188,56.893679,11.244105,37.3671,37.4133
512166081.7585543,56.896587999999994,11.242381,37.4865,37.5327
512166081.8094898,56.899497,11.240656,37.4306,37.4768
512166081.86042523,56.902406,11.238931,37.4758,37.5220
512166081.9113608,56.905314999999995,11.237205,37.4897,37.5359
512166081.96229625,56.908224,11.235479999999999,37.4285,37.4747
512166082.01323175,56.911133,11.233754,37.4050,37.4512
512166082.0641683,56.914041999999995,11.232028,37.4517,37.4979
512166082.1151037,56.916951,11.230300999999999,37.3532,37.3994
512166082.1660393,56.91986,11.228575,37.4971,37.5433
512166082.21697474,56.922768999999995,11.226847999999999,37.4279,37.4741
512166082.2679103,56.925678,11.225121,37.4430,37.4892
512166082.3188458,56.928587,11.223393999999999,37.4571,37.5033
512166082.36978126,56.931495999999996,11.221665999999999,37.4256,37.4718
512166082.4207168,56.934405,11.219939,37.4328,37.4790
512166082.4716523,56.937314,11.218211,37.3603,37.4065
512166082.52258784,56.940222999999996,11.216482,37.3485,37.3947
512166082.57352334,56.943130999999994,11.214754,37.4184,37.4646
512166082.62445885,56.946039999999996,11.213025,37.4164,37.4626
512166082.67539436,56.948949,11.211295999999999,37.3988,37.4450
512166082.7263298,56.951857999999994,11.209567,37.4551,37.5013
512166082.7772653,56.954766,11.207837999999999,37.4640,37.5102
512166082.82820064,56.957674999999995,11.206107999999999,37.4305,37.4767
512166082.8791361,56.960584,11.204378,37.4240,37.4702
512166082.93007165,56.963493,11.202648,37.5080,37.5542
512166082.9810071,56.966401,11.200918,37.3602,37.4064
512166083.0319417,56.96931,11.199187,37.3931,37.4393
512166083.0828772,56.972218,11.197457,37.4717,37.5179
512166083.1338127,56.975127,11.195725999999999,37.4893,37.5355
512166083.1847482,56.978035,11.193994,37.4822,37.5284
512166083.23568374,56.980944,11.192262999999999,37.4690,37.5152
512166083.2866192,56.983852999999996,11.190531,37.3726,37.4188
512166083.3375547,56.986760999999994,11.188799,37.4179,37.4641
512166083.3884902,56.98967,11.187066999999999,37.4846,37.5308
512166083.4394257,56.992577999999995,11.185334,37.4976,37.5438
512166083.4903613,56.995486,11.183601999999999,37.4725,37.5187
512166083.5412967,56.998394999999995,11.181868999999999,37.4082,37.4544
512166083.5922322,57.001303,11.180136,37.4854,37.5316
512166083.64316773,57.004211999999995,11.178402,37.5143,37.5605
512166083.69410324,57.00712,11.176668999999999,37.4110,37.4572
512166083.74503905,57.010028,11.174935,37.4633,37.5095
512166083.79597425,57.012937,11.173200999999999,37.4931,37.5393
512166083.8469098,57.015845,11.171465999999999,37.4502,37.4964
512166083.8978453,57.018753,11.169732,37.4557,37.5019
512166083.9487808,57.021662,11.167997,37.4821,37.5283
512166083.99971634,57.02457,11.166262,37.3371,37.3833
512166084.050653,57.027477999999995,11.164525999999999,37.4553,37.5015
512166084.10158855,57.030386,11.162791,37.4629,37.5091
512166084.1525238,57.033294999999995,11.161055,37.4510,37.4972
512166084.2034592,57.036203,11.159319,37.4252,37.4714
512166084.2543948,57.039111,11.157582999999999,37.3906,37.4368
512166084.3053303,57.042018999999996,11.155846,37.4470,37.4932
512166084.3562658,57.044926999999994,11.15411,37.3971,37.4433
512166084.4072013,57.047835,11.152372999999999,37.4013,37.4475
512166084.4581368,57.050743,11.150635,37.4152,37.4614
512166084.5090723,57.053650999999995,11.148897999999999,37.4088,37.4550
512166084.5600078,57.056559,11.14716,37.4213,37.4675
512166084.6109433,57.059467,11.145422,37.4176,37.4638
512166084.6618788,57.062374999999996,11.143684,37.4232,37.4694
512166084.7128144,57.065283,11.141945999999999,37.3226,37.3688
512166084.76374984,57.068191,11.140207,37.4629,37.5091
512166084.8146854,57.071099,11.138468,37.4313,37.4775
512166084.86562085,57.074006999999995,11.136728999999999,37.4659,37.5121
512166084.91655636,57.076915,11.13499,37.4151,37.4613
512166084.9674919,57.079823,11.13325,37.4662,37.5124
512166085.0184274,57.082730999999995,11.131509999999999,37.4621,37.5083
512166085.069362,57.085637999999996,11.129769999999999,37.4408,37.4870
512166085.1202972,57.088546,11.128029999999999,37.4422,37.4884
512166085.1712327,57.091454,11.12629,37.4881,37.5343
512166085.2221682,57.094362,11.124549,37.4386,37.4848
512166085.2731037,57.097269999999995,11.122808,37.3941,37.4403
512166085.3240393,57.100176999999995,11.121067,37.4239,37.4701
512166085.3749747,57.103085,11.119325,37.4434,37.4896
512166085.4259103,57.105993,11.117583,37.3421,37.3883
512166085.47684574,57.1089,11.115841,37.4316,37.4778
512166085.5277813,57.111807999999996,11.114099,37.4497,37.4959
512166085.5787168,57.114715999999994,11.112357,37.3872,37.4334
512166085.62965226,57.117622999999995,11.110614,37.3936,37.4398
512166085.6805878,57.120531,11.108870999999999,37.4699,37.5161
512166085.73152333,57.123438,11.107128,37.4623,37.5085
512166085.78245884,57.126346,11.105383999999999,37.4487,37.4949
512166085.83339435,57.129253,11.103641,37.4029,37.4491
512166085.88432986,57.132160999999996,11.101897,37.4480,37.4942
512166085.9352653,57.135068,11.100152999999999,37.3590,37.4052
512166085.98620087,57.137975999999995,11.098408,37.4182,37.4644
512166086.0371373,57.140882999999995,11.096663999999999,37.5508,37.5970
512166086.0880728,57.143791,11.094918999999999,37.4644,37.5106
512166086.13900834,57.146698,11.093174,37.4973,37.5435
512166086.1899438,57.149606,11.091427999999999,37.4299,37.4761
512166086.2408793,57.152513,11.089682999999999,37.4639,37.5101
512166086.2918148,57.15542,11.087937,37.2976,37.3438
512166086.3427503,57.158328,11.086191,28.6780,28.7242
512166086.3936859,57.161235,11.084444999999999,30.9576,31.0038
512166086.4446213,57.164142,11.082697999999999,32.1384,32.1846
512166086.4955569,57.167049,11.080950999999999,32.8103,32.8565
512166087.8708143,57.245537999999996,11.033697,40.4685,40.5147
512166088.07455736,57.257165,11.026682,41.1520,41.1982
512166088.1254929,57.260070999999996,11.024927,45.6092,45.6554
512166088.2273639,57.265884,11.021417,43.3669,43.4131
512166088.27829933,57.268791,11.019662,44.2609,44.3071
512166088.3292349,57.271696999999996,11.017907,44.5520,44.5982
512166088.4311059,57.27751,11.014395,46.4729,46.5191
512166088.48204136,57.280417,11.012639,47.0669,47.1131
512166088.68578315,57.292043,11.005612,48.3431,48.3893
512166088.73671865,57.294948999999995,11.003853999999999,48.3741,48.4203
512166088.78765416,57.297855,11.002097,48.0758,48.1220
512166088.83858967,57.300762,11.000339,47.3337,47.3799
512166089.55168563,57.341448,10.975702,35.4322,35.4784
512166089.6026211,57.344353999999996,10.973941,35.8062,35.8524
512166089.65355664,57.34726,10.972178999999999,37.4368,37.4830
512166089.7044924,57.350165999999994,10.970417,37.3421,37.3883
512166089.75542784,57.353072,10.968655,36.6613,36.7075
512166089.8063634,57.355978,10.966892,37.0466,37.0928
512166089.85729885,57.358883999999996,10.965129,37.4571,37.5033
512166089.9082344,57.36179,10.963365999999999,37.3272,37.3734
512166089.9591699,57.364695999999995,10.961603,37.3378,37.3840
512166090.01010543,57.367601,10.959838999999999,37.4521,37.4983
512166090.06104183,57.370506999999996,10.958076,37.3957,37.4419
512166090.11197734,57.373413,10.956311999999999,37.2200,37.2662
512166090.16291285,57.376318999999995,10.954547,37.2336,37.2798
512166090.21384835,57.379225,10.952783,37.4943,37.5405
512166090.26478386,57.382130999999994,10.951018,37.1518,37.1980
512166090.31571937,57.385036,10.949252999999999,37.3063,37.3525
512166090.3666549,57.387941999999995,10.947488,37.4124,37.4586
512166090.4175904,57.390848,10.945722,37.3703,37.4165
512166090.4685259,57.393753,10.943957,37.3812,37.4274
512166090.51946145,57.396659,10.942191,37.3778,37.4240
512166090.5703969,57.399564999999996,10.940424,37.4205,37.4667
512166090.62133247,57.402469999999994,10.938658,37.4682,37.5144
512166090.6722679,57.405376,10.936891,37.4010,37.4472
512166090.7232035,57.408280999999995,10.935124,37.4368,37.4830
512166090.774139,57.411187,10.933356999999999,37.4549,37.5011
512166090.82507443,57.414092,10.93159,37.4732,37.5194
512166090.87601,57.416998,10.929822,37.3065,37.3527
512166090.9269455,57.419903,10.928054,37.3895,37.4357
512166090.977881,57.422809,10.926286,37.4658,37.5120
512166091.0288153,57.425714,10.924517,37.4275,37.4737
512166091.0797508,57.428619999999995,10.922749,37.4744,37.5206
512166091.13068634,57.431525,10.92098,37.4876,37.5338
512166091.1816218,57.43443,10.919210999999999,37.4427,37.4889
512166091.23255736,57.437335999999995,10.917441,37.4018,37.4480
512166091.2834928,57.440241,10.915671,37.4285,37.4747
512166091.33442837,57.443146,10.913902,37.3391,37.3853
512166091.3853639,57.446051999999995,10.912130999999999,37.3989,37.4451
512166091.43629926,57.448957,10.910361,37.3965,37.4427
512166091.4872349,57.451862,10.90859,37.3954,37.4416
512166091.53817034,57.454767999999994,10.906818999999999,37.2678,37.3140
512166091.5891059,57.457673,10.905047999999999,37.4041,37.4503
512166091.64004135,57.460578,10.903277,37.4346,37.4808
512166091.6909768,57.463483,10.901505,37.2993,37.3455
512166091.74191236,57.466387999999995,10.899733,37.3950,37.4412
512166091.7928479,57.469293,10.897960999999999,37.2753,37.3215
512166091.8437834,57.472198999999996,10.896189,37.4197,37.4659
512166091.8947189,57.475103999999995,10.894416,37.4074,37.4536
512166091.9456544,57.478009,10.892643,37.3913,37.4375
512166091.9965899,57.480914,10.89087,37.3111,37.3573
512166092.04752636,57.483819,10.889097,37.4393,37.4855
512166092.0984619,57.486723999999995,10.887323,37.4364,37.4826
512166092.1493974,57.489629,10.885549,37.4830,37.5292
512166092.20033294,57.492534,10.883775,37.3258,37.3720
512166092.2512684,57.495439,10.882000999999999,37.3993,37.4455
512166092.30220395,57.498343999999996,10.880225999999999,37.3337,37.3799
512166092.35313946,57.501248999999994,10.878451,37.3638,37.4100
512166092.4040749,57.504154,10.876676,37.3484,37.3946
512166092.4550104,57.507058,10.874901,37.2710,37.3172
512166092.5059459,57.509963,10.873125,37.3079,37.3541
512166092.55688137,57.512868,10.871349,37.3654,37.4116
512166092.60781693,57.515772999999996,10.869572999999999,37.3820,37.4282
512166092.6587524,57.518677999999994,10.867797,37.4011,37.4473
512166092.70968795,57.521581999999995,10.866019999999999,37.3705,37.4167
512166092.76062346,57.524487,10.864244,37.2299,37.2761
512166092.81155896,57.527392,10.862466,37.4401,37.4863
512166092.86249447,57.530297,10.860688999999999,37.4540,37.5002
512166092.9134299,57.533201,10.858910999999999,37.3677,37.4139
512166092.96436524,57.536106,10.857134,37.4347,37.4809
512166093.01530075,57.539010999999995,10.855355999999999,37.3885,37.4347
512166093.0662353,57.541914999999996,10.853577,37.3742,37.4204
512166093.1171708,57.544819999999994,10.851799,37.3500,37.3962
512166093.1681063,57.547723999999995,10.850019999999999,37.2727,37.3189
512166093.2190418,57.550629,10.848241,37.2374,37.2836
512166093.26997733,57.553532999999995,10.846461,37.3458,37.3920
512166093.32091284,57.556438,10.844681999999999,37.2787,37.3249
512166093.37184834,57.559342,10.842901999999999,37.2264,37.2726
512166093.42278385,57.562247,10.841122,37.3878,37.4340
512166093.47371936,57.565151,10.839342,37.2980,37.3442
512166093.52465487,57.568056,10.837560999999999,37.2676,37.3138
512166093.5755904,57.57096,10.83578,37.2804,37.3266
512166093.6265259,57.573865,10.833999,37.3001,37.3463
512166093.6774614,57.576769,10.832218,37.2613,37.3075
512166093.7283969,57.579673,10.830435999999999,37.3180,37.3642
512166093.77933246,57.582578,10.828654,37.2253,37.2715
512166093.8302679,57.585482,10.826872,37.2612,37.3074
512166093.8812035,57.588386,10.82509,37.3998,37.4460
512166093.9321387,57.59129,10.823307,37.1951,37.2413
512166093.9830742,57.594195,10.821525,37.1806,37.2268
512166094.0340109,57.597099,10.819740999999999,37.2601,37.3063
512166094.0849464,57.600002999999994,10.817957999999999,37.1491,37.1953
512166094.13588184,57.602906999999995,10.816175,37.1425,37.1887
512166094.1868174,57.605810999999996,10.814390999999999,37.1686,37.2148
512166094.2377526,57.608715999999994,10.812607,37.1620,37.2082
512166094.2886882,57.611619999999995,10.810822,37.0810,37.1272
512166094.3396237,57.614523999999996,10.809038,37.1304,37.1766
512166094.3905592,57.617428,10.807253,36.9736,37.0198
512166094.4414947,57.620332,10.805468,37.1069,37.1531
512166094.49243027,57.623236,10.803682,37.1208,37.1670
512166094.5433657,57.62614,10.801897,37.0247,37.0709
512166094.5943012,57.629044,10.800111,37.0911,37.1373
512166094.64523673,57.631947999999994,10.798325,37.0949,37.1411
512166094.69617224,57.634851999999995,10.796539,36.9179,36.9641
512166094.74710774,57.637755999999996,10.794751999999999,37.1696,37.2158
512166094.79804325,57.64066,10.792964999999999,37.0465,37.0927
512166094.8489788,57.643564,10.791178,37.0457,37.0919
512166094.89991426,57.646466999999994,10.789391,37.0854,37.1316
512166094.9508498,57.649370999999995,10.787602999999999,37.1265,37.1727
512166095.00178534,57.652274999999996,10.785815,37.0466,37.0928
512166095.05271983,57.655179,10.784027,37.0845,37.1307
512166095.1036554,57.658083,10.782238999999999,37.0718,37.1180
512166095.15459085,57.660985999999994,10.78045,37.0862,37.1324
512166095.2055262,57.663889999999995,10.778661999999999,37.0257,37.0719
512166095.2564616,57.666793999999996,10.776872,37.0323,37.0785
512166095.3073971,57.669697,10.775082999999999,37.0046,37.0508
512166095.3583327,57.672601,10.773292999999999,36.9606,37.0068
512166095.40926814,57.675504999999994,10.771504,37.0223,37.0685
512166095.46020395,57.678408,10.769713,36.9586,37.0048
512166095.51113945,57.681312,10.767923,37.0022,37.0484
512166095.5620749,57.684216,10.766131999999999,36.9024,36.9486
512166095.6130104,57.687118999999996,10.764342,37.0563,37.1025
512166095.6639459,57.690023,10.762551,36.9967,37.0429
512166095.7148814,57.692926,10.760759,37.0584,37.1046
512166095.7658169,57.69583,10.758968,36.8714,36.9176
512166095.8167524,57.698733,10.757176,37.0336,37.0798
512166095.86768794,57.701637,10.755384,36.9377,36.9839
512166095.91862345,57.704539999999994,10.753591,36.9416,36.9878
512166095.96955895,57.707443999999995,10.751799,36.9314,36.9776
512166096.02049446,57.710347,10.750005999999999,36.9409,36.9871
512166096.0714309,57.713249999999995,10.748211999999999,36.9680,37.0142
512166096.1223664,57.716153999999996,10.746419,36.9195,36.9658
512166096.17330194,57.719057,10.744625,36.9657,37.0119
512166096.22423744,57.721959999999996,10.742832,37.0056,37.0518
512166096.27517295,57.724864,10.741037,36.9117,36.9579
512166096.3261085,57.727767,10.739243,36.9207,36.9670
512166096.37704396,57.730669999999996,10.737447999999999,36.8996,36.9458
512166096.4279795,57.733573,10.735653,36.8997,36.9459
512166096.478915,57.736477,10.733858,36.8902,36.9364
512166096.52985054,57.73938,10.732063,36.9112,36.9575
512166096.58078605,57.742283,10.730267,36.9408,36.9871
512166096.63172144,57.745186,10.728470999999999,37.0008,37.0470
512166096.682657,57.748089,10.726675,36.9640,37.0102
512166096.7335925,57.750992,10.724879,36.9685,37.0148
512166096.78452796,57.753895,10.723082,36.9330,36.9793
512166096.8354635,57.756799,10.721285,36.9020,36.9483
512166096.88639903,57.759702,10.719488,36.8650,36.9112
512166096.93733454,57.762605,10.71769,36.8428,36.8891
512166096.98827004,57.765508,10.715893,36.8016,36.8479
512166097.0392043,57.768409999999996,10.714095,36.7974,36.8437
512166097.0901399,57.771313,10.712297,36.9054,36.9517
512166097.1410753,57.774215999999996,10.710498,36.9253,36.9716
512166097.1920109,57.777119,10.708699,36.7602,36.8065
512166097.2429463,57.780021999999995,10.7069,36.8982,36.9445
512166097.2938819,57.782925,10.705100999999999,36.8735,36.9198
512166097.3448174,57.785827999999995,10.703301999999999,36.9691,37.0154
512166097.39575285,57.788731,10.701502,36.8491,36.8954
512166097.4466884,57.791633,10.699702,36.8988,36.9451
512166097.49762386,57.794536,10.697902,36.8977,36.9440
512166097.5485594,57.797439,10.696100999999999,36.8578,36.9041
512166097.59949493,57.800342,10.694301,36.9053,36.9516
512166097.65043044,57.803244,10.692499999999999,36.8846,36.9309
512166097.70136595,57.806146999999996,10.690698,36.8814,36.9277
512166097.7523015,57.80905,10.688896999999999,36.7629,36.8092
512166097.80323696,57.811952,10.687095,36.8934,36.9397
512166097.85417247,57.814854999999994,10.685293,36.8460,36.8923
512166097.905108,57.817758,10.683491,36.8597,36.9060
512166097.9560435,57.82066,10.681688,36.8530,36.8993
512166098.00697905,57.823563,10.679884999999999,36.8286,36.8749
512166098.05791545,57.826465,10.678082,36.8446,36.8909
512166098.1088509,57.829367999999995,10.676279,36.8613,36.9076
512166098.15978646,57.832269999999994,10.674476,36.8796,36.9259
512166098.2107219,57.835173,10.672672,36.7878,36.8341
512166098.2616575,57.838074999999996,10.670867999999999,36.8197,36.8660
512166098.3125929,57.840978,10.669063,36.7995,36.8458
512166098.3635285,57.84388,10.667259,36.9031,36.9494
512166098.414464,57.846782999999995,10.665453999999999,36.8123,36.8586
512166098.46539944,57.849685,10.663649,36.8852,36.9315
512166098.516335,57.852587,10.661843,36.7642,36.8105
512166098.5672705,57.855489999999996,10.660038,36.8872,36.9335
512166098.618206,57.858391999999995,10.658232,36.8853,36.9316
512166098.6691413,57.861294,10.656426,36.8753,36.9216
512166098.72007674,57.864197,10.65462,36.8282,36.8745
512166098.7710123,57.867098999999996,10.652813,36.8681,36.9144
512166098.8219478,57.870000999999995,10.651005999999999,36.8637,36.9100
512166098.8728833,57.872903,10.649199,36.7468,36.7931
512166098.9238188,57.875805,10.647390999999999,36.9009,36.9472
512166098.9747544,57.878707999999996,10.645584,36.7860,36.8323
512166099.0256889,57.881609999999995,10.643775999999999,36.7153,36.7616
512166099.0766244,57.884512,10.641968,36.8241,36.8704
512166099.1275599,57.887414,10.640158999999999,36.7736,36.8199
512166099.1784954,57.890316,10.638351,36.7289,36.7752
512166099.2294309,57.893218,10.636542,36.7726,36.8189
512166099.2803664,57.896119999999996,10.634732999999999,36.8100,36.8563
512166099.331302,57.899021999999995,10.632923,36.8045,36.8508
512166099.38223743,57.901923999999994,10.631113,36.8432,36.8895
512166099.43317294,57.904826,10.629303,36.7109,36.7572
512166099.4841085,57.907728,10.627493,36.7850,36.8313
512166099.53504395,57.91063,10.625682999999999,36.8169,36.8632
512166099.5859795,57.913532,10.623871999999999,36.7612,36.8075
512166099.63691473,57.916433999999995,10.622060999999999,36.8172,36.8635
512166099.6878502,57.919335999999994,10.620249999999999,36.8134,36.8597
512166099.73878574,57.922236999999996,10.618438,36.7999,36.8462
512166099.7897212,57.925138999999994,10.616626,36.7669,36.8132
512166099.8406568,57.928041,10.614813999999999,36.6188,36.6651
512166099.8915922,57.930943,10.613002,36.7940,36.8403
512166099.9425277,57.933845,10.611189999999999,36.8117,36.8580
512166099.9934633,57.936746,10.609377,36.7083,36.7546
512166100.0443997,57.939648,10.607564,36.8296,36.8759
512166100.09533525,57.94255,10.605749999999999,36.7706,36.8169
512166100.14627075,57.945451,10.603937,36.7782,36.8245
512166100.19720626,57.948353,10.602122999999999,36.8105,36.8568
512166100.24814177,57.951254999999996,10.600309,36.8352,36.8815
512166100.29907733,57.954156,10.598495,36.6822,36.7285
512166100.3500128,57.957057999999996,10.59668,36.7473,36.7936
512166100.40094835,57.959959,10.594864999999999,36.7942,36.8405
512166100.4518838,57.962861,10.59305,36.6256,36.6719
512166100.5028193,57.965762,10.591235,36.7604,36.8067
512166100.55375487,57.968664,10.589419,36.8542,36.9005
512166100.6046903,57.971565,10.587603,36.8855,36.9318
512166100.6556259,57.974467,10.585787,36.7267,36.7730
512166100.70656127,57.977368,10.583969999999999,36.7510,36.7973
512166114.0516626,58.736779999999996,10.098934,38.9527,38.9990
512166114.1025982,58.739675999999996,10.097047,38.9219,38.9682
512166114.1535337,58.742571,10.095158999999999,38.9442,38.9905
512166114.2044692,58.745467,10.093271999999999,38.9604,39.0067
512166114.2554047,58.748362,10.091384,38.9837,39.0300
512166114.30634016,58.751256999999995,10.089495999999999,39.0506,39.0969
512166114.3572757,58.754152999999995,10.087607,38.9034,38.9497
512166114.4082112,58.757048,10.085719,39.0533,39.0996
512166114.4591466,58.759944,10.083829999999999,38.9917,39.0380
512166114.51008195,58.762839,10.081940999999999,38.9907,39.0370
512166114.56101745,58.765733999999995,10.080051,39.0162,39.0625
512166114.61195296,58.768629999999995,10.078161,39.1066,39.1529
512166114.66288847,58.771525,10.076271,39.1034,39.1497
512166114.71382403,58.77442,10.074380999999999,39.1130,39.1593
512166114.7647595,58.777314999999994,10.07249,39.2565,39.3028
512166114.81569505,58.780210999999994,10.070599,39.0666,39.1129
512166114.8666305,58.783106,10.068707999999999,39.1206,39.1669
512166114.917566,58.786001,10.066817,39.0198,39.0661
512166114.96850157,58.788895999999994,10.064924999999999,39.1842,39.2305
512166115.019437,58.791790999999996,10.063032999999999,39.1418,39.1881
512166115.07037354,58.794686,10.061141,39.1763,39.2226
512166115.12130904,58.797582,10.059248,39.1744,39.2207
512166115.17224455,58.800477,10.057355,39.2105,39.2568
512166115.22318006,58.803371999999996,10.055462,39.1305,39.1768
512166115.2741155,58.806267,10.053569,39.2659,39.3122
512166115.325051,58.809162,10.051675,39.1912,39.2375
512166115.3759866,58.812056999999996,10.049781,39.3491,39.3953
512166115.426922,58.814951,10.047887,39.2724,39.3186
512166115.47785753,58.817845999999996,10.045992,39.3447,39.3909
512166115.52879304,58.820741,10.044098,39.2958,39.3421
512166115.57972854,58.823636,10.042202,39.2350,39.2813
512166115.63066405,58.826530999999996,10.040307,39.3743,39.4205
512166115.68159956,58.829426,10.038411,39.2262,39.2724
512166115.73253506,58.832321,10.036515999999999,39.2843,39.3305
512166115.7834706,58.835215,10.034619,39.3545,39.4007
512166115.8344061,58.83811,10.032722999999999,39.3826,39.4289
512166115.8853416,58.841004999999996,10.030826,39.3508,39.3970
512166115.93627715,58.8439,10.028929,39.3301,39.3763
512166115.9872126,58.846793999999996,10.027032,39.3500,39.3962
512166116.03814685,58.849689,10.025134,39.5022,39.5484
512166116.0890824,58.852582999999996,10.023235999999999,39.5123,39.5585
512166116.1400179,58.855478,10.021338,39.6176,39.6638
512166116.19095343,58.858373,10.01944,39.5179,39.5641
512166116.24188894,58.861267,10.017541,39.4654,39.5116
512166116.2928245,58.864162,10.015642,39.6123,39.6585
512166116.34375995,58.867056,10.013743,39.4843,39.5305
512166116.3946955,58.869951,10.011842999999999,39.5385,39.5847
512166116.44563097,58.872845,10.009943,39.4897,39.5359
512166116.4965665,58.87574,10.008042999999999,39.5957,39.6419
512166116.54750204,58.878634,10.006143,39.5702,39.6164
512166116.5984375,58.881529,10.004242,39.6462,39.6924
512166116.64937305,58.884423,10.002341,39.6271,39.6733
512166116.7003085,58.887316999999996,10.00044,39.6918,39.7380
512166116.75124407,58.890212,9.998538,39.6193,39.6655
512166116.8021796,58.893105999999996,9.996635999999999,39.6652,39.7114
512166116.853115,58.896,9.994734,39.5814,39.6276
512166116.9040506,58.898894,9.992832,39.5135,39.5597
512166116.9549861,58.901789,9.990929,39.6587,39.7049
512166117.00592166,58.904683,9.989025999999999,39.6216,39.6678
512166117.05685806,58.907576999999996,9.987123,39.7669,39.8131
512166117.1077936,58.910470999999994,9.985218999999999,39.6792,39.7255
512166117.1587291,58.913365,9.983315,39.6998,39.7460
512166117.20966464,58.916259999999994,9.981411,39.7602,39.8065
512166117.26060015,58.919154,9.979507,39.7190,39.7653
512166117.3115356,58.922048,9.977602,39.7808,39.8272
512166117.36247116,58.924941999999994,9.975697,39.7347,39.7810
512166117.4134066,58.927836,9.973792,39.7540,39.8003
512166117.4643422,58.93073,9.971886999999999,39.7179,39.7643
512166117.5152776,58.933623999999995,9.969980999999999,39.7643,39.8107
512166117.5662132,58.936518,9.968074999999999,39.8026,39.8490
512166117.6171487,58.939412,9.966168,39.9230,39.9694
512166117.6680842,58.942305999999995,9.964262,40.0495,40.0960
512166117.7190197,58.9452,9.962354999999999,39.9990,40.0455
512166117.7699552,58.948093,9.960448,39.4676,39.5142
512166118.3811801,58.982817999999995,9.937539,42.5340,42.5810
512166121.13169795,59.139036,9.833941,116.3819,116.4311
512166121.5391817,59.162172999999996,9.818522,145.5086,145.5582
512166121.7938593,59.176632999999995,9.808876,137.7053,137.7550
512166121.8447948,59.179525,9.806946,146.3902,146.4400
512166121.9466658,59.185309,9.803085,143.3134,143.3633
512166121.99760133,59.188201,9.801154,143.0308,143.0807
512166122.96537495,59.243142,9.764408999999999,135.5359,135.5858
512166123.52566653,59.274946,9.743088,126.1246,126.1745
512166125.10466677,59.36456,9.682811,147.9044,147.9542
512166125.2065378,59.37034,9.678912,140.3930,140.4428
512166125.25747323,59.373231,9.676962,146.9449,146.9947
512166129.34686524,59.605202,9.519456,484.2167,484.2665
512166129.44873625,59.610979,9.515507,509.7269,509.7767
512166129.49967176,59.613867,9.513532999999999,509.5773,509.6271
512166129.5506072,59.616755,9.511557999999999,504.7641,504.8139
512166131.79176927,59.743812999999996,9.424361,494.1637,494.2135
512166134.00850224,59.869437,9.337532,715.7027,715.7524
512166134.3650518,59.889638,9.323512,735.1926,735.2423
512166134.5687935,59.901180999999994,9.315493,735.8668,735.9165
512166134.61972904,59.904067,9.313488,753.4597,753.5094
512166134.6706645,59.906952999999994,9.311482,757.3957,757.4454
512166134.72160006,59.909838,9.309476,761.5386,761.5883
512166134.82347107,59.915609999999994,9.305463,761.1223,761.1720
512166135.07814765,59.930037,9.295425,781.6782,781.7279
512166135.4856312,59.95312,9.279347999999999,803.0980,803.1478
512166136.60621125,60.016588999999996,9.235033,866.0005,866.0503
512166136.65714675,60.019473999999995,9.233015,867.2621,867.3119
512166137.833864,60.086109,9.186309,242.5562,242.6060
512166137.8847995,60.088992999999995,9.184284,246.6964,246.7462
512166137.93573505,60.091877,9.182258,253.7298,253.7796
512166138.90351015,60.146668,9.143707,278.4391,278.4888
512166139.4637997,60.178385,9.121335,283.9002,283.9499
512166139.5147353,60.181267999999996,9.119299999999999,284.9524,285.0021
512166139.5656707,60.184152,9.117263999999999,286.1454,286.1951
512166139.6166063,60.187034999999995,9.115226999999999,287.7170,287.7667
512166139.66754174,60.189918,9.113190999999999,289.0845,289.1342
512166139.71847695,60.192800999999996,9.111153999999999,290.5001,290.5498
512166139.7694126,60.195684,9.109116,291.5870,291.6367
512166139.82034796,60.198567,9.107078999999999,291.6632,291.7129
512166140.7881236,60.253339999999994,9.068303,298.4257,298.4754
512166140.94093007,60.261987,9.06217,307.9609,308.0106
512166140.99186563,60.264869999999995,9.060125,307.5802,307.6299
512166144.2901978,60.451465,8.927012,750.8344,750.8840
512166144.3411333,60.454345999999994,8.924946,749.5564,749.6060
512166144.3920688,60.457226,8.922879,749.1155,749.1651
512166144.4430043,60.460107,8.920812,747.3042,747.3539
512166144.4939399,60.462987,8.918745,745.3481,745.3978
512166144.5448753,60.465868,8.916677,744.1693,744.2190
512166144.5958109,60.468748999999995,8.914609,742.0346,742.0842
512166144.6467464,60.471629,8.912541,739.6557,739.7053
512166145.76732653,60.534993,8.866954999999999,678.7853,678.8349
512166145.8182621,60.537873,8.864879,676.8241,676.8737
512166146.1748116,60.558032,8.850337999999999,654.2631,654.3127
512166147.7293815,60.645906999999994,8.78675,1070.3050,1070.3546
512166149.81721735,60.763887,8.700859,1020.8499,1020.8995
512166149.8681528,60.766765,8.698756,1018.6280,1018.6776
512166149.91908836,60.769642,8.696653,1019.0025,1019.0521
512166149.9700239,60.77252,8.69455,1020.3624,1020.4120
512166150.0209594,60.775397,8.692447,1020.6054,1020.6550
512166150.0718958,60.778275,8.690343,1017.4207,1017.4703
512166150.1228313,60.781152999999996,8.688238,1015.8562,1015.9058
512166150.1737668,60.784029999999994,8.686134,1016.5297,1016.5793
512166150.2247023,60.786908,8.684028999999999,1015.9627,1016.0123
512166150.27563787,60.789784999999995,8.681924,1014.8797,1014.9292
512166150.3265733,60.792662,8.679818,1011.1405,1011.1900
512166150.3775088,60.795539999999995,8.677712,1007.1310,1007.1805
512166150.4284443,60.798417,8.675606,1009.4823,1009.5319
512166150.47937983,60.801294999999996,8.673499999999999,995.1808,995.2304
512166150.5303154,60.804171999999994,8.671393,1009.7220,1009.7716
512166150.58125085,60.807049,8.669285,1007.3916,1007.4412
512166151.19247574,60.841573999999994,8.643972,999.3172,999.3667
512166153.15972775,60.952667999999996,8.562165,1570.3022,1570.3517
512166153.26159877,60.958419,8.557915,1567.5096,1567.5591
512166153.31253433,60.961295,8.555788999999999,1566.3510,1566.4005
512166153.4144053,60.967045999999996,8.551537,1570.2907,1570.3402
512166153.4653408,60.969922,8.54941,1568.9540,1569.0035
512166153.5162763,60.972798,8.547283,1571.2439,1571.2934
512166153.56721187,60.975673,8.545156,1561.5004,1561.5499
512166153.7200183,60.9843,8.538772,1563.5087,1563.5582
512166153.8218894,60.990050999999994,8.534514,1558.6077,1558.6572
512166153.9237604,60.995802,8.530255,1564.7883,1564.8378
512166153.97469586,60.998677,8.528125,1558.1990,1558.2485
512166160.60774755,61.372878,8.247735,1210.9741,1211.0234
512166160.8114896,61.384364,8.239027,1212.4011,1212.4504
512166164.0905915,61.569160999999994,8.098082,1448.0225,1448.0719
512166165.00743055,61.620808,8.058402,1437.1133,1437.1626
512166168.2673021,61.804362,7.916347999999999,1581.0241,1581.0733
512166168.52197963,61.818697,7.9051849999999995,1601.4455,1601.4947
512166168.5729151,61.821563,7.902951,1601.9812,1602.0304
512166168.62385035,61.82443,7.900716999999999,1602.5218,1602.5711
512166168.8275924,61.835896999999996,7.8917779999999995,1628.5295,1628.5787
512166168.8785279,61.838764,7.889542,1628.8826,1628.9318
512166168.9294634,61.841631,7.887305,1629.1319,1629.1811
512166168.9803989,61.844497,7.885069,1629.8297,1629.8789
512166169.0313354,61.847364,7.882832,1630.5897,1630.6389
512166169.5406904,61.876028,7.860441,1666.1563,1666.2055
512166169.591626,61.878893999999995,7.858199,1663.0938,1663.1430
512166174.4835124,62.154024,7.641171,1514.8474,1514.8965
512166174.6363189,62.162614,7.634334,1522.4488,1522.4979
512166174.78912544,62.171203,7.6274939999999996,1512.7642,1512.8133
512166175.8078363,62.228457,7.581803,1548.0658,1548.1149
512166177.70700383,62.335159,7.496200999999999,1215.2426,1215.2916
512166178.98039055,62.406678,7.438496,1178.5719,1178.6209
512166179.43881106,62.432418999999996,7.417661,1156.3874,1156.4362
512166179.48974663,62.435278999999994,7.415343999999999,1155.2297,1155.2784
512166179.5406821,62.438139,7.413027,1153.6827,1153.7314
512166179.69348884,62.446718999999995,7.406072,1147.8614,1147.9101
512166179.9481661,62.461017999999996,7.394473,1133.7864,1133.8349
512166180.88060045,62.513361999999994,7.35192,25.6084,25.6552
512166180.93153596,62.516222,7.3495919999999995,25.8139,25.8607
512166180.98247147,62.519081,7.347263,24.2230,24.2696
512166181.033408,62.521939999999994,7.344933999999999,25.1318,25.1784
512166181.08434343,62.524798999999994,7.342604,25.6570,25.7036
512166181.13527894,62.527657999999995,7.340274,26.0480,26.0946
512166181.18621445,62.530516,7.337943999999999,26.4350,26.4816
512166181.23714995,62.533375,7.3356129999999995,27.8693,27.9160
512166181.28808546,62.536234,7.333282,29.8146,29.8613
512166181.33902097,62.539092999999994,7.33095,30.8459,30.8926
512166181.3899564,62.541951999999995,7.328618,31.6804,31.7270
512166181.4408919,62.544810999999996,7.3262849999999995,32.2309,32.2776
512166181.4918274,62.547669,7.3239529999999995,32.8693,32.9160
512166181.542763,62.550528,7.321619,33.2166,33.2633
512166181.59369844,62.553386999999994,7.319286,22.4178,22.4645
512166181.644634,62.556245,7.3169509999999995,24.6311,24.6778
512166181.6955695,62.559104,7.314616999999999,27.3894,27.4362
512166181.74650496,62.561961999999994,7.312282,30.1589,30.2057
512166182.7142782,62.616268,7.267841,44.2532,44.2995
512166182.91802025,62.627699,7.258467,43.9863,44.0325
512166183.27457,62.647703,7.242045,43.2553,43.3012
512166183.3255055,62.65056,7.239697,44.4806,44.5265
512166183.376441,62.653417999999995,7.237349,44.5241,44.5699
512166184.0386014,62.690562,7.2067879999999995,41.9528,41.9982
512166184.1914079,62.699132999999996,7.199726,41.5260,41.5714
512166184.2423434,62.701989,7.1973709999999995,41.5111,41.5565
512166184.6498274,62.724843,7.178516,45.3888,45.4342
512166184.700763,62.7277,7.176157,44.8332,44.8786
512166184.9045047,62.739126,7.1667179999999995,44.9125,44.9579
512166184.9554403,62.741982,7.164357,44.5330,44.5784
512166185.10824776,62.750550999999994,7.157272,40.5241,40.5695
512166185.5157319,62.773401,7.138361,27.2328,27.2782
512166185.56666726,62.776256999999994,7.135994999999999,29.5703,29.6157
512166185.61760277,62.779112999999995,7.133629,35.6271,35.6725
512166185.66853833,62.781969,7.1312619999999995,34.9458,34.9912
512166186.9419248,62.853356,7.071961,43.8445,43.8898
512166187.5531518,62.887614,7.043404,36.9785,37.0238
512166187.60408735,62.890468999999996,7.041021,38.4314,38.4767
512166187.6550228,62.893322999999995,7.038638,38.3905,38.4358
512166187.70595837,62.896178,7.036255,39.2503,39.2956
512166187.7568939,62.899032,7.0338709999999995,38.4077,38.4530
512166187.8078294,62.901886999999995,7.031486999999999,40.0211,40.0664
512166187.9606359,62.91045,7.024331999999999,38.3740,38.4193
512166188.8774738,62.961822999999995,6.981319999999999,44.1880,44.2333
512166189.0812168,62.973237999999995,6.971743999999999,44.0684,44.1137
512166189.23402333,62.981798,6.964557,48.5789,48.6242
512166189.28495884,62.984652,6.96216,34.8059,34.8513
512166189.33589435,62.987505,6.959763,31.7877,31.8331
512166189.38682985,62.990359,6.9573659999999995,42.6632,42.7085
512166189.43776536,62.993212,6.954968,45.0334,45.0787
512166189.4887009,62.996064999999994,6.95257,44.9509,44.9962
512166189.5396363,62.998918999999994,6.950171,44.9481,44.9934
512166189.5905719,63.001771999999995,6.947772,44.9612,45.0066
512166189.6415073,63.004625,6.945373,45.0298,45.0752
512166189.6924429,63.007478,6.942972999999999,45.1108,45.1562
512166189.74337834,63.010332,6.9405719999999995,45.0580,45.1034
512166189.79431385,63.013185,6.938172,44.9717,45.0171
512166189.84524935,63.016037999999995,6.93577,44.8721,44.9174
512166189.89618486,63.018890999999996,6.933369,44.9886,45.0340
512166189.94712037,63.021744,6.930967,44.8705,44.9159
512166189.99805593,63.024597,6.928564,44.9449,44.9903
512166190.0489904,63.027449999999995,6.926161,44.8489,44.8943
512166190.09992594,63.030302999999996,6.923757999999999,44.9508,44.9962
512166190.15086144,63.033156,6.921354,44.8674,44.9127
512166190.20179695,63.036007999999995,6.91895,44.8971,44.9425
512166190.2527325,63.038861,6.916544999999999,44.7251,44.7705
512166190.30366796,63.041714,6.91414,44.7422,44.7876
512166190.35460347,63.044567,6.911734999999999,44.7582,44.8036
512166190.40553904,63.047419,6.909329,44.8012,44.8465
512166190.45647424,63.050272,6.906923,44.7494,44.7947
512166190.5074098,63.053124999999994,6.904516,44.7587,44.8041
512166190.55834526,63.055977,6.902108999999999,44.8367,44.8821
512166190.6092808,63.05883,6.899700999999999,44.7915,44.8369
512166190.66021633,63.061682,6.8972929999999995,44.7810,44.8263
512166190.7111518,63.064535,6.8948849999999995,44.7719,44.8172
512166190.76208735,63.067387,6.892475999999999,44.8453,44.8906
512166190.8130228,63.07024,6.890066,44.6630,44.7083
512166190.86395836,63.073091999999995,6.887657,44.5299,44.5753
512166190.91489387,63.075945,6.8852459999999995,44.7653,44.8106
512166190.9658294,63.078796999999994,6.882835999999999,44.7461,44.7914
512166191.0167649,63.081649,6.880425,44.6609,44.7062
512166191.0677013,63.084500999999996,6.878012999999999,44.6490,44.6943
512166191.1186368,63.087354,6.875601,44.4237,44.4690
512166191.1695723,63.090205999999995,6.873189,44.7382,44.7835
512166191.2205078,63.093058,6.870775999999999,44.6750,44.7203
512166191.2714433,63.095909999999996,6.8683629999999996,44.5532,44.5985
512166191.3223788,63.098762,6.865949,44.6377,44.6830
512166191.3733143,63.101614,6.863535,44.6404,44.6857
512166191.4242498,63.104465999999995,6.861121,44.6119,44.6572
512166191.4751854,63.107318,6.858706,44.5845,44.6298
512166191.52612084,63.11017,6.8562899999999996,44.7046,44.7499
512166191.5770564,63.113021999999994,6.853873999999999,44.5927,44.6380
512166191.62799186,63.115874,6.851458,44.5815,44.6268
512166191.6789274,63.118725999999995,6.849042,44.5718,44.6171
512166191.7298629,63.121578,6.846623999999999,44.6391,44.6844
512166191.7807984,63.124429,6.844207,44.5909,44.6362
512166191.83173394,63.127280999999996,6.8417889999999995,44.4945,44.5398
512166191.88266945,63.130132999999994,6.839371,44.5387,44.5840
512166191.93360496,63.132984,6.836951999999999,44.5462,44.5915
512166191.98454046,63.135836,6.834531999999999,44.4565,44.5018
512166192.0354747,63.138687,6.832113,44.5849,44.6302
512166192.0864103,63.141538999999995,6.829693,44.5338,44.5791
512166192.13734573,63.144389999999994,6.827272,44.6296,44.6749
512166192.1882813,63.147242,6.824851,44.5206,44.5659
512166192.23921674,63.150093,6.82243,44.5734,44.6187
512166192.2901523,63.152944999999995,6.820008,44.5646,44.6099
512166192.3410878,63.155795999999995,6.8175859999999995,44.4647,44.5100
512166192.39202327,63.158646999999995,6.815163,44.6740,44.7193
512166192.44295883,63.161499,6.81274,44.4383,44.4836
512166192.49389434,63.16435,6.810315999999999,44.5260,44.5713
512166192.54482985,63.167201,6.807892,44.6047,44.6500
512166192.59576535,63.170052,6.805467999999999,44.5254,44.5707
512166192.64670086,63.172903999999996,6.803043,44.5728,44.6181
512166192.6976363,63.175754999999995,6.800617,44.5140,44.5593
512166192.7485719,63.178605999999995,6.798191999999999,44.5459,44.5912
512166192.7995073,63.181456999999995,6.795764999999999,44.4253,44.4706
512166192.8504428,63.184307999999994,6.793339,44.4639,44.5092
512166192.90137833,63.187158999999994,6.790912,44.4644,44.5097
512166192.95231384,63.190009999999994,6.7884839999999995,44.4262,44.4715
512166193.00324935,63.192861,6.786055999999999,44.5778,44.6231
512166193.05418587,63.195710999999996,6.783627999999999,44.4307,44.4760
512166193.1051213,63.198561999999995,6.781199,44.5103,44.5556
512166454.6079845,76.857464,342.814258,26.2205,26.2522
512166454.65892005,76.85974,342.805341,25.5776,25.6093
512166454.7098555,76.862015,342.796422,24.2702,24.3018
512166454.76079106,76.86429,342.78749899999997,25.1445,25.1761
512166454.81172657,76.866565,342.778573,33.3850,33.4166
512166454.8626621,76.86883999999999,342.76964499999997,33.4677,33.4993
512166454.9135976,76.87111399999999,342.760713,33.3668,33.3984
512166454.9645331,76.87338799999999,342.751778,33.4463,33.4779
512166455.0154686,76.87566199999999,342.742841,33.4206,33.4522
512166455.06640506,76.877935,342.7339,33.5349,33.5665
512166455.11734056,76.880208,342.72495699999996,33.4883,33.5199
512166455.1682761,76.882481,342.71601,33.5674,33.5990
512166455.21921164,76.884753,342.707061,33.4475,33.4791
512166455.2701471,76.88702599999999,342.698108,33.5826,33.6142
512166455.32108265,76.889298,342.689153,33.3882,33.4197
512166455.3720181,76.89156899999999,342.68019499999997,33.4067,33.4383
512166455.4229536,76.89384,342.671233,33.3278,33.3593
512166455.4738891,76.89611099999999,342.662269,33.3581,33.3897
512166455.52482456,76.898382,342.653301,33.2950,33.3265
512166455.57576007,76.90065299999999,342.64433099999997,33.2975,33.3291
512166455.62669563,76.902923,342.635358,33.1471,33.1786
512166455.6776311,76.905193,342.626382,33.1400,33.1716
512166455.72856665,76.907462,342.61740199999997,33.3307,33.3622
512166455.77950215,76.909731,342.60841999999997,33.2570,33.2885
512166455.83043766,76.91199999999999,342.59943499999997,33.3158,33.3473
512166455.88137317,76.91426899999999,342.590447,33.2713,33.3028
512166455.9323086,76.91653699999999,342.581456,33.1710,33.2025
512166455.9832442,76.91880499999999,342.572462,33.3383,33.3698
512166456.03417844,76.92107299999999,342.563465,33.2067,33.2382
512166456.085114,76.92334,342.554465,33.3069,33.3384
512166456.1360495,76.925608,342.545461,33.3485,33.3800
512166456.18698496,76.927874,342.536455,33.2812,33.3126
512166456.2379205,76.93014099999999,342.527446,33.2777,33.3091
512166456.28885597,76.932407,342.51843399999996,33.3250,33.3565
512166456.33979154,76.93467299999999,342.509419,33.2649,33.2964
512166456.39072704,76.936939,342.500401,33.3837,33.4152
512166456.44166255,76.93920399999999,342.49138,33.3015,33.3330
512166456.49259806,76.941469,342.482356,33.2743,33.3058
512166456.5435335,76.94373399999999,342.473329,33.3430,33.3744
512166456.5944691,76.945999,342.464298,33.3563,33.3877
512166456.6454046,76.948263,342.455265,33.3634,33.3948
512166456.6963401,76.950527,342.44622899999996,33.3150,33.3464
512166456.7472756,76.95279,342.43719,33.3228,33.3542
512166456.79821116,76.95505399999999,342.42814799999996,33.4580,33.4895
512166456.8491466,76.95731599999999,342.419102,33.3272,33.3586
512166456.9000822,76.95957899999999,342.410054,33.3818,33.4132
512166456.9510176,76.96184199999999,342.401003,33.3609,33.3923
512166457.0019531,76.96410399999999,342.391949,33.3849,33.4163
512166457.0528896,76.966365,342.38289199999997,33.3074,33.3388
512166457.1038251,76.968627,342.373831,33.3890,33.4204
512166457.15476054,76.970888,342.36476799999997,33.2984,33.3298
512166457.2056961,76.97314899999999,342.355702,33.2936,33.3250
512166457.25663155,76.97541,342.346633,33.3694,33.4007
512166457.3075671,76.97767,342.33756,33.2462,33.2775
512166457.3585026,76.97993,342.328485,33.2489,33.2802
512166457.4094379,76.98218899999999,342.319407,33.3229,33.3542
512166457.4603734,76.984449,342.310325,33.3564,33.3877
512166457.51130885,76.986708,342.301241,33.4351,33.4665
512166457.5622444,76.988967,342.292154,33.2051,33.2365
512166457.61317986,76.991225,342.28306299999997,33.3864,33.4178
512166457.6641154,76.993483,342.27396999999996,33.3346,33.3660
512166457.71505094,76.995741,342.26487299999997,33.4049,33.4363
512166457.76598644,76.997999,342.255774,33.3639,33.3952
512166457.81692195,77.000256,342.246671,33.3467,33.3780
512166457.8678575,77.002513,342.23756499999996,33.4569,33.4882
512166457.91879296,77.004769,342.228457,33.4131,33.4444
512166457.96972847,77.007026,342.219345,33.4265,33.4578
512166458.020664,77.009282,342.21022999999997,33.4331,33.4644
512166458.07159853,77.011538,342.20111299999996,33.4336,33.4649
512166458.1225341,77.01379299999999,342.19199199999997,33.2723,33.3036
512166458.17346954,77.016048,342.182868,33.2046,33.2359
512166458.22440505,77.018303,342.173741,33.1393,33.1706
512166458.27534056,77.020557,342.164611,33.1925,33.2238
512166458.32627606,77.022812,342.15547799999996,33.2429,33.2742
512166458.3772114,77.025066,342.146343,33.4639,33.4952
512166458.42814684,77.02731899999999,342.137203,33.4111,33.4424
512166458.4790824,77.029572,342.128061,33.5174,33.5487
512166458.53001785,77.031825,342.118916,33.5087,33.5399
512166458.58095336,77.034078,342.109768,33.4294,33.4606
512166458.6318889,77.03633099999999,342.100617,33.5010,33.5322
512166458.6828243,77.038583,342.091463,33.4623,33.4935
512166458.73375994,77.04083399999999,342.08230499999996,33.5524,33.5836
512166458.7846953,77.043086,342.073145,33.4839,33.5151
512166458.83563095,77.045337,342.063981,33.4001,33.4313
512166458.8865664,77.04758799999999,342.05481499999996,33.3152,33.3464
512166458.93750185,77.049838,342.045645,33.3893,33.4205
512166458.9884374,77.052089,342.036473,33.2896,33.3208
512166459.0393739,77.054339,342.027297,33.3322,33.3634
512166459.0903094,77.05658799999999,342.01811799999996,33.4383,33.4695
512166459.1412449,77.058838,342.008936,33.4503,33.4815
512166459.1921804,77.061087,341.999752,33.4907,33.5219
512166459.2431159,77.063335,341.990564,33.4329,33.4641
512166459.2940514,77.065584,341.98137299999996,33.5195,33.5506
512166459.3449869,77.067832,341.972178,33.5576,33.5887
512166459.3959224,77.07007999999999,341.96298099999996,33.5259,33.5570
512166459.446858,77.072327,341.953781,33.5594,33.5905
512166459.49779344,77.074574,341.944578,34.0145,34.0456
512166459.54872894,77.076821,341.935372,33.7569,33.7881
512166459.5996645,77.07906799999999,341.926162,33.5442,33.5754
512166459.8034064,77.088051,341.889294,33.1920,33.2231
512166459.854342,77.090296,341.880069,32.8821,32.9132
512166459.90527743,77.09254,341.870841,32.6012,32.6323
512166459.956213,77.094785,341.86161,32.4634,32.4945
512166460.00714844,77.09702899999999,341.852376,32.1342,32.1653
512166460.0580829,77.099273,341.843139,31.8800,31.9112
512166460.10901827,77.10151599999999,341.833899,31.2754,31.3067
512166460.15995383,77.103759,341.824656,30.6439,30.6751
512166460.21088934,77.10600199999999,341.815409,30.3308,30.3621
512166460.2618248,77.108245,341.80616,29.5001,29.5315
512166460.31276035,77.11048699999999,341.796907,29.2573,29.2888
512166460.3636958,77.112729,341.787652,27.7982,27.8297
512166460.4146313,77.11497,341.778393,26.6295,26.6611
512166460.4655669,77.117212,341.76913099999996,26.1193,26.1510
512166460.5165023,77.119453,341.759866,25.2966,25.3283
512166460.5674379,77.121693,341.75059799999997,24.7015,24.7333
512166460.6183734,77.12393399999999,341.741327,24.1443,24.1762
512166460.66930884,77.12617399999999,341.732053,22.8988,22.9307
512166460.7202444,77.128413,341.722775,22.5181,22.5500
512166460.77117985,77.130653,341.71349499999997,21.0068,21.0388
512166460.8221154,77.132892,341.704212,19.4175,19.4496
512166460.8730509,77.135131,341.694925,19.2603,19.2924
512166460.92398643,77.13736899999999,341.685635,19.1414,19.1736
512166460.97492194,77.139607,341.676342,17.7260,17.7583
512166461.02585834,77.141845,341.66704599999997,15.0436,15.0759
512166461.0767939,77.144083,341.657747,18.4629,18.4952
512166461.12772936,77.14632,341.648445,17.7858,17.8181
512166461.1786649,77.148557,341.63914,16.1746,16.2068
512166461.22960037,77.15079399999999,341.62983099999997,15.0399,15.0721
512166461.2805359,77.15303,341.62052,15.8108,15.8431
512166461.3314714,77.155266,341.611205,15.3381,15.3704
512166461.3824069,77.157502,341.601888,13.3357,13.3679
512166461.43334246,77.15973699999999,341.592567,11.5756,11.6078
512166461.4842779,77.16197199999999,341.583243,9.6455,9.6777
512166461.5861489,77.16644099999999,341.56458599999996,6.5943,6.6265
512166463.1651492,77.235551,341.273797,42.8946,42.9258
512166463.67450434,77.257779,341.179348,95.6535,95.6845
512166463.7254398,77.25999999999999,341.16988599999996,96.6831,96.7141
512166464.1838579,77.279975,341.084583,116.9604,116.9913
512166464.48947096,77.293277,341.02757099999997,136.0723,136.1031
512166465.4572467,77.335323,340.846275,98.9411,98.9718
512166467.1194074,77.40726,340.53218699999996,31.5704,31.6009
512166467.17034286,77.409459,340.52250799999996,31.5890,31.6196
512166467.22127837,77.411658,340.51282499999996,31.5950,31.6256
512166467.27221394,77.413856,340.503139,31.6518,31.6824
512166467.3231494,77.416054,340.49345,31.7069,31.7374
512166467.37408495,77.418252,340.48375799999997,31.7013,31.7318
512166467.42502046,77.42044899999999,340.474062,31.4269,31.4575
512166467.4759559,77.422646,340.464363,31.4024,31.4330
512166467.52689147,77.424842,340.454661,31.4374,31.4679
512166467.5778269,77.427038,340.444955,31.5288,31.5593
512166467.6287625,77.429234,340.435247,31.4989,31.5295
512166467.679698,77.43142999999999,340.42553499999997,31.5307,31.5613
512166467.7306335,77.43362499999999,340.415819,31.3838,31.4143
512166467.78156894,77.43581999999999,340.406101,31.3788,31.4093
512166467.8325046,77.438015,340.39637899999997,31.3715,31.4020
512166467.88343996,77.440209,340.38665399999996,31.3832,31.4138
512166467.93437546,77.442403,340.37692599999997,31.3092,31.3397
512166467.98531103,77.44459599999999,340.367194,31.2132,31.2437
512166468.03624535,77.446789,340.35746,31.2527,31.2832
512166468.08718085,77.448982,340.347721,31.1774,31.2079
512166468.13811636,77.45117499999999,340.33797999999996,31.2404,31.2709
512166468.18905187,77.453367,340.328235,31.1067,31.1372
512166468.2399874,77.455559,340.318487,31.2550,31.2855
512166468.2909229,77.45774999999999,340.308736,31.2816,31.3121
512166468.34185827,77.459942,340.29898199999997,31.2741,31.3046
512166468.3927939,77.462132,340.289224,31.2249,31.2554
512166468.44372934,77.464323,340.27946299999996,31.1805,31.2110
512166468.49466485,77.46651299999999,340.269698,31.3254,31.3559
512166468.54560035,77.46870299999999,340.259931,31.1636,31.1941
512166468.59653586,77.47089199999999,340.25016,30.8462,30.8767
512166468.64747137,77.47308199999999,340.240386,30.6814,30.7119
512166468.6984069,77.47527,340.23060799999996,30.5579,30.5884
512166468.7493424,77.477459,340.220828,30.7118,30.7423
512166468.8002779,77.479647,340.21104299999996,28.8708,28.9013
512166468.85121346,77.48183499999999,340.201256,28.7121,28.7426
512166468.9021489,77.484022,340.191465,27.2359,27.2664
512166468.95308447,77.486209,340.181672,27.3949,27.4254
512166469.0040199,77.488396,340.171874,26.4583,26.4888
512166469.05495644,77.490583,340.16207399999996,27.1763,27.2069
512166469.10589194,77.492769,340.15227,28.8307,28.8614
512166469.1568275,77.49495499999999,340.14246299999996,28.4047,28.4355
512166469.20776296,77.49714,340.132652,28.1320,28.1628
512166469.25869846,77.499325,340.122838,27.7027,27.7335
512166469.309634,77.50151,340.113021,27.7704,27.8013
512166469.3605694,77.503694,340.103201,27.9225,27.9535
512166469.41150504,77.505878,340.093377,28.3334,28.3645
512166469.46244043,77.508062,340.083551,28.4885,28.5196
512166469.5133757,77.510245,340.07372,28.9379,28.9691
512166469.5643112,77.512428,340.06388699999997,29.3661,29.3974
512166469.6152467,77.514611,340.05404999999996,29.9026,29.9340
512166469.6661823,77.51679399999999,340.04420999999996,30.3108,30.3423
512166469.7171177,77.518976,340.034366,30.5783,30.6098
512166469.76805323,77.521157,340.024519,30.8234,30.8549
512166470.12460274,77.536419,339.955499,29.8652,29.8970
512166470.43021584,77.549488,339.896209,25.3988,25.4307
512166470.4811513,77.551665,339.88631599999997,26.1441,26.1760
512166470.5320868,77.55384099999999,339.876419,30.7209,30.7528
512166470.5830223,77.556017,339.866519,26.0305,26.0624
512166470.63395774,77.558193,339.856616,30.6957,30.7276
512166470.6848933,77.560369,339.846709,30.7637,30.7956
512166470.7358288,77.562544,339.836799,30.8130,30.8449
512166470.7867643,77.564719,339.826886,30.5520,30.5838
512166470.83769983,77.566893,339.816969,30.6874,30.7192
512166470.8886354,77.56906699999999,339.807049,30.0907,30.1225
512166470.93957084,77.571241,339.797126,30.1453,30.1771
512166470.9905064,77.573414,339.787199,30.0669,30.0987
512166471.04144067,77.575587,339.777269,30.1430,30.1748
512166471.0923762,77.57776,339.767336,29.9627,29.9945
512166471.1433117,77.579933,339.75739899999996,29.8787,29.9105
512166471.1942472,77.582105,339.747459,29.9706,30.0024
512166471.24518275,77.584276,339.73751599999997,29.7843,29.8161
512166471.2961182,77.58644799999999,339.72756899999996,29.3974,29.4292
512166471.3470537,77.588619,339.71761899999996,29.5631,29.5949
512166471.3979893,77.590789,339.70766499999996,29.6581,29.6899
512166471.4489247,77.592959,339.697709,29.8208,29.8526
512166471.4998603,77.595129,339.687748,29.7412,29.7730
512166471.55079573,77.59729899999999,339.677785,29.9691,30.0009
512166471.85640883,77.610309,339.617933,30.2410,30.2728
512166471.95827985,77.614643,339.597956,30.3654,30.3972
512166472.00921535,77.61681,339.587962,30.2328,30.2646
512166472.06015176,77.618976,339.577965,30.2223,30.2541
512166472.11108726,77.621141,339.56796399999996,30.1464,30.1781
512166472.16202277,77.623307,339.55796,30.5117,30.5435
512166472.21295834,77.625472,339.547953,30.2366,30.2684
512166472.2638938,77.627637,339.537942,30.1567,30.1885
512166472.31482935,77.629801,339.527929,29.9592,29.9909
512166472.3657648,77.631965,339.51791099999997,29.9387,29.9704
512166472.4167003,77.634129,339.50789,29.8489,29.8807
512166473.0279252,77.660065,339.387378,28.9448,28.9765
512166473.07886076,77.662224,339.37731299999996,27.5960,27.6277
512166473.3335383,77.673014,339.326939,29.0663,29.0980
512166473.38447374,77.67517099999999,339.316853,32.7743,32.8060
512166473.43540925,77.67732699999999,339.306765,41.5145,41.5461
512166473.4863448,77.67948299999999,339.296673,33.8907,33.9224
512166473.5372802,77.68163899999999,339.28657799999996,41.8399,41.8715
512166473.5882158,77.683795,339.276479,34.0946,34.1262
512166473.7410223,77.690259,339.24616199999997,38.3820,38.4136
512166473.7919578,77.692413,339.23605,26.1565,26.1882
512166473.8938288,77.69672,339.21581499999996,33.4228,33.4544
512166474.86160445,77.737566,339.022901,-9.0499,-9.0184
512166474.9125399,77.739712,339.01271299999996,-5.2463,-5.2148
512166474.9634754,77.741858,339.002522,-2.6453,-2.6138
512166475.8293777,77.77828099999999,338.82874599999997,27.8459,27.8773
512166476.23686266,77.795386,338.746623,29.8312,29.8623
512166476.2877982,77.797522,338.736342,29.8972,29.9281
512166476.3387337,77.799658,338.72605799999997,29.6778,29.7086
512166476.9499598,77.825261,338.602374,29.4702,29.5001
512166477.0008953,77.827393,338.592044,29.4092,29.4390
512166477.05182964,77.82952399999999,338.581711,29.2765,29.3064
512166477.1027651,77.831654,338.571375,28.9826,29.0125
512166477.15370065,77.833784,338.561034,29.0266,29.0565
512166477.20463616,77.835914,338.550691,28.9643,28.9943
512166477.25557166,77.838043,338.540344,28.4675,28.4975
512166477.3065072,77.840172,338.529993,28.5937,28.6238
512166477.3574427,77.84230099999999,338.519639,28.6783,28.7083
512166477.4083782,77.84442899999999,338.509282,28.6339,28.6640
512166477.4593137,77.84655699999999,338.49892,28.7692,28.7994
512166477.5102492,77.848685,338.48855599999996,26.4001,26.4303
512166477.5611847,77.85081199999999,338.478188,26.1599,26.1901
512166477.61212015,77.85293899999999,338.46781599999997,26.4100,26.4403
512166477.6630557,77.855065,338.45744099999996,26.5367,26.5670
512166477.71399117,77.857191,338.44706299999996,26.8571,26.8875
512166477.7649267,77.85931699999999,338.43668099999996,27.4186,27.4490
512166480.10796076,77.956693,337.955295,-50.3431,-50.3121
512166480.1588962,77.958801,337.944747,-58.1104,-58.0794
512166480.31170297,77.96512299999999,337.913081,-59.6503,-59.6194
512166480.3626385,77.967229,337.902518,-64.4409,-64.4100
512166482.0211579,78.035609,337.55663499999997,420.1678,420.1986
512166482.58144957,78.058617,337.438924,429.6231,429.6539
512166482.632385,78.060706,337.428201,434.3113,434.3420
512166483.2436099,78.085746,337.299246,454.1689,454.1996
512166483.90577126,78.11281,337.158953,500.5002,500.5308
512166483.9567068,78.11488899999999,337.14813599999997,512.6412,512.6718
512166484.56793356,78.13980699999999,337.018043,565.3763,565.4068
512166484.61886907,78.14188,337.007178,567.3287,567.3592
512166484.6698046,78.143954,336.996309,567.1028,567.1334
512166488.23632765,78.288136,336.226085,983.2972,983.3274
512166488.2872632,78.29017999999999,336.214953,977.1612,977.1914
512166488.33819866,78.29222399999999,336.20381599999996,977.7394,977.7696
512166488.3891342,78.294268,336.192677,978.8990,978.9292
512166488.4400697,78.296312,336.181533,979.8170,979.8472
512166488.49100524,78.298355,336.170385,981.2156,981.2457
512166488.54194075,78.30039699999999,336.15923399999997,985.0727,985.1028
512166488.5928762,78.30243899999999,336.148079,992.2765,992.3066
512166488.64381176,78.304481,336.13692,995.6935,995.7236
512166488.694747,78.306522,336.12575799999996,996.6666,996.6967
512166488.74568254,78.30856299999999,336.11459099999996,996.9913,997.0214
512166488.79661804,78.310604,336.10342099999997,997.9098,997.9400
512166488.84755355,78.31264399999999,336.092247,997.7028,997.7329
512166488.89848906,78.314683,336.08107,995.8980,995.9281
512166488.94942445,78.316722,336.069889,994.9433,994.9734
512166489.00036,78.318761,336.058703,995.0822,995.1123
512166489.0512943,78.32079999999999,336.047515,995.5109,995.5410
512166489.10222983,78.32283799999999,336.036322,995.8355,995.8656
512166489.1531654,78.32487499999999,336.025125,997.0159,997.0460
512166489.20410085,78.326912,336.013925,997.6684,997.6985
512166489.86626244,78.353357,335.867977,1035.0533,1035.0834
512166489.91719794,78.35538799999999,335.856724,1037.9189,1037.9490
512166489.9681335,78.357419,335.845467,1036.2230,1036.2531
512166490.01906896,78.359449,335.834206,1053.3820,1053.4121
512166490.0700055,78.361479,335.82294099999996,1054.7571,1054.7872
512166490.1209409,78.363509,335.811672,1055.9907,1056.0208
512166490.17187643,78.365538,335.80039999999997,1057.2529,1057.2830
512166490.222812,78.367567,335.78912399999996,1058.9555,1058.9856
512166490.27374744,78.36959499999999,335.77784399999996,1061.2392,1061.2693
512166490.324683,78.371623,335.76655999999997,1062.7797,1062.8097
512166490.37561846,78.373651,335.755273,1064.0244,1064.0544
512166490.426554,78.375678,335.74398099999996,1065.9294,1065.9595
512166490.4774895,78.377704,335.732686,1067.1569,1067.1870
512166490.5284249,78.37973,335.721387,1068.5430,1068.5731
512166490.5793605,78.381756,335.710084,1069.6987,1069.7287
512166490.63029575,78.383781,335.698778,1070.7892,1070.8192
512166490.6812312,78.385806,335.68746699999997,1072.0258,1072.0558
512166490.73216677,78.38783099999999,335.676153,1053.6484,1053.6784
512166490.7831023,78.389855,335.664835,1061.7246,1061.7546
512166490.8340378,78.391879,335.653513,1064.7875,1064.8176
512166490.88497305,78.393902,335.642188,1069.8858,1069.9158
512166490.93590856,78.39592499999999,335.630858,1070.9652,1070.9952
512166490.98684406,78.397947,335.619525,1071.3876,1071.4176
512166491.03777856,78.399969,335.608188,1071.5957,1071.6257
512166491.0887141,78.40199,335.59684699999997,1079.3950,1079.4250
512166491.1396496,78.404012,335.58550199999996,1077.6457,1077.6757
512166491.19058514,78.406032,335.57415299999997,1075.0033,1075.0333
512166491.24152064,78.408052,335.562801,1076.4347,1076.4647
512166491.2924562,78.410072,335.551445,1078.0516,1078.0816
512166491.34339166,78.412092,335.540085,1079.0551,1079.0850
512166491.39432716,78.41411099999999,335.52872099999996,1079.4317,1079.4617
512166491.4452627,78.416129,335.51735299999996,1080.3642,1080.3942
512166491.4961982,78.41814699999999,335.50598099999996,1080.8783,1080.9082
512166491.5471337,78.420165,335.494606,1082.1510,1082.1810
512166491.5980692,78.42218199999999,335.483227,1082.1465,1082.1764
512166491.6490047,78.424199,335.471844,1082.4846,1082.5145
512166491.6999402,78.426215,335.46045699999996,1082.2962,1082.3261
512166492.209296,78.446356,335.34637599999996,1076.3461,1076.3760
512166492.9223933,78.47448,335.186016,1070.8452,1070.8750
512166492.9733289,78.476485,335.174532,1071.4677,1071.4975
512166493.0242634,78.47849,335.163045,1070.8269,1070.8567
512166493.0751989,78.48049499999999,335.151554,1070.0538,1070.0836
512166493.1261342,78.48249899999999,335.140059,1070.0601,1070.0899
512166493.17706966,78.48450299999999,335.128561,1069.8372,1069.8670
512166493.22800523,78.486507,335.117058,1071.2127,1071.2424
512166493.2789407,78.48850999999999,335.105551,1071.5976,1071.6273
512166577.5262599,81.003311,310.19816399999996,1061.8677,1061.8889
512166578.035614,81.012299,310.01192,1014.8286,1014.8498
512166578.0865495,81.013193,309.993275,1011.8125,1011.8337
512166578.137485,81.01408599999999,309.974627,1009.5972,1009.6184
512166578.2393561,81.015869,309.93732,1002.3159,1002.3371
512166578.79964656,81.025611,309.731871,968.6959,968.7170
512166578.8505821,81.026491,309.713172,969.5378,969.5589
512166578.9015176,81.02736999999999,309.69446999999997,968.6332,968.6543
512166578.95245314,81.028249,309.67576399999996,970.9758,970.9969
512166579.00338864,81.02912599999999,309.65705399999996,959.3529,959.3740
512166579.05432516,81.030002,309.63834099999997,957.5815,957.6026
512166579.1052606,81.030878,309.619624,957.9799,958.0010
512166580.1239695,81.048194,309.24454099999997,962.9686,962.9895
512166580.17490506,81.04905,309.22575,959.6200,959.6409
512166582.77261496,81.091478,308.262784,1144.8175,1144.8381
512166582.8235504,81.092286,308.243813,1144.6373,1144.6579
512166584.35161537,81.11607599999999,307.673138,1143.1729,1143.1933
512166584.4025509,81.11685399999999,307.654064,1141.8494,1141.8699
512166584.4534864,81.117632,307.63498699999997,1140.4973,1140.5178
512166584.7590994,81.122276,307.52045599999997,1130.3546,1130.3750
512166585.11564904,81.127652,307.386687,1111.6019,1111.6223
512166585.1665845,81.128416,307.367565,1111.2923,1111.3127
512166585.21752,81.129179,307.348439,1111.4835,1111.5039
512166585.26845545,81.129941,307.32930999999996,1111.3343,1111.3547
512166585.31939095,81.130703,307.310177,1111.7152,1111.7355
512166585.37032646,81.131463,307.291042,1111.9078,1111.9282
512166585.42126197,81.132222,307.271903,1110.8209,1110.8412
512166585.4721975,81.132981,307.25276099999996,1111.4828,1111.5031
512166585.52313304,81.133738,307.233616,1110.7278,1110.7482
512166585.5740685,81.134495,307.214467,1110.4763,1110.4966
512166585.62500405,81.13525,307.195316,1109.0278,1109.0482
512166585.6759395,81.136005,307.176161,1108.2357,1108.2560
512166585.72687507,81.136758,307.157003,1107.1242,1107.1445
512166585.7778106,81.13751099999999,307.137842,1105.7408,1105.7611
512166585.828746,81.138263,307.118678,1104.2321,1104.2524
512166585.8796816,81.139014,307.09951,1093.1782,1093.1986
512166585.9306171,81.139763,307.08034,1092.9189,1092.9392
512166585.9815526,81.140512,307.061166,1092.8731,1092.8934
512166586.03248686,81.14126,307.041989,1091.8098,1091.8301
512166586.08342236,81.14200699999999,307.022809,1090.3418,1090.3621
512166586.1343579,81.142753,307.003625,1089.1152,1089.1354
512166586.1852934,81.143498,306.984439,1087.7145,1087.7348
512166586.23622894,81.14424199999999,306.965249,1085.7898,1085.8101
512166586.4909067,81.147948,306.86925299999996,1077.2052,1077.2254
512166586.5418422,81.148687,306.85004399999997,1075.1243,1075.1445
512166586.5927777,81.149424,306.830832,1073.6606,1073.6808
512166586.64371324,81.150161,306.811617,1073.2837,1073.3039
512166586.69464874,81.150896,306.792399,1070.7229,1070.7431
512166586.74558425,81.151631,306.773178,1068.9087,1068.9290
512166586.79651976,81.15236399999999,306.75395399999996,1066.8817,1066.9020
512166586.8474552,81.153097,306.73472599999997,1064.5455,1064.5657
512166586.9493262,81.15455899999999,306.696262,1059.4732,1059.4934
512166587.1530692,81.157472,306.61929599999996,1046.2455,1046.2656
512166587.20400476,81.158198,306.60004599999996,1041.1846,1041.2047
512166587.2549403,81.158923,306.58079399999997,1034.7663,1034.7865
512166587.40774673,81.161092,306.523018,1017.6555,1017.6757
512166587.45868206,81.161813,306.50375399999996,1014.8707,1014.8909
512166587.6624241,81.164688,306.42666399999996,1001.9772,1001.9973
512166589.801716,81.193939,305.614301,797.0065,797.0264
512166591.7523389,81.219115,304.869081,417.3352,417.3549
512166592.1088865,81.223562,304.732418,420.6282,420.6478
512166592.159822,81.224193,304.712883,420.7282,420.7479
512166592.2107575,81.224824,304.69334599999996,419.8678,419.8875
512166592.26169294,81.225453,304.673806,419.8798,419.8994
512166592.4654348,81.227961,304.595619,431.8423,431.8619
512166592.51637024,81.228585,304.57606499999997,413.6355,413.6551
512166593.02572626,81.234775,304.380378,408.2604,408.2799
512166593.0766618,81.235389,304.360795,419.4546,419.4741
512166593.12759733,81.236001,304.341209,415.6413,415.6607
512166593.28040385,81.237833,304.28243399999997,402.4577,402.4771
512166593.3313393,81.23844199999999,304.262837,398.5537,398.5732
512166593.4332103,81.239656,304.223635,386.2933,386.3127
512166594.6047264,81.253337,303.77205599999996,298.8138,298.8331
512166598.3604369,81.293645,302.31541699999997,1167.2846,1167.3035
512166598.4113725,81.29415399999999,302.295573,1164.9002,1164.9191
512166598.462308,81.294662,302.27572699999996,1164.3925,1164.4114
512166598.51324326,81.295169,302.255879,1165.1056,1165.1245
512166598.56417876,81.295676,302.236028,1162.8883,1162.9072
512166598.6151143,81.29618099999999,302.21617499999996,1162.7462,1162.7651
512166598.6660498,81.296685,302.19631899999996,1162.0441,1162.0629
512166598.7169853,81.29718799999999,302.17646199999996,1161.3199,1161.3388
512166598.7679208,81.29769,302.15660199999996,1165.8377,1165.8565
512166598.81885624,81.298191,302.13674,1161.2585,1161.2774
512166598.86979187,81.298692,302.116875,1159.0985,1159.1173
512166598.92072725,81.299191,302.097009,1157.1100,1157.1288
512166598.97166276,81.299689,302.07714,1160.1012,1160.1200
512166599.02259827,81.300186,302.05726899999996,1158.2886,1158.3074
512166599.0735347,81.300682,302.037395,1148.5012,1148.5200
512166599.1244703,81.301177,302.01752,1141.8975,1141.9163
512166599.17540574,81.301671,301.997642,1152.8204,1152.8392
512166599.22634125,81.30216399999999,301.977762,1150.9095,1150.9283
512166599.8375673,81.308003,301.739031,1123.5583,1123.5770
512166599.8885029,81.308483,301.71912299999997,1124.3114,1124.3301
512166599.93943834,81.308962,301.699213,1123.7221,1123.7408
512166599.99037385,81.30944,301.6793,1123.4110,1123.4297
512166600.0413082,81.309917,301.659385,1120.0733,1120.0920
512166600.09224373,81.310392,301.63946799999997,1123.2107,1123.2294
512166600.1431792,81.310867,301.619549,1113.4349,1113.4536
512166600.19411474,81.311341,301.599628,1124.9126,1124.9313
512166600.2450502,81.311814,301.579705,1131.2206,1131.2393
512166600.29598576,81.312286,301.559779,1126.9734,1126.9921
512166600.3469212,81.31275699999999,301.539852,1125.9935,1126.0122
512166600.3978567,81.313227,301.519922,1124.2432,1124.2619
512166600.4487922,81.313695,301.49998999999997,1123.4527,1123.4714
512166600.4997277,81.314163,301.480056,1122.2565,1122.2752
512166600.55066323,81.31463,301.46011999999996,1122.5790,1122.5977
512166600.60159874,81.315096,301.440182,1121.0988,1121.1175
512166600.65253425,81.315561,301.420242,1117.5765,1117.5952
512166600.7034698,81.316024,301.40029899999996,1115.4784,1115.4971
512166600.75440526,81.316487,301.380355,1112.3247,1112.3434
512166600.80534077,81.316949,301.360408,1109.6196,1109.6383
512166600.85627633,81.317409,301.34046,1106.7929,1106.8116
512166600.9072118,81.317869,301.32050899999996,1104.7509,1104.7696
512166600.95814735,81.318328,301.300556,1100.7923,1100.8110
512166601.0090828,81.318786,301.280601,1098.0225,1098.0412
512166601.0600193,81.319242,301.260644,1095.3337,1095.3524
512166601.46750355,81.322859,301.100915,1084.8461,1084.8647
512166601.51843905,81.323306,301.08094,1086.6534,1086.6721
512166602.07872844,81.32816199999999,300.861081,1067.5746,1067.5932
512166602.7918256,81.33416299999999,300.580914,1096.5440,1096.5625
512166602.84276104,81.33458399999999,300.560888,1097.7382,1097.7568
512166602.89369655,81.335004,300.540859,1094.9794,1094.9979
512166602.9446319,81.33542299999999,300.520829,1103.9020,1103.9205
512166603.4539876,81.339557,300.320423,1102.9876,1103.0060
512166604.4217632,81.347129,299.939145,1150.4698,1150.4881
512166604.47269875,81.347517,299.919059,1150.2496,1150.2679
512166604.5236342,81.347904,299.898972,1150.1325,1150.1508
512166604.57456976,81.348291,299.878883,1146.4879,1146.5062
512166607.9222812,81.371421,298.554914,301.8473,301.8651
512166610.0121968,81.38359799999999,297.725101,11.8266,11.8438
512166610.1140688,81.384147,297.684595,11.3293,11.3464
512166610.16500425,81.38441999999999,297.66434,12.3767,12.3939
512166610.2159398,81.384692,297.64408399999996,11.5652,11.5824
512166610.26687527,81.384963,297.623827,12.0828,12.0999
512166610.3178108,81.385233,297.603568,12.7150,12.7322
512166610.36874634,81.385502,297.583309,11.5406,11.5578
512166610.4196818,81.385769,297.563047,12.6748,12.6919
512166610.4706173,81.38603599999999,297.542785,11.5815,11.5986
512166610.5215528,81.386302,297.522522,11.4661,11.4833
512166610.57248825,81.386566,297.502257,11.8500,11.8671
512166610.6234239,81.38683,297.481991,11.4066,11.4237
512166610.67435926,81.387093,297.461724,11.5031,11.5203
512166610.7252948,81.387354,297.44145499999996,12.5622,12.5793
512166610.77623034,81.387615,297.421186,12.8350,12.8521
512166610.8271658,81.387874,297.400915,11.6281,11.6452
512166610.87810135,81.388132,297.38064299999996,14.2818,14.2989
512166610.9290368,81.38839,297.36037,11.8813,11.8984
512166610.97997236,81.388646,297.34009599999996,11.4799,11.4970
512166611.0309066,81.38890099999999,297.31982,11.4432,11.4603
512166611.0818422,81.389156,297.29954399999997,11.1936,11.2107
512166611.1327777,81.389409,297.279266,11.2126,11.2297
512166611.18371314,81.38966099999999,297.258987,11.1133,11.1304
512166611.2346487,81.389912,297.238707,11.5930,11.6101
512166611.2855842,81.39016199999999,297.21842499999997,11.3405,11.3575
512166611.3365197,81.390411,297.19814299999996,11.2752,11.2923
512166611.69306827,81.392125,297.056133,11.3778,11.3948
512166611.7440038,81.392366,297.035842,15.4097,15.4268
512166611.8458748,81.392844,296.995255,11.3042,11.3212
512166611.89681035,81.39308199999999,296.97496,11.2095,11.2265
512166611.9477458,81.393318,296.954664,11.1500,11.1670
512166611.9986813,81.393554,296.934367,10.9622,10.9792
512166612.04961777,81.393788,296.914068,10.3273,10.3443
512166612.1005533,81.394021,296.89376899999996,10.6791,10.6961
512166612.1514887,81.39425399999999,296.873469,10.6851,10.7021
512166612.2024243,81.394485,296.853168,10.8189,10.8359
512166612.60990834,81.396298,296.690718,13.0849,13.1019
512166612.71177936,81.39674099999999,296.65009499999996,11.0927,11.1097
512166612.81365037,81.39717999999999,296.609468,10.7135,10.7305
512166612.86458564,81.397397,296.589153,10.6393,10.6563
512166613.27206874,81.399102,296.426598,10.9898,11.0068
512166613.42487526,81.39972399999999,296.36562399999997,12.2905,12.3075
512166613.4758108,81.399929,296.34529699999996,10.9427,10.9597
512166613.52674633,81.400133,296.324969,12.1119,12.1288
512166613.5776818,81.400337,296.304641,11.0517,11.0686
512166613.6286173,81.400539,296.284311,10.9870,11.0039
512166613.6795528,81.40074,296.26398,10.8723,10.8892
512166613.73048824,81.40093999999999,296.243649,10.8499,10.8668
512166613.7814238,81.401139,296.223317,10.9298,10.9468
512166614.0870378,81.402311,296.101303,14.3049,14.3218
512166614.1379733,81.402502,296.080964,11.1304,11.1473
512166614.1889086,81.402693,296.06062499999996,11.0373,11.0542
512166614.2398441,81.40288199999999,296.040284,11.2930,11.3099
512166614.2907796,81.403071,296.019943,11.0898,11.1066
512166614.34171516,81.403258,295.999601,11.5163,11.5331
512166614.3926506,81.40344499999999,295.97925699999996,11.0023,11.0191
512166615.6151016,81.407606,295.490775,11.4620,11.4786
512166616.2772641,81.40960799999999,295.225996,0.9788,0.9954
512166616.32819957,81.40975399999999,295.205623,0.1492,0.1659
512166616.3791351,81.4099,295.18525,-1.7172,-1.7005
512166616.43007064,81.410044,295.164876,-3.5803,-3.5637
512166616.4810061,81.41018799999999,295.144502,-5.8893,-5.8727
512166616.53194165,81.41033,295.124126,-7.6375,-7.6209
512166616.58287716,81.410472,295.103751,-7.8526,-7.8359
512166616.63381267,81.410612,295.083374,-8.9747,-8.9580
512166616.6847482,81.410752,295.062997,-11.0061,-10.9894
512166616.7866192,81.41102699999999,295.022241,-15.7443,-15.7277
512166616.8375547,81.411163,295.00186099999996,-18.9211,-18.9044
512166616.8884902,81.411298,294.98148199999997,-23.9712,-23.9545
512166616.9394257,81.41143199999999,294.961101,-24.7763,-24.7596
512166617.0412955,81.41169699999999,294.920339,-29.5326,-29.5159
512166617.09223104,81.411828,294.899957,-33.3004,-33.2837
512166617.14316654,81.411958,294.879574,-36.0894,-36.0727
512166617.19410205,81.412087,294.85919,-39.4116,-39.3949
512166617.24503756,81.412215,294.838806,-40.5557,-40.5391
512166617.29597306,81.412342,294.818422,-43.9302,-43.9135
512166617.3469088,81.41246699999999,294.79803599999997,-42.6076,-42.5909
512166617.55065084,81.41296,294.71648899999997,-62.0791,-62.0625
512166617.6015864,81.41308,294.696102,-59.4202,-59.4035
512166617.65252185,81.4132,294.675713,-58.0433,-58.0267
512166617.7034574,81.41331799999999,294.655324,-56.5076,-56.4910
512166619.129651,81.416206,294.08421999999996,-7.5130,-7.4965
512166619.18058664,81.416294,294.063817,-5.1230,-5.1065
512166619.231522,81.416381,294.043413,-3.8432,-3.8268
512166619.28245753,81.416467,294.023009,-2.7875,-2.7711
512166619.3333931,81.416551,294.00260499999996,-1.8845,-1.8681
512166619.38432854,81.416635,293.9822,-0.6783,-0.6619
512166619.4352641,81.416718,293.961795,-0.0212,-0.0048
512166619.48619956,81.416799,293.94138899999996,0.9344,0.9508
512166619.53713506,81.41687999999999,293.920984,1.8130,1.8294
512166619.5880704,81.41696,293.900577,3.0669,3.0833
512166619.63900584,81.41703799999999,293.88017099999996,4.1629,4.1793
512166619.6899414,81.417115,293.859764,4.8089,4.8253
512166619.74087685,81.417192,293.839356,5.6708,5.6872
512166619.7918124,81.417267,293.818949,6.3550,6.3714
512166619.8427479,81.417341,293.79854,7.1108,7.1272
512166619.8936834,81.41741499999999,293.77813199999997,7.9089,7.9253
512166619.94461894,81.417487,293.757723,8.8059,8.8223
512166619.99555445,81.417558,293.73731399999997,9.4509,9.4672
512166620.0464909,81.417628,293.716904,10.0039,10.0202
512166620.0974264,81.41769699999999,293.69649499999997,10.5343,10.5506
512166620.1483619,81.417765,293.676084,11.0894,11.1057
512166620.1992974,81.41783199999999,293.655674,11.3134,11.3297
512166620.250233,81.417898,293.635263,11.9417,11.9580
512166620.3011684,81.417962,293.614852,12.2923,12.3085
512166620.35210395,81.418026,293.59444099999996,12.5660,12.5823
512166620.759588,81.418499,293.43113999999997,13.2509,13.2671
512166621.72736144,81.41935099999999,293.04323999999997,13.6639,13.6802
512166621.77829695,81.41938499999999,293.02282199999996,13.7743,13.7905
512166621.8292325,81.419418,293.002404,13.6806,13.6969
512166621.88016796,81.41945,292.981986,13.5682,13.5845
512166621.93110347,81.419482,292.961568,14.7123,14.7286
512166621.982039,81.419512,292.94115,13.8218,13.8381
512166622.0839109,81.419569,292.900312,13.9173,13.9336
512166622.13484645,81.419596,292.879894,14.8608,14.8771
512166622.1857819,81.41962199999999,292.859475,14.0651,14.0814
512166622.23671746,81.419647,292.83905599999997,13.8161,13.8324
512166622.3385885,81.419693,292.79821699999997,14.0204,14.0365
512166622.4404595,81.419736,292.757379,13.9737,13.9898
512166624.57975024,81.419654,291.899739,-13.5267,-13.5109
512166624.78349227,81.41955,291.818064,-20.6989,-20.6831
512166624.8344278,81.419521,291.797645,-23.8539,-23.8381
512166624.88536334,81.419491,291.777227,-24.5837,-24.5679
512166624.9362988,81.41946,291.756808,-27.4507,-27.4349
512166624.98723435,81.419428,291.73639,-29.1117,-29.0959
512166625.03816885,81.419395,291.71597299999996,-29.8732,-29.8574
512166625.08910435,81.419361,291.695555,-33.3045,-33.2887
512166625.14003986,81.419326,291.675137,-34.0898,-34.0740
512166625.19097537,81.41928999999999,291.65472,-36.6003,-36.5845
512166625.24191093,81.419253,291.634303,-39.1085,-39.0927
512166625.29284614,81.419215,291.613886,-41.3191,-41.3033
512166625.3437819,81.419176,291.593468,-43.9614,-43.9456
512166625.39471745,81.419135,291.57305199999996,-46.4865,-46.4707
512166625.4456529,81.419094,291.552635,-50.4947,-50.4789
512166625.49658847,81.419052,291.532219,-53.4559,-53.4401
512166625.5475239,81.41900799999999,291.511803,-56.4895,-56.4737
512166625.5984595,81.418964,291.491387,-59.2153,-59.1995
512166625.649395,81.41891799999999,291.47097099999996,-61.6005,-61.5847
512166625.7003305,81.418871,291.450556,-64.9975,-64.9817
512166625.751266,81.418824,291.43014,-67.0634,-67.0476
512166625.8022015,81.418775,291.409725,-68.4717,-68.4559
512166625.853137,81.418725,291.38930999999997,-70.7935,-70.7777
512166625.9040725,81.418674,291.368895,-74.4129,-74.3971
512166625.9550081,81.418623,291.348481,-64.1313,-64.1155
512166626.2096865,81.418347,291.24641199999996,-62.5821,-62.5663
512166626.26062196,81.418289,291.226,-64.2095,-64.1937
512166626.31155753,81.41823,291.205587,-65.0541,-65.0383
512166626.4134285,81.41810799999999,291.164763,-69.6060,-69.5902
512166626.46436405,81.41804599999999,291.144351,-70.5285,-70.5127
