Time,Latitude,Longitude,LLH,CorrectedLLH,OrthometricHeight
512166002.35010576,52.339937,13.68009,73.7466,73.7956,33.7979
512166002.4010413,52.342872,13.678668,72.2242,72.2732,32.2839
512166002.4519768,52.345807,13.677246,73.3427,73.3917,33.4109
512166003.57255864,52.410373,13.645919,70.1469,70.1959,30.3958
512166003.67442966,52.416242,13.643068,69.8224,69.8714,30.0873
514498799.918442,52.330994,13.681752,69.9247,69.9382,29.9128
514498799.9679003,52.333844,13.680371,70.6117,70.6252,30.6097
514498800.01735735,52.336693999999994,13.678989999999999,73.6515,73.6650,33.6587
514498800.06681585,52.339543,13.677608,70.4301,70.4436,30.4452
514498800.11628747,52.342394,13.676226999999999,70.2203,70.2338,30.2433
514498800.1657462,52.345242999999996,13.674845,70.0849,70.0984,30.1158
514498800.2151923,52.348092,13.673464,68.9806,68.9941,29.0194
514498800.2646637,52.350941999999996,13.672080999999999,72.2063,72.2198,32.2530
514498800.31412244,52.353792,13.670698999999999,72.3040,72.3175,32.3586
514498800.36359406,52.356642,13.669317,72.2417,72.2552,32.3042
514498800.4130528,52.359491999999996,13.667933999999999,72.2684,72.2819,32.3388
514498800.4625113,52.362341,13.666552,72.1457,72.1592,32.2240
514498800.51198244,52.365192,13.665168999999999,72.0753,72.0889,32.1616
514498800.5614407,52.368041,13.663786,71.1050,71.1186,31.1992
514498800.6109116,52.370891,13.662402,71.4353,71.4489,31.5374
514498800.6603699,52.373740999999995,13.661019,72.1025,72.1161,32.2125
514498800.70982814,52.37659,13.659635999999999,72.0548,72.0684,32.1727
514498800.7592993,52.379439999999995,13.658252,72.1180,72.1316,32.2438
514498800.80875754,52.38229,13.656868999999999,72.2215,72.2351,32.3552
514498800.85822845,52.38514,13.655484999999999,72.1583,72.1719,32.2999
514498800.9076867,52.387989,13.654100999999999,72.1006,72.1142,32.2501
514498800.9571576,52.39084,13.652716,72.0636,72.0772,32.2211
514498801.0066159,52.393688999999995,13.651332,72.1598,72.1734,32.3251
514498801.0560751,52.396538,13.649948,71.9462,71.9598,32.1192
514498801.10553336,52.399387999999995,13.648563,71.8318,71.8454,32.0125
514498801.1549916,52.402237,13.647179,71.5835,71.5971,31.7719
514498801.20444965,52.405086,13.645793999999999,71.3593,71.3730,31.5554
514498801.2539208,52.407936,13.644409,72.1988,72.2124,32.4026
514498801.30337906,52.410785999999995,13.643023999999999,72.4444,72.4580,32.6558
514498801.35284996,52.413636,13.641637999999999,71.3907,71.4044,31.6099
514498801.40229535,52.416484,13.640253,68.9073,68.9210,29.1341
514498801.4517665,52.419334,13.638867,67.5737,67.5874,27.8083
514498801.50122476,52.422183,13.637481,71.9712,71.9849,32.2134
514498801.550683,52.425033,13.636095,71.8285,71.8422,32.0784
514498801.6001539,52.427882999999994,13.634708999999999,71.9474,71.9611,32.2050
514498801.6496122,52.430732,13.633322999999999,71.9341,71.9478,32.1994
514498801.69907045,52.433581,13.631936999999999,71.8876,71.9014,32.1606
514498801.7485416,52.436431,13.63055,71.9487,71.9625,32.2294
514498801.79800034,52.43928,13.629163,71.9073,71.9210,32.1957
514498801.8474462,52.442128999999994,13.627777,71.9798,71.9936,32.2759
514498801.8969176,52.444978,13.626389,71.9460,71.9598,32.2498
514498801.9463763,52.447827999999994,13.625001999999999,72.0557,72.0695,32.3672
514498801.99583507,52.450677,13.623615,71.4850,71.4988,31.8042
514498802.04529357,52.453526,13.622228,72.8847,72.8985,33.2109
514498802.0947516,52.456374999999994,13.62084,64.1420,64.1558,24.4753
514498802.1442232,52.459224999999996,13.619451999999999,72.2421,72.2559,32.5824
516831603.6443763,52.330073,13.684114,69.0144,69.0064,28.9765
516831603.69382167,52.332921999999996,13.682732999999999,69.8188,69.8108,29.7901
516831603.74326706,52.335771,13.681353,70.7244,70.7164,30.7049
516831603.7927253,52.338620999999996,13.679972,71.0883,71.0804,31.0780
516831603.84217095,52.34147,13.678590999999999,70.5532,70.5453,30.5521
516831603.8916292,52.344319999999996,13.677209999999999,70.9241,70.9161,30.9322
516831603.9410746,52.347169,13.675829,71.2799,71.2720,31.2973
516831603.99052024,52.350017,13.674448,71.6831,71.6752,31.7096
516831604.0399647,52.352866,13.673065999999999,72.2406,72.2327,32.2752
516831604.0894103,52.355715,13.671685,72.1788,72.1709,32.2211
516831604.1388686,52.358565,13.670302999999999,72.1160,72.1081,32.1661
516831604.18832684,52.361415,13.668921,72.1898,72.1819,32.2477
516831604.237772,52.364264,13.667539,72.1426,72.1347,32.2083
516831604.2872176,52.367112999999996,13.666157,72.1347,72.1269,32.2082
516831604.336663,52.369960999999996,13.664774,71.0598,71.0520,31.1411
516831604.3861215,52.372811,13.663390999999999,71.9903,71.9825,32.0794
516831604.4355676,52.375659999999996,13.662009,72.0416,72.0338,32.1384
516831604.4850137,52.378509,13.660625999999999,72.1329,72.1251,32.2375
516831604.5344598,52.381358,13.659243,72.0831,72.0752,32.1955
516831604.5839186,52.384206999999996,13.65786,72.0259,72.0180,32.1460
516831604.6333773,52.387057,13.656476,72.1128,72.1049,32.2407
516831604.6828232,52.389905999999996,13.655092999999999,72.1861,72.1782,32.3218
516831604.7322693,52.392754,13.653709,71.9984,71.9905,32.1418
516831604.781728,52.395604,13.652325,72.0831,72.0753,32.2344
516831604.8311739,52.398452999999996,13.650941999999999,71.9918,71.9840,32.1509
516831604.88063216,52.401302,13.649557,71.6561,71.6483,31.8229
516831604.93007755,52.404151,13.648173,71.4182,71.4104,31.5928
516831604.9795232,52.407,13.646789,71.7160,71.7082,31.8984
516831605.0289941,52.40985,13.645404,71.5860,71.5782,31.7761
516831605.07844067,52.412698999999996,13.644019,70.6742,70.6664,30.8719
516831605.12788606,52.415547,13.642634999999999,72.1287,72.1209,32.3340
516831605.1773443,52.418397,13.641249,68.8001,68.7923,29.0130
516831605.22678995,52.421245,13.639864,72.3302,72.3224,32.5507
516831605.2762482,52.424094999999994,13.638479,71.6324,71.6246,31.8605
516831605.3256936,52.426942999999994,13.637094,71.8871,71.8793,32.1228
516831605.3751519,52.429793,13.635708,71.9987,71.9909,32.2420
516831605.42459726,52.432641,13.634322,71.8788,71.8711,32.1297
516831605.4740555,52.435491,13.632935999999999,71.8040,71.7963,32.0625
516831605.52350116,52.438339,13.631549999999999,71.9112,71.9035,32.1773
516831605.5729594,52.441188,13.630163999999999,71.9923,71.9846,32.2660
516831605.62241745,52.444038,13.628777,71.9465,71.9388,32.2278
516831605.6718631,52.446886,13.627391,72.0153,72.0076,32.3042
516831605.72132134,52.449735999999994,13.626004,71.5581,71.5504,31.8546
516831605.7707796,52.452585,13.624616999999999,70.7763,70.7686,31.0804
516831605.820225,52.455433,13.62323,74.7946,74.7869,35.1062
516831605.86968327,52.458282999999994,13.621843,72.7826,72.7749,33.1018
519164404.2203193,52.330552,13.692397999999999,65.6265,65.6389,25.6212
519164404.269752,52.333400999999995,13.691018,66.7411,66.7535,26.7442
519164404.36861753,52.339098,13.688258,66.5949,66.6073,26.6148
519164404.4180503,52.341946,13.686878,68.5246,68.5370,28.5529
519164404.4674704,52.344794,13.685497999999999,68.3881,68.4005,28.4247
519164404.51690316,52.347643,13.684116999999999,68.9295,68.9419,28.9746
519164404.5663359,52.350491,13.682737,66.6088,66.6212,26.6623
519164404.6157687,52.353339999999996,13.681356,66.6191,66.6315,26.6809
519164404.6652014,52.356187999999996,13.679974999999999,72.3300,72.3424,32.4002
519164404.71463394,52.359037,13.678593999999999,72.1100,72.1224,32.1887
519164404.7640667,52.361885,13.677213,71.1655,71.1779,31.2526
519164404.81349945,52.364733,13.675830999999999,71.8543,71.8667,31.9497
519164404.86293244,52.367582,13.67445,72.0670,72.0794,32.1708
519164404.9123652,52.37043,13.673067999999999,71.5276,71.5400,31.6399
519164404.96179795,52.373279,13.671686,70.6370,70.6494,30.7576
519164405.0112319,52.376127,13.670304,72.0737,72.0861,32.2025
519164405.0606649,52.378975,13.668922,72.1107,72.1231,32.2472
519164405.11009836,52.381823999999995,13.667539,71.7713,71.7837,31.9156
519164405.1595316,52.384671999999995,13.666157,72.0137,72.0261,32.1657
519164405.2089648,52.387519999999995,13.664774,71.7740,71.7864,31.9337
519164405.25839806,52.390369,13.663390999999999,71.8087,71.8211,31.9761
519164405.3078315,52.393217,13.662008,71.6779,71.6903,31.8531
519164405.35726476,52.396065,13.660625,72.0858,72.0982,32.2687
519164405.40671086,52.398914,13.659241999999999,71.7211,71.7335,31.9116
519164405.45614386,52.401762999999995,13.657858,71.9679,71.9803,32.1661
519164405.5055766,52.404610999999996,13.656474999999999,72.0687,72.0811,32.2747
519164405.55500937,52.407458999999996,13.655090999999999,71.6184,71.6308,31.8321
519164405.6044421,52.410306999999996,13.653706999999999,69.7342,69.7466,29.9556
519164405.65388775,52.413156,13.652322999999999,69.6954,69.7078,29.9245
519164405.70333314,52.416005,13.650938,69.0869,69.0993,29.3238
519164405.75275326,52.418852,13.649554,66.8716,66.8840,27.1162
519164405.802186,52.421701,13.648169999999999,64.7438,64.7562,24.9960
519164405.85161877,52.424549,13.646785,71.7652,71.7776,32.0251
519164405.9010644,52.427398,13.645399999999999,71.7602,71.7726,32.0279
519164405.95049715,52.430246,13.644015,71.6843,71.6967,31.9597
519164405.99991703,52.433093,13.642631,71.8063,71.8187,32.0894
519164406.04936147,52.435942,13.641245,71.8182,71.8306,32.1087
519164406.0987942,52.43879,13.639859999999999,71.8980,71.9104,32.1957
519164406.1482272,52.441638,13.638473999999999,71.8918,71.9042,32.1969
519164406.1976726,52.444486999999995,13.637087999999999,71.9562,71.9686,32.2686
519164406.2470927,52.447334,13.635703,71.7889,71.8013,32.1086
519164406.2965255,52.450182,13.634317,72.0340,72.0465,32.3611
519164406.3459711,52.453030999999996,13.63293,74.6136,74.6260,34.9480
519164406.39540386,52.455878999999996,13.631544,75.6392,75.6517,35.9809
519164406.4448366,52.458726999999996,13.630158,75.0330,75.0454,35.3820
521497204.4249337,52.330783999999994,13.697052,63.3285,63.3870,23.3730
521497204.4743538,52.333631999999994,13.695673,63.1236,63.1821,23.1769
521497204.52378654,52.336481,13.694293,63.2544,63.3130,23.3166
521497204.5732193,52.339329,13.692914,63.8925,63.9511,23.9635
521497204.6226523,52.342178,13.691533999999999,67.5603,67.6188,27.6401
521497204.6720855,52.345026999999995,13.690154,67.5601,67.6186,27.6487
521497204.72151875,52.347874999999995,13.688773,68.2151,68.2737,28.3126
521497204.77093935,52.350722999999995,13.687393,68.9447,69.0032,29.0510
521497204.8203728,52.353570999999995,13.686012999999999,65.1422,65.2007,25.2572
521497204.86980605,52.35642,13.684631999999999,65.8625,65.9210,25.9863
521497204.9192393,52.359268,13.683250999999998,72.0140,72.0725,32.1467
521497204.9686725,52.362117,13.68187,72.0471,72.1056,32.1886
521497205.018106,52.364965,13.680489,72.1343,72.1928,32.2842
521497205.06753755,52.367813999999996,13.679108,71.9535,72.0120,32.1112
521497205.1169703,52.370661999999996,13.677726,72.0560,72.1145,32.2215
521497205.1664033,52.373511,13.676345,69.4827,69.5412,29.6559
521497205.21583605,52.376359,13.674963,72.0160,72.0745,32.1970
521497205.26528144,52.379208,13.673580999999999,72.0014,72.0599,32.1901
521497205.3147142,52.382056999999996,13.672198,71.9597,72.0182,32.1562
521497205.3641472,52.384904999999996,13.670815999999999,71.8818,71.9403,32.0860
521497205.41357994,52.387753,13.669433999999999,71.3418,71.4003,31.5538
521497205.4630127,52.390601999999994,13.668051,71.0485,71.1070,31.2682
521497205.51244545,52.393449999999994,13.666668999999999,71.1927,71.2511,31.4202
521497205.5618782,52.396297999999994,13.665286,70.9065,70.9649,31.1418
521497205.61131096,52.399147,13.663903,71.8902,71.9486,32.1332
521497205.6607437,52.401995,13.662519999999999,72.0363,72.0947,32.2871
521497205.71017647,52.404843,13.661137,71.9885,72.0469,32.2470
521497205.7596092,52.407691,13.659753,71.9739,72.0323,32.2402
521497205.809042,52.41054,13.65837,68.9090,68.9674,29.1830
521497205.85848737,52.413388999999995,13.656984999999999,68.8685,68.9269,29.1503
521497205.90792036,52.416236999999995,13.655602,68.2075,68.2659,28.4971
521497205.9573531,52.419084999999995,13.654218,65.9087,65.9671,26.2060
521497206.00678587,52.421932999999996,13.652833,63.6274,63.6858,23.9324
521497206.05620694,52.424780999999996,13.651449,72.0173,72.0757,32.3297
521497206.1056397,52.427628999999996,13.650065,71.9235,71.9819,32.2434
521497206.1550851,52.430478,13.648679999999999,71.3018,71.3602,31.6291
521497206.20451784,52.433326,13.647295,70.9103,70.9687,31.2450
521497206.25395083,52.436174,13.645909999999999,70.0896,70.1480,30.4318
521497206.3033838,52.439021999999994,13.644525,70.0010,70.0594,30.3506
521497206.3528297,52.441871,13.643139,70.7091,70.7675,31.0661
521497206.40226316,52.444719,13.641753999999999,71.6130,71.6713,31.9774
521497206.4516964,52.447567,13.640367999999999,71.4326,71.4910,31.8045
521497206.5011296,52.450415,13.638983,70.3959,70.4542,30.7752
521497206.55056286,52.453264,13.637597,69.0434,69.1017,29.4301
521497206.5999963,52.456112,13.636211,67.3377,67.3961,27.7319
521497206.6494167,52.458959,13.634825,65.9405,65.9988,26.3421
523830003.4417007,52.332729,13.699513,63.1689,63.2481,23.2437
523830003.4911468,52.335578,13.698132999999999,63.5942,63.6734,23.6778
523830003.5405927,52.338426999999996,13.696753999999999,64.4640,64.5432,24.5565
523830003.59003854,52.341277,13.695374,63.6345,63.7137,23.7358
523830003.63948464,52.344125999999996,13.693994,66.4203,66.4995,26.5304
523830003.68893075,52.346975,13.692613,65.6462,65.7254,25.7652
523830003.7383766,52.349824,13.691232999999999,64.8481,64.9273,24.9759
523830003.78782225,52.352672999999996,13.689852,62.9813,63.0605,23.1179
523830003.8372679,52.355522,13.688471999999999,63.1210,63.2002,23.2665
523830003.8867135,52.358371,13.687090999999999,70.4798,70.5590,30.6341
523830003.93617177,52.361221,13.68571,72.0104,72.0896,32.1735
523830003.98561716,52.36407,13.684329,71.9939,72.0731,32.1659
523830004.03506374,52.366918999999996,13.682946999999999,72.0008,72.0800,32.1808
523830004.08450913,52.369768,13.681566,71.9478,72.0270,32.1356
523830004.1339674,52.372617999999996,13.680183999999999,68.4802,68.5594,28.6758
523830004.183413,52.375467,13.678802,71.9548,72.0340,32.1581
523830004.2328584,52.378316,13.67742,71.9409,72.0201,32.1520
523830004.28230405,52.381164999999996,13.676038,71.9610,72.0402,32.1799
523830004.33174944,52.384014,13.674655999999999,71.9115,71.9907,32.1382
523830004.38119507,52.386863,13.673274,71.8425,71.9217,32.0769
523830004.4306531,52.389713,13.671890999999999,71.5469,71.6261,31.7891
523830004.48011136,52.392562,13.670508,70.7123,70.7915,30.9623
523830004.529557,52.395410999999996,13.669125,71.0362,71.1153,31.2938
523830004.5790024,52.39826,13.667741999999999,71.2085,71.2876,31.4739
523830004.628448,52.401109,13.666359,71.7126,71.7917,31.9858
523830004.6779063,52.403959,13.664976,71.9393,72.0184,32.2203
523830004.72735167,52.406808,13.663592,71.8863,71.9654,32.1750
523830004.7767973,52.409656999999996,13.662208999999999,71.9869,72.0660,32.2834
523830004.8262427,52.412504999999996,13.660824999999999,68.2379,68.3170,28.5422
523830004.87570095,52.415355,13.659441,68.0238,68.1029,28.3359
523830004.9251466,52.418203999999996,13.658057,66.7264,66.8055,27.0462
523830004.974592,52.421053,13.656673,63.3806,63.4597,23.7082
523830005.02404904,52.423902,13.655287999999999,70.9375,71.0166,31.2727
523830005.07349515,52.426750999999996,13.653903999999999,71.7762,71.8553,32.1188
523830005.1229539,52.4296,13.652519,71.5367,71.6158,31.8867
523830005.1724,52.432449,13.651133999999999,70.5126,70.5917,30.8700
523830005.22184587,52.435297999999996,13.649749,70.1604,70.2394,30.5252
523830005.27130485,52.438147,13.648363,69.7327,69.8117,30.1048
523830005.3207636,52.440996999999996,13.646977999999999,70.2221,70.3011,30.6017
523830005.37020946,52.443846,13.645593,70.5038,70.5828,30.8907
523830005.4196682,52.446695,13.644207,70.9783,71.0573,31.3727
523830005.46911407,52.449543999999996,13.642821,70.0164,70.0953,30.4181
523830005.51857233,52.452393,13.641435,68.9487,69.0277,29.3579
523830005.56801796,52.455242,13.640049,67.8979,67.9768,28.3144
523830005.6174762,52.458090999999996,13.638662,63.3272,63.4062,23.7512
526162801.7481146,52.330993,13.684762,68.6926,68.7363,28.7111
526162801.7975862,52.333842999999995,13.68338,69.5351,69.5788,29.5631
526162801.89647746,52.339541,13.680617999999999,69.6345,69.6782,29.6813
526162801.9459486,52.342391,13.679236,69.9577,70.0014,30.0140
526162801.995394,52.34524,13.677855,70.2194,70.2631,30.2851
526162802.0448532,52.34809,13.676473,70.3246,70.3683,30.3983
526162802.09429884,52.350939,13.675091,71.3687,71.4124,31.4503
526162802.14375734,52.353787999999994,13.673708999999999,72.0897,72.1334,32.1790
526162802.1932156,52.356638,13.672326,72.1558,72.1995,32.2529
526162802.242661,52.359486999999994,13.670943999999999,72.1022,72.1459,32.2072
526162802.2921066,52.362334999999995,13.669561999999999,72.0566,72.1003,32.1694
526162802.34157753,52.365185999999994,13.668178,72.1296,72.1733,32.2502
526162802.3910229,52.368033999999994,13.666796,70.7343,70.7780,30.8627
526162802.4404812,52.370884,13.665413,71.0207,71.0644,31.1570
526162802.48993945,52.373732999999994,13.664029,71.7233,71.7670,31.8674
526162802.5393977,52.376583,13.662645999999999,72.0582,72.1019,32.2100
526162802.588856,52.379431999999994,13.661261999999999,72.0061,72.0498,32.1658
526162802.6383014,52.382281,13.659879,71.9845,72.0282,32.1520
526162802.68775964,52.38513,13.658494999999998,71.7937,71.8374,31.9691
526162802.73720527,52.387978999999994,13.657110999999999,71.9809,72.0246,32.1640
526162802.78666353,52.390828,13.655726999999999,72.0951,72.1388,32.2861
526162802.8361218,52.393677999999994,13.654342,72.0373,72.0810,32.2361
526162802.88558006,52.396527,13.652958,71.9838,72.0275,32.1905
526162802.9350383,52.399376,13.651572999999999,71.8794,71.9231,32.0938
526162802.9844837,52.402224999999994,13.650189,71.3804,71.4241,31.6026
526162803.0339408,52.405074,13.648804,71.1754,71.2191,31.4053
526162803.08339906,52.407923999999994,13.647418,70.9023,70.9460,31.1399
526162803.1328449,52.410771999999994,13.646033,70.8986,70.9423,31.1437
526162803.18231654,52.413622,13.644648,70.5097,70.5534,30.7625
526162803.2317753,52.416472,13.643262,69.6107,69.6544,29.8711
526162803.281234,52.419321,13.641876,67.3736,67.4173,27.6417
526162803.33069277,52.422169999999994,13.64049,67.1514,67.1951,27.4270
526162803.3801515,52.425019,13.639104,71.8744,71.9181,32.1577
526162803.4296229,52.427869,13.637718,71.8647,71.9084,32.1556
526162803.479069,52.430718,13.636332,71.9391,71.9828,32.2377
526162803.52852774,52.433567,13.634945,71.8768,71.9205,32.1829
526162803.577986,52.436415999999994,13.633557999999999,72.2425,72.2862,32.5563
526162803.62743163,52.439265,13.632171999999999,71.8409,71.8846,32.1623
526162803.6768899,52.442114,13.630785,71.1524,71.1961,31.4814
526162803.7263608,52.444964,13.629396999999999,71.4213,71.4650,31.7579
526162803.77581906,52.447813,13.62801,71.3946,71.4383,31.7388
526162803.8252773,52.450661999999994,13.626622999999999,71.2684,71.3121,31.6203
526162803.8747356,52.453511,13.625235,70.1193,70.1630,30.4788
526162803.92419386,52.45636,13.623847,68.3220,68.3657,28.6891
526162803.9736521,52.459208999999994,13.62246,63.2230,63.2667,23.5977
528495607.55856204,52.331455999999996,13.677783999999999,70.0836,70.0639,30.0323
528495607.60800767,52.334305,13.676404,71.6975,71.6778,31.6551
528495607.65746593,52.337154999999996,13.675023,69.2160,69.1963,29.1824
528495607.7069113,52.340004,13.673642,70.9725,70.9528,30.9478
528495607.7563696,52.342853999999996,13.67226,70.3573,70.3377,30.3415
528495607.8058152,52.345703,13.670879,69.8088,69.7892,29.8019
528495607.8552606,52.348552,13.669497999999999,70.8291,70.8095,30.8310
528495607.90470624,52.351400999999996,13.668116,72.2913,72.2717,32.3021
528495607.95415187,52.35425,13.666735,72.1974,72.1778,32.2171
528495608.00359726,52.357099,13.665353,72.1941,72.1745,32.2226
528495608.05305433,52.359947999999996,13.663971,72.0580,72.0384,32.0942
528495608.1025126,52.362798,13.662588,71.9321,71.9125,31.9760
528495608.151958,52.365646999999996,13.661206,71.4639,71.4444,31.5156
528495608.2014036,52.368496,13.659823999999999,71.9331,71.9135,31.9924
528495608.250849,52.371345,13.658441,72.4802,72.4606,32.5473
528495608.3003073,52.374193999999996,13.657058,72.2495,72.2299,32.3243
528495608.34975266,52.377043,13.655674999999999,72.1889,72.1693,32.2715
528495608.3991983,52.379892,13.654293,72.1321,72.1126,32.2224
528495608.4486437,52.382740999999996,13.652909,72.2334,72.2139,32.3315
528495608.49810195,52.38559,13.651525999999999,72.0094,71.9898,32.1151
528495608.5475476,52.388439,13.650141999999999,72.0292,72.0096,32.1427
528495608.5969932,52.391287999999996,13.648759,72.2397,72.2201,32.3609
528495608.64645123,52.394137,13.647375,72.2391,72.2196,32.3680
528495608.69589686,52.396986,13.645990999999999,71.9322,71.9127,32.0689
528495608.7453425,52.399834999999996,13.644606999999999,71.5427,71.5232,31.6871
528495608.79480076,52.402685,13.643222,71.4940,71.4745,31.6462
528495608.8442466,52.405533,13.641838,71.8651,71.8455,32.0249
528495608.89370537,52.408383,13.640452999999999,71.7088,71.6893,31.8764
528495608.9431515,52.411231,13.639068,71.5330,71.5135,31.7083
528495608.9925976,52.41408,13.637684,71.8965,71.8770,32.0796
528495609.0420439,52.416928999999996,13.636299,71.0811,71.0616,31.2717
528495609.0914905,52.419778,13.634914,71.5444,71.5249,31.7427
528495609.1409366,52.422626,13.633528,71.2837,71.2642,31.4895
528495609.19039536,52.425475999999996,13.632142,71.8989,71.8795,32.1124
528495609.23982835,52.428323999999996,13.630757,72.0757,72.0562,32.2967
528495609.2892866,52.431173,13.629370999999999,71.9828,71.9634,32.2114
528495609.33873224,52.434022,13.627984999999999,71.9732,71.9538,32.2094
528495609.38817763,52.43687,13.626598999999999,71.8914,71.8720,32.1352
528495609.43762326,52.439719,13.625212999999999,71.9205,71.9011,32.1719
528495609.48706865,52.442567,13.623826999999999,71.9341,71.9147,32.1931
528495609.5365269,52.445417,13.62244,71.9885,71.9691,32.2550
528495609.58597255,52.448265,13.621053,71.7735,71.7542,32.0477
528495609.6354308,52.451114,13.619665999999999,71.4135,71.3941,31.6952
528495609.6848762,52.453962999999995,13.618279,70.5025,70.4832,30.7919
528495609.73433447,52.456812,13.616892,72.4369,72.4175,32.7338
528495609.7837801,52.459661,13.615504999999999,72.3373,72.3180,32.6419
530828405.27822113,52.332426,13.693363999999999,65.9476,65.8919,25.8813
530828405.3770869,52.338122999999996,13.690605,75.1853,75.1296,35.1360
530828405.4265199,52.340972,13.689224,74.9986,74.9429,34.9577
530828405.4759526,52.34382,13.687844,74.5191,74.4634,34.4867
530828405.5253854,52.346668,13.686463999999999,69.5273,69.4716,29.5033
530828405.57481813,52.349517,13.685082999999999,70.8895,70.8338,30.8740
530828405.6242509,52.352365,13.683703,72.3968,72.3411,32.3898
530828405.67368364,52.355214,13.682322,73.0237,72.9680,33.0251
530828405.7231293,52.358062999999994,13.68094,72.2424,72.1867,32.2523
530828405.772562,52.360910999999994,13.679559,72.2217,72.1661,32.2401
530828405.8219948,52.36376,13.678177999999999,72.1614,72.1058,32.1882
530828405.87142754,52.366608,13.676796,72.1185,72.0629,32.1538
530828405.9208603,52.369456,13.675415,72.3602,72.3046,32.4040
530828405.97029305,52.372305,13.674033,72.2753,72.2197,32.3275
530828406.0197258,52.375153,13.672651,72.1461,72.0905,32.2065
530828406.0691595,52.378001,13.671268999999999,72.1809,72.1253,32.2490
530828406.11859226,52.380849999999995,13.669887,72.1293,72.0738,32.2052
530828406.168025,52.383697999999995,13.668503999999999,72.2248,72.1692,32.3083
530828406.21747065,52.386547,13.667121999999999,72.1452,72.0896,32.2365
530828406.2669034,52.389395,13.665738999999999,71.3867,71.3311,31.4857
530828406.31633615,52.392243,13.664356,71.5985,71.5430,31.7053
530828406.3657689,52.395092,13.662973,71.9651,71.9096,32.0796
530828406.41520166,52.39794,13.661589999999999,72.1083,72.0528,32.2306
530828406.46463466,52.400788,13.660207,72.1850,72.1295,32.3150
530828406.5140798,52.403636999999996,13.658823,72.1242,72.0687,32.2619
530828406.5635128,52.406484999999996,13.657439,72.0531,71.9976,32.1985
530828406.61294603,52.409333,13.656056,72.0239,71.9684,32.1770
530828406.66237926,52.412181999999994,13.654672,69.4844,69.4289,29.6453
530828406.7118254,52.415029999999994,13.653286999999999,69.0108,68.9554,29.1794
530828406.7612586,52.417879,13.651902999999999,66.8106,66.7552,26.9870
530828406.8107047,52.420727,13.650518,64.9613,64.9059,25.1454
530828406.86013794,52.423576,13.649134,72.0710,72.0155,32.2628
530828406.9095712,52.426424,13.647749,72.1535,72.0981,32.3530
530828406.9590173,52.429272999999995,13.646364,71.9680,71.9126,32.1753
530828407.00845027,52.432120999999995,13.644979,72.0417,71.9863,32.2567
530828407.0578821,52.434968999999995,13.643594,71.9902,71.9348,32.2125
530828407.1073277,52.437816999999995,13.642209,71.9498,71.8944,32.1794
530828407.15676045,52.440664999999996,13.640823,72.0563,72.0009,32.2932
530828407.20620584,52.443514,13.639437,71.9742,71.9189,32.2186
530828407.2556386,52.446362,13.638052,71.9317,71.8764,32.1834
530828407.3050716,52.44921,13.636666,72.0340,71.9787,32.2930
530828407.354517,52.452059,13.635278999999999,75.5613,75.5060,35.8276
530828407.40394974,52.454907,13.633892999999999,76.5789,76.5236,36.8526
530828407.45339537,52.457755,13.632506999999999,75.9825,75.9272,36.2635
533161203.02799845,52.335257999999996,13.697263999999999,64.4538,64.4165,24.4237
533161203.0774431,52.338107,13.695884,65.3601,65.3228,25.3381
533161203.1268885,52.340956999999996,13.694505,67.2858,67.2485,27.2720
533161203.1763344,52.343806,13.693125,73.8868,73.8495,33.8810
533161203.2257798,52.346655,13.691744,74.3410,74.3037,34.3434
533161203.2752254,52.349503999999996,13.690363999999999,71.7256,71.6883,31.7361
533161203.3246708,52.352353,13.688984,72.0869,72.0497,32.1056
533161203.3741164,52.355202,13.687603,72.3850,72.3477,32.4117
533161203.4235618,52.358052,13.686221999999999,73.6900,73.6528,33.7249
533161203.4730072,52.360901,13.684842,72.2680,72.2307,32.3110
533161203.52245283,52.363749999999996,13.68346,72.1982,72.1610,32.2494
533161203.57189846,52.366599,13.682079,72.1517,72.1144,32.2109
533161203.6213436,52.369448,13.680698,72.1281,72.0909,32.1955
533161203.67078924,52.372296999999996,13.679316,72.2430,72.2057,32.3185
533161203.72023463,52.375146,13.677935,72.1387,72.1015,32.2224
533161203.76968026,52.377995,13.676553,72.1205,72.0832,32.2122
533161203.81912565,52.380843999999996,13.675170999999999,72.0791,72.0419,32.1790
533161203.8685713,52.383693,13.673789,72.1566,72.1194,32.2646
533161203.9180298,52.386542999999996,13.672405999999999,72.1241,72.0869,32.2403
533161203.96747565,52.389392,13.671024,72.1141,72.0769,32.2383
533161204.0169225,52.392241,13.669640999999999,71.0177,70.9805,31.1499
533161204.0663688,52.395089999999996,13.668258,71.6053,71.5681,31.7451
533161204.1158147,52.397939,13.666876,71.7928,71.7556,31.9403
533161204.1652608,52.400788,13.665493,72.0437,72.0065,32.1988
533161204.2147069,52.403636999999996,13.664109,71.9919,71.9547,32.1546
533161204.26415277,52.406486,13.662726,72.0603,72.0231,32.2306
533161204.3136115,52.409335,13.661342,72.0547,72.0175,32.2327
533161204.36305714,52.412183999999996,13.659958999999999,75.1849,75.1477,35.3705
533161204.41250277,52.415033,13.658574999999999,75.6680,75.6308,35.8612
533161204.46194816,52.417882,13.657191,75.7825,75.7453,35.9833
533161204.5114064,52.420732,13.655806,74.5987,74.5616,34.8073
533161204.56085205,52.42358,13.654421999999999,72.1112,72.0741,32.3274
533161204.6102977,52.426429,13.653037999999999,72.0248,71.9877,32.2486
533161204.6597431,52.429278,13.651653,72.1226,72.0855,32.3540
533161204.70920134,52.432128,13.650267999999999,71.9386,71.9015,32.1777
533161204.75864697,52.434976,13.648883,72.0216,71.9845,32.2683
533161204.808105,52.437826,13.647497999999999,71.9745,71.9374,32.2288
533161204.8575506,52.440675,13.646113,71.9307,71.8936,32.1926
533161204.9069834,52.443523,13.644727999999999,71.9032,71.8661,32.1728
533161204.95644164,52.446372,13.643341999999999,71.8650,71.8279,32.1422
533161205.0058744,52.44922,13.641957,71.9737,71.9366,32.2584
533161205.05533147,52.452068999999995,13.640571,75.6084,75.5713,35.9002
533161205.1047642,52.454916999999995,13.639185,76.4393,76.4022,36.7381
533161205.1542096,52.457766,13.637799,76.6391,76.6020,36.9450
535494001.65664196,52.330360999999996,13.682685,75.6192,75.6343,35.6041
535494001.7061136,52.333211999999996,13.681303999999999,70.4621,70.4772,30.4561
535494001.75555944,52.336059999999996,13.679922999999999,71.1019,71.1170,31.1051
535494001.80501795,52.33891,13.678541,75.3057,75.3208,35.3182
535494001.8544762,52.34176,13.677159,75.4712,75.4863,35.4928
535494001.9039471,52.344609999999996,13.675777,70.9866,71.0017,31.0175
535494001.9534054,52.34746,13.674394999999999,71.5942,71.6093,31.6342
535494002.002851,52.350308,13.673013,72.1220,72.1371,32.1711
535494002.0523207,52.353159,13.671631,72.1722,72.1873,32.2292
535494002.10176635,52.356007,13.670249,72.1052,72.1203,32.1699
535494002.1512246,52.358857,13.668866,72.1863,72.2014,32.2588
535494002.2006955,52.361706999999996,13.667482999999999,72.1473,72.1623,32.2275
535494002.2501538,52.364557,13.6661,72.2548,72.2699,32.3428
535494002.2995992,52.367405,13.664717,71.9776,71.9927,32.0734
535494002.3490703,52.370255,13.663333999999999,72.0716,72.0866,32.1751
535494002.3985157,52.373104,13.661951,72.1358,72.1509,32.2471
535494002.4479866,52.375954,13.660566999999999,72.1879,72.2029,32.3069
535494002.49743223,52.378803,13.659184,72.0217,72.0367,32.1485
535494002.5468905,52.381651999999995,13.6578,72.0810,72.0961,32.2156
535494002.5963614,52.384502999999995,13.656414999999999,72.0729,72.0879,32.2152
535494002.6458323,52.387353,13.655031,72.1341,72.1492,32.2842
535494002.6952779,52.390201,13.653647,72.0836,72.0986,32.2414
535494002.7447362,52.393051,13.652263,72.1972,72.2122,32.3628
535494002.79419446,52.3959,13.650877999999999,71.9987,72.0138,32.1721
535494002.8436527,52.398748999999995,13.649493,71.9088,71.9238,32.0899
535494002.893111,52.401599,13.648107999999999,71.7686,71.7836,31.9575
535494002.9425819,52.404449,13.646723,71.5956,71.6106,31.7922
535494002.9920275,52.407297,13.645337999999999,70.9895,71.0045,31.1939
535494003.0414994,52.410146999999995,13.643953,71.1497,71.1647,31.3618
535494003.0909455,52.412996,13.642567,70.8039,70.8189,31.0236
535494003.1404042,52.415845,13.641181999999999,69.3248,69.3398,29.5521
535494003.18986297,52.418693999999995,13.639795999999999,67.8074,67.8224,28.0422
535494003.2393217,52.421544,13.638409999999999,66.7190,66.7340,26.9615
535494003.28878045,52.424392999999995,13.637024,71.9800,71.9950,32.2301
535494003.3382392,52.427242,13.635638,71.9120,71.9270,32.1697
535494003.38769794,52.430091,13.634250999999999,71.9815,71.9965,32.2468
535494003.4371567,52.432941,13.632864999999999,71.9350,71.9500,32.2079
535494003.48660254,52.435789,13.631478,71.8908,71.9058,32.1713
535494003.5360608,52.438638,13.630091,71.8648,71.8798,32.1529
535494003.5855191,52.441486999999995,13.628703999999999,71.8147,71.8297,32.1104
535494003.6349771,52.444336,13.627317,72.0436,72.0586,32.3469
535494003.68442273,52.447185,13.625929999999999,72.0076,72.0226,32.3185
535494003.73389363,52.450035,13.624543,63.3325,63.3475,23.6510
535494003.7833519,52.452884,13.623154999999999,75.4015,75.4165,35.7276
535494003.83281016,52.455732999999995,13.621767,64.0245,64.0395,24.3582
535494003.8822558,52.458580999999995,13.620379999999999,72.3664,72.3814,32.7077
537826804.4009774,52.331115,13.688319,66.9247,66.9612,26.9396
537826804.4504356,52.333963999999995,13.686938,67.2285,67.2650,27.2520
537826804.4998939,52.336814,13.685557,67.3556,67.3921,27.3878
537826804.5493522,52.339664,13.684175999999999,67.4608,67.4973,27.5017
537826804.5988104,52.342513,13.682794999999999,69.3626,69.3991,29.4122
537826804.6482818,52.345364,13.681414,69.7740,69.8105,29.8322
537826804.6977406,52.348214,13.680031999999999,70.3342,70.3707,30.4010
537826804.7471993,52.351062999999996,13.67865,70.6269,70.6634,30.7025
537826804.796658,52.353913,13.677268999999999,71.2743,71.3108,31.3585
537826804.8461168,52.356761999999996,13.675887,72.0721,72.1086,32.1649
537826804.8955882,52.359612999999996,13.674503999999999,72.0302,72.0667,32.1317
537826804.9450469,52.362462,13.673122,72.1129,72.1494,32.2231
537826804.9945056,52.365311999999996,13.67174,72.0635,72.1000,32.1823
537826805.0439763,52.368162,13.670357,71.8377,71.8742,31.9644
537826805.0934346,52.371012,13.668973999999999,70.4644,70.5009,30.5988
537826805.1428928,52.373861,13.667591,71.3207,71.3572,31.4629
537826805.1923635,52.376712,13.666208,72.0547,72.0911,32.2045
537826805.2418218,52.379560999999995,13.664824999999999,71.9767,72.0131,32.1343
537826805.2912672,52.38241,13.663442,71.9030,71.9395,32.0683
537826805.3407383,52.385259999999995,13.662058,71.9261,71.9626,32.0992
537826805.3901837,52.388109,13.660675,71.6922,71.7287,31.8730
537826805.439642,52.390958,13.659291,71.8219,71.8584,32.0104
537826805.4891131,52.393808,13.657907,71.9621,71.9986,32.1584
537826805.5385585,52.396657,13.656523,71.9116,71.9480,32.1155
537826805.5880294,52.399507,13.655139,71.9783,72.0147,32.1900
537826805.637475,52.402356,13.653754999999999,71.7654,71.8018,31.9848
537826805.6869459,52.405206,13.65237,71.3528,71.3892,31.5800
537826805.7363915,52.408055,13.650986,70.9388,70.9752,31.1737
537826805.7858624,52.410905,13.6496,70.3467,70.3832,30.5894
537826805.8353207,52.413754,13.648214999999999,70.2113,70.2477,30.4616
537826805.8847916,52.416604,13.64683,69.7311,69.7675,29.9892
537826805.9342499,52.419453,13.645444999999999,66.5023,66.5387,26.7681
537826805.9837208,52.422303,13.644058999999999,67.5480,67.5844,27.8216
537826806.03318,52.425152999999995,13.642672999999998,71.9404,71.9768,32.2215
537826806.0826383,52.428002,13.641288,71.8936,71.9300,32.1822
537826806.1320965,52.430851,13.639902,71.8535,71.8899,32.1495
537826806.1815548,52.433699999999995,13.638516,71.7945,71.8309,32.0980
537826806.2310259,52.43655,13.637129,71.8758,71.9122,32.1867
537826806.2804713,52.439398999999995,13.635743,71.8283,71.8646,32.1466
537826806.3299425,52.442249,13.634357,71.8004,71.8367,32.1262
537826806.3794141,52.445099,13.63297,71.8704,71.9067,32.2036
537826806.4288728,52.447948,13.631583,71.8267,71.8630,32.1674
537826806.4783187,52.450796,13.630196,70.6375,70.6738,30.9856
537826806.5277774,52.453646,13.628808999999999,70.0329,70.0693,30.3885
537826806.5772362,52.456495,13.627422,74.4233,74.4597,34.7863
537826806.6266952,52.459343999999994,13.626033999999999,72.2224,72.2588,32.5929
540159604.3848021,52.330396,13.697918,63.8725,63.8560,23.8416
540159604.4342482,52.333245,13.696537999999999,64.1403,64.1238,24.1182
540159604.4836941,52.336093999999996,13.695158,64.4520,64.4355,24.4387
540159604.5331402,52.338944,13.693778,65.8372,65.8208,25.8327
540159604.5825863,52.341792999999996,13.692397999999999,67.0916,67.0752,27.0959
540159604.6320322,52.344642,13.691016999999999,67.3433,67.3269,27.3564
540159604.6814778,52.347491,13.689637,68.0470,68.0306,28.0688
540159604.7309232,52.350339999999996,13.688255999999999,68.8691,68.8527,28.8997
540159604.7803686,52.353189,13.686874999999999,69.3025,69.2861,29.3419
540159604.8298142,52.356038,13.685493999999998,70.2359,70.2195,30.2840
540159604.8792596,52.358886999999996,13.684113,71.5160,71.4996,31.5729
540159604.9287052,52.361736,13.682730999999999,71.7557,71.7393,31.8214
540159604.9781506,52.364585,13.68135,71.9062,71.8898,31.9806
540159605.0275962,52.367433999999996,13.679967999999999,71.8816,71.8652,31.9642
540159605.0770426,52.370284,13.678586999999998,71.9784,71.9621,32.0688
540159605.1264882,52.373132999999996,13.677204999999999,69.3938,69.3774,29.4919
540159605.1759465,52.375982,13.675822,72.0077,71.9913,32.1136
540159605.2253919,52.378831,13.674439999999999,72.1393,72.1230,32.2530
540159605.2748375,52.381679999999996,13.673058,71.9273,71.9109,32.0487
540159605.3242829,52.384529,13.671674999999999,71.7999,71.7835,31.9291
540159605.3737285,52.387378,13.670292,71.4373,71.4210,31.5743
540159605.4231739,52.390226999999996,13.668909999999999,70.9860,70.9696,31.1307
540159605.4726322,52.393077,13.667525999999999,71.1109,71.0945,31.2634
540159605.5220776,52.395925999999996,13.666143,71.4428,71.4265,31.6031
540159605.5715232,52.398773999999996,13.66476,71.6344,71.6181,31.8025
540159605.6209686,52.401623,13.663376,71.7857,71.7693,31.9615
540159605.6704268,52.404472999999996,13.661992,71.9083,71.8920,32.0919
540159605.7198851,52.407322,13.660608,71.8410,71.8247,32.0324
540159605.7693181,52.410171,13.659225,71.7364,71.7200,31.9354
540159605.8187635,52.413019,13.657841,68.9217,68.9054,29.1285
540159605.8682218,52.415869,13.656455999999999,67.8684,67.8521,28.0830
540159605.9176674,52.418718,13.655071999999999,64.9366,64.9202,25.1589
540159605.9671009,52.421566,13.653687999999999,63.9295,63.9132,24.1596
540159606.0165586,52.424414999999996,13.652303,71.8130,71.7967,32.0508
540159606.0660043,52.427264,13.650917999999999,71.7140,71.6977,31.9592
540159606.115463,52.430113999999996,13.649531999999999,71.6533,71.6370,31.9059
540159606.1649218,52.432963,13.648147,71.5916,71.5753,31.8516
540159606.2143679,52.435812,13.646761999999999,71.6534,71.6372,31.9209
540159606.2638266,52.438660999999996,13.645375999999999,71.6169,71.6006,31.8917
540159606.3132727,52.44151,13.643989999999999,71.5653,71.5490,31.8475
540159606.362731,52.444359,13.642603999999999,71.5331,71.5169,31.8228
540159606.4121766,52.447207999999996,13.641217999999999,71.6151,71.5989,31.9122
540159606.4616349,52.450057,13.639832,71.7246,71.7083,32.0291
540159606.5110803,52.452906,13.638446,68.9819,68.9657,29.2938
540159606.5605259,52.455754999999996,13.63706,67.5700,67.5538,27.8894
540159606.6099715,52.458603,13.635672999999999,67.3234,67.3071,27.6501
542492403.0327811,52.340069,13.695770999999999,74.1048,74.0183,34.0410
542492403.082227,52.342918,13.694391,74.0037,73.9173,33.9480
542492403.1316731,52.345768,13.693011,73.7178,73.6313,33.6702
542492403.1811063,52.348616,13.691632,74.3210,74.2345,34.2814
542492403.2305524,52.351465,13.690252,74.0099,73.9235,33.9784
542492403.2799983,52.354315,13.688870999999999,72.8591,72.7727,32.8356
542492403.3294318,52.357163,13.687491,72.7646,72.6781,32.7492
542492403.3788776,52.360012999999995,13.68611,72.3231,72.2367,32.3158
542492403.4283237,52.362862,13.684728999999999,72.2591,72.1727,32.2598
542492403.4777696,52.365711,13.683347999999999,72.2063,72.1199,32.2150
542492403.5272152,52.368559999999995,13.681967,72.1669,72.0805,32.1838
542492403.5766606,52.371409,13.680586,72.2815,72.1951,32.3064
542492403.6261065,52.374258999999995,13.679205,72.2622,72.1758,32.2951
542492403.6755519,52.377108,13.677823,72.2856,72.1993,32.3266
542492403.7249975,52.379957,13.676440999999999,72.2321,72.1457,32.2812
542492403.7744303,52.382805,13.67506,72.1775,72.0911,32.2346
542492403.8238759,52.385653999999995,13.673677999999999,72.1372,72.0509,32.2024
542492403.8733213,52.388503,13.672296,72.2319,72.1456,32.3051
542492403.9227669,52.391352,13.670912999999999,71.4223,71.3359,31.5036
542492403.9722123,52.394200999999995,13.669531,71.3752,71.2889,31.4646
542492404.0216451,52.39705,13.668149,71.5744,71.4881,31.6716
542492404.0710895,52.399899,13.666765999999999,71.9494,71.8631,32.0543
542492404.1205223,52.402747,13.665382999999999,72.1207,72.0345,32.2332
542492404.1699677,52.405595999999996,13.664,72.0531,71.9668,32.1732
542492404.2194133,52.408445,13.662617,72.1345,72.0483,32.2622
542492404.2688713,52.411294999999996,13.661233,72.1521,72.0658,32.2874
542492404.3183043,52.414142999999996,13.659849999999999,74.5446,74.4584,34.6875
542492404.367737,52.416990999999996,13.658467,75.5500,75.4638,35.7006
542492404.4171824,52.41984,13.657083,75.2201,75.1339,35.3782
542492404.4666152,52.422688,13.655699,72.1822,72.0960,32.3480
542492404.5160608,52.425537,13.654314999999999,72.0205,71.9344,32.1939
542492404.5655065,52.428385999999996,13.652930999999999,72.0596,71.9734,32.2406
542492404.6149392,52.431233999999996,13.651546999999999,72.1583,72.0722,32.3469
542492404.664372,52.434083,13.650163,71.9782,71.8921,32.1744
542492404.7138174,52.436930999999994,13.648778,72.0701,71.9840,32.2739
542492404.7632632,52.43978,13.647393,71.9982,71.9121,32.2097
542492404.8126967,52.442628,13.646008,72.0935,72.0075,32.3126
542492404.8621299,52.445477,13.644623,72.0390,71.9529,32.2656
542492404.911576,52.448325,13.643238,72.0033,71.9173,32.2376
542492404.9610219,52.451173999999995,13.641852,72.1465,72.0604,32.3883
542492405.0104556,52.454021999999995,13.640467,76.7172,76.6312,36.9666
542492405.0599022,52.456871,13.639081,76.7008,76.6148,36.9571
542492405.1093483,52.45972,13.637694999999999,76.4547,76.3687,36.7181
544825207.0427251,52.332355,13.684524,68.0106,67.9100,27.8937
544825207.0921834,52.335204999999995,13.683143,69.2280,69.1274,29.1191
544825207.1416287,52.338054,13.681761999999999,73.7835,73.6829,33.6826
544825207.191087,52.340903999999995,13.68038,73.9114,73.8109,33.8186
544825207.2405326,52.343753,13.678999,70.2810,70.1804,30.1962
544825207.289978,52.346602,13.677617999999999,70.8927,70.7922,30.8160
544825207.3394237,52.349450999999995,13.676236,70.9814,70.8809,30.9128
544825207.388869,52.3523,13.674854,71.8444,71.7438,31.7837
544825207.4383273,52.355149,13.673471999999999,72.0453,71.9448,31.9927
544825207.487773,52.357997999999995,13.672089999999999,72.2525,72.1520,32.2080
544825207.5372183,52.360847,13.670708,72.2571,72.1566,32.2206
544825207.586664,52.363696,13.669326,72.3091,72.2086,32.2807
544825207.6361222,52.366546,13.667943,72.2959,72.1955,32.2755
544825207.6855803,52.369395,13.666559999999999,69.8934,69.7929,29.8810
544825207.7350259,52.372243999999995,13.665177,71.8200,71.7196,31.8157
544825207.7844713,52.375093,13.663794,72.0224,71.9220,32.0262
544825207.8339169,52.377942,13.662410999999999,71.9865,71.8861,31.9983
544825207.8833752,52.380790999999995,13.661026999999999,72.1595,72.0591,32.1793
544825207.9328206,52.38364,13.659644,72.1183,72.0178,32.1461
544825207.9822788,52.386489999999995,13.658259999999999,71.6865,71.5861,31.7224
544825208.0317233,52.389337999999995,13.656875999999999,72.1016,72.0012,32.1454
544825208.081156,52.392185999999995,13.655493,72.1714,72.0710,32.2228
544825208.1306143,52.395036,13.654109,72.2284,72.1281,32.2876
544825208.1800597,52.397884999999995,13.652725,72.1870,72.0866,32.2538
544825208.2295053,52.400732999999995,13.65134,72.1364,72.0361,32.2109
544825208.2789636,52.403583,13.649954999999999,71.7703,71.6700,31.8525
544825208.3284097,52.406431,13.648570999999999,71.7847,71.6844,31.8746
544825208.3778684,52.409281,13.647186,50.4510,50.3507,10.5486
544825208.4273145,52.41213,13.645800999999999,33.0924,32.9922,-6.8023
544825208.4767604,52.414978,13.644416,74.8236,74.7233,34.9366
544825208.5262065,52.417826999999996,13.643030999999999,63.3374,63.2372,23.4581
544825208.5756526,52.420676,13.641644999999999,68.2335,68.1332,28.3618
544825208.6251113,52.423525,13.640258999999999,70.3442,70.2440,30.4803
544825208.6745446,52.426373,13.638874,70.6078,70.5076,30.7515
544825208.7240031,52.429221999999996,13.637488,72.0467,71.9465,32.1982
544825208.7734358,52.432069999999996,13.636102,71.7558,71.6556,31.9149
544825208.8228941,52.434919,13.634716,71.6378,71.5377,31.8047
544825208.8723397,52.437768,13.633329,71.6724,71.5722,31.8469
544825208.9217851,52.440616,13.631943,71.7884,71.6883,31.9707
544825208.9712434,52.443466,13.630555999999999,71.9829,71.8828,32.1728
544825209.020689,52.446314,13.629169,72.3227,72.2226,32.5201
544825209.0701354,52.449163,13.627782999999999,76.1707,76.0706,36.3753
544825209.1195936,52.452011999999996,13.626394999999999,75.9638,75.8638,36.1756
544825209.1690264,52.45486,13.625008,75.0076,74.9075,35.2264
544825209.2184846,52.457708999999994,13.623621,74.6593,74.5592,34.8853
547158010.0131032,52.331041,13.691749,66.0286,65.9803,25.9669
547158010.0625625,52.333890999999994,13.690368,67.0833,67.0350,27.0297
547158010.1120081,52.33674,13.688988,74.0251,73.9768,33.9797
547158010.1614535,52.339589,13.687607,73.7205,73.6722,33.6832
547158010.2109118,52.342439,13.686226,73.9533,73.9051,33.9241
547158010.26037,52.345289,13.684845,68.7732,68.7249,28.7520
547158010.3098283,52.348138999999996,13.683463999999999,69.8126,69.7643,29.7996
547158010.3592994,52.350989,13.682082,71.0372,70.9889,31.0323
547158010.4087574,52.353839,13.6807,68.2204,68.1721,28.2236
547158010.4582031,52.356688,13.679319,72.2758,72.2276,32.2871
547158010.5076613,52.359536999999996,13.677937,72.2031,72.1549,32.2225
547158010.5571067,52.362386,13.676556,72.3005,72.2522,32.3280
547158010.606565,52.365235999999996,13.675173,72.2543,72.2060,32.2899
547158010.6560233,52.368085,13.673791,72.0759,72.0277,32.1196
547158010.7054687,52.370934,13.672409,71.9839,71.9357,32.0357
547158010.7549143,52.373782999999996,13.671026999999999,70.4177,70.3695,30.4776
547158010.8043852,52.376633,13.669642999999999,71.4666,71.4184,31.5347
547158010.8538435,52.379483,13.668261,72.0882,72.0400,32.1644
547158010.9032891,52.382332,13.666877999999999,72.0140,71.9658,32.0982
547158010.9527473,52.385180999999996,13.665495,71.8774,71.8292,31.9697
547158011.0022056,52.388031,13.664111,71.6568,71.6086,31.7572
547158011.0516498,52.390879999999996,13.662728,71.5978,71.5496,31.7059
547158011.101121,52.39373,13.661344,71.6658,71.6176,31.7816
547158011.1505663,52.396578999999996,13.65996,72.0619,72.0137,32.1853
547158011.2000122,52.399426999999996,13.658577,72.0352,71.9870,32.1663
547158011.2494836,52.402277999999995,13.657192,72.0069,71.9587,32.1456
547158011.2989297,52.405125999999996,13.655807999999999,70.5531,70.5049,30.6995
547158011.3483884,52.407976,13.654423999999999,70.2070,70.1588,30.3611
547158011.3978472,52.410824999999996,13.653039,70.2896,70.2414,30.4513
547158011.4473059,52.413675,13.651653999999999,70.1307,70.0825,30.3001
547158011.4967647,52.416523999999995,13.650269,69.4355,69.3873,29.6126
547158011.5462108,52.419373,13.648885,66.0211,65.9729,26.2058
547158011.5956695,52.422222,13.647499999999999,65.0874,65.0392,25.2798
547158011.6451151,52.425070999999996,13.646115,71.8660,71.8178,32.0660
547158011.694586,52.427921,13.644729,71.8763,71.8281,32.0840
547158011.7440317,52.430769,13.643343,67.8950,67.8468,28.1103
547158011.7935026,52.43362,13.641957,67.9878,67.9396,28.2108
547158011.8429608,52.436468999999995,13.640571,68.7855,68.7373,29.0162
547158011.8924191,52.439318,13.639185,70.7162,70.6680,30.9545
547158011.9418774,52.442167,13.637799,71.1232,71.0750,31.3692
547158011.9913356,52.445017,13.636412,71.6309,71.5827,31.8846
547158012.0407951,52.447866,13.635026,71.7558,71.7076,32.0167
547158012.0902405,52.450714,13.633638999999999,72.5632,72.5150,32.8313
547158012.1396987,52.453564,13.632252,69.9704,69.9222,30.2456
547158012.189157,52.456413,13.630865,76.0920,76.0438,36.3743
547158012.2386026,52.459261,13.629479,74.5465,74.4984,34.8360
549490814.0175614,52.331015,13.684178,68.1686,68.2077,28.1866
549490814.0670078,52.333864,13.682799,68.4656,68.5047,28.4916
549490814.1164536,52.336712999999996,13.681419,68.9468,68.9859,28.9808
549490814.1658998,52.339562,13.680038,68.7436,68.7827,28.7856
549490814.2153459,52.342411999999996,13.678657999999999,69.8920,69.9311,29.9420
549490814.2647917,52.345261,13.677278,70.1607,70.1998,30.2188
549490814.3142376,52.34811,13.675896999999999,71.1144,71.1535,31.1805
549490814.3636832,52.350958999999996,13.674515999999999,71.4782,71.5173,31.5523
549490814.4131289,52.353808,13.673135,72.1070,72.1461,32.1891
549490814.4625742,52.356657,13.671754,72.2009,72.2399,32.2910
549490814.5120199,52.359505999999996,13.670373,72.1422,72.1813,32.2404
549490814.5614781,52.362356,13.668991,72.0757,72.1147,32.1818
549490814.6109235,52.365204999999996,13.66761,72.0215,72.0606,32.1357
549490814.6603816,52.368055,13.666228,71.4698,71.5088,31.5920
549490814.7098272,52.370903999999996,13.664845999999999,71.1498,71.1889,31.2801
549490814.7592726,52.373753,13.663464,72.0196,72.0586,32.1579
549490814.8087182,52.376602,13.662082,71.9372,71.9762,32.0834
549490814.8581636,52.379450999999996,13.660699999999999,72.0364,72.0754,32.1907
549490814.9076092,52.3823,13.659317,71.9311,71.9701,32.0934
549490814.9570673,52.385149,13.657934,71.8744,71.9134,32.0448
549490815.0065255,52.387999,13.656550999999999,71.8516,71.8906,32.0299
549490815.0559702,52.390848,13.655168999999999,71.9511,71.9901,32.1371
549490815.1054156,52.393696999999996,13.653786,71.9075,71.9465,32.1011
549490815.1548612,52.396546,13.652401999999999,71.9526,71.9916,32.1540
549490815.2043195,52.399395,13.651019,71.7299,71.7688,31.9389
549490815.2537649,52.402243999999996,13.649635,71.1006,71.1396,31.3173
549490815.3032105,52.405093,13.648252,71.0212,71.0601,31.2455
549490815.3526688,52.407942999999996,13.646866999999999,70.9182,70.9571,31.1502
549490815.4021142,52.410790999999996,13.645484,70.8128,70.8517,31.0525
549490815.4515598,52.41364,13.644098999999999,70.8411,70.8800,31.0885
549490815.5010052,52.416489,13.642714999999999,69.0912,69.1301,29.3463
549490815.5504634,52.419339,13.641331,67.1076,67.1465,27.3703
549490815.5999091,52.422187,13.639946,63.8522,63.8911,24.1226
549490815.6493678,52.425036999999996,13.638561,71.7960,71.8349,32.0741
549490815.6988139,52.427886,13.637176,71.9135,71.9524,32.1993
549490815.7482598,52.430734,13.635791,71.8564,71.8952,32.1498
549490815.7977059,52.433583,13.634406,71.6346,71.6735,31.9357
549490815.847152,52.436431999999996,13.633021,71.7472,71.7860,32.0559
549490815.8965979,52.439281,13.631635,71.8164,71.8552,32.1329
549490815.9460568,52.44213,13.630249,71.8737,71.9125,32.1978
549490815.9955027,52.444979,13.628862999999999,71.6973,71.7361,32.0291
549490816.0449619,52.447827999999994,13.627476999999999,71.4238,71.4626,31.7628
549490816.0944076,52.450677,13.626090999999999,70.9654,71.0042,31.3116
549490816.1438658,52.453526,13.624704999999999,71.2160,71.2548,31.5693
549490816.1933112,52.456374999999994,13.623318,75.5862,75.6250,35.9467
549490816.2427568,52.459222999999994,13.621932,72.8424,72.8812,33.2100
551823612.9007835,52.332274,13.689931,67.0513,67.1555,27.1426
551823612.9502163,52.335122999999996,13.688550999999999,67.6879,67.7921,27.7890
551823613.0490806,52.34082,13.685792,74.3490,74.4532,34.4679
551823613.0985007,52.343668,13.684413,69.0857,69.1899,29.2126
551823613.1479335,52.346516,13.683031999999999,69.4693,69.5735,29.6041
551823613.1973662,52.349365,13.681652,70.2793,70.3835,30.4221
551823613.246799,52.352213,13.680271999999999,68.0851,68.1893,28.2358
551823613.2962317,52.355062,13.678891,72.1144,72.2186,32.2731
551823613.3456645,52.35791,13.677510999999999,72.1311,72.2352,32.2976
551823613.3950973,52.360758999999995,13.676129999999999,72.0792,72.1833,32.2537
551823613.4445174,52.363606,13.674749,72.0533,72.1574,32.2357
551823613.4939501,52.366454999999995,13.673368,72.1069,72.2110,32.2973
551823613.5433829,52.369302999999995,13.671987,72.2203,72.3244,32.4187
551823613.5928159,52.372152,13.670606,70.4267,70.5308,30.6330
551823613.6422489,52.375,13.669224,72.0224,72.1265,32.2367
551823613.6916821,52.377849,13.667842,72.0209,72.1250,32.2431
551823613.7411153,52.380697,13.666459999999999,71.9729,72.0770,32.2031
551823613.7905488,52.383545999999996,13.665078,71.9197,72.0238,32.1578
551823613.839982,52.386393999999996,13.663696,71.5517,71.6558,31.7978
551823613.8894153,52.389241999999996,13.662313999999999,71.5978,71.7019,31.8518
551823613.9388485,52.392091,13.660931,71.8502,71.9543,32.1122
551823613.9882817,52.394939,13.659549,71.8437,71.9477,32.1137
551823614.037715,52.397787,13.658166,71.9182,72.0222,32.1958
551823614.0871489,52.400636,13.656782999999999,71.8819,71.9859,32.1672
551823614.1365945,52.403484999999996,13.6554,70.8201,70.9240,31.1129
551823614.1860273,52.406333,13.654015999999999,70.2550,70.3590,30.5555
551823614.2354727,52.409181999999994,13.652633,70.1459,70.2499,30.4540
551823614.2849054,52.412029999999994,13.651249,70.0141,70.1180,30.3298
551823614.3343382,52.414877999999995,13.649865,69.5112,69.6152,29.8346
551823614.383771,52.417727,13.648482,67.9785,68.0824,28.3094
551823614.4332037,52.420575,13.647098,65.7751,65.8790,26.1137
551823614.4826491,52.423424,13.645712999999999,72.0340,72.1379,32.3801
551823614.5320818,52.426272,13.644328999999999,71.9520,72.0559,32.3058
551823614.5815146,52.42912,13.642944,71.9113,72.0152,32.2728
551823614.6309474,52.431968,13.64156,71.7182,71.8221,32.0872
551823614.680393,52.434816999999995,13.640175,71.4067,71.5106,31.7834
551823614.7298384,52.437666,13.638789,71.2836,71.3874,31.6678
551823614.7792714,52.440514,13.637404,71.6964,71.8003,32.0883
551823614.8287041,52.443362,13.636019,71.8877,71.9916,32.2873
551823614.8781497,52.446211,13.634633,71.8594,71.9632,32.2665
551823614.9275825,52.449059,13.633248,71.9552,72.0590,32.3700
551823614.9770153,52.451907,13.631862,70.2914,70.3952,30.7137
551823615.0264599,52.454755999999996,13.630476,69.7583,69.8621,30.1880
551823615.0758927,52.457603999999996,13.62909,75.5357,75.6395,35.9723
554156410.3521805,52.330354,13.696994,75.8159,75.9176,35.9024
554156410.4016132,52.333203,13.695613999999999,75.3383,75.4399,35.4334
554156410.4510589,52.336051999999995,13.694234999999999,75.5207,75.6223,35.6245
554156410.5004787,52.338899999999995,13.692855,73.9616,74.0633,34.0742
554156410.5499115,52.341749,13.691476,73.8910,73.9927,34.0123
554156410.5993571,52.344598,13.690095,72.0370,72.1387,32.1669
554156410.6487899,52.347446999999995,13.688715,68.0082,68.1098,28.1468
554156410.6982226,52.350294999999996,13.687335,65.1645,65.2661,25.3118
554156410.7476554,52.353144,13.685955,64.3593,64.4609,24.5152
554156410.7970881,52.355992,13.684574999999999,65.5538,65.6554,25.7184
554156410.8465209,52.358841,13.683193999999999,70.6102,70.7119,30.7836
554156410.8959537,52.361689,13.681813,72.0355,72.1371,32.2176
554156410.9453738,52.364537,13.680432999999999,72.1233,72.2249,32.3140
554156410.9948065,52.367385,13.679051999999999,72.0490,72.1506,32.2484
554156411.0442531,52.370235,13.677669999999999,71.7432,71.8448,31.9505
554156411.0936859,52.373083,13.676288999999999,69.2699,69.3715,29.4848
554156411.1431186,52.375930999999994,13.674907,70.1193,70.2209,30.3420
554156411.1925516,52.37878,13.673525,71.8488,71.9504,32.0793
554156411.2419848,52.381628,13.672144,71.8802,71.9818,32.1185
554156411.2914181,52.384477,13.670762,71.6100,71.7116,31.8559
554156411.3408515,52.387325,13.669379,71.3075,71.4091,31.5612
554156411.3902848,52.390173,13.667997,70.9941,71.0957,31.2556
554156411.439718,52.393021999999995,13.666615,71.1176,71.2192,31.3868
554156411.4891641,52.395871,13.665232,71.1046,71.2062,31.3815
554156411.5385973,52.398719,13.663848999999999,71.7968,71.8984,32.0815
554156411.5880306,52.401567,13.662466,71.8932,71.9948,32.1857
554156411.6374636,52.404416,13.661083,71.9739,72.0755,32.2741
554156411.6869092,52.407264999999995,13.659699999999999,71.9383,72.0399,32.2462
554156411.7363546,52.410114,13.658316,68.9760,69.0776,29.2917
554156411.7857873,52.412962,13.656932999999999,68.8934,68.9950,29.2169
554156411.8352201,52.41581,13.655548999999999,68.4185,68.5201,28.7497
554156411.8846531,52.418658,13.654164999999999,65.9450,66.0466,26.2839
554156411.9340858,52.421507,13.652781,63.9408,64.0424,24.2875
554156411.9835312,52.424355,13.651397,72.2665,72.3681,32.6209
554156412.0329628,52.427203999999996,13.650012,71.9034,72.0050,32.2653
554156412.0823956,52.430051999999996,13.648627999999999,71.8170,71.9186,32.1863
554156412.1318283,52.4329,13.647243999999999,71.7515,71.8531,32.1282
554156412.1812739,52.435748999999994,13.645859,71.7447,71.8463,32.1289
554156412.2307193,52.438598,13.644473,71.7555,71.8571,32.1470
554156412.2801521,52.441446,13.643087999999999,71.7242,71.8258,32.1231
554156412.3295848,52.444294,13.641703,71.8482,71.9498,32.2545
554156412.3790305,52.447143,13.640317999999999,71.8196,71.9212,32.2333
554156412.4284632,52.449991,13.638931999999999,71.9149,72.0165,32.3360
554156412.477896,52.452839,13.637545999999999,69.2983,69.3999,29.7268
554156412.5273416,52.455687999999995,13.636159999999999,58.1735,58.2751,18.6094
554156412.5767744,52.458535999999995,13.634774,58.8957,58.9973,19.3390
556489207.717725,52.335316999999996,13.695934,75.5236,75.5884,35.5902
556489207.7671707,52.338166,13.694554,74.2616,74.3264,34.3375
556489207.8166289,52.341015999999996,13.693173999999999,74.0453,74.1101,34.1305
556489207.8660743,52.343865,13.691794,74.0387,74.1035,34.1332
556489207.9155328,52.346714999999996,13.690413999999999,67.9981,68.0629,28.1019
556489207.9649789,52.349564,13.689034,68.8964,68.9612,29.0096
556489208.0144255,52.352413,13.687654,69.0925,69.1573,29.2145
556489208.0638719,52.355261999999996,13.686273,69.7045,69.7693,29.8343
556489208.113318,52.358111,13.684892,70.6048,70.6696,30.7425
556489208.1627641,52.360960999999996,13.683511999999999,72.0730,72.1378,32.2185
556489208.2122099,52.36381,13.682131,72.0115,72.0764,32.1650
556489208.2616687,52.366659999999996,13.680748999999999,72.0952,72.1601,32.2566
556489208.3111148,52.369509,13.679368,72.0602,72.1251,32.2294
556489208.3605604,52.372358,13.677987,69.2552,69.3201,29.4323
556489208.4100058,52.375206999999996,13.676604999999999,69.3120,69.3769,29.4969
556489208.4594514,52.378056,13.675222999999999,71.9206,71.9855,32.1134
556489208.5089097,52.380905,13.673841,71.9639,72.0288,32.1646
556489208.558368,52.383755,13.672459,71.9182,71.9831,32.1268
556489208.6078134,52.386604,13.671076999999999,71.7624,71.8273,31.9788
556489208.657259,52.389452999999996,13.669694,71.3126,71.3775,31.5369
556489208.7067044,52.392302,13.668312,71.1146,71.1795,31.3467
556489208.75615,52.395151,13.666929,71.1609,71.2258,31.4009
556489208.8056083,52.398001,13.665545999999999,71.0567,71.1216,31.3045
556489208.8550537,52.40085,13.664162999999999,71.8783,71.9433,32.1341
556489208.9044993,52.403698,13.66278,71.8941,71.9591,32.1577
556489208.9539444,52.406546999999996,13.661397,71.8554,71.9204,32.1269
556489209.003403,52.409397,13.660013999999999,71.9534,72.0184,32.2327
556489209.0528603,52.412245999999996,13.658629999999999,68.8340,68.8990,29.1209
556489209.1023057,52.415095,13.657245999999999,68.5024,68.5674,28.7968
556489209.1517513,52.417944,13.655861999999999,66.7303,66.7953,27.0322
556489209.2012095,52.420794,13.654478,64.7242,64.7893,25.0337
556489209.2506549,52.423642,13.653094,71.8040,71.8690,32.1209
556489209.3001006,52.426491,13.65171,71.7875,71.8525,32.1120
556489209.3495588,52.429341,13.650324999999999,71.9443,72.0093,32.2763
556489209.3990171,52.43219,13.64894,71.1692,71.2342,31.5088
556489209.4484625,52.435038999999996,13.647554999999999,70.1867,70.2517,30.5338
556489209.4979208,52.437888,13.64617,70.1857,70.2507,30.5403
556489209.5473664,52.440737,13.644784999999999,70.4519,70.5170,30.8141
556489209.5968246,52.443587,13.643398999999999,71.0207,71.0858,31.3904
556489209.6462708,52.446435,13.642014,71.5008,71.5659,31.8781
556489209.6957295,52.449284999999996,13.640628,71.2467,71.3118,31.6315
556489209.7451756,52.452134,13.639242999999999,57.4101,57.4752,17.8024
556489209.7946215,52.454982,13.637856999999999,59.3214,59.3864,19.7212
556489209.8440802,52.457831999999996,13.636471,64.0408,64.1059,24.4481
558822005.7222095,52.332679,13.683373999999999,69.3675,69.4180,29.3973
558822005.7716677,52.335529,13.681992999999999,70.7806,70.8311,30.8196
558822005.8211133,52.338378,13.680610999999999,74.0199,74.0704,34.0682
558822005.8705587,52.341226999999996,13.679229999999999,74.7261,74.7766,34.7837
558822005.920017,52.344076,13.677848,70.5831,70.6336,30.6500
558822005.9694753,52.346925999999996,13.676466,71.0704,71.1209,31.1466
558822006.0189209,52.349775,13.675085,71.3213,71.3718,31.4062
558822006.0683801,52.352624,13.673701999999999,72.0754,72.1259,32.1681
558822006.1178381,52.355474,13.67232,72.1575,72.2080,32.2580
558822006.1672964,52.358323,13.670936999999999,72.0916,72.1421,32.1999
558822006.216742,52.361171999999996,13.669554999999999,72.0532,72.1037,32.1693
558822006.2662003,52.364022,13.668172,72.1342,72.1847,32.2581
558822006.3156583,52.366870999999996,13.666789,72.1207,72.1712,32.2523
558822006.365104,52.36972,13.665405999999999,71.2451,71.2956,31.3845
558822006.4145622,52.372569,13.664023,72.0436,72.0941,32.1908
558822006.4640205,52.375419,13.66264,72.0579,72.1084,32.2129
558822006.5134659,52.378268,13.661256,72.0008,72.0514,32.1636
558822006.5629241,52.381116999999996,13.659873,72.0806,72.1312,32.2512
558822006.6123698,52.383966,13.658489,72.0005,72.0511,32.1789
558822006.661828,52.386815,13.657105,71.8608,71.9114,32.0470
558822006.7112863,52.389665,13.655721,72.0861,72.1367,32.2801
558822006.7607446,52.392514,13.654335999999999,72.0188,72.0694,32.2206
558822006.8102028,52.395362999999996,13.652951999999999,71.9884,72.0390,32.1980
558822006.8596482,52.398212,13.651567,71.9336,71.9842,32.1510
558822006.9091065,52.401061,13.650183,71.3816,71.4322,31.6068
558822006.9585652,52.403911,13.648798,71.0790,71.1296,31.3120
558822007.0080104,52.406759,13.647413,70.9792,71.0298,31.2199
558822007.0574689,52.409608999999996,13.646028,70.8461,70.8967,31.0945
558822007.1069148,52.412456999999996,13.644642999999999,70.4936,70.5442,30.7496
558822007.1563735,52.415306,13.643257,70.2222,70.2729,30.4858
558822007.2058325,52.418155999999996,13.641871,68.0440,68.0947,28.3152
558822007.2552912,52.421005,13.640485,66.4438,66.4944,26.7226
558822007.3047371,52.423854,13.6391,71.6019,71.6525,31.8883
558822007.3541961,52.426702999999996,13.637713,71.9288,71.9794,32.2228
558822007.4036543,52.429552,13.636327,71.9106,71.9613,32.2122
558822007.4530997,52.432399999999994,13.634941,71.8363,71.8870,32.1456
558822007.502558,52.435249999999996,13.633554,71.5779,71.6286,31.8948
558822007.5520291,52.4381,13.632166999999999,71.5870,71.6377,31.9115
558822007.6014745,52.440948,13.63078,71.7840,71.8347,32.1161
558822007.6509328,52.443796999999996,13.629392999999999,72.0647,72.1155,32.4045
558822007.7004039,52.446647,13.628006,71.7082,71.7590,32.0556
558822007.749862,52.449495999999996,13.626617999999999,62.7762,62.8270,23.1312
558822007.7993076,52.452345,13.625231,63.2030,63.2537,23.5656
558822007.8487659,52.455194,13.623842999999999,66.9763,67.0270,27.3465
558822007.8982241,52.458042999999996,13.622456,72.6856,72.7364,33.0634
561154809.5214291,52.330563,13.686812,74.1382,74.1951,34.1694
561154809.5708752,52.333411999999996,13.685431,72.4851,72.5420,32.5253
561154809.620321,52.336261,13.684051,73.9709,74.0278,34.0199
561154809.6697671,52.33911,13.68267,73.9066,73.9635,33.9646
561154809.7192132,52.341958999999996,13.681289,73.7910,73.8479,33.8579
561154809.7686591,52.344808,13.679908,69.1540,69.2109,29.2298
561154809.8181047,52.347657999999996,13.678526999999999,69.9226,69.9795,30.0073
561154809.8675504,52.350507,13.677145999999999,69.4143,69.4712,29.5079
561154809.9169958,52.353356,13.675765,72.3360,72.3929,32.4385
561154809.9664414,52.356204999999996,13.674382999999999,72.0154,72.0723,32.1268
561154810.0158997,52.359054,13.673001,72.3304,72.3873,32.4504
561154810.065357,52.361903999999996,13.671619,72.0109,72.0678,32.1387
561154810.1148024,52.364753,13.670237,71.9857,72.0426,32.1212
561154810.164248,52.367602,13.668854999999999,69.3510,69.4079,29.4942
561154810.2136936,52.370450999999996,13.667473,70.6523,70.7092,30.8033
561154810.263139,52.3733,13.666089999999999,72.2294,72.2863,32.3882
561154810.312597,52.376149,13.664707,72.1849,72.2418,32.3514
561154810.3620424,52.378997999999996,13.663324999999999,71.8192,71.8761,31.9935
561154810.411488,52.381847,13.661942,71.9700,72.0269,32.1520
561154810.4609334,52.384696,13.660559,71.9369,71.9938,32.1267
561154810.5103917,52.387546,13.659175,71.8970,71.9539,32.0945
561154810.5598371,52.390394,13.657791999999999,71.9423,71.9992,32.1476
561154810.6092827,52.393243,13.656407999999999,72.0509,72.1078,32.2640
561154810.658741,52.396093,13.655024,71.9802,72.0371,32.2010
561154810.7081864,52.398942,13.653640999999999,71.9492,72.0061,32.1777
561154810.757632,52.40179,13.652256999999999,72.0007,72.0576,32.2370
561154810.8070776,52.404638999999996,13.650872999999999,70.8137,70.8706,31.0578
561154810.856523,52.407488,13.649488,70.5413,70.5982,30.7931
561154810.9059558,52.410336,13.648104,70.3932,70.4501,30.6527
561154810.955414,52.413185,13.646719,74.3550,74.4119,34.6223
561154811.0048597,52.416033999999996,13.645335,61.3664,61.4233,21.6414
561154811.0543063,52.418883,13.64395,65.7302,65.7871,26.0127
561154811.103765,52.421732,13.642564,68.6762,68.7331,28.9663
561154811.1532109,52.424580999999996,13.641179,70.9388,70.9957,31.2364
561154811.2026696,52.42743,13.639794,62.6011,62.6580,22.9063
561154811.2521157,52.430279,13.638408,71.6362,71.6931,31.9489
561154811.3015618,52.433127999999996,13.637022,71.3290,71.3859,31.6492
561154811.3510077,52.435976,13.635637,71.3246,71.3815,31.6523
561154811.4004538,52.438824999999994,13.634250999999999,71.5536,71.6105,31.8888
561154811.4499125,52.441675,13.632864,71.6311,71.6880,31.9738
561154811.4993455,52.444522,13.631478,72.0083,72.0652,32.3586
561154811.5488038,52.447371999999994,13.630092,75.1432,75.2001,35.5011
561154811.5982621,52.450221,13.628705,73.2085,73.2654,33.5739
561154811.6477077,52.45307,13.627317999999999,75.4951,75.5520,35.8680
561154811.697166,52.455918999999994,13.625931,75.8789,75.9358,36.2593
561154811.7466114,52.458766999999995,13.624544,72.4655,72.5224,32.8534
563487610.159524,52.332263999999995,13.689363,75.6961,75.7442,35.7305
563487610.2089694,52.335114,13.687983,73.7596,73.8076,33.8023
563487610.258415,52.337962999999995,13.686603,73.9430,73.9911,33.9940
563487610.3078609,52.340812,13.685222,73.9026,73.9507,33.9618
563487610.357307,52.343661,13.683841999999999,69.8169,69.8650,29.8843
563487610.4067528,52.346511,13.682462,69.3323,69.3804,29.4079
563487610.4561987,52.34936,13.681080999999999,69.7049,69.7530,29.7888
563487610.5056322,52.352208,13.679701,71.4054,71.4534,31.4975
563487610.555078,52.355056999999995,13.67832,72.0671,72.1151,32.1674
563487610.6045115,52.357906,13.676938999999999,72.1677,72.2157,32.2762
563487610.6539705,52.360755999999995,13.675557,72.1094,72.1574,32.2262
563487610.7033908,52.363603999999995,13.674177,72.0995,72.1475,32.2245
563487610.7528491,52.366453,13.672794999999999,70.3916,70.4397,30.5249
563487610.8022819,52.369302,13.671413,70.0566,70.1047,30.1981
563487610.8517146,52.37215,13.670031999999999,71.5206,71.5686,31.6703
563487610.9011602,52.374998999999995,13.66865,71.8819,71.9299,32.0399
563487610.9506056,52.377848,13.667268,71.8517,71.8997,32.0179
563487611.0000384,52.380696,13.665885999999999,71.8998,71.9478,32.0742
563487611.0494702,52.383545,13.664503999999999,71.9547,72.0027,32.1368
563487611.0989032,52.386393,13.663122,71.9813,72.0293,32.1711
563487611.1483486,52.389241999999996,13.661738999999999,71.8255,71.8735,32.0229
563487611.1977813,52.392089999999996,13.660356,71.7808,71.8288,31.9860
563487611.2472267,52.394939,13.658973,71.9570,72.0050,32.1699
563487611.2966723,52.397788,13.657589999999999,72.0139,72.0619,32.2345
563487611.3461177,52.400636999999996,13.656207,71.9678,72.0157,32.1960
563487611.3955503,52.403484999999996,13.654824,71.9444,71.9924,32.1803
563487611.444983,52.406334,13.65344,71.5086,71.5566,31.7522
563487611.4944158,52.409181999999994,13.652057,71.5359,71.5839,31.7872
563487611.5438614,52.412031,13.650673,70.3836,70.4315,30.6425
563487611.593307,52.41488,13.649289,75.3383,75.3862,35.6050
563487611.6427398,52.417728,13.647905,72.3293,72.3773,32.6037
563487611.6921725,52.420576,13.646521,66.6104,66.6584,26.8925
563487611.7416308,52.423424999999995,13.645135999999999,71.8085,71.8564,32.0982
563487611.7910635,52.426272999999995,13.643752,71.7417,71.7896,32.0391
563487611.8404963,52.429122,13.642367,67.8792,67.9271,28.1843
563487611.889929,52.43197,13.640982,67.4336,67.4816,27.7464
563487611.9393747,52.434818,13.639597,67.2798,67.3277,27.6002
563487611.9888079,52.437667,13.638212,67.2364,67.2843,27.5646
563487612.0382547,52.440515,13.636827,68.9028,68.9507,29.2383
563487612.0876882,52.443363,13.635441,71.5000,71.5479,31.8428
563487612.1371341,52.446211999999996,13.634056,71.8037,71.8516,32.1537
563487612.1865802,52.449061,13.63267,70.9129,70.9608,31.2702
563487612.2360263,52.45191,13.631283999999999,70.2615,70.3094,30.6260
563487612.2854595,52.454758,13.629897999999999,69.2761,69.3240,29.6479
563487612.3349056,52.457606,13.628511,74.9950,75.0429,35.3741
565820406.6378844,52.331095,13.697963,62.9615,62.9368,22.9248
565820406.68733,52.333945,13.696584,63.8537,63.8290,23.8263
565820406.7367756,52.336794,13.695203999999999,74.3033,74.2786,34.2852
565820406.786221,52.339642999999995,13.693824999999999,73.3539,73.3293,33.3451
565820406.8356538,52.342490999999995,13.692445,74.0418,74.0172,34.0423
565820406.8850994,52.345341,13.691065,74.2196,74.1950,34.2294
565820406.9345448,52.348189999999995,13.689684999999999,65.0176,64.9930,25.0367
565820406.9839904,52.351039,13.688305,63.3207,63.2961,23.3491
565820407.0334349,52.353888,13.686924,63.7761,63.7515,23.8128
565820407.0828805,52.356736999999995,13.685544,63.7668,63.7422,23.8114
565820407.1323259,52.359586,13.684163,63.8835,63.8589,23.9359
565820407.1817715,52.362435999999995,13.682782,64.1725,64.1479,24.2327
565820407.2312169,52.365285,13.681401,72.7078,72.6832,32.7760
565820407.2806625,52.368134,13.680019999999999,72.2221,72.1975,32.2981
565820407.3301079,52.370982999999995,13.678638999999999,72.3313,72.3067,32.4151
565820407.3795533,52.373832,13.677256999999999,70.6567,70.6321,30.7484
565820407.428999,52.376681,13.675875999999999,70.4510,70.4264,30.5505
565820407.478457,52.379531,13.674494,71.8425,71.8179,31.9498
565820407.5279026,52.38238,13.673112,71.8100,71.7854,31.9253
565820407.577348,52.385228999999995,13.67173,72.1254,72.1008,32.2485
565820407.6267936,52.388078,13.670347,71.9268,71.9022,32.0577
565820407.676239,52.390927,13.668965,70.5973,70.5727,30.7361
565820407.7256846,52.393775999999995,13.667582999999999,71.3489,71.3243,31.4955
565820407.77513,52.396625,13.6662,71.7942,71.7696,31.9486
565820407.8245757,52.399474,13.664817,71.7567,71.7321,31.9191
565820407.8740344,52.402322999999996,13.663433999999999,72.0350,72.0104,32.2052
565820407.9234805,52.405172,13.662051,72.0885,72.0639,32.2665
565820407.9729264,52.408021,13.660667,72.0310,72.0064,32.2169
565820408.022373,52.410869999999996,13.659284,68.2203,68.1957,28.4139
565820408.0718322,52.41372,13.6579,75.5212,75.4966,35.7224
565820408.1212783,52.416568999999996,13.656516,75.2280,75.2034,35.4367
565820408.170737,52.419418,13.655132,74.9905,74.9659,35.2066
565820408.2201829,52.422267,13.653748,68.9414,68.9168,29.1651
565820408.2696288,52.425115999999996,13.652363999999999,70.8277,70.8031,31.0589
565820408.319087,52.427966,13.650979,71.7746,71.7500,32.0133
565820408.3685327,52.430814999999996,13.649593999999999,71.1926,71.1680,31.4389
565820408.417978,52.433662999999996,13.648209999999999,70.2217,70.1971,30.4755
565820408.4674363,52.436513,13.646825,69.9243,69.8997,30.1856
565820408.516882,52.439361999999996,13.645439999999999,69.9300,69.9054,30.1989
565820408.5663273,52.442209999999996,13.644055,70.2966,70.2720,30.5729
565820408.6157856,52.44506,13.642669,70.8698,70.8452,31.1536
565820408.6652312,52.447908999999996,13.641283999999999,74.4398,74.4152,34.7312
565820408.7146766,52.450756999999996,13.639897999999999,75.8229,75.7983,36.1218
565820408.7641349,52.453607,13.638511999999999,76.7555,76.7309,37.0619
565820408.8135805,52.456455,13.637125999999999,76.6003,76.5757,36.9143
565820408.8630388,52.459305,13.63574,75.9145,75.8899,36.2360
568153209.8342314,52.332626999999995,13.680607,75.2960,75.1444,35.1220
568153209.8836901,52.335477,13.679224999999999,74.0927,73.9411,33.9283
568153209.9331491,52.338325999999995,13.677843999999999,73.9836,73.8320,33.8288
568153209.9826078,52.341176,13.676463,73.2433,73.0917,33.0980
568153210.032079,52.344026,13.675080999999999,71.2896,71.1380,31.1528
568153210.0815382,52.346875999999995,13.673699,71.6950,71.5434,31.5660
568153210.1309965,52.349725,13.672317,72.3552,72.2036,32.2340
568153210.1804547,52.352574999999995,13.670935,72.4304,72.2789,32.3171
568153210.2299256,52.355425,13.669552,72.2308,72.0793,32.1254
568153210.2793713,52.358273999999994,13.66817,72.4483,72.2968,32.3507
568153210.3288295,52.361124,13.666787999999999,72.2720,72.1205,32.1822
568153210.3783004,52.363974,13.665405,72.3637,72.2122,32.2817
568153210.4277587,52.366823,13.664022,71.7505,71.5990,31.6764
568153210.477217,52.369673,13.662638999999999,71.7731,71.6216,31.7068
568153210.5266879,52.372523,13.661254999999999,72.3926,72.2412,32.3342
568153210.5761335,52.375372,13.659872,72.3005,72.1491,32.2499
568153210.6255918,52.378220999999996,13.658489,72.2503,72.0989,32.2076
568153210.6750498,52.381071,13.657105,72.2196,72.0682,32.1847
568153210.724508,52.383919999999996,13.655721999999999,72.3117,72.1603,32.2846
568153210.7739663,52.386769,13.654338,72.2439,72.0925,32.2246
568153210.8234243,52.389618999999996,13.652954,72.2035,72.0521,32.1921
568153210.8728952,52.392469,13.651568999999999,72.3036,72.1523,32.3001
568153210.9223535,52.395317999999996,13.650184999999999,72.2217,72.0704,32.2260
568153210.9718246,52.398168,13.6488,72.1350,71.9837,32.1471
568153211.021282,52.401018,13.647414999999999,71.9184,71.7671,31.9383
568153211.0707402,52.403867,13.64603,71.7430,71.5918,31.7706
568153211.1201985,52.406715999999996,13.644646,72.3203,72.1690,32.3555
568153211.1696568,52.409566,13.64326,71.6881,71.5368,31.7310
568153211.2191277,52.412416,13.641874999999999,71.4159,71.2647,31.4665
568153211.2685733,52.415264,13.64049,73.1850,73.0337,33.2432
568153211.3180444,52.418113999999996,13.639104,71.0409,70.8897,31.1068
568153211.3675032,52.420963,13.637718,72.1864,72.0352,32.2600
568153211.4169619,52.423812999999996,13.636332,71.8517,71.7004,31.9329
568153211.4664207,52.426662,13.634946,72.1222,71.9710,32.2111
568153211.5158796,52.429511,13.63356,72.2333,72.0821,32.3298
568153211.5653384,52.432359999999996,13.632174,72.0961,71.9450,32.2004
568153211.6147971,52.43521,13.630787,71.9112,71.7600,32.0231
568153211.6642559,52.438058999999996,13.629401,72.0027,71.8515,32.1222
568153211.7137146,52.440908,13.628013999999999,71.9954,71.8443,32.1227
568153211.7631729,52.443757,13.626627,72.4891,72.3379,32.6240
568153211.812618,52.446605,13.62524,72.0603,71.9092,32.2029
568153211.8620892,52.449455,13.623852999999999,71.7635,71.6124,31.9137
568153211.91156,52.452304999999996,13.622465,73.8332,73.6821,33.9911
568153211.9610183,52.455154,13.621077,75.9820,75.8309,36.1476
568153212.0104766,52.458003,13.619689999999999,72.5464,72.3953,32.7195
570486012.1064765,52.330571,13.685255999999999,75.9018,75.6943,35.6714
570486012.1559348,52.333420999999994,13.683876,69.3911,69.1836,29.1688
570486012.205406,52.336270999999996,13.682495,74.4355,74.2281,34.2214
570486012.2548642,52.339121,13.681113999999999,74.4941,74.2866,34.2881
570486012.3043225,52.341969999999996,13.679732999999999,73.1984,72.9910,33.0006
570486012.3537812,52.34482,13.678351999999999,69.3731,69.1657,29.1834
570486012.40324,52.34767,13.676971,70.0288,69.8215,29.8473
570486012.4527113,52.350519999999996,13.675588999999999,69.7784,69.5710,29.6050
570486012.5021701,52.35337,13.674207,72.4850,72.2777,32.3199
570486012.5516415,52.35622,13.672825,72.3733,72.1660,32.2163
570486012.6011002,52.359069999999996,13.671443,72.3954,72.1880,32.2465
570486012.650559,52.36192,13.670060999999999,72.1781,71.9708,32.0374
570486012.7000177,52.364768999999995,13.668679,71.5948,71.3875,31.4622
570486012.7494891,52.367619999999995,13.667295999999999,69.7270,69.5198,29.6026
570486012.7989473,52.370469,13.665913999999999,72.7478,72.5405,32.6315
570486012.8484054,52.373318999999995,13.664531,72.7638,72.5566,32.6557
570486012.8978765,52.376169,13.663148,72.6270,72.4198,32.5271
570486012.9473348,52.379017999999995,13.661764999999999,72.3300,72.1228,32.2383
570486012.996793,52.381868,13.660382,72.2961,72.0889,32.2125
570486013.046263,52.384718,13.658999,72.7597,72.5525,32.6838
570486013.0957086,52.387567,13.657615999999999,72.0276,71.8204,31.9594
570486013.1451669,52.390415999999995,13.656232,72.3446,72.1374,32.2841
570486013.1946378,52.393266999999994,13.654848,72.4335,72.2263,32.3807
570486013.2440832,52.396114999999995,13.653464999999999,72.3126,72.1054,32.2675
570486013.2935414,52.398965,13.652080999999999,71.8583,71.6512,31.8210
570486013.3429997,52.401813999999995,13.650696,71.6065,71.3994,31.5769
570486013.3924577,52.404664,13.649312,71.3331,71.1260,31.3112
570486013.441916,52.407512999999994,13.647927999999999,73.1339,72.9268,33.1198
570486013.4913743,52.410362,13.646543,73.9630,73.7559,33.9566
570486013.5408452,52.413211999999994,13.645157999999999,70.2358,70.0288,30.2371
570486013.590316,52.416062,13.643773,70.0765,69.8695,30.0855
570486013.6397617,52.418910999999994,13.642387999999999,67.8070,67.6000,27.8237
570486013.68922,52.42176,13.641003,72.1586,71.9516,32.1830
570486013.7386782,52.424609999999994,13.639617,72.0828,71.8758,32.1149
570486013.7881365,52.427459,13.638231999999999,72.1841,71.9772,32.2240
570486013.8375947,52.430308,13.636846,71.9282,71.7213,31.9758
570486013.8870656,52.433158,13.63546,71.7578,71.5509,31.8131
570486013.9365113,52.436007,13.634074,71.7096,71.5027,31.7726
570486013.9859822,52.438857,13.632688,71.9240,71.7171,31.9947
570486014.0354416,52.441705999999996,13.631302,72.2088,72.0019,32.2869
570486014.0848877,52.444555,13.629916,73.4284,73.2215,33.5137
570486014.1343465,52.447404,13.628528999999999,72.2199,72.0131,32.3126
570486014.1838055,52.450253,13.627142,71.7544,71.5476,31.8543
570486014.2332642,52.453101999999994,13.625755,75.5149,75.3081,35.6220
570486014.282723,52.455951999999996,13.624367999999999,76.1113,75.9044,36.2257
570486014.3321817,52.458801,13.622981,72.8006,72.5937,32.9222
572818811.3633595,52.332753999999994,13.690119999999999,66.3816,66.2422,26.2287
572818811.4128048,52.335603,13.68874,71.5469,71.4075,31.4026
572818811.4622505,52.338452999999994,13.687361,74.5006,74.3612,34.3649
572818811.5116832,52.341300999999994,13.685981,73.6165,73.4770,33.4892
572818811.5611286,52.34415,13.684600999999999,68.8859,68.7464,28.7672
572818811.6105742,52.346999999999994,13.683221,69.7487,69.6092,29.6386
572818811.6600196,52.349849,13.68184,70.6482,70.5087,30.5466
572818811.7094653,52.352698,13.68046,70.6181,70.4786,30.5251
572818811.7589109,52.355546999999994,13.679079,71.9905,71.8511,31.9061
572818811.8083563,52.358396,13.677698999999999,72.0441,71.9047,31.9683
572818811.8578017,52.361245,13.676318,72.1807,72.0413,32.1134
572818811.9072473,52.364093999999994,13.674937,72.1157,71.9763,32.0570
572818811.9566927,52.366944,13.673554999999999,72.0880,71.9486,32.0379
572818812.0061383,52.369792999999994,13.672174,72.3932,72.2538,32.3516
572818812.0555847,52.372642,13.670791999999999,71.1260,70.9866,31.0921
572818812.1050303,52.375491,13.669411,71.6586,71.5192,31.6324
572818812.1544757,52.378339999999994,13.668028999999999,71.9116,71.7722,31.8931
572818812.2039213,52.381189,13.666647,72.1325,71.9932,32.1219
572818812.2533667,52.384038,13.665265,72.0487,71.9094,32.0458
572818812.302825,52.386888,13.663882,71.9951,71.8558,31.9999
572818812.3522706,52.389737,13.6625,71.8665,71.7272,31.8790
572818812.4017289,52.392585999999994,13.661116999999999,71.9087,71.7694,31.9290
572818812.451174,52.395435,13.659734,72.0443,71.9050,32.0723
572818812.5006196,52.398284,13.658351,72.0253,71.8860,32.0611
572818812.550065,52.401132999999994,13.656967999999999,72.1515,72.0122,32.1950
572818812.5995109,52.403982,13.655584999999999,71.8499,71.7106,31.9011
572818812.6489697,52.406831999999994,13.654200999999999,71.6046,71.4653,31.6636
572818812.6984155,52.409681,13.652816999999999,71.7168,71.5775,31.7835
572818812.7478619,52.41253,13.651434,70.2096,70.0703,30.2840
572818812.7972951,52.415378,13.65005,69.7652,69.6259,29.8473
572818812.8467412,52.418226999999995,13.648665999999999,66.7673,66.6281,26.8573
572818812.8961744,52.421074999999995,13.647283,68.4474,68.3082,28.5451
572818812.9456332,52.423925,13.645897999999999,68.7096,68.5704,28.8150
572818812.9950793,52.426773999999995,13.644514,69.0008,68.8616,29.1139
572818813.0445366,52.429623,13.643129,68.0079,67.8687,28.1285
572818813.0939822,52.432472,13.641744,67.9010,67.7618,28.0290
572818813.1434278,52.435320999999995,13.640359,67.7774,67.6382,27.9128
572818813.1928861,52.43817,13.638974,67.9324,67.7932,28.0752
572818813.2423315,52.441019,13.637588,69.4107,69.2715,29.5609
572818813.2917771,52.443867999999995,13.636203,70.8797,70.7406,31.0373
572818813.3412354,52.446717,13.634817,71.4857,71.3466,31.6508
572818813.3906682,52.449565,13.633431999999999,70.7379,70.5988,30.9104
572818813.4401133,52.452414,13.632045999999999,70.0949,69.9558,30.2748
572818813.4895716,52.455262999999995,13.630659999999999,68.7418,68.6027,28.9291
572818813.5390043,52.458110999999995,13.629273999999999,75.2488,75.1096,35.4434
575151609.9226618,52.331353,13.681735,74.6937,74.6740,34.6499
575151609.9720948,52.334202,13.680354,71.1714,71.1517,31.1375
575151610.0215275,52.33705,13.678973,74.0443,74.0246,34.0194
575151610.0709612,52.339898,13.677593,73.4401,73.4204,33.4232
575151610.120394,52.342746999999996,13.676212,73.4854,73.4657,33.4764
575151610.1698267,52.345594999999996,13.674831,71.4513,71.4315,31.4501
575151610.2192724,52.348444,13.673449,71.9968,71.9770,32.0035
575151610.2687051,52.351292,13.672067,72.2485,72.2288,32.2631
575151610.3181508,52.354141,13.670686,72.1625,72.1428,32.1850
575151610.3675835,52.356989999999996,13.669303999999999,72.2304,72.2107,32.2609
575151610.4170163,52.359837999999996,13.667921999999999,72.1839,72.1642,32.2223
575151610.466449,52.362686,13.66654,72.1417,72.1220,32.1880
575151610.5158818,52.365534999999994,13.665158,72.2426,72.2228,32.2967
575151610.5653145,52.368382999999994,13.663775,71.3956,71.3758,31.4576
575151610.6147599,52.371232,13.662393,72.4225,72.4027,32.4924
575151610.6642056,52.374081,13.66101,72.2417,72.2219,32.3195
575151610.7136383,52.376929,13.659626999999999,72.1567,72.1369,32.2425
575151610.7630711,52.379777,13.658244,72.2576,72.2379,32.3513
575151610.8125038,52.382625,13.656861,72.2208,72.2011,32.3224
575151610.8619494,52.385473999999995,13.655477,72.1561,72.1363,32.2655
575151610.9113822,52.388321999999995,13.654093999999999,72.0952,72.0754,32.2125
575151610.960815,52.391169999999995,13.652709999999999,72.2046,72.1848,32.3298
575151611.0102477,52.394017999999996,13.651327,72.1444,72.1246,32.2775
575151611.0596921,52.396867,13.649942,72.0603,72.0405,32.2011
575151611.1091249,52.399715,13.648558,71.8347,71.8149,31.9831
575151611.1585577,52.402563,13.647174,71.6982,71.6784,31.8543
575151611.208003,52.405412,13.64579,71.5568,71.5370,31.7206
575151611.2574365,52.40826,13.644404999999999,71.8188,71.7990,31.9903
575151611.3068697,52.411108,13.643021,72.4750,72.4552,32.6541
575151611.3563159,52.413956999999996,13.641634999999999,70.6707,70.6509,30.8575
575151611.4057491,52.416805,13.640251,69.2775,69.2577,29.4720
575151611.4551823,52.419653,13.638866,71.9429,71.9231,32.1450
575151611.5046284,52.422501999999994,13.63748,71.9112,71.8914,32.1210
575151611.5540617,52.425349999999995,13.636095,72.0154,71.9956,32.2329
575151611.6035078,52.428197999999995,13.634708999999999,71.9475,71.9277,32.1727
575151611.6529408,52.431045999999995,13.633322999999999,72.0296,72.0098,32.2624
575151611.7023864,52.433895,13.631936999999999,71.9964,71.9766,32.2369
575151611.7518191,52.436743,13.630550999999999,71.9533,71.9335,32.2015
575151611.8012645,52.439592,13.629164,71.9021,71.8823,32.1580
575151611.8506973,52.442439,13.627778,71.9796,71.9598,32.2431
575151611.9001305,52.445287,13.626392,71.9430,71.9232,32.2142
575151611.9495633,52.448135,13.625005,71.9363,71.9165,32.2152
575151611.9990087,52.450984,13.623617999999999,71.2695,71.2497,31.5560
575151612.0484424,52.453832,13.622231,75.1652,75.1454,35.4588
575151612.097888,52.45668,13.620844,74.4064,74.3865,34.7070
575151612.1473207,52.459528,13.619456999999999,72.4216,72.4018,32.7292
577484413.9803448,52.33237,13.687031999999999,74.7425,74.8240,34.8103
577484414.0297906,52.335218999999995,13.685652,74.4136,74.4951,34.4902
577484414.0792372,52.338069,13.684270999999999,73.8725,73.9540,33.9571
577484414.1286826,52.340917999999995,13.682889999999999,74.0167,74.0982,34.1093
577484414.1781282,52.343767,13.68151,74.3126,74.3940,34.4131
577484414.2275736,52.346616,13.680128999999999,70.7198,70.8013,30.8284
577484414.2770193,52.349464999999995,13.678747999999999,71.4981,71.5795,31.6146
577484414.3264647,52.352314,13.677366999999998,72.4404,72.5219,32.5650
577484414.3759103,52.355163,13.675984999999999,72.2273,72.3087,32.3598
577484414.4253685,52.358013,13.674603,72.0312,72.1126,32.1717
577484414.4748139,52.360862,13.673221999999999,72.0993,72.1807,32.2479
577484414.5242596,52.363710999999995,13.67184,72.0522,72.1336,32.2087
577484414.573705,52.366558999999995,13.670458,72.1461,72.2275,32.3107
577484414.6231506,52.369408,13.669075999999999,70.7822,70.8636,30.9547
577484414.672596,52.372257,13.667694,72.3522,72.4335,32.5327
577484414.7220542,52.375107,13.666310999999999,72.2229,72.3043,32.4114
577484414.7714999,52.377956,13.664928,71.9729,72.0542,32.1694
577484414.8209453,52.380804999999995,13.663546,72.0367,72.1181,32.2412
577484414.8703907,52.383654,13.662163,71.9821,72.0634,32.1946
577484414.9198489,52.386503,13.660779,71.9453,72.0266,32.1657
577484414.9692945,52.389351999999995,13.659396,71.7318,71.8131,31.9603
577484415.018739,52.392201,13.658012999999999,72.0050,72.0863,32.2413
577484415.0681973,52.39505,13.656628999999999,71.9650,72.0463,32.2089
577484415.1176553,52.3979,13.655244999999999,71.9063,71.9875,32.1579
577484415.1671009,52.400749,13.653861,71.9971,72.0784,32.2564
577484415.2165465,52.403597999999995,13.652477999999999,71.4290,71.5103,31.6959
577484415.2660048,52.406447,13.651093,70.9707,71.0519,31.2452
577484415.3154504,52.409296,13.649709,70.4048,70.4860,30.6870
577484415.3649092,52.412144999999995,13.648323999999999,70.2546,70.3358,30.5444
577484415.4143553,52.414994,13.646939999999999,69.5876,69.6689,29.8851
577484415.4638014,52.417843,13.645555,67.5128,67.5940,27.8180
577484415.5132601,52.420691999999995,13.644169999999999,66.1279,66.2091,26.4407
577484415.562706,52.423541,13.642785,72.0413,72.1225,32.3617
577484415.6121521,52.42639,13.641399999999999,71.8471,71.9282,32.1752
577484415.6616108,52.429238999999995,13.640013999999999,71.8007,71.8819,32.1365
577484415.711057,52.432088,13.638629,71.7654,71.8466,32.1088
577484415.7605152,52.434937,13.637243,71.8323,71.9134,32.1833
577484415.8099606,52.437785999999996,13.635857,71.7936,71.8747,32.1523
577484415.8594189,52.440635,13.634471,71.8742,71.9553,32.2405
577484415.9088519,52.443483,13.633085,71.8332,71.9144,32.2072
577484415.9583101,52.446332,13.631698,71.8084,71.8895,32.1901
577484416.0077555,52.449180999999996,13.630312,71.8832,71.9643,32.2724
577484416.0572021,52.45203,13.628924999999999,70.4694,70.5505,30.8656
577484416.1066475,52.454878,13.627538999999999,75.6707,75.7518,36.0741
577484416.1561058,52.457727,13.626152,62.4822,62.5633,22.8926
579817214.352315,52.332088999999996,13.695328,74.5527,74.6691,34.6586
579817214.4512062,52.337787,13.692568,73.8771,73.9935,34.0002
579817214.5006645,52.340637,13.691187,74.0709,74.1873,34.2027
579817214.5501227,52.343486999999996,13.689807,72.4345,72.5508,32.5748
579817214.5995808,52.346337,13.688426,71.2999,71.4163,31.4489
579817214.649039,52.349185999999996,13.687045,69.3001,69.4164,29.4577
579817214.6984847,52.352035,13.685664,69.8196,69.9360,29.9858
579817214.7479429,52.354884999999996,13.684282,65.5710,65.6873,25.7458
579817214.7973883,52.357734,13.682901,71.8480,71.9643,32.0315
579817214.8468592,52.360583999999996,13.681519,72.0881,72.2044,32.2802
579817214.8963048,52.363433,13.680138,72.0215,72.1378,32.2222
579817214.9457631,52.366282999999996,13.678756,71.9629,72.0792,32.1722
579817214.9952214,52.369133,13.677373999999999,72.0678,72.1841,32.2858
579817215.0446782,52.371981999999996,13.675991,72.0664,72.1827,32.2922
579817215.0941365,52.374832,13.674609,71.8772,71.9935,32.1107
579817215.1435821,52.377680999999995,13.673226999999999,72.0408,72.1571,32.2821
579817215.1930277,52.38053,13.671844,71.9801,72.0964,32.2291
579817215.242486,52.383379,13.670461999999999,72.0797,72.1960,32.3364
579817215.2919443,52.386229,13.669079,71.8924,72.0086,32.1568
579817215.3413897,52.389078,13.667696,71.3269,71.4432,31.5991
579817215.3908353,52.391926999999995,13.666312999999999,71.1078,71.2241,31.3877
579817215.440294,52.394776,13.664928999999999,71.4140,71.5303,31.7016
579817215.4897399,52.397625,13.663546,71.9547,72.0709,32.2500
579817215.539186,52.400473999999996,13.662161999999999,71.8966,72.0128,32.1996
579817215.5886447,52.403323,13.660779,71.9783,72.0946,32.2891
579817215.6381035,52.406172999999995,13.659393999999999,71.9416,72.0578,32.2601
579817215.6875496,52.409022,13.658011,70.5390,70.6552,30.8652
579817215.7369955,52.41187,13.656626999999999,69.2121,69.3283,29.5460
579817215.7864544,52.414719999999996,13.655242,68.6461,68.7624,28.9879
579817215.8359001,52.417569,13.653858,67.6246,67.7408,27.9741
579817215.8853583,52.420418,13.652472999999999,64.5697,64.6859,24.9269
579817215.934804,52.423266999999996,13.651088,71.8718,71.9880,32.2367
579817215.9842622,52.426116,13.649702999999999,71.8450,71.9612,32.2177
579817216.0337205,52.428965999999996,13.648318,71.6887,71.8049,32.0689
579817216.0831797,52.431815,13.646932,71.4526,71.5687,31.8401
579817216.132638,52.434664,13.645546999999999,71.3314,71.4475,31.7263
579817216.1820834,52.437512999999996,13.644160999999999,71.1406,71.2568,31.5428
579817216.2315416,52.440362,13.642774999999999,71.6864,71.8026,32.0960
579817216.2809999,52.443211999999995,13.641389,71.8009,71.9171,32.2179
579817216.3304455,52.446059999999996,13.640003,71.8976,72.0138,32.3220
579817216.3799038,52.44891,13.638617,71.8658,71.9820,32.2976
579817216.4293492,52.451758,13.637231,69.7764,69.8926,30.2156
579817216.4788201,52.454608,13.635843999999999,58.8135,58.9297,19.2601
579817216.5282657,52.457457,13.634457,59.0150,59.1312,19.4690
582150015.4337857,52.332448,13.691808,66.1533,66.2381,26.2248
582150015.4832311,52.335297,13.690427999999999,73.5861,73.6710,33.6663
582150015.5326767,52.338147,13.689048,73.9184,74.0033,34.0074
582150015.5821095,52.340995,13.687667999999999,72.9720,73.0568,33.0696
582150015.6315551,52.343844,13.686288,69.2047,69.2896,29.3111
582150015.6810005,52.346692999999995,13.684908,67.4411,67.5260,27.5562
582150015.7304461,52.349543,13.683527,66.3509,66.4358,26.4748
582150015.7798915,52.352391999999995,13.682146,66.2703,66.3551,26.4029
582150015.8293369,52.355241,13.680765,67.5021,67.5870,27.6434
582150015.8787823,52.35809,13.679383999999999,71.6140,71.6989,31.7641
582150015.9282279,52.360938999999995,13.678002999999999,72.1398,72.2247,32.2986
582150015.9776862,52.363789,13.676620999999999,72.0945,72.1794,32.2621
582150016.0271327,52.366637999999995,13.675239,72.0396,72.1245,32.2154
582150016.0765781,52.369487,13.673858,72.1398,72.2247,32.3233
582150016.1260362,52.372336999999995,13.672476,70.4784,70.5633,30.6696
582150016.1754818,52.375186,13.671094,70.8110,70.8959,31.0100
582150016.2249272,52.378035,13.669711,71.8122,71.8971,32.0190
582150016.2743728,52.380883999999995,13.668329,72.0039,72.0888,32.2184
582150016.3238182,52.383733,13.666946999999999,71.9027,71.9877,32.1250
582150016.3732638,52.386582,13.665564,72.0814,72.1663,32.3114
582150016.4227095,52.389430999999995,13.664181,71.6625,71.7475,31.9003
582150016.4721549,52.39228,13.662797999999999,71.9216,72.0066,32.1671
582150016.5216131,52.395129,13.661415,72.0671,72.1520,32.3204
582150016.5710588,52.397977999999995,13.660032,71.9911,72.0761,32.2522
582150016.6205044,52.400827,13.658648,72.0681,72.1531,32.3369
582150016.6699502,52.403676,13.657264999999999,72.0332,72.1181,32.3097
582150016.719409,52.406526,13.655880999999999,71.7244,71.8094,32.0087
582150016.7688425,52.409374,13.654497,72.1044,72.1894,32.3965
582150016.8182883,52.412223,13.653113,69.8818,69.9667,30.1816
582150016.8677344,52.415071999999995,13.651729,69.1608,69.2458,29.4684
582150016.9171677,52.417919999999995,13.650345,67.9423,68.0273,28.2576
582150016.9666264,52.420769,13.648959999999999,65.7818,65.8668,26.1048
582150017.0160725,52.423618,13.647575999999999,68.5249,68.6099,28.8556
582150017.0655301,52.426468,13.646191,66.9645,67.0495,27.3026
582150017.1149752,52.429316,13.644805999999999,67.0673,67.1523,27.4129
582150017.164408,52.432164,13.643421,71.5244,71.6094,31.8774
582150017.2138536,52.435013,13.642036,70.9149,70.9999,31.2754
582150017.2632992,52.437861999999996,13.640651,71.2982,71.3832,31.6661
582150017.3127449,52.440711,13.639265,71.1703,71.2553,31.5457
582150017.3622031,52.44356,13.637879,71.6064,71.6914,31.9892
582150017.4116359,52.446408,13.636493999999999,71.8448,71.9298,32.2350
582150017.4610941,52.449256999999996,13.635107,71.8634,71.9484,32.2611
582150017.5105269,52.452104999999996,13.633721999999999,69.8436,69.9286,30.2486
582150017.5599725,52.454954,13.632335,68.3129,68.3979,28.7254
582150017.6094179,52.457803,13.630949,67.3352,67.4202,27.7551
584482814.6487918,52.332425,13.691934,65.8989,65.9570,25.9436
584482814.6982245,52.335274,13.690555,66.0961,66.1542,26.1500
584482814.7476444,52.338122,13.689176,73.8769,73.9350,33.9400
584482814.7970772,52.34097,13.687795999999999,72.6975,72.7556,32.7698
584482814.8465102,52.343818999999996,13.686416,68.4152,68.4733,28.4967
584482814.8959427,52.346667,13.685036,69.2566,69.3147,29.3473
584482814.9453754,52.349515999999994,13.683656,69.7999,69.8580,29.8999
584482814.9948082,52.352363999999994,13.682276,70.2888,70.3469,30.3979
584482815.04424,52.355213,13.680895,71.0467,71.1048,31.1638
584482815.0936601,52.358061,13.679514999999999,71.6840,71.7421,31.8089
584482815.1430929,52.360909,13.678134,72.0714,72.1295,32.2042
584482815.1925256,52.363758,13.676753,72.0501,72.1083,32.1907
584482815.2419584,52.366606,13.675372,72.0907,72.1488,32.2391
584482815.2913916,52.369454999999995,13.673991,72.0296,72.0878,32.1858
584482815.3408248,52.372302999999995,13.672609,70.2858,70.3439,30.4498
584482815.3902581,52.375152,13.671228,71.0842,71.1423,31.2560
584482815.4396787,52.377998999999996,13.669846999999999,71.5382,71.5964,31.7179
584482815.4891121,52.380848,13.668465,71.9069,71.9650,32.0943
584482815.5385454,52.383696,13.667083,71.9812,72.0394,32.1765
584482815.5879915,52.386545,13.6657,71.5333,71.5915,31.7365
584482815.6374247,52.389393999999996,13.664318,71.3114,71.3695,31.5223
584482815.6868579,52.392241999999996,13.662936,71.5417,71.5999,31.7605
584482815.7362907,52.395089999999996,13.661553,72.0114,72.0696,32.2380
584482815.7857234,52.397939,13.660169999999999,71.9555,72.0137,32.1899
584482815.8351562,52.400787,13.658787,72.0049,72.0631,32.2471
584482815.8845887,52.403634999999994,13.657404,72.0123,72.0704,32.2623
584482815.9340215,52.406484,13.656020999999999,71.8358,71.8940,32.0936
584482815.9834545,52.409332,13.654637999999998,54.2247,54.2829,14.4904
584482816.0328884,52.41218,13.653253999999999,52.7553,52.8136,13.0287
584482816.0823212,52.415028,13.651871,75.8450,75.9032,36.1258
584482816.1317666,52.417877,13.650485999999999,73.7087,73.7669,33.9971
584482816.1811993,52.420725999999995,13.649102,65.8650,65.9232,26.1610
584482816.2306318,52.423573999999995,13.647718,70.2739,70.3322,30.5774
584482816.2800646,52.426421999999995,13.646334,67.7050,67.7632,28.0160
584482816.3294973,52.429269999999995,13.64495,67.5859,67.6441,27.9045
584482816.3789301,52.432117999999996,13.643564999999999,71.6438,71.7021,31.9699
584482816.4283757,52.434967,13.64218,71.5045,71.5628,31.8382
584482816.4778085,52.437815,13.640794999999999,71.3402,71.3985,31.6814
584482816.5272412,52.440663,13.63941,71.1677,71.2260,31.5164
584482816.5766869,52.443512,13.638024999999999,71.6451,71.7034,32.0014
584482816.6261196,52.44636,13.636638999999999,71.8321,71.8904,32.1959
584482816.6755524,52.449208,13.635254,72.0001,72.0585,32.3715
584482816.7249851,52.452056999999996,13.633868,74.3463,74.4047,34.7253
584482816.7744179,52.454905,13.632482999999999,66.6581,66.7164,27.0445
584482816.8238506,52.457753,13.631096999999999,66.1442,66.2025,26.5382
586815611.2798009,52.336825999999995,13.697313,64.2745,64.3458,24.3555
586815611.329246,52.339675,13.695933,65.5412,65.6125,25.6306
586815611.3786917,52.342524999999995,13.694552999999999,65.9815,66.0528,26.0793
586815611.4281244,52.345372999999995,13.693173999999999,66.4892,66.5605,26.5954
586815611.47757,52.348222,13.691792999999999,67.0978,67.1691,27.2124
586815611.5269899,52.35107,13.690413999999999,66.4922,66.5635,26.6151
586815611.5764229,52.353919,13.689034,64.0900,64.1613,24.2214
586815611.6258683,52.356767999999995,13.687653,64.2218,64.2931,24.3616
586815611.6753011,52.359615999999995,13.686273,72.1777,72.2490,32.3259
586815611.7247467,52.362466,13.684892,72.2008,72.2721,32.3574
586815611.7741795,52.365314,13.683511,72.0103,72.0816,32.1753
586815611.8236122,52.368162999999996,13.682131,72.0960,72.1673,32.2695
586815611.8730576,52.371012,13.680748999999999,72.0690,72.1403,32.2509
586815611.9224904,52.37386,13.679368,69.2418,69.3131,29.4321
586815611.9719231,52.376709,13.677987,71.9611,72.0324,32.1598
586815612.0213568,52.379557,13.676604999999999,72.0123,72.0836,32.2191
586815612.0707896,52.382405999999996,13.675224,71.9094,71.9807,32.1239
586815612.1202226,52.385253999999996,13.673841999999999,71.7674,71.8387,31.9897
586815612.1696553,52.388101999999996,13.67246,71.5066,71.5779,31.7365
586815612.2191007,52.390951,13.671078,70.9417,71.0130,31.1793
586815612.2685335,52.3938,13.669696,70.7827,70.8540,31.0280
586815612.3179665,52.396648,13.668313999999999,71.0905,71.1618,31.3435
586815612.3673992,52.399496,13.666931,70.6969,70.7682,30.9576
586815612.416832,52.402345,13.665548,71.1677,71.2390,31.4361
586815612.466265,52.405193,13.664166,72.0110,72.0823,32.2871
586815612.5156984,52.408041,13.662783,71.9646,72.0359,32.2483
586815612.5651317,52.410889999999995,13.661399999999999,70.0105,70.0818,30.3020
586815612.6145649,52.413737999999995,13.660015999999999,68.3963,68.4676,28.6955
586815612.664011,52.416587,13.658633,67.6884,67.7597,27.9953
586815612.7134442,52.419435,13.657249,65.3029,65.3742,25.6175
586815612.7628775,52.422283,13.655864999999999,62.6504,62.7217,22.9727
586815612.8123236,52.425132,13.654480999999999,71.8819,71.9532,32.2119
586815612.8617568,52.427980999999996,13.653096999999999,71.9153,71.9866,32.2529
586815612.9111896,52.430828999999996,13.651712999999999,71.7056,71.7769,32.0509
586815612.9606223,52.433676999999996,13.650329,71.6642,71.7355,32.0173
586815613.0100679,52.436526,13.648944,71.7038,71.7751,32.0645
586815613.0594995,52.439374,13.647559,71.7398,71.8111,32.1077
586815613.1089323,52.442222,13.646175,71.7931,71.8644,32.1683
586815613.1583779,52.445071,13.644789,71.7755,71.8468,32.1580
586815613.2078233,52.447919999999996,13.643403999999999,71.7684,71.8397,32.1581
586815613.257256,52.450768,13.642019,70.7434,70.8147,31.1404
586815613.3066888,52.453616,13.640633999999999,56.6145,56.6858,17.0187
586815613.3561344,52.456464999999994,13.639248,66.9931,67.0644,27.4046
586815613.4055672,52.459312999999995,13.637862,60.6086,60.6799,21.0274
589148409.1222854,52.331761,13.677980999999999,70.3618,70.4445,30.4183
589148409.1717436,52.334610999999995,13.676599999999999,70.5032,70.5859,30.5678
589148409.2211893,52.33746,13.675219,72.2871,72.3698,32.3597
589148409.2706354,52.340309,13.673836999999999,70.8196,70.9023,30.9003
589148409.3200812,52.343157999999995,13.672455999999999,70.6007,70.6833,30.6894
589148409.3695273,52.346007,13.671073999999999,70.5668,70.6494,30.6635
589148409.4189861,52.348856,13.669692,69.3985,69.4811,29.5033
589148409.4684448,52.351706,13.66831,71.9596,72.0422,32.0724
589148409.5178909,52.354555,13.666927999999999,72.0943,72.1769,32.2152
589148409.567337,52.357403999999995,13.665545999999999,72.0335,72.1161,32.1624
589148409.6167829,52.360253,13.664162999999999,71.9677,72.0503,32.1047
589148409.6662414,52.363102,13.66278,71.4666,71.5492,31.6117
589148409.7156868,52.365950999999995,13.661398,71.0184,71.1010,31.1715
589148409.7651451,52.3688,13.660013999999999,71.4596,71.5422,31.6208
589148409.8146033,52.371649999999995,13.658631,71.9121,71.9947,32.0813
589148409.864049,52.374499,13.657248,72.0359,72.1185,32.2132
589148409.913507,52.377348,13.655864,71.9788,72.0614,32.1642
589148409.9629653,52.380198,13.654480999999999,71.9651,72.0477,32.1585
589148410.0124106,52.383046,13.653096999999999,72.0371,72.1197,32.2385
589148410.0618701,52.385895999999995,13.651712999999999,71.9877,72.0703,32.1967
589148410.1113157,52.388745,13.650329,71.9472,72.0297,32.1639
589148410.160774,52.391594,13.648944,71.9101,71.9927,32.1346
589148410.2102194,52.394442999999995,13.647559999999999,71.9858,72.0684,32.2180
589148410.2596774,52.397292,13.646175999999999,71.9280,72.0105,32.1678
589148410.3091228,52.400141,13.644791,71.8564,71.9390,32.1040
589148410.3585684,52.402989,13.643405999999999,71.6266,71.7092,31.8819
589148410.4080267,52.405839,13.642021,71.4949,71.5774,31.7579
589148410.457485,52.408688,13.640635999999999,71.4532,71.5358,31.7240
589148410.5069304,52.411536999999996,13.639251,71.2504,71.3330,31.5288
589148410.5563886,52.414386,13.637865,70.7310,70.8135,31.0171
589148410.6058342,52.417234,13.636479999999999,68.9236,69.0062,29.2175
589148410.6552925,52.420083999999996,13.635093999999999,67.9767,68.0592,28.2783
589148410.7047379,52.422931999999996,13.633707999999999,71.1398,71.2223,31.4490
589148410.7541962,52.425781,13.632321999999998,71.5143,71.5969,31.8313
589148410.8036418,52.42863,13.630936,71.7462,71.8287,32.0709
589148410.8531001,52.431478999999996,13.629548999999999,71.8246,71.9071,32.1570
589148410.9025583,52.434328,13.628162999999999,71.6192,71.7017,31.9593
589148410.9520171,52.437177999999996,13.626776,71.5520,71.6345,31.8998
589148411.0014629,52.440025999999996,13.625389,71.6225,71.7050,31.9780
589148411.0509212,52.442875,13.624001999999999,71.8583,71.9408,32.2210
589148411.1003795,52.445724,13.622615,71.8196,71.9021,32.1896
589148411.1498384,52.448574,13.621227,71.7655,71.8480,32.1428
589148411.1992843,52.451422,13.61984,71.2401,71.3226,31.6247
589148411.2487302,52.45427,13.618452999999999,67.2119,67.2944,27.6037
589148411.2981889,52.457119999999996,13.617065,72.5935,72.6760,32.9925
589148411.3476474,52.459969,13.615677,72.4397,72.5222,32.8460
591481213.9332061,52.332722,13.680861,70.4389,70.4842,30.4644
591481213.9826777,52.335573,13.67948,71.2800,71.3253,31.3154
591481214.0321367,52.338421999999994,13.678099,75.2340,75.2793,35.2779
591481214.0815964,52.341272,13.676718,75.3583,75.4036,35.4102
591481214.1310546,52.344122,13.675336,71.0239,71.0692,31.0836
591481214.1805129,52.346970999999996,13.673955,71.4445,71.4898,31.5121
591481214.2299838,52.349821999999996,13.672573,71.7250,71.7703,31.8005
591481214.2794421,52.352671,13.671190999999999,72.2289,72.2742,32.3123
591481214.3288877,52.35552,13.669808999999999,72.1459,72.1911,32.2371
591481214.378346,52.35837,13.668427,72.1022,72.1475,32.2014
591481214.4278169,52.361219999999996,13.667043999999999,72.0600,72.1053,32.1670
591481214.4772751,52.36407,13.665662,72.1441,72.1893,32.2590
591481214.5267208,52.366918,13.664278999999999,70.9952,71.0405,31.1180
591481214.5761917,52.369769,13.662896,71.3584,71.4036,31.4891
591481214.6256499,52.372617999999996,13.661513,72.1379,72.1831,32.2765
591481214.6750953,52.375467,13.660131,72.0819,72.1272,32.2284
591481214.7245536,52.378316999999996,13.658748,72.1318,72.1770,32.2862
591481214.7740119,52.381166,13.657364,72.0687,72.1139,32.2309
591481214.8234701,52.384015,13.655980999999999,72.0274,72.0726,32.1976
591481214.872941,52.386866,13.654596999999999,72.0068,72.0520,32.1848
591481214.9223866,52.389714,13.653213,72.0677,72.1129,32.2536
591481214.9718575,52.392565,13.651829,72.1818,72.2270,32.3756
591481215.021302,52.395413,13.650445,71.9640,72.0092,32.1656
591481215.0707603,52.398263,13.649061,71.8919,71.9371,32.1011
591481215.1202183,52.401112,13.647675999999999,71.5605,71.6057,31.7775
591481215.1696765,52.403960999999995,13.646291999999999,71.3020,71.3472,31.5266
591481215.2191348,52.406811,13.644907,71.2058,71.2509,31.4380
591481215.2685931,52.409659999999995,13.643521999999999,71.2107,71.2559,31.4507
591481215.3180513,52.412509,13.642137,70.9782,71.0234,31.2258
591481215.3675098,52.415358999999995,13.640751999999999,69.9357,69.9808,30.1909
591481215.4169686,52.418208,13.639367,68.2835,68.3287,28.5465
591481215.4664273,52.421057,13.637981,66.5670,66.6122,26.8376
591481215.5158861,52.423907,13.636595,68.7922,68.8373,29.0705
591481215.5653448,52.426756,13.635209999999999,71.9751,72.0202,32.2610
591481215.6148036,52.429604999999995,13.633823999999999,71.9066,71.9518,32.2002
591481215.6642623,52.432455,13.632437999999999,71.8741,71.9192,32.1754
591481215.7137084,52.435303,13.631051999999999,71.9314,71.9765,32.2403
591481215.7631671,52.438151999999995,13.629665,71.8954,71.9406,32.2120
591481215.8126256,52.441002,13.628279,71.8472,71.8923,32.1715
591481215.862071,52.44385,13.626892,71.7998,71.8449,32.1317
591481215.9115422,52.4467,13.625504999999999,71.9057,71.9508,32.2452
591481215.9610004,52.449549,13.624118,71.6922,71.7373,32.0395
591481216.0104587,52.452397999999995,13.622731,63.5466,63.5917,23.9014
591481216.0599179,52.455247,13.621343999999999,64.1887,64.2338,24.5505
591481216.1093888,52.458096999999995,13.619956,72.0969,72.1420,32.4657
593814015.5110366,52.331461,13.684883,68.4876,68.4417,28.4174
593814015.5604825,52.334309999999995,13.683503,68.2261,68.1802,28.1647
593814015.6099279,52.33716,13.682122999999999,69.8004,69.7545,29.7479
593814015.6593735,52.340008999999995,13.680741999999999,68.9213,68.8755,28.8777
593814015.7088318,52.342858,13.679361,73.2904,73.2446,33.2556
593814015.7582772,52.345707999999995,13.67798,70.4827,70.4369,30.4568
593814015.8077228,52.348557,13.676599,71.1945,71.1487,31.1774
593814015.8571813,52.351406,13.675218,71.4187,71.3728,31.4104
593814015.9066267,52.354256,13.673836999999999,71.9171,71.8713,31.9177
593814015.9560723,52.357105,13.672455,72.1828,72.1370,32.1922
593814016.0055177,52.359953999999995,13.671073999999999,72.2959,72.2501,32.3141
593814016.0549622,52.362801999999995,13.669692,72.2271,72.1813,32.2530
593814016.1044075,52.365652,13.66831,72.2083,72.1625,32.2420
593814016.1538532,52.3685,13.666927999999999,69.5433,69.4975,29.5847
593814016.2033114,52.37135,13.665545999999999,71.0281,70.9823,31.0773
593814016.2527697,52.374199999999995,13.664162999999999,71.4327,71.3869,31.4896
593814016.3022151,52.377049,13.662780999999999,72.2637,72.2179,32.3284
593814016.3516605,52.379898,13.661398,72.1959,72.1501,32.2683
593814016.4011061,52.382746999999995,13.660015,72.1277,72.0819,32.2079
593814016.4505515,52.385596,13.658633,71.6878,71.6420,31.7757
593814016.5000098,52.388445,13.657249,71.9069,71.8612,32.0026
593814016.5494554,52.391293999999995,13.655866,72.2710,72.2253,32.3744
593814016.598901,52.394143,13.654482999999999,72.1891,72.1434,32.3002
593814016.6483464,52.396992,13.653099,72.1265,72.0808,32.2454
593814016.6978047,52.399840999999995,13.651715,72.2310,72.1853,32.3576
593814016.7472503,52.40269,13.650331,71.8719,71.8262,32.0063
593814016.7966957,52.405539,13.648947,71.6324,71.5867,31.7745
593814016.8461542,52.408389,13.647563,50.8542,50.8085,11.0041
593814016.8956003,52.411237,13.646179,73.5369,73.4912,33.6945
593814016.9450464,52.414086,13.644794,74.7086,74.6629,34.8740
593814016.9945052,52.416936,13.643409,71.7825,71.7368,31.9556
593814017.0439515,52.419784,13.642024999999999,66.3965,66.3508,26.5772
593814017.0933981,52.422633,13.64064,69.5448,69.4991,29.7330
593814017.1428442,52.425481999999995,13.639254999999999,69.9377,69.8921,30.1335
593814017.192303,52.428332,13.637869,66.2000,66.1544,26.4033
593814017.241749,52.43118,13.636484,71.9942,71.9486,32.2050
593814017.2912071,52.43403,13.635098,71.7372,71.6915,31.9555
593814017.3406527,52.436878,13.633712,71.6619,71.6162,31.8877
593814017.390111,52.439727999999995,13.632325999999999,71.7696,71.7240,32.0031
593814017.4395566,52.442575999999995,13.630939999999999,71.9224,71.8768,32.1634
593814017.4890149,52.445426,13.629553999999999,72.2880,72.2424,32.5365
593814017.5384476,52.448274,13.628167999999999,75.5387,75.4931,35.7947
593814017.5879059,52.451122999999995,13.626781,75.7437,75.6981,36.0072
593814017.6373513,52.453972,13.625395,75.2343,75.1888,35.5054
593814017.6867969,52.45682,13.624008,75.8033,75.7578,36.0819
593814017.7362297,52.459668,13.622622,72.1828,72.1373,32.4689
596146813.3808756,52.330174,13.692034,65.6607,65.5268,25.5057
596146813.4303215,52.333023,13.690653999999999,66.5242,66.3903,26.3779
596146813.5291879,52.338721,13.687895,67.7385,67.6046,27.6096
596146813.5786335,52.34157,13.686513999999999,69.2964,69.1626,29.1762
596146813.6280534,52.344418,13.685134999999999,69.2770,69.1432,29.1655
596146813.677499,52.347266999999995,13.683753999999999,69.9321,69.7983,29.8294
596146813.7269318,52.350114999999995,13.682374,69.4562,69.3224,29.3621
596146813.7763774,52.352964,13.680992999999999,71.2433,71.1095,31.1579
596146813.8258102,52.355813,13.679611999999999,71.7350,71.6013,31.6583
596146813.875243,52.358661,13.678232,72.3291,72.1953,32.2611
596146813.9246757,52.361509999999996,13.676851,72.2793,72.1456,32.2201
596146813.9741085,52.364357999999996,13.675469999999999,72.2714,72.1377,32.2208
596146814.0235412,52.367207,13.674088999999999,72.0294,71.8957,31.9871
596146814.0729749,52.370055,13.672706999999999,70.4982,70.3646,30.4637
596146814.1224077,52.372903,13.671325999999999,71.0090,70.8753,30.9822
596146814.1718533,52.375752,13.669944,71.6766,71.5429,31.6575
596146814.221286,52.378600999999996,13.668562,72.1057,71.9721,32.0944
596146814.2707188,52.381448999999996,13.66718,72.1136,71.9800,32.1101
596146814.3201516,52.384297,13.665797999999999,72.0870,71.9534,32.0912
596146814.3695843,52.387145999999994,13.664416,72.0392,71.9056,32.0512
596146814.4190171,52.389993999999994,13.663032999999999,71.9527,71.8191,31.9725
596146814.4684627,52.392843,13.66165,71.9229,71.7894,31.9504
596146814.5178955,52.395691,13.660267999999999,71.9789,71.8453,32.0141
596146814.5673409,52.39854,13.658883999999999,72.1482,72.0147,32.1912
596146814.6167736,52.401388999999995,13.657501,72.0222,71.8887,32.0730
596146814.6662066,52.404236999999995,13.656118,71.8358,71.7023,31.8944
596146814.7156394,52.407084999999995,13.654734999999999,71.6599,71.5264,31.7261
596146814.7650721,52.409932999999995,13.653350999999999,72.1068,71.9733,32.1808
596146814.814518,52.412782,13.651966999999999,70.3296,70.1962,30.4114
596146814.8639512,52.41563,13.650583999999998,75.4898,75.3564,35.5794
596146814.9133973,52.418479,13.649199,72.2635,72.1300,32.3608
596146814.9628305,52.421327,13.647815,66.4118,66.2784,26.5168
596146815.0122762,52.424175999999996,13.646431,71.9912,71.8578,32.1039
596146815.0617216,52.427025,13.645045999999999,71.8978,71.7644,32.0180
596146815.1111548,52.429873,13.643661,68.1137,67.9803,28.2413
596146815.160588,52.432721,13.642277,67.9666,67.8332,28.1017
596146815.2100339,52.43557,13.640891,67.7028,67.5694,27.8453
596146815.2594666,52.438418,13.639505999999999,67.8208,67.6875,27.9708
596146815.3088996,52.441266,13.638121,70.4950,70.3617,30.6525
596146815.358345,52.444115,13.636735999999999,72.1645,72.0312,32.3294
596146815.4077778,52.446963,13.635349999999999,60.7202,60.5869,20.8926
596146815.4572105,52.449811,13.633965,60.7626,60.6293,20.9424
596146815.5066562,52.452659999999995,13.632577999999999,60.7104,60.5772,20.8977
596146815.5560889,52.455507999999995,13.631193,75.6459,75.5127,35.8406
596146815.6055346,52.458357,13.629805999999999,75.7708,75.6376,35.9729
598479608.9443827,52.334945,13.696378999999999,64.7206,64.5852,24.5894
598479608.9938283,52.337793999999995,13.694999,65.5748,65.4394,25.4535
598479609.0432875,52.340644,13.693619,69.1905,69.0551,29.0775
598479609.0927329,52.343492999999995,13.692238999999999,74.1403,74.0049,34.0353
598479609.1421785,52.346342,13.690859999999999,67.2471,67.1118,27.1502
598479609.1916242,52.349191,13.689478999999999,69.7380,69.6027,29.6491
598479609.2410696,52.352041,13.688099,69.7024,69.5671,29.6216
598479609.2905152,52.35489,13.686719,70.0961,69.9607,30.0232
598479609.3399606,52.357738999999995,13.685338,71.9400,71.8046,31.8752
598479609.3894062,52.360588,13.683957999999999,72.2835,72.1482,32.2267
598479609.4388642,52.363437999999995,13.682577,72.3910,72.2557,32.3423
598479609.4883099,52.366287,13.681196,72.2047,72.0694,32.1640
598479609.5377553,52.369136,13.679813999999999,72.3015,72.1662,32.2689
598479609.5872009,52.371984999999995,13.678433,72.4034,72.2681,32.3789
598479609.6366463,52.374834,13.677052,72.3558,72.2206,32.3393
598479609.6860919,52.377683,13.67567,72.1702,72.0350,32.1618
598479609.7355373,52.380531999999995,13.674287999999999,72.2647,72.1295,32.2643
598479609.7849829,52.383381,13.672906999999999,72.1298,71.9945,32.1374
598479609.8344283,52.38623,13.671524999999999,72.1776,72.0423,32.1932
598479609.8838739,52.389078999999995,13.670142,72.0891,71.9539,32.1128
598479609.9333193,52.391928,13.668759999999999,71.2706,71.1354,31.3023
598479609.9827776,52.394777999999995,13.667377,71.4615,71.3263,31.5013
598479610.0322347,52.397628,13.665994,71.8574,71.7222,31.9050
598479610.0816803,52.400476999999995,13.664610999999999,72.2023,72.0671,32.2575
598479610.1311257,52.403326,13.663228,72.1620,72.0269,32.2248
598479610.1805718,52.406175,13.661845,72.2586,72.1234,32.3290
598479610.2300305,52.409023999999995,13.660461999999999,72.2382,72.1030,32.3162
598479610.2794764,52.411873,13.659078,75.4131,75.2779,35.4987
598479610.3289351,52.414722999999995,13.657694,68.1450,68.0099,28.2383
598479610.3783813,52.417572,13.656310999999999,67.7212,67.5861,27.8221
598479610.42784,52.420421,13.654926,64.7770,64.6419,24.8855
598479610.4772861,52.423269999999995,13.653542,72.1579,72.0228,32.2740
598479610.5267448,52.42612,13.652158,72.0757,71.9406,32.1994
598479610.5761907,52.428968999999995,13.650774,72.0364,71.9013,32.1677
598479610.6256363,52.431816999999995,13.649389,72.1226,71.9875,32.2615
598479610.6750946,52.434667,13.648004,72.0885,71.9534,32.2351
598479610.72454,52.437515999999995,13.646619,72.0661,71.9311,32.2203
598479610.7739983,52.440365,13.645233999999999,72.1099,71.9749,32.2717
598479610.8234565,52.443214999999995,13.643849,71.9691,71.8341,32.1386
598479610.8729022,52.446064,13.642463999999999,72.0012,71.8661,32.1782
598479610.9223475,52.448912,13.641078,71.6758,71.5408,31.8604
598479610.9718058,52.451761999999995,13.639692,69.6912,69.5562,29.8834
598479611.0212514,52.454609999999995,13.638307,76.4903,76.3553,36.6899
598479611.0707107,52.45746,13.63692,57.9229,57.7879,18.1295
600812412.7419095,52.33248,13.686568999999999,67.2300,67.1752,27.1572
600812412.7913678,52.335328999999994,13.685188,68.2603,68.2056,28.1970
600812412.8408387,52.338179999999994,13.683807,68.0980,68.0433,28.0440
600812412.8902967,52.341029,13.682424999999999,66.8892,66.8345,26.8446
600812412.939755,52.343879,13.681044,69.7129,69.6582,29.6777
600812412.9892132,52.346728,13.679663,70.2284,70.1737,30.2026
600812413.0386727,52.349578,13.678281,68.6974,68.6427,28.6797
600812413.0881438,52.352427999999996,13.676898999999999,72.0590,72.0043,32.0492
600812413.1376021,52.355278,13.675517,72.1429,72.0882,32.1409
600812413.1870604,52.358128,13.674135,72.2561,72.2014,32.2619
600812413.2365317,52.360977999999996,13.672752,72.2065,72.1518,32.2201
600812413.2859905,52.363827,13.67137,72.2050,72.1503,32.2265
600812413.3354492,52.366676999999996,13.669988,72.1760,72.1213,32.2053
600812413.3849206,52.369527,13.668604,69.4287,69.3740,29.4658
600812413.4343922,52.372377,13.667221,70.6482,70.5935,30.6932
600812413.483851,52.375226999999995,13.665837999999999,71.5089,71.4542,31.5617
600812413.5333099,52.378076,13.664455,72.0691,72.0144,32.1296
600812413.5827813,52.380927,13.663072,72.0352,71.9805,32.1035
600812413.6322398,52.383776,13.661688,72.0908,72.0361,32.1670
600812413.681711,52.386626,13.660304,71.7687,71.7140,31.8527
600812413.731169,52.389475999999995,13.65892,72.1465,72.0918,32.2383
600812413.7806401,52.392326,13.657535999999999,72.2856,72.2309,32.3853
600812413.8300855,52.395174,13.656153,72.2197,72.1650,32.3272
600812413.8795567,52.398025,13.654767999999999,72.1603,72.1056,32.2756
600812413.929002,52.400873,13.653383999999999,72.1380,72.0833,32.2612
600812413.9784732,52.403723,13.651999,71.8387,71.7840,31.9697
600812414.0279315,52.406572999999995,13.650615,71.8074,71.7527,31.9461
600812414.0774014,52.409423,13.649229,51.7338,51.6791,11.8801
600812414.1268597,52.412271999999994,13.647844,74.2262,74.1715,34.3801
600812414.1763306,52.415122,13.646459,74.6179,74.5632,34.7793
600812414.2257886,52.417970999999994,13.645074,70.5986,70.5439,30.7676
600812414.2752469,52.42082,13.643688,69.2551,69.2004,29.4318
600812414.3247178,52.423669999999994,13.642303,69.7365,69.6818,29.9208
600812414.374176,52.42652,13.640917,70.9040,70.8493,31.0959
600812414.4236469,52.42937,13.639531,68.3245,68.2698,28.5240
600812414.4731181,52.432218999999996,13.638143999999999,71.8879,71.8332,32.0950
600812414.5225763,52.435069,13.636757999999999,71.4933,71.4386,31.7080
600812414.5720472,52.437919,13.635371,71.5296,71.4749,31.7519
600812414.6215181,52.440768,13.633985,71.7199,71.6652,31.9497
600812414.6709764,52.443618,13.632598,71.9076,71.8529,32.1450
600812414.7204347,52.446467,13.631210999999999,74.4732,74.4185,34.7182
600812414.7699058,52.449317,13.629824,75.4190,75.3643,35.6717
600812414.8193767,52.452166,13.628437,75.6460,75.5913,35.9063
600812414.868835,52.455016,13.627049,75.9621,75.9074,36.2300
600812414.9183064,52.457865,13.625662,75.4258,75.3711,35.7013
603145214.0027192,52.330391999999996,13.692331,64.6397,64.6699,24.6549
603145214.0521786,52.333242,13.690951,66.2201,66.2503,26.2434
603145214.1016369,52.336092,13.689570999999999,67.2619,67.2921,27.2934
603145214.1511078,52.338941999999996,13.688189999999999,66.1203,66.1505,26.1599
603145214.200566,52.341792,13.68681,68.7071,68.7373,28.7548
603145214.2500241,52.344642,13.685429,67.4315,67.4616,27.4872
603145214.2994823,52.347491,13.684047999999999,66.8277,66.8578,26.8915
603145214.3489411,52.350341,13.682666999999999,66.2468,66.2770,26.3188
603145214.3983998,52.353190999999995,13.681286,66.8664,66.8966,26.9465
603145214.4478586,52.356041,13.679905,71.8292,71.8593,31.9173
603145214.4973302,52.358891,13.678523,71.9131,71.9432,32.0093
603145214.5467889,52.361740999999995,13.677142,72.1040,72.1342,32.2084
603145214.5962603,52.364591,13.675759999999999,72.1902,72.2203,32.3027
603145214.645719,52.367441,13.674377999999999,72.1487,72.1788,32.2692
603145214.6951778,52.370290999999995,13.672996,72.1162,72.1463,32.2448
603145214.7446365,52.37314,13.671612999999999,71.1454,71.1756,31.2822
603145214.7941074,52.375991,13.670231,71.8440,71.8741,31.9889
603145214.8435657,52.37884,13.668847999999999,71.9138,71.9439,32.0668
603145214.8930113,52.381688999999994,13.667466,71.9273,71.9574,32.0883
603145214.9424696,52.384539,13.666082999999999,71.8883,71.9184,32.0575
603145214.9919279,52.387387999999994,13.6647,71.3495,71.3796,31.5268
603145215.0413852,52.390238,13.663317,71.5832,71.6133,31.7682
603145215.0908434,52.393086999999994,13.661933999999999,71.8614,71.8915,32.0541
603145215.1403143,52.395936999999996,13.660549999999999,72.0057,72.0358,32.2060
603145215.1897726,52.398787,13.659167,71.9655,71.9956,32.1735
603145215.2392306,52.401637,13.657783,72.0456,72.0757,32.2613
603145215.2887015,52.404486999999996,13.656398999999999,71.9594,71.9895,32.1827
603145215.3381472,52.407334999999996,13.655016,71.6282,71.6583,31.8592
603145215.3876181,52.410185999999996,13.653630999999999,54.0784,54.1085,14.3170
603145215.4370763,52.413035,13.652247,74.4827,74.5128,34.7290
603145215.4865346,52.415884999999996,13.650862,67.0094,67.0395,27.2634
603145215.5360055,52.418735,13.649477,65.8297,65.8598,26.0913
603145215.5854638,52.421583999999996,13.648093,68.6829,68.7130,28.9522
603145215.6349347,52.424434,13.646707,71.9166,71.9467,32.1936
603145215.6843929,52.427284,13.645322,71.9786,72.0087,32.2632
603145215.7338512,52.430133,13.643937,71.6855,71.7156,31.9778
603145215.7833095,52.432981999999996,13.642552,71.1744,71.2045,31.4743
603145215.8327806,52.435832,13.641166,70.9951,71.0252,31.3027
603145215.882226,52.438680999999995,13.639781,71.4225,71.4526,31.7378
603145215.9316969,52.441531,13.638395,71.7231,71.7532,32.0460
603145215.9811425,52.444379999999995,13.637008999999999,72.2243,72.2544,32.5549
603145216.0306146,52.44723,13.635622999999999,71.2017,71.2318,31.5396
603145216.0800607,52.450078,13.634236999999999,75.7464,75.7765,36.0915
603145216.1295321,52.452928,13.63285,75.2347,75.2648,35.5869
603145216.1789908,52.455777999999995,13.631463,75.9295,75.9596,36.2888
603145216.2284496,52.458627,13.630077,76.2729,76.3030,36.6394
605478011.579262,52.332733,13.698203999999999,63.2464,63.3130,23.3071
605478011.6287079,52.335583,13.696824999999999,64.0366,64.1032,24.1064
605478011.6781414,52.338431,13.695445999999999,65.2730,65.3396,25.3519
605478011.7275872,52.341280999999995,13.694066999999999,73.7429,73.8095,33.8309
605478011.7770333,52.34413,13.692687,73.6377,73.7043,33.7348
605478011.8264794,52.346979,13.691307,65.8355,65.9021,25.9417
605478011.8758998,52.349827,13.689928,65.8388,65.9054,25.9541
605478011.9253459,52.352677,13.688547999999999,64.6290,64.6956,24.7534
605478011.9747918,52.355526,13.687166999999999,64.2427,64.3093,24.3762
605478012.0242374,52.358374999999995,13.685787,74.3380,74.4046,34.4799
605478012.0736837,52.361224,13.684406,74.6548,74.7214,34.8046
605478012.1231294,52.364073999999995,13.683026,72.9351,73.0017,33.0926
605478012.1725748,52.366923,13.681645,73.2258,73.2924,33.3912
605478012.2220204,52.369772,13.680264,72.8565,72.9231,33.0297
605478012.2714531,52.37262,13.678882999999999,72.1240,72.1906,32.3050
605478012.3208988,52.37547,13.677501999999999,71.0103,71.0769,31.1991
605478012.3703442,52.378319,13.67612,71.9268,71.9934,32.1235
605478012.4197898,52.381167999999995,13.674738999999999,71.8297,71.8963,32.0341
605478012.4692352,52.384017,13.673357,71.9288,71.9954,32.1411
605478012.5186803,52.386866,13.671975,71.8939,71.9605,32.1140
605478012.568126,52.389714999999995,13.670593,70.7845,70.8511,31.0125
605478012.6175714,52.392564,13.669210999999999,70.6283,70.6949,30.8640
605478012.6670041,52.395413,13.667829,71.3544,71.4210,31.5980
605478012.7164624,52.398261999999995,13.666445999999999,71.4393,71.5059,31.6907
605478012.765908,52.401112,13.665063,71.6599,71.7265,31.9191
605478012.8153408,52.40396,13.663680999999999,71.8908,71.9574,32.1578
605478012.8647861,52.406808999999996,13.662298,71.9529,72.0195,32.2278
605478012.9142189,52.409656999999996,13.660915,73.8292,73.8958,34.1118
605478012.9636648,52.412506,13.659531999999999,75.2342,75.3008,35.5247
605478013.0130966,52.415354,13.658149,75.8262,75.8928,36.1244
605478013.0625422,52.418203,13.656765,75.8514,75.9180,36.1570
605478013.1119876,52.421051999999996,13.655382,75.7145,75.7810,36.0276
605478013.1614332,52.423901,13.653998,70.3858,70.4524,30.7064
605478013.210866,52.426749,13.652614,71.5238,71.5904,31.8519
605478013.2602992,52.429598,13.65123,71.6689,71.7355,32.0045
605478013.3097324,52.432446,13.649846,70.4760,70.5425,30.8190
605478013.3591785,52.435294999999996,13.648461999999999,69.8864,69.9529,30.2369
605478013.4086118,52.438143,13.647077,69.7160,69.7826,30.0740
605478013.4580576,52.440991999999994,13.645693,70.1255,70.1921,30.4910
605478013.5074909,52.443839999999994,13.644307999999999,70.8259,70.8924,31.1988
605478013.556937,52.446689,13.642923,72.9780,73.0445,33.3584
605478013.6063828,52.449538,13.641537999999999,76.2942,76.3607,36.6820
605478013.6558161,52.452386,13.640153,76.3504,76.4170,36.7458
605478013.7052488,52.455234,13.638767,76.5411,76.6076,36.9440
605478013.7546945,52.458082999999995,13.637381999999999,76.2250,76.2915,36.6353
607810816.3216171,52.332547999999996,13.681051,73.6701,73.7146,33.6915
607810816.3710499,52.335395999999996,13.67967,71.0255,71.0700,31.0553
607810816.4204826,52.338245,13.678289999999999,68.1271,68.1716,28.1653
607810816.4699156,52.341093,13.676909,86.0693,86.1138,46.1159
607810816.5193484,52.343942,13.675528,70.1285,70.1730,30.1835
607810816.5687816,52.34679,13.674147,69.4098,69.4543,29.4732
607810816.6182277,52.349638999999996,13.672765,68.8107,68.8552,28.8825
607810816.667661,52.352486999999996,13.671384,72.1060,72.1505,32.1861
607810816.7170944,52.355335999999994,13.670003,72.1467,72.1912,32.2352
607810816.7665277,52.358183999999994,13.668621,72.1010,72.1455,32.1979
607810816.8159609,52.361033,13.667238999999999,72.0639,72.1084,32.1691
607810816.8654068,52.363882,13.665856999999999,72.1494,72.1939,32.2630
607810816.91484,52.36673,13.664475,70.8780,70.9225,31.0000
607810816.964273,52.369578,13.663093,71.2817,71.3262,31.4121
607810817.0137057,52.372426,13.66171,72.0276,72.0721,32.1662
607810817.0631397,52.375274999999995,13.660328,72.0762,72.1207,32.2224
607810817.1125724,52.378122999999995,13.658945,72.0281,72.0726,32.1821
607810817.1620181,52.380972,13.657561999999999,71.9777,72.0222,32.1395
607810817.2114635,52.383821,13.656177999999999,72.0663,72.1108,32.2357
607810817.2608962,52.386669,13.654795,72.0352,72.0797,32.2124
607810817.310329,52.389517,13.653412,71.9840,72.0286,32.1690
607810817.3597617,52.392365,13.652028999999999,72.0801,72.1246,32.2727
607810817.4092071,52.395213999999996,13.650644999999999,72.0263,72.0709,32.2267
607810817.4586399,52.398061999999996,13.649261,71.7983,71.8428,32.0064
607810817.5080726,52.400909999999996,13.647877,71.6724,71.7170,31.8882
607810817.5575054,52.403757999999996,13.646493,71.3974,71.4420,31.6210
607810817.606951,52.406607,13.645107999999999,72.2966,72.3411,32.5279
607810817.6563964,52.409456,13.643723999999999,72.9620,73.0066,33.2010
607810817.7058291,52.412304,13.642339,72.9290,72.9735,33.1757
607810817.7552748,52.415153,13.640953999999999,63.1031,63.1477,23.3576
607810817.8047075,52.418001,13.639569,69.4654,69.5100,29.7276
607810817.8541403,52.420849,13.638183999999999,71.6281,71.6727,31.8980
607810817.9035859,52.423697999999995,13.636799,71.9988,72.0434,32.2765
607810817.9530187,52.426545999999995,13.635413999999999,71.9126,71.9572,32.1979
607810818.0024514,52.429393999999995,13.634027999999999,71.8631,71.9077,32.1562
607810818.0518961,52.432241999999995,13.632641999999999,71.9548,71.9994,32.2553
607810818.1013288,52.435089999999995,13.631257,71.8882,71.9328,32.1961
607810818.150774,52.437939,13.629869999999999,71.8485,71.8931,32.1638
607810818.200207,52.440787,13.628484,71.9312,71.9759,32.2540
607810818.2496529,52.443636,13.627098,71.8762,71.9209,32.2064
607810818.2990863,52.446484,13.625712,71.9776,72.0222,32.3151
607810818.3485196,52.449332,13.624324999999999,71.8531,71.8977,32.1980
607810818.3979528,52.452179,13.622938,71.0297,71.0743,31.3820
607810818.447386,52.455026999999994,13.621552,63.9281,63.9727,24.2879
607810818.4968321,52.457876,13.620163999999999,72.2552,72.2998,32.6224
610143619.7033229,52.332026,13.683911,73.7406,73.7387,33.7160
610143619.7527683,52.334875,13.682530999999999,69.2673,69.2653,29.2519
610143619.8022139,52.337723999999994,13.681151,68.5314,68.5295,28.5254
610143619.8516595,52.340573,13.67977,70.0933,70.0914,30.0965
610143619.9011049,52.343422,13.678389,69.8516,69.8497,29.8640
610143619.9505503,52.346270999999994,13.677009,69.4663,69.4644,29.4881
610143619.999996,52.34912,13.675628,66.8921,66.8902,26.9231
610143620.0494552,52.351969999999994,13.674246,67.7825,67.7806,27.8213
610143620.0989006,52.354819,13.672865,72.1200,72.1181,32.1666
610143620.1483588,52.357668999999994,13.671482999999998,72.1764,72.1745,32.2308
610143620.1978045,52.360518,13.670100999999999,72.0827,72.0808,32.1449
610143620.2472498,52.363367,13.668719,72.0385,72.0367,32.1085
610143620.2966952,52.366215,13.667337999999999,71.2978,71.2960,31.3756
610143620.3461409,52.369063999999995,13.665954999999999,70.3305,70.3287,30.4161
610143620.3955991,52.371914,13.664572999999999,70.8506,70.8488,30.9440
610143620.4450448,52.374762999999994,13.66319,72.0333,72.0315,32.1345
610143620.4944901,52.377612,13.661807999999999,72.0111,72.0093,32.1201
610143620.5439358,52.380461,13.660425,71.9510,71.9492,32.0678
610143620.593394,52.383309999999994,13.659042,71.7992,71.7974,31.9238
610143620.6428394,52.386159,13.657658999999999,71.6408,71.6390,31.7732
610143620.6922851,52.389008,13.656276,71.9524,71.9507,32.0926
610143620.7417312,52.391856999999995,13.654893,72.0441,72.0424,32.1921
610143620.7911899,52.394706,13.653509,72.1255,72.1238,32.2813
610143620.840636,52.397555,13.652125,72.0609,72.0592,32.2245
610143620.8900819,52.400403999999995,13.650741,71.8670,71.8653,32.0384
610143620.939528,52.403253,13.649358,71.1068,71.1051,31.2860
610143620.9889741,52.406102,13.647972999999999,70.8563,70.8546,31.0433
610143621.03842,52.40895,13.646588999999999,70.5885,70.5868,30.7831
610143621.0878775,52.4118,13.645204999999999,72.4731,72.4714,32.6753
610143621.1373234,52.414649,13.64382,74.2943,74.2927,34.5042
610143621.1867816,52.417497999999995,13.642434999999999,67.9858,67.9842,28.2033
610143621.236227,52.420347,13.64105,71.3050,71.3034,31.5301
610143621.2856853,52.423196,13.639664999999999,71.5671,71.5654,31.7998
610143621.3351309,52.426044999999995,13.63828,71.7598,71.7581,32.0000
610143621.3845763,52.428892999999995,13.636894999999999,71.8433,71.8417,32.0912
610143621.434022,52.431742,13.635508999999999,71.6549,71.6533,31.9104
610143621.4834673,52.434591,13.634124,71.5845,71.5829,31.8476
610143621.5329256,52.437439999999995,13.632736999999999,71.7380,71.7364,32.0087
610143621.5823712,52.440289,13.631352,71.7575,71.7559,32.0358
610143621.6318295,52.443138,13.629964999999999,71.8690,71.8675,32.1550
610143621.6812749,52.445986999999995,13.628579,72.7143,72.7128,33.0079
610143621.7307205,52.448834999999995,13.627193,76.2435,76.2420,36.5447
610143621.7801659,52.451684,13.625805999999999,75.8895,75.8879,36.1983
610143621.8296115,52.454532,13.624419999999999,76.1032,76.1016,36.4195
610143621.8790696,52.457381999999996,13.623032,76.1397,76.1382,36.4637
612476419.7465281,52.330754,13.691460999999999,65.9801,65.9633,25.9441
612476419.7959864,52.333604,13.69008,66.4026,66.3857,26.3760
612476419.8454444,52.336453,13.688699999999999,65.3962,65.3793,25.3791
612476419.8948901,52.339303,13.68732,66.2527,66.2359,26.2452
612476419.9443483,52.342152,13.685939,66.0180,66.0012,26.0200
612476419.9938066,52.345002,13.684557999999999,66.5416,66.5248,26.5531
612476420.0432637,52.347851999999996,13.683176999999999,67.0468,67.0300,27.0663
612476420.0927091,52.350701,13.681797,66.7305,66.7137,26.7580
612476420.1421547,52.35355,13.680416,66.0803,66.0636,26.1157
612476420.191613,52.3564,13.679034,72.1693,72.1525,32.2125
612476420.2410712,52.359249,13.677653,72.2224,72.2057,32.2735
612476420.2905421,52.3621,13.676271,72.1575,72.1407,32.2165
612476420.3399878,52.364948999999996,13.674888999999999,72.1139,72.0972,32.1808
612476420.3894465,52.367798,13.673506999999999,72.0830,72.0662,32.1577
612476420.4388926,52.370647,13.672125,72.1703,72.1536,32.2529
612476420.4883513,52.373497,13.670743,71.1389,71.1221,31.2294
612476420.5377972,52.376346,13.669360999999999,72.0531,72.0364,32.1515
612476420.587256,52.379196,13.667978,72.0827,72.0659,32.1889
612476420.6367021,52.382044,13.666596,72.0322,72.0155,32.1463
612476420.6861608,52.384893999999996,13.665213,71.4914,71.4747,31.6135
612476420.7356069,52.387743,13.663829999999999,71.1671,71.1504,31.2970
612476420.7850654,52.390592,13.662447,71.5593,71.5426,31.6971
612476420.834511,52.393440999999996,13.661064,71.7470,71.7303,31.8926
612476420.8839564,52.39629,13.659680999999999,71.9642,71.9475,32.1177
612476420.9334273,52.399139999999996,13.658296,72.0103,71.9936,32.1717
612476420.982873,52.401989,13.656913,71.9286,71.9119,32.0979
612476421.0323312,52.404838999999996,13.655529,70.6397,70.6230,30.8167
612476421.0817904,52.407688,13.654145,70.0539,70.0372,30.2384
612476421.1312361,52.410537,13.652761,70.0301,70.0134,30.2223
612476421.180707,52.413387,13.651375999999999,69.8279,69.8112,30.0276
612476421.2301524,52.416236,13.649992,69.2042,69.1875,29.4116
612476421.279598,52.419084999999995,13.648607,66.1126,66.0959,26.3275
612476421.3290689,52.421935,13.647222,68.1256,68.1089,28.3481
612476421.3785145,52.424783,13.645837,68.9594,68.9428,29.1896
612476421.4279854,52.427633,13.644452,69.6595,69.6428,29.8972
612476421.4774308,52.430482,13.643066999999999,68.8786,68.8620,29.1240
612476421.526902,52.433332,13.641681,68.4281,68.4114,28.6810
612476421.5763471,52.436181,13.640296,68.2465,68.2299,28.5070
612476421.6258054,52.439029999999995,13.63891,69.4852,69.4685,29.7533
612476421.6752508,52.441879,13.637523999999999,71.7919,71.7753,32.0676
612476421.724709,52.444728,13.636137999999999,71.8663,71.8496,32.1496
612476421.7741547,52.447576999999995,13.634751999999999,71.8688,71.8522,32.1597
612476421.8236256,52.450427,13.633365,71.9558,71.9392,32.2544
612476421.8730712,52.453275,13.631979,69.7853,69.7687,30.0914
612476421.9225295,52.456123999999996,13.630593,60.8113,60.7947,21.1250
612476421.9719877,52.458974,13.629206,60.9797,60.9631,21.3010
614809219.0106921,52.331095999999995,13.695637999999999,64.1274,64.1456,24.1364
614809219.0601377,52.333946,13.694258,64.5013,64.5195,24.5184
614809219.1095834,52.336794999999995,13.692879,65.8816,65.8998,25.9068
614809219.1590288,52.339644,13.691498999999999,65.0722,65.0904,25.1056
614809219.2084491,52.342492,13.690119,67.8020,67.8202,27.8436
614809219.257895,52.345341,13.688739,67.9526,67.9708,28.0023
614809219.3073411,52.348189999999995,13.687358,68.9152,68.9334,28.9730
614809219.3567872,52.35104,13.685977999999999,69.0979,69.1161,29.1639
614809219.4062331,52.353888999999995,13.684597,70.5047,70.5229,30.5788
614809219.4556792,52.356738,13.683216,70.3630,70.3812,30.4453
614809219.5051253,52.359587,13.681835,72.0390,72.0572,32.1293
614809219.5545712,52.362435999999995,13.680454,72.0648,72.0830,32.1633
614809219.6040173,52.365285,13.679072999999999,72.0210,72.0392,32.1277
614809219.65345,52.368134,13.677691999999999,72.1004,72.1186,32.2152
614809219.7028956,52.370982999999995,13.676309999999999,70.9352,70.9534,31.0582
614809219.7523413,52.373832,13.674928,69.5793,69.5975,29.7104
614809219.801774,52.37668,13.673547,71.9625,71.9807,32.1017
614809219.8512194,52.379529,13.672163999999999,71.9806,71.9988,32.1280
614809219.900665,52.382377999999996,13.670781999999999,71.8436,71.8618,31.9992
614809219.9501104,52.385227,13.6694,71.4895,71.5077,31.6531
614809219.9995561,52.388076999999996,13.668016999999999,71.2179,71.2361,31.3897
614809220.0490131,52.390926,13.666634,71.1928,71.2110,31.3722
614809220.0984459,52.393774,13.665251999999999,71.1530,71.1712,31.3401
614809220.1478913,52.396623,13.663869,71.3495,71.3677,31.5442
614809220.197324,52.399471999999996,13.662486,71.9289,71.9471,32.1313
614809220.246757,52.402319999999996,13.661102999999999,71.9502,71.9684,32.1602
614809220.2962024,52.405169,13.65972,71.9350,71.9532,32.1527
614809220.3456607,52.408018,13.658336,71.7722,71.7904,31.9975
614809220.3950934,52.410866999999996,13.656951999999999,69.0786,69.0968,29.3116
614809220.4445262,52.413714999999996,13.655569,68.9556,68.9738,29.1962
614809220.493959,52.416563,13.654185,68.0713,68.0895,28.3196
614809220.5434046,52.419411999999994,13.652801,65.4254,65.4436,25.6813
614809220.59285,52.422261,13.651416999999999,71.8922,71.9104,32.1559
614809220.6422827,52.425109,13.650032,72.1264,72.1446,32.3977
614809220.6917155,52.427957,13.648648,71.8507,71.8689,32.1297
614809220.7411737,52.430806,13.647262999999999,71.6417,71.6599,31.9283
614809220.7906067,52.433654,13.645878,71.6508,71.6690,31.9450
614809220.8400395,52.436502,13.644494,71.6272,71.6454,31.9291
614809220.8894978,52.439352,13.643108,71.6258,71.6440,31.9353
614809220.938931,52.4422,13.641722999999999,71.5928,71.6110,31.9100
614809220.9883645,52.445048,13.640338,71.7213,71.7395,32.0461
614809221.037811,52.447897,13.638952,71.9600,71.9782,32.2921
614809221.0872574,52.450745999999995,13.637566,70.4030,70.4212,30.7421
614809221.1367035,52.453593999999995,13.63618,58.6884,58.7066,19.0347
614809221.1861494,52.456443,13.634794,61.7293,61.7474,22.0827
614809221.2355828,52.459291,13.633408,60.0824,60.1006,20.4429
617142018.2471423,52.332034,13.694752,73.7473,73.8100,33.7997
617142018.2965624,52.334882,13.693373,65.8098,65.8724,25.8706
617142018.3459952,52.33773,13.691993,67.1675,67.2302,27.2368
617142018.395428,52.340579,13.690614,67.4936,67.5562,27.5713
617142018.4448481,52.343427,13.689235,68.0162,68.0789,28.1024
617142018.4942682,52.346275,13.687854999999999,67.7470,67.8097,27.8416
617142018.5437009,52.349123,13.686475,69.3900,69.4526,29.4930
617142018.5931337,52.351971999999996,13.685094999999999,69.9998,70.0625,30.1113
617142018.6425664,52.354821,13.683715,69.7007,69.7633,29.8205
617142018.6919866,52.357668,13.682335,65.9867,66.0494,26.1150
617142018.7414193,52.360516999999994,13.680954,72.0143,72.0769,32.1510
617142018.7908521,52.363364999999995,13.679573999999999,72.0865,72.1491,32.2316
617142018.8402848,52.366214,13.678193,72.0166,72.0792,32.1702
617142018.8897176,52.369063,13.676812,71.9939,72.0565,32.1559
617142018.9391503,52.371911,13.675431,72.0998,72.1625,32.2703
617142018.9885831,52.374759999999995,13.67405,71.5825,71.6451,31.7614
617142019.0380168,52.377607999999995,13.672668,71.9425,72.0051,32.1292
617142019.0874369,52.380455999999995,13.671287,71.9070,71.9695,32.1014
617142019.1368697,52.383303999999995,13.669905,71.8239,71.8865,32.0261
617142019.1863024,52.386153,13.668522999999999,71.7261,71.7887,31.9360
617142019.2357352,52.389001,13.667140999999999,71.1424,71.2050,31.3600
617142019.2851679,52.39185,13.665759,71.0913,71.1539,31.3166
617142019.3346009,52.394698,13.664377,71.3886,71.4512,31.6216
617142019.3840337,52.397546,13.662994,71.8909,71.9535,32.1316
617142019.4334664,52.400394999999996,13.661610999999999,71.9374,71.9999,32.1858
617142019.4828992,52.403242999999996,13.660229,71.9100,71.9725,32.1661
617142019.5323322,52.406090999999996,13.658845999999999,71.8665,71.9290,32.1303
617142019.5817528,52.408939,13.657463,69.2806,69.3432,29.5522
617142019.6311989,52.411787999999994,13.656079,69.2565,69.3191,29.5358
617142019.6806321,52.414635999999994,13.654696,69.2876,69.3502,29.5746
617142019.7300527,52.417483999999995,13.653312999999999,68.9279,68.9904,29.2226
617142019.779486,52.420331999999995,13.651928999999999,64.9980,65.0605,25.3004
617142019.828932,52.423181,13.650545,71.8178,71.8803,32.1279
617142019.8783653,52.42603,13.649161,71.7923,71.8548,32.1101
617142019.9277859,52.428877,13.647777,71.7712,71.8337,32.0967
617142019.9772186,52.431725,13.646393,71.5376,71.6001,31.8708
617142020.0266387,52.434573,13.645009,71.3329,71.3954,31.6737
617142020.076083,52.437422,13.643623999999999,71.1453,71.2078,31.4934
617142020.1255157,52.44027,13.642239,71.1352,71.1977,31.4905
617142020.1749358,52.443117,13.640854,71.3798,71.4423,31.7424
617142020.2243686,52.445966,13.639469,71.7854,71.8479,32.1554
617142020.2738016,52.448814,13.638084,70.7502,70.8126,31.1274
617142020.323247,52.451662999999996,13.636697999999999,76.1977,76.2601,36.5822
617142020.3726671,52.45451,13.635313,68.4422,68.5046,28.8341
617142020.422087,52.457356999999995,13.633928,60.6345,60.6969,21.0336
619474814.8073006,52.331198,13.699354999999999,84.2254,84.2941,44.2854
619474814.8567457,52.334047,13.697975999999999,63.8586,63.9273,23.9284
619474814.9061913,52.336897,13.696596999999999,64.4997,64.5684,24.5791
619474814.9556367,52.339746,13.695217,66.6940,66.7627,26.7831
619474815.0050695,52.342594,13.693838,73.6108,73.6795,33.7094
619474815.0545013,52.345442999999996,13.692458,67.0564,67.1251,27.1630
619474815.1039469,52.348292,13.691078,68.0168,68.0855,28.1314
619474815.1533923,52.351141999999996,13.689698,68.8658,68.9345,28.9884
619474815.202838,52.353991,13.688317999999999,69.4980,69.5667,29.6285
619474815.2522833,52.35684,13.686938,70.6622,70.7308,30.8007
619474815.301729,52.359688999999996,13.685557,72.0872,72.1559,32.2337
619474815.3511617,52.362538,13.684177,71.9832,72.0519,32.1377
619474815.4005945,52.365386,13.682796,71.9936,72.0623,32.1561
619474815.4500272,52.368235,13.681415999999999,71.9241,71.9927,32.0945
619474815.4994729,52.371083999999996,13.680034,71.9757,72.0443,32.1541
619474815.5489182,52.373933,13.678652999999999,70.5344,70.6031,30.7208
619474815.5983639,52.376782,13.677271999999999,71.8786,71.9472,32.0730
619474815.6478093,52.379630999999996,13.675889999999999,71.8932,71.9618,32.0955
619474815.6972549,52.382481,13.674508,71.9282,71.9968,32.1385
619474815.7466881,52.385329,13.673127,71.8892,71.9579,32.1075
619474815.7961214,52.388177,13.671745,71.8139,71.8825,32.0402
619474815.8455546,52.391026,13.670363,71.0179,71.0865,31.2521
619474815.8949878,52.393874,13.668980999999999,70.8168,70.8854,31.0590
619474815.9444339,52.396722999999994,13.667599,71.0605,71.1291,31.3108
619474815.9938798,52.399572,13.666215999999999,71.7098,71.7784,31.9680
619474816.0433261,52.402421999999994,13.664833,71.9176,71.9862,32.1834
619474816.0927603,52.405269999999994,13.66345,71.8459,71.9145,32.1193
619474816.1421936,52.408117999999995,13.662068,71.8220,71.8906,32.1030
619474816.1916261,52.410965999999995,13.660684999999999,71.9524,72.0210,32.2410
619474816.2410715,52.413815,13.659301,75.2703,75.3389,35.5664
619474816.2905171,52.416664,13.657917999999999,75.8225,75.8911,36.1262
619474816.3399498,52.419512999999995,13.656533999999999,63.7883,63.8569,24.0996
619474816.3893826,52.422360999999995,13.655151,63.5729,63.6415,23.8918
619474816.4388154,52.425208999999995,13.653767,71.7914,71.8600,32.1178
619474816.4882481,52.428056999999995,13.652382999999999,71.7312,71.7998,32.0652
619474816.5376937,52.430906,13.650998999999999,71.0614,71.1300,31.4030
619474816.5871265,52.433754,13.649614999999999,70.1871,70.2557,30.5363
619474816.6365592,52.436602,13.64823,69.9331,70.0017,30.2898
619474816.685992,52.439451,13.646846,69.8539,69.9225,30.2182
619474816.7354376,52.442299999999996,13.645461,70.4124,70.4810,30.7843
619474816.784883,52.445147999999996,13.644076,70.9693,71.0379,31.3488
619474816.8343158,52.447995999999996,13.642691,71.0502,71.1188,31.4372
619474816.8837612,52.450845,13.641306,76.2576,76.3262,36.6522
619474816.9332068,52.453694,13.63992,76.4968,76.5654,36.8990
619474816.9826396,52.456542,13.638535,76.4411,76.5097,36.8508
619474817.0320842,52.459391,13.637148999999999,57.5308,57.5994,17.9477
621807615.7218032,52.330262999999995,13.682193,73.7273,73.7534,33.7227
621807615.7712486,52.333112,13.680812999999999,70.4667,70.4929,30.4716
621807615.8207068,52.335961999999995,13.679432,72.8283,72.8545,32.8425
621807615.8701525,52.338811,13.678051,70.3457,70.3719,30.3693
621807615.9196234,52.341660999999995,13.676668999999999,70.5198,70.5460,30.5528
621807615.9690816,52.344511,13.675286999999999,70.8608,70.8870,30.9032
621807616.0185263,52.347359,13.673905999999999,70.9152,70.9414,30.9663
621807616.0679843,52.350209,13.672524,70.0535,70.0797,30.1124
621807616.1174426,52.353058999999995,13.671142,72.2009,72.2271,32.2676
621807616.1669009,52.355908,13.66976,72.0284,72.0546,32.1029
621807616.2163465,52.358757,13.668377999999999,72.0901,72.1163,32.1724
621807616.2658179,52.361607,13.666995,72.0578,72.0840,32.1479
621807616.315264,52.364456,13.665612999999999,72.1438,72.1700,32.2417
621807616.3647099,52.367304999999995,13.66423,71.3234,71.3496,31.4291
621807616.4141686,52.370155,13.662847,71.0511,71.0773,31.1646
621807616.4636273,52.373003999999995,13.661463999999999,72.0435,72.0697,32.1648
621807616.5130734,52.375853,13.660081,72.0664,72.0926,32.1955
621807616.5625322,52.378702,13.658698,71.9957,72.0219,32.1326
621807616.6120036,52.381553,13.657314,71.9562,71.9824,32.1009
621807616.6614494,52.384401,13.655930999999999,71.9741,72.0003,32.1265
621807616.7109077,52.387251,13.654546999999999,72.0485,72.0747,32.2087
621807616.7603531,52.390099,13.653163,71.9884,72.0146,32.1564
621807616.8098114,52.392948999999994,13.651779,72.0742,72.1004,32.2500
621807616.859257,52.395796999999995,13.650395,71.8747,71.9009,32.0583
621807616.9087152,52.398647,13.649011,71.8037,71.8299,31.9951
621807616.9581735,52.401495999999995,13.647625999999999,71.6145,71.6407,31.8137
621807617.0076191,52.404345,13.646241999999999,71.3362,71.3624,31.5432
621807617.0570784,52.407194,13.644857,71.1125,71.1387,31.3271
621807617.106524,52.410042999999995,13.643472,71.1709,71.1971,31.3931
621807617.1559949,52.412893,13.642085999999999,70.8271,70.8534,31.0570
621807617.2054532,52.415741999999995,13.640701,69.8905,69.9167,30.1280
621807617.2548988,52.418591,13.639315999999999,68.0418,68.0681,28.2870
621807617.3043697,52.421440999999994,13.637929999999999,66.8260,66.8522,27.0788
621807617.3538151,52.424288999999995,13.636543999999999,71.8313,71.8576,32.0917
621807617.4032733,52.427138,13.635157999999999,71.8905,71.9167,32.1585
621807617.4527316,52.429987999999994,13.633771999999999,71.8588,71.8851,32.1345
621807617.502177,52.432835999999995,13.632385999999999,71.8414,71.8676,32.1247
621807617.5516481,52.435686,13.631,71.9019,71.9282,32.1929
621807617.6011064,52.438534999999995,13.629612999999999,71.8685,71.8948,32.1672
621807617.6505518,52.441384,13.628226999999999,71.8307,71.8570,32.1369
621807617.7000229,52.444233999999994,13.626838999999999,71.9013,71.9276,32.2152
621807617.7494812,52.447083,13.625452,71.8995,71.9257,32.2210
621807617.7989395,52.449932,13.624065,71.2338,71.2601,31.5630
621807617.8483977,52.452780999999995,13.622677999999999,70.5800,70.6062,30.9168
621807617.8978686,52.455631,13.62129,67.6954,67.7217,28.0398
621807617.9473271,52.458479999999994,13.619902,72.2559,72.2821,32.6079
624140417.763654,52.331168999999996,13.6846,75.7388,75.7099,35.6853
624140417.8130996,52.334018,13.683219,69.4937,69.4648,29.4497
624140417.8625579,52.336867999999996,13.681839,72.3743,72.3453,32.3397
624140417.9120162,52.339718,13.680458,70.7453,70.7164,30.7203
624140417.9614744,52.342566999999995,13.679077,69.3296,69.3007,29.3140
624140418.0109453,52.345417999999995,13.677695,68.5267,68.4978,28.5202
624140418.0604026,52.348267,13.676314,70.1877,70.1588,30.1891
624140418.1098609,52.351116999999995,13.674932,73.4621,73.4332,33.4713
624140418.1593063,52.353966,13.673551,72.2176,72.1887,32.2347
624140418.2087772,52.356815999999995,13.672169,72.2059,72.1771,32.2308
624140418.2582355,52.359666,13.670786999999999,72.0141,71.9852,32.0468
624140418.3076811,52.362514999999995,13.669405,71.9177,71.8889,31.9583
624140418.3571393,52.365364,13.668023,70.7671,70.7382,30.8155
624140418.4065976,52.368213999999995,13.666641,69.8947,69.8659,29.9510
624140418.4560685,52.371064,13.665258,70.7095,70.6806,30.7735
624140418.505527,52.373914,13.663874999999999,72.1823,72.1535,32.2542
624140418.5549722,52.376763,13.662493,72.0908,72.0620,32.1706
624140418.6044433,52.379613,13.661109,72.0690,72.0402,32.1566
624140418.6538887,52.382462,13.659726,71.9534,71.9246,32.0489
624140418.703347,52.385310999999994,13.658342999999999,71.6039,71.5751,31.7071
624140418.7528052,52.388161,13.65696,71.6832,71.6544,31.7943
624140418.8022509,52.391009,13.655576,72.7135,72.6848,32.8325
624140418.8517218,52.39386,13.654192,73.1840,73.1552,33.3108
624140418.9011676,52.396708,13.652809,72.0503,72.0216,32.1850
624140418.9506137,52.399556999999994,13.651425,71.3863,71.3575,31.5287
624140419.0000851,52.402407,13.650039999999999,71.1071,71.0784,31.2574
624140419.0495443,52.405257,13.648655999999999,71.0142,70.9855,31.1722
624140419.0990036,52.408106,13.647271,71.2450,71.2163,31.4105
624140419.1484623,52.410954999999994,13.645887,73.1989,73.1702,33.3721
624140419.197921,52.413804999999996,13.644502,68.5934,68.5648,28.7743
624140419.2473798,52.416653999999994,13.643117,67.9606,67.9319,28.1490
624140419.2968259,52.419503,13.641732,66.0348,66.0062,26.2309
624140419.3462842,52.422352,13.640347,63.7498,63.7212,23.9536
624140419.3957424,52.425202,13.638961,71.9587,71.9301,32.1700
624140419.445188,52.42805,13.637576,72.0463,72.0177,32.2653
624140419.4946463,52.430899,13.63619,71.8074,71.7788,32.0341
624140419.5441046,52.433749,13.634803999999999,71.6124,71.5838,31.8466
624140419.5935755,52.436599,13.633417999999999,71.6292,71.6006,31.8711
624140419.6430337,52.439448,13.632031999999999,71.6620,71.6334,31.9115
624140419.692492,52.442296999999996,13.630645999999999,71.9623,71.9337,32.2194
624140419.7419503,52.445146,13.629259,71.9560,71.9275,32.2208
624140419.7913957,52.447995,13.627873,71.4462,71.4176,31.7186
624140419.8408668,52.450845,13.626486,71.1103,71.0818,31.3903
624140419.8903248,52.453694,13.625098999999999,76.0860,76.0575,36.3737
624140419.9397831,52.456542999999996,13.623712,76.1892,76.1606,36.4845
624140419.9892414,52.459392,13.622323999999999,72.4060,72.3775,32.7089
626473216.5564325,52.332699,13.68855,73.8878,73.8410,33.8248
626473216.6058784,52.335547999999996,13.687171,68.5308,68.4840,28.4768
626473216.6553245,52.338398,13.685791,70.6980,70.6512,30.6529
626473216.7047577,52.341246,13.684410999999999,75.3484,75.3016,35.3123
626473216.7542038,52.344094999999996,13.683029999999999,69.5296,69.4828,29.5024
626473216.8036499,52.346945,13.68165,69.9156,69.8688,29.8974
626473216.8530958,52.349793999999996,13.680269,70.7146,70.6678,30.7053
626473216.9025292,52.352641999999996,13.678889,72.0464,71.9996,32.0461
626473216.9519751,52.355491,13.677508,72.2855,72.2387,32.2941
626473217.001421,52.358340999999996,13.676127,72.2004,72.1536,32.2179
626473217.0508676,52.36119,13.674745999999999,72.1451,72.0983,32.1704
626473217.100313,52.364039,13.673364,72.1165,72.0697,32.1496
626473217.1497586,52.366887999999996,13.671982999999999,72.1827,72.1359,32.2235
626473217.199204,52.369737,13.670601,72.1592,72.1124,32.2078
626473217.2486367,52.372585,13.66922,70.8456,70.7988,30.9020
626473217.2980824,52.375434,13.667838,72.1530,72.1063,32.2172
626473217.347528,52.378282999999996,13.666456,72.0894,72.0427,32.1613
626473217.3969734,52.381132,13.665073,72.0630,72.0163,32.1427
626473217.4464061,52.383981,13.663691,72.0894,72.0427,32.1769
626473217.4958518,52.386829999999996,13.662308999999999,71.7591,71.7124,31.8543
626473217.5452971,52.389679,13.660926,71.8512,71.8044,31.9541
626473217.5947425,52.392528,13.659543,72.0574,72.0106,32.1681
626473217.6441753,52.395376,13.658159999999999,72.0710,72.0242,32.1895
626473217.6936083,52.398224,13.656778,72.1238,72.0770,32.2500
626473217.743041,52.401072,13.655394999999999,72.0970,72.0502,32.2310
626473217.7924864,52.403921,13.654010999999999,71.9390,71.8923,32.0808
626473217.8419445,52.406771,13.652626999999999,71.3589,71.3122,31.5085
626473217.8913772,52.409619,13.651244,70.2479,70.2012,30.4052
626473217.9408228,52.412468,13.649859999999999,70.3265,70.2798,30.4916
626473217.9902682,52.415316999999995,13.648475999999999,69.8731,69.8264,30.0460
626473218.0397129,52.418166,13.647091,67.7307,67.6840,27.9112
626473218.0891583,52.421014,13.645707,66.2362,66.1896,26.4242
626473218.138591,52.423863,13.644323,72.0327,71.9860,32.2281
626473218.1880493,52.426711999999995,13.642938,71.8066,71.7599,32.0096
626473218.2374823,52.429559999999995,13.641553,70.9823,70.9356,31.1928
626473218.2869155,52.432407999999995,13.640169,67.3878,67.3412,27.6059
626473218.3363614,52.435257,13.638784,67.1517,67.1051,27.3773
626473218.3857949,52.438105,13.637399,67.4328,67.3861,27.6659
626473218.4352281,52.440953,13.636014,71.6548,71.6082,31.8954
626473218.4846742,52.443802,13.634628,71.8870,71.8404,32.1352
626473218.5341201,52.446650999999996,13.633242,71.4768,71.4302,31.7325
626473218.5835662,52.449498999999996,13.631855999999999,71.2815,71.2350,31.5448
626473218.6330123,52.452348,13.630469999999999,70.2903,70.2437,30.5610
626473218.6824453,52.455196,13.629083999999999,76.5995,76.5529,36.8777
626473218.7318909,52.458045,13.627697999999999,76.3284,76.2818,36.6142
628806012.428401,52.332589,13.694543999999999,74.7506,74.7336,34.7236
628806012.4778464,52.335437999999996,13.693164999999999,80.6517,80.6347,40.6334
628806012.527292,52.338288,13.691785999999999,83.1002,83.0832,43.0907
628806012.5767248,52.341136,13.690406999999999,85.6369,85.6199,45.6361
628806012.6261575,52.343984999999996,13.689027,88.0784,88.0614,48.0864
628806012.6755903,52.346833999999994,13.687648,68.7599,68.7429,28.7766
628806012.725023,52.349681999999994,13.686268,71.5853,71.5683,31.6108
628806012.7744687,52.352532,13.684887999999999,71.6110,71.5940,31.6453
628806012.8238888,52.355379,13.683508,72.9336,72.9166,32.9766
628806012.8733215,52.358228,13.682127999999999,72.0929,72.0759,32.1447
628806012.9227545,52.361076,13.680748,72.1832,72.1662,32.2437
628806012.972188,52.363924999999995,13.679367,72.1225,72.1055,32.1918
628806013.0216203,52.366772999999995,13.677987,72.0816,72.0646,32.1592
628806013.0710661,52.369623,13.676604999999999,72.1752,72.1582,32.2605
628806013.1204994,52.372471,13.675225,72.1711,72.1541,32.2642
628806013.1699326,52.375319999999995,13.673843,72.1023,72.0853,32.2031
628806013.2193532,52.378167,13.672462999999999,72.0423,72.0253,32.1509
628806013.2687864,52.381015999999995,13.671081,72.0077,71.9907,32.1241
628806013.3182197,52.383863999999996,13.669699999999999,72.0864,72.0694,32.2105
628806013.3676524,52.386713,13.668318,72.0141,71.9971,32.1459
628806013.4170852,52.389561,13.666936,70.3537,70.3367,30.4933
628806013.4665179,52.392409,13.665554,71.1641,71.1471,31.3115
628806013.5159636,52.395258999999996,13.664171999999999,71.6942,71.6772,31.8493
628806013.5653963,52.398106999999996,13.66279,71.9952,71.9782,32.1580
628806013.6148291,52.400954999999996,13.661406999999999,71.9501,71.9331,32.1207
628806013.6642618,52.403804,13.660025,72.0230,72.0060,32.2014
628806013.7137074,52.406653,13.658641999999999,71.9704,71.9534,32.1565
628806013.7631402,52.409501,13.657259,53.2574,53.2404,13.4513
628806013.812573,52.412349,13.655876,68.5937,68.5767,28.7953
628806013.8620057,52.415198,13.654492,67.4513,67.4343,27.6606
628806013.9114385,52.418046,13.653108999999999,65.5844,65.5674,25.8015
628806013.9608712,52.420894,13.651726,64.4940,64.4770,24.7189
628806014.010304,52.423742,13.650342,71.9776,71.9606,32.2101
628806014.0597506,52.426590999999995,13.648957999999999,71.9042,71.8872,32.1442
628806014.109196,52.42944,13.647573999999999,71.8946,71.8776,32.1420
628806014.1586287,52.432288,13.646189999999999,71.9528,71.9358,32.2076
628806014.2080615,52.435137,13.644805,71.9005,71.8835,32.1627
628806014.2574942,52.437985,13.643421,71.8729,71.8559,32.1426
628806014.3069398,52.440833999999995,13.642036,71.9399,71.9230,32.2170
628806014.3563855,52.443683,13.640651,71.8970,71.8800,32.1815
628806014.4058182,52.446531,13.639266,71.8606,71.8437,32.1526
628806014.455251,52.449379,13.637881,71.9027,71.8857,32.2020
628806014.5046837,52.452227,13.636496,76.2170,76.2000,36.5238
628806014.5541294,52.455076,13.63511,76.5473,76.5304,36.8616
628806014.6035624,52.457924,13.633725,59.5816,59.5646,19.9032
631138814.4992757,52.331078,13.684469,77.1551,77.1746,37.1485
631138814.5487211,52.333926999999996,13.683088,69.6991,69.7186,29.7013
631138814.5981667,52.336776,13.681707,72.2516,72.2711,32.2626
631138814.6476123,52.339625,13.680325999999999,71.8637,71.8832,31.8836
631138814.6970704,52.342475,13.678944999999999,70.2621,70.2816,30.2908
631138814.7465286,52.345324999999995,13.677563,70.6052,70.6247,30.6427
631138814.7959743,52.348172999999996,13.676181999999999,71.2186,71.2381,31.2649
631138814.8454199,52.351022,13.6748,71.7191,71.7386,31.7742
631138814.8948653,52.353871,13.673418,72.1662,72.1857,32.2302
631138814.9443235,52.356721,13.672035999999999,72.1156,72.1351,32.1884
631138814.9937689,52.35957,13.670653999999999,72.0732,72.0927,32.1548
631138815.0432155,52.362418999999996,13.669272,72.1502,72.1697,32.2396
631138815.0926609,52.365268,13.66789,72.1348,72.1543,32.2320
631138815.1421192,52.368117,13.666507,72.1268,72.1462,32.2317
631138815.1915774,52.370967,13.665123999999999,71.0761,71.0956,31.1888
631138815.2410231,52.373815,13.663741,71.4514,71.4709,31.5718
631138815.2904811,52.376664999999996,13.662358,71.9428,71.9623,32.0709
631138815.3399267,52.379514,13.660974999999999,72.0449,72.0644,32.1808
631138815.3893721,52.382363,13.659592,71.9297,71.9491,32.0733
631138815.4388304,52.385211999999996,13.658208,71.8460,71.8654,31.9973
631138815.488276,52.388061,13.656823999999999,72.0547,72.0741,32.2137
631138815.5377343,52.39091,13.655439999999999,72.0136,72.0331,32.1804
631138815.5871925,52.39376,13.654055999999999,71.9684,71.9879,32.1430
631138815.6366379,52.396608,13.652671999999999,72.0512,72.0706,32.2335
631138815.6861091,52.399459,13.651287,72.0190,72.0384,32.2090
631138815.7355545,52.402307,13.649903,71.2485,71.2679,31.4462
631138815.785013,52.405156999999996,13.648518,71.0455,71.0649,31.2509
631138815.8344591,52.408004999999996,13.647134,49.9210,49.9405,10.1343
631138815.8839178,52.410855,13.645748999999999,71.7292,71.7486,31.9502
631138815.9333766,52.413703999999996,13.644363,70.6511,70.6705,30.8798
631138815.9828224,52.416553,13.642978,70.4028,70.4222,30.6392
631138816.0322809,52.419402,13.641592999999999,66.2037,66.2231,26.4477
631138816.0817263,52.422250999999996,13.640207,65.2805,65.2999,25.5321
631138816.131185,52.4251,13.638822,65.4140,65.4333,25.6730
631138816.1806438,52.427949,13.637436,65.3852,65.4046,25.6517
631138816.2300894,52.430797999999996,13.63605,71.6791,71.6985,31.9532
631138816.2795477,52.433647,13.634663,71.6166,71.6360,31.8982
631138816.3289931,52.436496,13.633277,71.6329,71.6523,31.9220
631138816.3784513,52.439344999999996,13.631891,71.8019,71.8212,32.0985
631138816.427897,52.442192999999996,13.630504,71.9242,71.9435,32.2283
631138816.4773424,52.445042,13.629118,71.8701,71.8894,32.1817
631138816.5268006,52.447891,13.627730999999999,71.7632,71.7826,32.0824
631138816.5762589,52.450739999999996,13.626344,71.0178,71.0372,31.3445
631138816.6257045,52.453589,13.624956,76.0836,76.1029,36.4178
631138816.6751628,52.456438,13.623569,76.0665,76.0858,36.4082
631138816.7246208,52.459286999999996,13.622181,72.1437,72.1630,32.4929
633471616.2997632,52.330453999999996,13.691777,74.2990,74.3112,34.2916
633471616.3492215,52.333304,13.690396999999999,74.5657,74.5779,34.5668
633471616.3986924,52.336154,13.689015999999999,67.7974,67.8096,27.8070
633471616.4481635,52.339003999999996,13.687635,69.0169,69.0291,29.0351
633471616.4976215,52.341854,13.686254,68.8991,68.9113,28.9258
633471616.5470798,52.344704,13.684873,68.0332,68.0454,28.0684
633471616.596551,52.347553999999995,13.683491,69.9472,69.9594,29.9910
633471616.6460092,52.350404,13.68211,71.4908,71.5030,31.5431
633471616.6954675,52.353252999999995,13.680729,72.4077,72.4199,32.4685
633471616.7449257,52.356103,13.679347,72.1057,72.1179,32.1750
633471616.7943966,52.358953,13.677964999999999,72.1416,72.1538,32.2195
633471616.8438675,52.361802999999995,13.676582999999999,72.1003,72.1125,32.1867
633471616.8933258,52.364653,13.675201,72.1596,72.1718,32.2545
633471616.9427841,52.367501999999995,13.673819,71.9983,72.0105,32.1018
633471616.9922552,52.370352999999994,13.672436,70.1020,70.1142,30.2140
633471617.0417144,52.373202,13.671052999999999,71.9694,71.9816,32.0892
633471617.0911858,52.376053,13.66967,72.1350,72.1472,32.2625
633471617.1406446,52.378902,13.668287999999999,72.0634,72.0756,32.1987
633471617.1901033,52.381750999999994,13.666905,72.0451,72.0573,32.1881
633471617.2395749,52.384602,13.665521,71.9255,71.9377,32.0762
633471617.2890463,52.387451999999996,13.664138,70.7192,70.7314,30.8776
633471617.338505,52.390301,13.662754,71.0247,71.0369,31.1909
633471617.3879766,52.393152,13.66137,72.0405,72.0527,32.2144
633471617.4374354,52.396001,13.659987,72.1291,72.1413,32.3107
633471617.4869065,52.398851,13.658602,71.9852,71.9974,32.1746
633471617.5363648,52.4017,13.657217999999999,71.8546,71.8667,32.0517
633471617.5858359,52.40455,13.655833999999999,71.6583,71.6704,31.8631
633471617.6352942,52.407399999999996,13.654449999999999,90.4965,90.5086,50.7090
633471617.684778,52.410250999999995,13.653065,74.9200,74.9321,35.1403
633471617.7342362,52.4131,13.651679999999999,67.9807,67.9928,28.2087
633471617.7837071,52.415949999999995,13.650295,67.6698,67.6819,27.9055
633471617.8331654,52.418799,13.648909999999999,66.0138,66.0259,26.2572
633471617.8826363,52.421648999999995,13.647525,71.9782,71.9903,32.2294
633471617.9321074,52.424499,13.646139,71.9645,71.9766,32.2234
633471617.9815657,52.427349,13.644753999999999,71.7951,71.8072,32.0617
633471618.0310354,52.430198,13.643367999999999,71.4830,71.4951,31.7571
633471618.0805063,52.433048,13.641981999999999,71.2706,71.2827,31.5521
633471618.1299772,52.435897999999995,13.640595999999999,71.5294,71.5415,31.8183
633471618.1794484,52.438748,13.639209,71.6162,71.6283,31.9125
633471618.2289193,52.441598,13.637823,71.6136,71.6257,31.9173
633471618.2783775,52.444447,13.636436,71.9548,71.9669,32.2658
633471618.3278484,52.447297,13.63505,71.1486,71.1607,31.4671
633471618.3773193,52.450146999999994,13.633662999999999,76.1897,76.2018,36.5155
633471618.4267905,52.452996999999996,13.632276,76.0806,76.0927,36.4138
633471618.4762487,52.455846,13.630889,76.3956,76.4077,36.7362
633471618.5257196,52.458695999999996,13.629501,76.2308,76.2429,36.5788
635804415.7202115,52.332014,13.696152999999999,76.3464,76.3064,36.2964
635804415.7696695,52.334863,13.694773999999999,64.7721,64.7321,24.7315
635804415.8191278,52.337713,13.693394,66.1603,66.1203,26.1291
635804415.8685861,52.340562999999996,13.692013,73.8164,73.7764,33.7946
635804415.9180443,52.343413,13.690633,74.0547,74.0147,34.0424
635804415.9674897,52.346261999999996,13.689252999999999,74.4677,74.4277,34.4648
635804416.0169344,52.349111,13.687873,70.4553,70.4153,30.4613
635804416.0663927,52.351960999999996,13.686492,70.5555,70.5155,30.5694
635804416.1158509,52.354811,13.685111,74.5396,74.4996,34.5614
635804416.1652963,52.357659999999996,13.683729999999999,75.1276,75.0877,35.1573
635804416.2147546,52.36051,13.682348999999999,75.2868,75.2468,35.3244
635804416.2642002,52.363358999999996,13.680968,73.2125,73.1725,33.2579
635804416.3136458,52.366208,13.679587,72.0822,72.0423,32.1356
635804416.3631041,52.369057,13.678205,73.1882,73.1482,33.2494
635804416.4125495,52.371905999999996,13.676822999999999,72.6976,72.6577,32.7668
635804416.4620209,52.374756999999995,13.675441,69.7421,69.7022,29.8191
635804416.5114667,52.377606,13.674059,71.2750,71.2350,31.3599
635804416.5609255,52.380455999999995,13.672677,71.9639,71.9240,32.0568
635804416.6103716,52.383303999999995,13.671294999999999,71.9761,71.9362,32.0768
635804416.6598303,52.386154,13.669912,72.0842,72.0442,32.1928
635804416.7092764,52.389002999999995,13.668529999999999,71.7003,71.6604,31.8168
635804416.7587352,52.391853,13.667147,71.1815,71.1416,31.3059
635804416.8081813,52.394701999999995,13.665764,72.1636,72.1237,32.2959
635804416.8576269,52.397551,13.664380999999999,71.9899,71.9500,32.1301
635804416.9070725,52.400399,13.662998,71.9055,71.8656,32.0535
635804416.9565308,52.403248999999995,13.661614,72.0821,72.0422,32.2381
635804417.0059762,52.406098,13.660231,71.9985,71.9586,32.1623
635804417.0554228,52.408947,13.658847999999999,72.0835,72.0436,32.2549
635804417.104881,52.411795999999995,13.657464,75.2108,75.1709,35.3897
635804417.1543393,52.414646,13.65608,76.1838,76.1439,36.3703
635804417.2037847,52.417494999999995,13.654696,76.1129,76.0730,36.3069
635804417.253243,52.420344,13.653310999999999,75.7599,75.7200,35.9615
635804417.3026886,52.423193,13.651926999999999,74.7592,74.7193,34.9683
635804417.352134,52.426041,13.650542999999999,71.7687,71.7288,31.9854
635804417.4016051,52.428892,13.649156999999999,71.8306,71.7907,32.0548
635804417.4510505,52.43174,13.647772999999999,71.2708,71.2309,31.5026
635804417.5005088,52.43459,13.646386999999999,71.1833,71.1435,31.4227
635804417.549967,52.437439,13.645002,71.2736,71.2338,31.5206
635804417.5994253,52.440289,13.643616999999999,70.5853,70.5455,30.8398
635804417.6488833,52.443138,13.642230999999999,70.7825,70.7427,31.0446
635804417.698329,52.445986999999995,13.640846,72.3482,72.3084,32.6178
635804417.7477999,52.448837,13.639458999999999,76.8890,76.8492,37.1662
635804417.7972455,52.451685,13.638072999999999,76.3184,76.2786,36.6031
635804417.8467164,52.454535,13.636687,76.4390,76.3992,36.7313
635804417.896162,52.457384,13.635301,76.3405,76.3007,36.6404
638137216.7596116,52.330452,13.678993,74.1774,74.0874,34.0546
638137216.8090448,52.333301,13.677612,70.9956,70.9056,30.8822
638137216.8584783,52.336149,13.676231999999999,71.7540,71.6640,31.6500
638137216.9079115,52.338997,13.67485,69.6565,69.5666,29.5620
638137216.9573448,52.341846,13.673468999999999,70.7755,70.6856,30.6905
638137217.0067778,52.344694,13.672087999999999,71.7310,71.6411,31.6552
638137217.0562105,52.347542,13.670706,71.9602,71.8703,31.8922
638137217.1056437,52.350390999999995,13.669324999999999,72.5209,72.4310,32.4607
638137217.155077,52.353238999999995,13.667943,72.3973,72.3075,32.3449
638137217.2045097,52.356086999999995,13.666561,72.4265,72.3367,32.3819
638137217.2539427,52.358936,13.665179,71.3711,71.2812,31.3342
638137217.3033881,52.361785,13.663796,70.9242,70.8343,30.8951
638137217.3528209,52.364633,13.662414,71.2312,71.1413,31.2099
638137217.4022536,52.367481,13.661031,71.7697,71.6799,31.7562
638137217.4516866,52.370329,13.659649,72.0481,71.9583,32.0424
638137217.5011191,52.373177,13.658266,72.3079,72.2181,32.3100
638137217.5505519,52.376025999999996,13.656882999999999,72.2234,72.1336,32.2333
638137217.5999973,52.378873999999996,13.655498999999999,72.1724,72.0826,32.1901
638137217.64943,52.381723,13.654116,72.0475,71.9578,32.0730
638137217.6988628,52.384571,13.652731999999999,72.2125,72.1228,32.2458
638137217.7482829,52.387418,13.651349,72.0882,71.9985,32.1293
638137217.7977283,52.390266999999994,13.649965,72.1471,72.0573,32.1959
638137217.8471484,52.393114,13.648581,72.1178,72.0280,32.1744
638137217.8965812,52.395962999999995,13.647197,72.0653,71.9756,32.1297
638137217.9460139,52.398810999999995,13.645812999999999,72.1195,72.0298,32.1917
638137217.9954596,52.401658999999995,13.644428,71.9387,71.8490,32.0187
638137218.0448933,52.404508,13.643044,71.8657,71.7760,31.9534
638137218.0943387,52.407356,13.641658999999999,72.2186,72.1289,32.3139
638137218.1437714,52.410204,13.640274,72.1538,72.0642,32.2568
638137218.1931918,52.413052,13.638888999999999,71.2688,71.1791,31.3794
638137218.2426245,52.4159,13.637504,71.0265,70.9369,31.1448
638137218.2920702,52.418748,13.636118999999999,71.9986,71.9089,32.1246
638137218.3414903,52.421596,13.634734,71.9374,71.8478,32.0711
638137218.3909357,52.424444,13.633348,64.9858,64.8961,25.1271
638137218.440356,52.427291999999994,13.631962,64.6424,64.5528,24.7914
638137218.4898021,52.430139999999994,13.630576,64.2686,64.1790,24.4253
638137218.5392227,52.432987,13.62919,64.1457,64.0561,24.3100
638137218.588656,52.435835,13.627804,65.2683,65.1787,25.4403
638137218.6380892,52.438683,13.626418,66.9905,66.9009,27.1701
638137218.6875224,52.441531,13.625031,71.1907,71.1012,31.3781
638137218.7369559,52.444379,13.623643999999999,71.9273,71.8377,32.1223
638137218.7863765,52.447226,13.622257999999999,72.0509,71.9614,32.2536
638137218.8358223,52.450075,13.620871,71.7801,71.6905,31.9904
638137218.885268,52.452923,13.619482999999999,70.6605,70.5710,30.8785
638137218.9346879,52.455771,13.618096,65.9966,65.9071,26.2223
638137218.9841208,52.458617999999994,13.616709,72.2039,72.1144,32.4372
640470021.6448398,52.332218999999995,13.683187,74.0363,73.9411,33.9180
640470021.6942725,52.335068,13.681807,72.1092,72.0140,32.0000
640470021.7437053,52.337916,13.680425999999999,73.7193,73.6241,33.6192
640470021.793138,52.340765,13.679046,78.3387,78.2436,38.2478
640470021.8425708,52.343613,13.677665,80.9843,80.8892,40.9025
640470021.8920035,52.346461999999995,13.676283999999999,71.4106,71.3155,31.3379
640470021.9414365,52.349309999999996,13.674902999999999,71.5729,71.4778,31.5093
640470021.9908693,52.352157999999996,13.673522,72.3611,72.2660,32.3066
640470022.0403032,52.355007,13.672141,72.1676,72.0725,32.1211
640470022.0897367,52.357855,13.67076,72.2218,72.1267,32.1831
640470022.1391828,52.360704,13.669378,72.1964,72.1014,32.1655
640470022.188616,52.363552,13.667995999999999,72.2736,72.1785,32.2505
640470022.2380493,52.366400999999996,13.666614,72.2509,72.1558,32.2355
640470022.2874827,52.369248999999996,13.665232,71.4149,71.3198,31.4072
640470022.336916,52.372097,13.66385,72.3047,72.2096,32.3048
640470022.3863621,52.374945999999994,13.662467,72.2269,72.1319,32.2348
640470022.4357951,52.377795,13.661085,72.1698,72.0748,32.1855
640470022.4852278,52.380643,13.659702,72.1387,72.0437,32.1621
640470022.5346606,52.383491,13.658318999999999,72.2221,72.1270,32.2533
640470022.5840933,52.386339,13.656936,72.1821,72.0870,32.2210
640470022.633539,52.389188,13.655553,72.1324,72.0374,32.1792
640470022.6829841,52.392036999999995,13.654169,72.0895,71.9945,32.1440
640470022.7324171,52.394884999999995,13.652785999999999,72.1780,72.0830,32.2403
640470022.7818499,52.397734,13.651403,72.1279,72.0329,32.1979
640470022.8312953,52.400582,13.650018999999999,71.9459,71.8509,32.0237
640470022.880728,52.403431,13.648634999999999,71.8802,71.7852,31.9658
640470022.9301608,52.406279,13.647250999999999,71.8398,71.7448,31.9332
640470022.9795935,52.409127,13.645866999999999,71.4778,71.3828,31.5789
640470023.0290508,52.411975999999996,13.644482,71.7282,71.6333,31.8370
640470023.0784836,52.414823999999996,13.643097,69.6272,69.5322,29.7436
640470023.1279163,52.417671999999996,13.641713,69.7961,69.7011,29.9200
640470023.177362,52.420521,13.640328,71.6850,71.5900,31.8165
640470023.2267947,52.423369,13.638943,71.7952,71.7002,31.9343
640470023.2762275,52.426217,13.637557999999999,72.0608,71.9659,32.2075
640470023.3256729,52.429066,13.636172,72.0332,71.9383,32.1875
640470023.3751059,52.431914,13.634787,71.9758,71.8809,32.1377
640470023.4245512,52.434763,13.633401,72.0657,71.9708,32.2351
640470023.473984,52.437611,13.632014999999999,71.9473,71.8524,32.1243
640470023.5234168,52.440459,13.63063,71.9695,71.8746,32.1542
640470023.5728624,52.443307,13.629242999999999,71.9250,71.8301,32.1173
640470023.6222949,52.446155,13.627856999999999,72.0223,71.9274,32.2221
640470023.6717405,52.449003999999995,13.626470999999999,73.9511,73.8562,34.1585
640470023.7211738,52.451851999999995,13.625084,70.9441,70.8492,31.1591
640470023.7706199,52.454699999999995,13.623697,76.2354,76.1406,36.4580
640470023.8200531,52.457547999999996,13.622309999999999,73.4232,73.3284,33.6534
642802823.3728662,52.330411,13.689848999999999,73.9926,73.9482,33.9258
642802823.4223118,52.333259999999996,13.688469,73.9936,73.9492,33.9354
642802823.47177,52.33611,13.687088,73.8264,73.7820,33.7769
642802823.521241,52.33896,13.685706999999999,73.7427,73.6983,33.7018
642802823.5706868,52.341809,13.684327,80.8981,80.8537,40.8659
642802823.6201329,52.344657999999995,13.682946999999999,69.8083,69.7639,29.7847
642802823.669579,52.347507,13.681566,70.1218,70.0774,30.1069
642802823.7190378,52.350356999999995,13.680185,70.3922,70.3478,30.3859
642802823.7684836,52.353206,13.678804,71.2409,71.1965,31.2433
642802823.8179297,52.356055,13.677423,72.1694,72.1250,32.1804
642802823.8673885,52.358905,13.676041,72.1132,72.0688,32.1329
642802823.9168346,52.361754,13.67466,72.2106,72.1662,32.2388
642802823.9662805,52.364602999999995,13.673278,72.1426,72.0982,32.1795
642802824.0157387,52.367453,13.671895999999998,72.1179,72.0735,32.1632
642802824.065198,52.370301999999995,13.670513999999999,72.2306,72.1862,32.2836
642802824.1146436,52.373151,13.669132,70.8754,70.8310,30.9362
642802824.164089,52.376,13.66775,72.1314,72.0870,32.1999
642802824.2135472,52.37885,13.666367,72.0835,72.0391,32.1597
642802824.2630055,52.381699,13.664983999999999,72.1364,72.0920,32.2203
642802824.3124511,52.384547999999995,13.663602,72.0976,72.0532,32.1893
642802824.3618965,52.387397,13.662218999999999,71.8728,71.8284,31.9722
642802824.4113677,52.390246999999995,13.660834999999999,71.7619,71.7175,31.8691
642802824.460813,52.393096,13.659452,71.7458,71.7014,31.8607
642802824.5102582,52.395945,13.658069,72.0267,71.9823,32.1493
642802824.5597165,52.398793999999995,13.656685,71.9934,71.9490,32.1237
642802824.6091747,52.401644,13.655301,72.0778,72.0334,32.2159
642802824.6586204,52.404492999999995,13.653917999999999,71.2264,71.1820,31.3722
642802824.7080913,52.407343,13.652533,70.7836,70.7392,30.9372
642802824.7575366,52.410191999999995,13.651149,70.4553,70.4109,30.6166
642802824.8069823,52.413039999999995,13.649764999999999,70.3383,70.2939,30.5074
642802824.8564405,52.41589,13.64838,69.9312,69.8868,30.1079
642802824.9058859,52.418738999999995,13.646996,66.6898,66.6454,26.8743
642802824.9553442,52.421588,13.645610999999999,65.3396,65.2952,25.5318
642802825.0048025,52.424437,13.644226,71.7923,71.7479,31.9922
642802825.0542598,52.427287,13.642840999999999,71.7254,71.6810,31.9328
642802825.1037054,52.430135,13.641456,67.5770,67.5326,27.7918
642802825.1531763,52.432984999999995,13.64007,67.4770,67.4326,27.6992
642802825.2026219,52.435834,13.638684,67.5671,67.5227,27.7968
642802825.2520804,52.438683,13.637298,69.2515,69.2071,29.4886
642802825.3015263,52.441531999999995,13.635912999999999,70.5186,70.4742,30.7631
642802825.350985,52.444381,13.634526999999999,71.7455,71.7011,31.9975
642802825.4004312,52.44723,13.633141,72.0620,72.0176,32.3214
642802825.4498899,52.450078999999995,13.631753999999999,72.0136,71.9692,32.2805
642802825.4993484,52.452929,13.630367999999999,61.3540,61.3096,21.6283
642802825.5488071,52.455777999999995,13.628981,76.4543,76.4098,36.7359
642802825.5982533,52.458625999999995,13.627594,61.9042,61.8597,22.1933
645135622.0759203,52.332155,13.698663999999999,62.6871,62.7198,22.7164
645135622.1253786,52.335004,13.697284,63.0812,63.1139,23.1188
645135622.1748369,52.337854,13.695903,62.7148,62.7474,22.7606
645135622.2242951,52.340703999999995,13.694523,63.7240,63.7567,23.7780
645135622.2737532,52.343554,13.693143,64.0707,64.1034,24.1330
645135622.3231988,52.346402999999995,13.691761999999999,67.3303,67.3629,27.4008
645135622.3726444,52.349252,13.690382,68.7954,68.8281,28.8741
645135622.4221151,52.352103,13.689,67.0752,67.1078,27.1621
645135622.4715607,52.354952,13.687619999999999,65.0629,65.0955,25.1581
645135622.521019,52.357800999999995,13.686238,70.3441,70.3767,30.4475
645135622.570477,52.360651,13.684857,71.8545,71.8871,31.9661
645135622.6199226,52.363499999999995,13.683475999999999,72.0334,72.0659,32.1532
645135622.6693683,52.366349,13.682094,72.0846,72.1172,32.2127
645135622.7188265,52.369198999999995,13.680712,72.0113,72.0439,32.1477
645135622.7682726,52.372048,13.679331,72.0140,72.0465,32.1585
645135622.817744,52.374897999999995,13.677947999999999,71.8849,71.9175,32.0377
645135622.8671901,52.377747,13.676566,71.9405,71.9730,32.1015
645135622.9166489,52.380596999999995,13.675184,71.9629,71.9954,32.1322
645135622.966095,52.383446,13.673801,71.8701,71.9026,32.0475
645135623.0155535,52.386295,13.672419,71.7775,71.8100,31.9630
645135623.0649986,52.389143999999995,13.671035999999999,71.3816,71.4140,31.5747
645135623.1144702,52.391994999999994,13.669652,70.8618,70.8943,31.0626
645135623.1639159,52.394842999999995,13.66827,71.1274,71.1599,31.3359
645135623.2133615,52.397692,13.666887,70.8895,70.9219,31.1056
645135623.2628198,52.400541999999994,13.665503,71.8174,71.8499,32.0412
645135623.3122652,52.403391,13.664119999999999,71.9287,71.9612,32.1602
645135623.3617108,52.406239,13.662735999999999,71.8699,71.9023,32.1089
645135623.4111688,52.409088999999994,13.661351999999999,71.9516,71.9840,32.1983
645135623.4606271,52.411938,13.659968,73.7806,73.8130,34.0349
645135623.5100725,52.414787,13.658584,68.4757,68.5081,28.7377
645135623.5595307,52.417637,13.6572,67.3330,67.3654,27.6027
645135623.6089764,52.420485,13.655814999999999,65.8831,65.9155,26.1604
645135623.6584346,52.423334999999994,13.654430999999999,68.9146,68.9470,29.1996
645135623.7078927,52.426184,13.653046,69.6526,69.6849,29.9452
645135623.7573383,52.429033,13.651660999999999,69.1311,69.1635,29.4314
645135623.8068092,52.431883,13.650274999999999,70.0759,70.1083,30.3839
645135623.8562548,52.434732,13.64889,69.7097,69.7420,30.0252
645135623.9057257,52.437582,13.647504,69.4388,69.4711,29.7620
645135623.9551711,52.440431,13.646118999999999,70.0906,70.1229,30.4214
645135624.0046294,52.443279999999994,13.644732999999999,70.9453,70.9776,31.2838
645135624.054076,52.446129,13.643348,71.6140,71.6463,31.9596
645135624.1035342,52.448978,13.641962,71.2503,71.2826,31.6031
645135624.1529796,52.451826999999994,13.640576,69.3897,69.4220,29.7496
645135624.2024508,52.454677,13.639189,68.1137,68.1460,28.4808
645135624.2518961,52.457525,13.637803,66.2560,66.2883,26.6302
647468422.2260704,52.331229,13.696238999999998,74.4530,74.5358,34.5245
647468422.2755032,52.334078,13.694859,64.1698,64.2527,24.2498
647468422.3249359,52.336926,13.69348,65.3250,65.4079,25.4134
647468422.3743813,52.339774999999996,13.6921,64.2526,64.3355,24.3494
647468422.4238143,52.342624,13.690719999999999,64.0664,64.1493,24.1717
647468422.473247,52.345472,13.68934,67.5652,67.6481,27.6789
647468422.5226669,52.34832,13.687961,68.2126,68.2954,28.3347
647468422.5720997,52.351169,13.68658,69.0738,69.1566,29.2043
647468422.6215453,52.354017999999996,13.6852,65.7647,65.8475,25.9037
647468422.6709781,52.356866,13.683819,70.3348,70.4176,30.4822
647468422.7204108,52.359714999999994,13.682438999999999,71.0739,71.1567,31.2297
647468422.7698433,52.362562999999994,13.681058,71.7530,71.8359,31.9173
647468422.8192761,52.365412,13.679677,71.7068,71.7897,31.8795
647468422.8687088,52.36826,13.678296,65.6791,65.7619,25.8602
647468422.9181416,52.371109,13.676914,68.2436,68.3264,28.4331
647468422.9675744,52.373957,13.675533,69.2842,69.3670,29.4822
647468423.0170083,52.376805,13.674151,69.8128,69.8956,30.0190
647468423.066441,52.379653999999995,13.67277,71.1881,71.2709,31.4020
647468423.1158738,52.382501999999995,13.671387999999999,71.6141,71.6968,31.8356
647468423.1653066,52.385351,13.670005999999999,72.0081,72.0909,32.2374
647468423.2147393,52.388199,13.668624,71.5359,71.6187,31.7729
647468423.2641723,52.391047,13.667240999999999,70.9456,71.0283,31.1902
647468423.3136058,52.393896,13.665859,71.3052,71.3879,31.5575
647468423.363039,52.396744,13.664475999999999,71.7467,71.8294,32.0068
647468423.4124722,52.399592,13.663094,71.9013,71.9841,32.1691
647468423.4619184,52.402440999999996,13.66171,71.8501,71.9328,32.1255
647468423.5113516,52.40529,13.660326999999999,71.8278,71.9105,32.1110
647468423.5607848,52.408138,13.658944,71.9094,71.9921,32.2003
647468423.6102309,52.410987,13.65756,75.5584,75.6410,35.8569
647468423.6596642,52.413835,13.656177,75.8746,75.9573,36.1809
647468423.7090969,52.416683,13.654793,75.7182,75.8009,36.0322
647468423.7585297,52.419531,13.653409,75.7068,75.7894,36.0284
647468423.8079627,52.42238,13.652025,67.5397,67.6223,27.8691
647468423.8574209,52.425228999999995,13.65064,69.6161,69.6987,29.9532
647468423.9068537,52.428076999999995,13.649256,67.8152,67.8979,28.1600
647468423.9562864,52.430926,13.647872,69.1617,69.2443,29.5142
647468424.0057192,52.433774,13.646486999999999,71.1460,71.2286,31.5061
647468424.0551639,52.436622,13.645102,71.0819,71.1645,31.4493
647468424.1045964,52.439471,13.643716999999999,70.4987,70.5813,30.8734
647468424.1540291,52.442319,13.642332,70.8431,70.9257,31.2251
647468424.2034745,52.445167,13.640946,71.3412,71.4238,31.7305
647468424.2529073,52.448015,13.639560999999999,71.5848,71.6674,31.9814
647468424.30234,52.450863,13.638176,76.3072,76.3898,36.7111
647468424.3517857,52.453711999999996,13.63679,76.3407,76.4233,36.7519
647468424.4012184,52.456559999999996,13.635404,76.4006,76.4832,36.8191
647468424.4506512,52.459407999999996,13.634018,76.4172,76.4998,36.8430
649801221.2032466,52.3321,13.693067,65.3271,65.4068,25.3957
649801221.2526667,52.334948,13.691688,66.0477,66.1274,26.1247
649801221.3020995,52.337796999999995,13.690308,81.9071,81.9868,41.9924
649801221.3515322,52.340646,13.688929,84.2954,84.3751,44.3890
649801221.400965,52.343494,13.687548999999999,68.1542,68.2339,28.2562
649801221.4503851,52.346342,13.686169999999999,68.4933,68.5730,28.6036
649801221.4998178,52.349191,13.68479,69.2814,69.3611,29.4000
649801221.5492506,52.352039,13.683409,65.9431,66.0228,26.0701
649801221.5986834,52.354887999999995,13.682029,70.4804,70.5601,30.6158
649801221.6481161,52.357735999999996,13.680648999999999,71.6213,71.7010,31.7650
649801221.697536,52.360583999999996,13.679267999999999,72.0244,72.1041,32.1764
649801221.746969,52.363433,13.677888,71.9538,72.0335,32.1142
649801221.7964015,52.366281,13.676506999999999,72.0194,72.0991,32.1881
649801221.8458343,52.36913,13.675125999999999,71.9948,72.0745,32.1719
649801221.895267,52.371978,13.673744,69.6204,69.7001,29.8058
649801221.9446998,52.374826999999996,13.672362999999999,71.1609,71.2406,31.3546
649801221.9941325,52.377674999999996,13.670981,71.9453,72.0250,32.1474
649801222.0435643,52.380523999999994,13.669599999999999,71.9281,72.0078,32.1380
649801222.0929973,52.383371999999994,13.668218,71.8599,71.9396,32.0774
649801222.1424305,52.386221,13.666836,71.3976,71.4773,31.6229
649801222.1918638,52.389069,13.665453999999999,71.1871,71.2668,31.4201
649801222.241297,52.391918,13.664071999999999,71.5311,71.6108,31.7718
649801222.2907176,52.394765,13.662688999999999,71.9138,71.9935,32.1621
649801222.3401511,52.397614,13.661306999999999,71.7834,71.8630,32.0394
649801222.3895714,52.400461,13.659924,71.8387,71.9184,32.1025
649801222.438992,52.403309,13.658541999999999,71.8948,71.9745,32.1663
649801222.4884255,52.406157,13.657159,70.0653,70.1450,30.3445
649801222.5378714,52.409006,13.655775,69.6697,69.7493,29.9565
649801222.5872915,52.411854,13.654392,69.4313,69.5109,29.7258
649801222.6367242,52.414702,13.653008999999999,68.5174,68.5971,28.8197
649801222.686157,52.417550999999996,13.651625,67.9506,68.0303,28.2606
649801222.7355897,52.420398999999996,13.650241,65.2421,65.3217,25.5597
649801222.7850096,52.423246,13.648857999999999,64.2603,64.3399,24.5856
649801222.8344424,52.426095,13.647473999999999,71.1384,71.2180,31.4714
649801222.8838625,52.428942,13.64609,69.0709,69.1506,29.4117
649801222.9332952,52.43179,13.644705,68.8505,68.9301,29.1989
649801222.9827409,52.434639,13.64332,68.4635,68.5431,28.8196
649801223.0321748,52.437487999999995,13.641936,68.4031,68.4827,28.7666
649801223.0815947,52.440335,13.640550999999999,69.5378,69.6174,29.9086
649801223.1310146,52.443182,13.639166,71.2051,71.2847,31.5832
649801223.1804473,52.446031,13.637780999999999,71.6866,71.7662,32.0720
649801223.2298801,52.448879,13.636396,71.4734,71.5530,31.8661
649801223.2793,52.451726,13.635010999999999,69.6792,69.7588,30.0792
649801223.3287201,52.454572999999996,13.633626,68.8305,68.9101,29.2378
649801223.3781402,52.457421,13.63224,66.8504,66.9300,27.2649
652134017.5786593,52.330298,13.695812,77.1068,77.1601,37.1426
652134017.6281044,52.333147999999994,13.694433,76.6672,76.7204,36.7122
652134017.6775501,52.335997,13.693052999999999,65.7690,65.8223,25.8232
652134017.7269955,52.338846,13.691673999999999,67.4494,67.5026,27.5127
652134017.7764411,52.341696,13.690294,65.2375,65.2908,25.3100
652134017.8258741,52.344544,13.688915,74.2234,74.2767,34.3051
652134017.8753202,52.347393,13.687534999999999,68.4373,68.4906,28.5281
652134017.9247663,52.350243,13.686155,67.0240,67.0773,27.1240
652134017.9742122,52.353092,13.684775,66.0537,66.1070,26.1628
652134018.0236578,52.355940999999994,13.683394,74.6623,74.7156,34.7799
652134018.0731034,52.35879,13.682013999999999,75.1605,75.2138,35.2860
652134018.1225493,52.361639999999994,13.680633,72.1884,72.2417,32.3217
652134018.1719954,52.364489,13.679252,72.0966,72.1499,32.2377
652134018.2214415,52.367338,13.677871,72.0474,72.1007,32.1964
652134018.2708869,52.370186999999994,13.67649,72.0432,72.0966,32.2000
652134018.3203325,52.373036,13.675108999999999,72.4848,72.5382,32.6494
652134018.3697779,52.375885,13.673727,71.9794,72.0328,32.1518
652134018.4192235,52.378733999999994,13.672346,72.0064,72.0598,32.1867
652134018.4686689,52.381583,13.670964,71.9598,72.0132,32.1479
652134018.5181146,52.384432999999994,13.669582,71.9327,71.9860,32.1285
652134018.56756,52.387282,13.668199999999999,71.7049,71.7582,31.9085
652134018.6170053,52.390131,13.666818,71.2754,71.3287,31.4869
652134018.666451,52.392979999999994,13.665436,71.7122,71.7655,31.9315
652134018.7158964,52.395829,13.664053,72.0605,72.1138,32.2876
652134018.7653291,52.398677,13.662671,71.9926,72.0460,32.2276
652134018.8147745,52.401526,13.661287999999999,71.9202,71.9736,32.1630
652134018.8642201,52.404374999999995,13.659905,72.0256,72.0790,32.2762
652134018.9136784,52.407225,13.658522,71.8693,71.9227,32.1277
652134018.9631238,52.410073999999994,13.657138999999999,75.1985,75.2519,35.4648
652134019.0125694,52.412921999999995,13.655755,75.1909,75.2443,35.4649
652134019.0620158,52.415771,13.654371999999999,75.4290,75.4824,35.7105
652134019.1114614,52.41862,13.652987999999999,75.5203,75.5737,35.8094
652134019.1609197,52.42147,13.651603999999999,76.0364,76.0898,36.3329
652134019.210365,52.424319,13.65022,71.8555,71.9089,32.1596
652134019.2598107,52.427167999999995,13.648835,71.7967,71.8501,32.1083
652134019.3092561,52.430017,13.647451,70.7402,70.7936,31.0593
652134019.3587143,52.432866,13.646066,70.7597,70.8131,31.0863
652134019.40816,52.435714999999995,13.644682,71.0193,71.0727,31.3535
652134019.4575927,52.438562999999995,13.643296999999999,71.1216,71.1750,31.4633
652134019.5070512,52.441413,13.641912,71.8391,71.8926,32.1883
652134019.5564845,52.444261,13.640526999999999,71.8152,71.8686,32.1719
652134019.6059306,52.447109999999995,13.639142,71.8999,71.9534,32.2642
652134019.6553764,52.449957999999995,13.637756999999999,71.8906,71.9440,32.2623
652134019.7048225,52.452807,13.636370999999999,76.2205,76.2740,36.5998
652134019.7542686,52.455656,13.634984999999999,76.4349,76.4883,36.8217
652134019.8037019,52.458504,13.6336,76.2443,76.2978,36.6386
654466820.4431922,52.332736999999995,13.680128,77.3598,77.3979,37.3736
654466820.492651,52.335587,13.678747,71.8122,71.8503,31.8346
654466820.5421097,52.338435999999994,13.677366,71.8912,71.9293,31.9222
654466820.5915685,52.341286,13.675984999999999,70.3662,70.4043,30.4058
654466820.6410398,52.344136,13.674603,70.0660,70.1041,30.1142
654466820.6904981,52.346986,13.673221,70.7984,70.8365,30.8552
654466820.7399564,52.349835999999996,13.67184,73.6364,73.6745,33.7018
654466820.7894273,52.352686,13.670456999999999,72.1650,72.2031,32.2390
654466820.8388855,52.355534999999996,13.669075,72.0938,72.1319,32.1764
654466820.8883438,52.358385,13.667693,72.0750,72.1131,32.1662
654466820.9378021,52.361235,13.666310999999999,71.2663,71.3044,31.3661
654466820.987273,52.364084999999996,13.664928,71.3354,71.3735,31.4438
654466821.03673,52.366934,13.663546,72.9420,72.9801,33.0583
654466821.0862012,52.369783999999996,13.662161999999999,74.2535,74.2916,34.3775
654466821.1356595,52.372634,13.660779,72.0965,72.1347,32.2283
654466821.1851304,52.375484,13.659396,72.0216,72.0598,32.1612
654466821.2345886,52.378333999999995,13.658012999999999,72.1404,72.1785,32.2877
654466821.284034,52.381181999999995,13.65663,72.0888,72.1269,32.2438
654466821.3335049,52.384032,13.655246,71.9301,71.9682,32.0928
654466821.3829505,52.386880999999995,13.653863,72.3684,72.4065,32.5388
654466821.4324214,52.389731,13.652477999999999,73.6542,73.6923,33.8324
654466821.4818671,52.392579999999995,13.651095,74.1596,74.1977,34.3455
654466821.531338,52.39543,13.649709999999999,74.1726,74.2107,34.3662
654466821.5807962,52.398278999999995,13.648325999999999,71.9093,71.9475,32.1107
654466821.6302545,52.401129,13.646942,71.4759,71.5141,31.6850
654466821.6797128,52.403977999999995,13.645557,71.4697,71.5079,31.6866
654466821.729171,52.406827,13.644172,73.3323,73.3705,33.5569
654466821.7786293,52.409676999999995,13.642787,73.1728,73.2110,33.4051
654466821.8281002,52.412527,13.641402,70.1172,70.1554,30.3572
654466821.8775585,52.415375999999995,13.640016999999999,69.3431,69.3813,29.5908
654466821.9270296,52.418226,13.638631,67.6606,67.6988,27.9161
654466821.9765012,52.421076,13.637245,71.6795,71.7177,31.9427
654466822.0259607,52.423925,13.63586,71.4383,71.4765,31.7091
654466822.0754197,52.426775,13.634473999999999,71.9107,71.9489,32.1891
654466822.1248784,52.429624,13.633087999999999,72.0675,72.1057,32.3533
654466822.1743371,52.432472999999995,13.631701999999999,71.7404,71.7786,32.0337
654466822.2237959,52.435322,13.630315,71.6703,71.7085,31.9711
654466822.2732546,52.438171,13.628929,71.6047,71.6430,31.9131
654466822.3227262,52.441021,13.627542,71.8905,71.9287,32.2063
654466822.3721974,52.443870999999994,13.626154999999999,72.9051,72.9433,33.2284
654466822.4216428,52.44672,13.624768,71.9059,71.9442,32.2367
654466822.4711139,52.449569,13.623381,72.1874,72.2257,32.5258
654466822.5205848,52.452419,13.621993999999999,75.6177,75.6559,35.9635
654466822.5700431,52.455268,13.620605999999999,76.0095,76.0477,36.3628
654466822.6195014,52.458116999999994,13.619219,72.4189,72.4572,32.7797
656799621.1331115,52.330348,13.686936999999999,77.2015,77.2401,37.2176
656799621.1825697,52.333197999999996,13.685557,77.2501,77.2887,37.2744
656799621.2320151,52.336047,13.684177,69.5622,69.6008,29.5946
656799621.2814734,52.338896999999996,13.682796999999999,75.2534,75.2920,35.2940
656799621.3309445,52.341747999999995,13.681415,69.7476,69.7862,29.7965
656799621.3803899,52.344597,13.680035,70.0244,70.0630,30.0815
656799621.4298482,52.347446,13.678654,70.5296,70.5682,30.5948
656799621.4793065,52.350296,13.677273,70.9447,70.9833,31.0182
656799621.5287519,52.353145,13.675892,71.3423,71.3809,31.4240
656799621.5781972,52.355993999999995,13.674510999999999,72.2039,72.2425,32.2938
656799621.6276555,52.358844,13.673129,72.1496,72.1882,32.2476
656799621.6771264,52.361694,13.671747,72.0731,72.1117,32.1794
656799621.7265718,52.364543,13.670366,71.9832,72.0218,32.0977
656799621.7760174,52.367391999999995,13.668984,71.7090,71.7476,31.8317
656799621.8254757,52.370242,13.667601999999999,70.7858,70.8244,30.9166
656799621.8749211,52.373090999999995,13.66622,71.4183,71.4569,31.5573
656799621.9243793,52.37594,13.664836999999999,71.9881,72.0267,32.1354
656799621.9738376,52.378789999999995,13.663454999999999,72.0488,72.0874,32.2043
656799622.0232842,52.381639,13.662072,72.0090,72.0476,32.1724
656799622.0727425,52.384488,13.660689,72.0803,72.1189,32.2514
656799622.1222007,52.387338,13.659305999999999,72.0247,72.0633,32.2035
656799622.1716461,52.390187,13.657923,71.9810,72.0196,32.1675
656799622.2210922,52.393035,13.65654,72.0533,72.0919,32.2476
656799622.270551,52.395885,13.655156999999999,71.9933,72.0319,32.1952
656799622.3199971,52.398734,13.653773,72.0683,72.1069,32.2780
656799622.3694558,52.401582999999995,13.652389,72.0426,72.0812,32.2599
656799622.4189146,52.404433,13.651005,71.1965,71.2351,31.4216
656799622.4683733,52.407281999999995,13.649621,70.8875,70.9261,31.1203
656799622.5178192,52.410131,13.648237,71.1938,71.2324,31.4343
656799622.5672779,52.412980999999995,13.646853,71.3339,71.3725,31.5821
656799622.616724,52.415828999999995,13.645468,69.6972,69.7358,29.9530
656799622.6661694,52.418678,13.644084,67.1562,67.1948,27.4198
656799622.7156277,52.421527,13.642698999999999,65.7532,65.7918,26.0245
656799622.7650733,52.424375999999995,13.641314,71.8723,71.9109,32.1513
656799622.8145316,52.427225,13.639928999999999,71.8805,71.9191,32.1672
656799622.863977,52.430074,13.638544,71.8909,71.9295,32.1853
656799622.9134481,52.432924,13.637158,71.5929,71.6315,31.8950
656799622.9628935,52.435773,13.635772999999999,71.7859,71.8245,32.0958
656799623.0123518,52.438621999999995,13.634387,71.8307,71.8693,32.1481
656799623.0617962,52.441471,13.633001,71.9306,71.9692,32.2553
656799623.1112542,52.44432,13.631615,71.8517,71.8903,32.1837
656799623.1607125,52.447168999999995,13.630229,71.8619,71.9005,32.2011
656799623.2101581,52.450018,13.628843,71.6281,71.6667,31.9746
656799623.259629,52.452867999999995,13.627455999999999,70.0489,70.0875,30.4027
656799623.3090744,52.455715999999995,13.626069999999999,68.7587,68.7973,29.1198
656799623.3585327,52.458566,13.624683,62.7904,62.8290,23.1587
659132418.0142267,52.33246,13.695018999999998,74.5618,74.5858,34.5808
659132418.0636477,52.335308,13.69364,65.4914,65.5154,25.5186
659132418.1130805,52.338156999999995,13.692261,66.9022,66.9262,26.9375
659132418.1625259,52.341006,13.690881,68.4042,68.4282,28.4475
659132418.2119715,52.343855,13.689501,67.6666,67.6906,27.7181
659132418.2614043,52.346703999999995,13.688122,67.7928,67.8168,27.8524
659132418.310837,52.349553,13.686741999999999,68.9102,68.9341,28.9779
659132418.3602571,52.352399999999996,13.685362,69.6547,69.6787,29.7305
659132418.4096899,52.355249,13.683981999999999,70.2110,70.2349,30.2949
659132418.4591353,52.358098,13.682601,64.8513,64.8753,24.9434
659132418.5085809,52.360946999999996,13.68122,72.0513,72.0752,32.1515
659132418.5580137,52.363796,13.679839,72.0420,72.0659,32.1502
659132418.6074464,52.366644,13.678459,71.9527,71.9767,32.0691
659132418.6568792,52.369493,13.677078,66.7153,66.7392,26.8398
659132418.706312,52.372341,13.675697,70.9452,70.9692,31.0778
659132418.7557447,52.375189999999996,13.674315,70.0619,70.0858,30.2026
659132418.8051775,52.378038,13.672934,71.1024,71.1263,31.2512
659132418.8546102,52.380886,13.671552,71.5011,71.5250,31.6581
659132418.904043,52.383734999999994,13.670171,71.8762,71.9001,32.0412
659132418.953476,52.386582999999995,13.668788999999999,71.7595,71.7834,31.9327
659132419.0029085,52.389430999999995,13.667406999999999,71.0674,71.0913,31.2486
659132419.0523403,52.39228,13.666024,71.3585,71.3824,31.5474
659132419.1017735,52.395128,13.664641999999999,71.7362,71.7601,31.9327
659132419.151207,52.397976,13.66326,72.0227,72.0466,32.2269
659132419.2006402,52.400825,13.661876999999999,71.9424,71.9663,32.1542
659132419.2500734,52.403673,13.660494,71.9215,71.9453,32.1409
659132419.2995195,52.406521999999995,13.659111,71.9010,71.9248,32.1280
659132419.3489528,52.409369999999996,13.657727999999999,72.0003,72.0241,32.2350
659132419.398386,52.412219,13.656345,68.6458,68.6696,28.8881
659132419.4478321,52.415068,13.654961,75.6516,75.6754,35.9016
659132419.4972651,52.417916,13.653576999999999,75.8394,75.8632,36.0970
659132419.5466979,52.420764,13.652192999999999,66.3254,66.3493,26.5907
659132419.5961306,52.423612,13.65081,70.5399,70.5638,30.8128
659132419.6455634,52.42646,13.649426,71.7429,71.7668,32.0235
659132419.695009,52.429308999999996,13.648041,71.6162,71.6401,31.9044
659132419.7444546,52.432158,13.646656,70.7376,70.7615,31.0335
659132419.7938874,52.435005999999994,13.645271999999999,70.3321,70.3559,30.6355
659132419.8433201,52.437855,13.643887,70.4172,70.4410,30.7283
659132419.8927655,52.440703,13.642501999999999,70.6841,70.7079,31.0028
659132419.9421983,52.443551,13.641117,70.9466,70.9704,31.2730
659132419.9916308,52.4464,13.639731999999999,71.5322,71.5560,31.8662
659132420.041065,52.449248,13.638347,76.1926,76.2164,36.5338
659132420.090523,52.452096999999995,13.636961,76.2344,76.2582,36.5827
659132420.1399558,52.454944999999995,13.635575999999999,76.5759,76.5997,36.9313
659132420.1893885,52.457792999999995,13.63419,76.3020,76.3258,36.6645
661465214.1459198,52.331136,13.681358,72.1421,72.0924,32.0670
661465214.1953526,52.333985,13.679977,70.8824,70.8327,30.8154
661465214.2447853,52.336833,13.678595999999999,73.5091,73.4594,33.4503
661465214.2942183,52.339681,13.677214999999999,75.4391,75.3894,35.3884
661465214.343651,52.342529,13.675832999999999,70.7599,70.7102,30.7173
661465214.3930838,52.345378,13.674451999999999,71.1942,71.1445,31.1598
661465214.4425166,52.348226,13.67307,71.5984,71.5487,31.5721
661465214.4919493,52.351074,13.671688999999999,72.3202,72.2705,32.3020
661465214.5413821,52.353922,13.670307,72.2399,72.1902,32.2299
661465214.590828,52.356770999999995,13.668923999999999,72.1818,72.1321,32.1799
661465214.6402612,52.35962,13.667542,72.1640,72.1143,32.1702
661465214.6896944,52.362468,13.66616,72.1339,72.0842,32.1483
661465214.7391276,52.365316,13.664776999999999,71.4438,71.3941,31.4663
661465214.7885737,52.368165,13.663394,71.3197,71.2700,31.3503
661465214.838007,52.371013,13.662011,72.1499,72.1002,32.1887
661465214.8874531,52.373861999999995,13.660627999999999,72.0996,72.0499,32.1465
661465214.9368863,52.376709999999996,13.659244999999999,72.1480,72.0983,32.2030
661465214.9863198,52.379557999999996,13.657860999999999,72.1315,72.0818,32.1946
661465215.0357525,52.382407,13.656478,72.0910,72.0413,32.1619
661465215.085197,52.385255,13.655094,72.0371,71.9874,32.1158
661465215.1346297,52.388103,13.65371,72.1033,72.0536,32.1897
661465215.1840751,52.390952,13.652325999999999,72.0754,72.0257,32.1695
661465215.2335207,52.393800999999996,13.650941,72.0595,72.0098,32.1613
661465215.2829535,52.396649,13.649557,71.9991,71.9494,32.1086
661465215.3323863,52.399497,13.648173,71.8487,71.7990,31.9659
661465215.3818319,52.402345999999994,13.646787999999999,71.7176,71.6679,31.8426
661465215.4312646,52.405193999999995,13.645403,71.6327,71.5830,31.7653
661465215.48071,52.408041999999995,13.644017999999999,72.1629,72.1132,32.3032
661465215.5301428,52.410889999999995,13.642633,71.5627,71.5130,31.7108
661465215.5795884,52.413739,13.641248,70.3490,70.2993,30.5048
661465215.6290338,52.416588,13.639861999999999,69.8084,69.7587,29.9718
661465215.6784666,52.419436,13.638477,70.2922,70.2425,30.4634
661465215.7279122,52.422284,13.637091,72.1928,72.1431,32.3717
661465215.777345,52.425132,13.635705,71.5357,71.4860,31.7223
661465215.8267903,52.427980999999996,13.634319,71.8948,71.8451,32.0891
661465215.8762231,52.430828999999996,13.632933,71.9039,71.8542,32.1059
661465215.9256687,52.433676999999996,13.631546,66.6749,66.6252,26.8846
661465215.9751141,52.436526,13.63016,71.4798,71.4301,31.6972
661465216.024548,52.439374,13.628772999999999,71.6433,71.5936,31.8682
661465216.0739808,52.442222,13.627386,72.1701,72.1204,32.4023
661465216.1234136,52.445069999999994,13.626,72.0531,72.0034,32.2926
661465216.172859,52.447917999999994,13.624611999999999,71.7828,71.7331,32.0296
661465216.222292,52.450765999999994,13.623225,75.7016,75.6519,35.9557
661465216.2717376,52.453613999999995,13.621837999999999,76.0025,75.9527,36.2638
661465216.3211834,52.456463,13.62045,64.3622,64.3124,24.6307
661465216.3706169,52.459311,13.619062,72.0780,72.0282,32.3538
663798020.7583084,52.330394,13.677678,72.2835,72.1260,32.0915
663798020.8077667,52.333242999999996,13.676297,72.0081,71.8506,31.8255
663798020.8572123,52.336092,13.674916,73.3889,73.2314,33.2158
663798020.9066703,52.338941999999996,13.673535,72.7509,72.5934,32.5872
663798020.9561415,52.341792,13.672153,71.0903,70.9328,30.9360
663798021.0055997,52.344642,13.670772,71.3325,71.1750,31.1875
663798021.0550587,52.347491,13.66939,71.8788,71.7213,31.7416
663798021.1045043,52.350339999999996,13.668007999999999,72.3439,72.1865,32.2145
663798021.1539752,52.35319,13.666625999999999,72.2555,72.0981,32.1339
663798021.2034335,52.35604,13.665243,72.2978,72.1403,32.1839
663798021.2528918,52.358889,13.663860999999999,72.2648,72.1073,32.1587
663798021.30235,52.361739,13.662478,72.1177,71.9603,32.0194
663798021.3518083,52.364588,13.661095999999999,71.3952,71.2378,31.3047
663798021.4012666,52.367438,13.659713,71.1088,70.9514,31.0261
663798021.4507377,52.370287999999995,13.658329,71.9055,71.7481,31.8306
663798021.5001957,52.373138,13.656946,72.2468,72.0894,32.1796
663798021.5496671,52.375988,13.655562999999999,72.2879,72.1305,32.2285
663798021.5991259,52.378837,13.654179,72.2356,72.0782,32.1840
663798021.6485846,52.381687,13.652795,72.2268,72.0694,32.1830
663798021.6980436,52.384536,13.651411999999999,72.2743,72.1169,32.2383
663798021.7475023,52.387384999999995,13.650027999999999,72.2384,72.0811,32.2102
663798021.7969611,52.390235,13.648643999999999,72.2302,72.0729,32.2098
663798021.8464069,52.393083999999995,13.64726,72.2373,72.0799,32.2246
663798021.8958786,52.395934,13.645875,72.1479,71.9905,32.1430
663798021.9453242,52.398782,13.644490999999999,72.0934,71.9361,32.0963
663798021.9947953,52.401632,13.643106,72.0182,71.8609,32.0289
663798022.0442398,52.404481,13.641720999999999,71.9547,71.7974,31.9730
663798022.0937109,52.407331,13.640336,71.8642,71.7070,31.8903
663798022.1431692,52.41018,13.638950999999999,72.1120,71.9547,32.1457
663798022.1926274,52.413028999999995,13.637566,72.4553,72.2980,32.4967
663798022.2420983,52.415879,13.63618,72.1934,72.0361,32.2425
663798022.291544,52.418727999999994,13.634794,71.8036,71.6464,31.8604
663798022.3410149,52.421578,13.633408,71.7496,71.5924,31.8141
663798022.3904731,52.424426999999994,13.632022,72.1179,71.9607,32.1900
663798022.4399185,52.427276,13.630637,72.0836,71.9263,32.1634
663798022.4893894,52.430125,13.629249999999999,72.1838,72.0266,32.2713
663798022.5388474,52.432975,13.627863999999999,72.1245,71.9673,32.2197
663798022.5883057,52.435824,13.626477,72.1141,71.9569,32.2169
663798022.6377769,52.438674,13.62509,72.0375,71.8803,32.1480
663798022.6872478,52.441524,13.623702999999999,72.0113,71.8542,32.1296
663798022.7366931,52.444371999999994,13.622316999999999,72.1307,71.9736,32.2566
663798022.7861514,52.447221,13.62093,74.7131,74.5559,34.8467
663798022.8356225,52.450070999999994,13.619542,75.6289,75.4717,35.7701
663798022.8850808,52.45292,13.618153999999999,75.8644,75.7073,36.0134
663798022.9345391,52.455769,13.616767,75.8150,75.6579,35.9716
663798022.9839971,52.458617999999994,13.615378999999999,72.2208,72.0637,32.3851
666130822.7417808,52.3315,13.683052,68.6353,68.4302,28.4050
666130822.791239,52.33435,13.681671,68.5439,68.3389,28.3231
666130822.8407099,52.337199999999996,13.680290999999999,71.0678,70.8627,30.8563
666130822.8901808,52.34005,13.678908999999999,70.5869,70.3819,30.3848
666130822.9396391,52.3429,13.677527999999999,70.5401,70.3351,30.3475
666130822.9890974,52.345749999999995,13.676146999999998,71.5203,71.3153,31.3370
666130823.0385821,52.348600999999995,13.674764999999999,71.4991,71.2941,31.3240
666130823.0880404,52.35145,13.673383999999999,71.8933,71.6883,31.7260
666130823.1374986,52.354299999999995,13.672001999999999,72.2922,72.0873,32.1328
666130823.1869695,52.35715,13.67062,72.3591,72.1541,32.2074
666130823.2364404,52.36,13.669238,72.3275,72.1226,32.1837
666130823.2858987,52.362849999999995,13.667855999999999,72.3984,72.1934,32.2624
666130823.3353698,52.3657,13.666474,72.2796,72.0747,32.1514
666130823.3848407,52.36855,13.665090999999999,67.3992,67.1943,27.2788
666130823.434299,52.371399999999994,13.663708999999999,66.8038,66.5989,26.6913
666130823.4837825,52.374251,13.662325,72.3413,72.1364,32.2365
666130823.5332408,52.3771,13.660943,72.2763,72.0714,32.1794
666130823.5826991,52.37995,13.659559999999999,72.2388,72.0339,32.1496
666130823.6321828,52.382801,13.658176,72.3083,72.1035,32.2270
666130823.6816411,52.38565,13.656792999999999,72.2458,72.0409,32.1723
666130823.7311249,52.388501,13.655408999999999,72.1886,71.9838,32.1229
666130823.7805831,52.391349999999996,13.654024999999999,72.1612,71.9563,32.1033
666130823.830054,52.3942,13.652641,72.2403,72.0355,32.1903
666130823.8795123,52.39705,13.651257,72.1483,71.9435,32.1060
666130823.9289834,52.399899999999995,13.649873,71.8961,71.6913,31.8617
666130823.9784422,52.402749,13.648489,71.5088,71.3040,31.4822
666130824.0279129,52.405598999999995,13.647103999999999,71.1728,70.9680,31.1539
666130824.0773711,52.408449,13.645719999999999,71.0918,70.8871,31.0806
666130824.1268427,52.411299,13.644335,71.4415,71.2368,31.4379
666130824.1763141,52.414148999999995,13.642949999999999,72.6111,72.4064,32.6152
666130824.2257857,52.416999,13.641563999999999,69.7292,69.5245,29.7409
666130824.2752445,52.419847999999995,13.640179,71.5871,71.3824,31.6064
666130824.3247159,52.422698,13.638793999999999,71.7048,71.5001,31.7318
666130824.3741872,52.425548,13.637407999999999,71.9217,71.7170,31.9563
666130824.4236455,52.428397,13.636023,71.9979,71.7932,32.0401
666130824.4731164,52.431247,13.634637,72.0734,71.8687,32.1232
666130824.5225875,52.434096999999994,13.633251,72.0412,71.8365,32.0987
666130824.5720458,52.436946,13.631865,71.9998,71.7952,32.0649
666130824.6215167,52.439795999999994,13.630478,72.0700,71.8654,32.1427
666130824.6709876,52.442645999999996,13.629092,72.0400,71.8354,32.1204
666130824.7204459,52.445495,13.627704999999999,72.1118,71.9072,32.1998
666130824.769917,52.448344999999996,13.626318,71.9734,71.7688,32.0690
666130824.8193879,52.451195,13.624931,71.0865,70.8819,31.1898
666130824.8688588,52.454045,13.623543999999999,70.3610,70.1564,30.4719
666130824.9183171,52.456894,13.622157,72.6226,72.4181,32.7412
666130824.967788,52.459744,13.62077,72.2546,72.0501,32.3809
668463620.000217,52.331253,13.697149999999999,62.9406,62.7791,22.7721
668463620.0496638,52.334101999999994,13.695770999999999,64.5493,64.3878,24.3890
668463620.0991092,52.336952,13.694391,65.5787,65.4173,25.4266
668463620.1485548,52.339800999999994,13.693011,73.9644,73.8029,33.8204
668463620.1980002,52.34265,13.691632,74.0089,73.8474,33.8730
668463620.2474458,52.345499,13.690252,67.5662,67.4047,27.4385
668463620.2968912,52.348349,13.688870999999999,68.2105,68.0491,28.0910
668463620.3463368,52.351198,13.687491,69.5046,69.3431,29.3931
668463620.3957696,52.354046,13.686110999999999,70.4106,70.2491,30.3073
668463620.4452152,52.356894999999994,13.68473,71.3610,71.1996,31.2659
668463620.4946606,52.359744,13.683349999999999,72.0797,71.9183,31.9928
668463620.5441189,52.362593999999994,13.681968,72.2158,72.0543,32.1369
668463620.5935643,52.365443,13.680587,72.1890,72.0276,32.1183
668463620.6430097,52.368292,13.679205999999999,72.1213,71.9599,32.0588
668463620.692455,52.371142,13.677824999999999,71.6838,71.5224,31.6295
668463620.7419133,52.373991,13.676442999999999,70.6447,70.4832,30.5984
668463620.791359,52.376839999999994,13.675061,71.2585,71.0971,31.2204
668463620.8408043,52.379689,13.673679,71.8541,71.6927,31.8242
668463620.89025,52.382538999999994,13.672296999999999,71.9340,71.7726,31.9123
668463620.9396954,52.385386999999994,13.670914999999999,72.1242,71.9628,32.1105
668463620.989141,52.388237,13.669533,71.8886,71.7272,31.8831
668463621.0385854,52.391085,13.668151,71.0319,70.8705,31.0342
668463621.088031,52.393933999999994,13.666768,71.5278,71.3664,31.5377
668463621.1374893,52.396784,13.665384999999999,71.7211,71.5597,31.7387
668463621.1869476,52.399634,13.664002,72.0811,71.9197,32.1063
668463621.236393,52.402483,13.662619,72.1158,71.9544,32.1487
668463621.2858386,52.405331999999994,13.661235999999999,72.0727,71.9113,32.1132
668463621.3352845,52.408181,13.659851999999999,72.1295,71.9681,32.1777
668463621.3847432,52.41103,13.658468,68.6138,68.4525,28.6697
668463621.4341893,52.413878999999994,13.657084999999999,75.5120,75.3506,35.5755
668463621.4836354,52.416728,13.655700999999999,76.0408,75.8795,36.1120
668463621.5330689,52.419576,13.654316999999999,65.9878,65.8264,26.0665
668463621.5825148,52.422425,13.652932999999999,69.4961,69.3348,29.5825
668463621.6319606,52.425273999999995,13.651549,71.9131,71.7517,32.0071
668463621.6814194,52.428124,13.650164,71.9050,71.7437,32.0067
668463621.7308652,52.430972,13.648779999999999,70.9733,70.8119,31.0826
668463621.7803235,52.433822,13.647395,70.3868,70.2255,30.5038
668463621.8297691,52.436671,13.646009999999999,70.2951,70.1338,30.4198
668463621.8792019,52.439519,13.644625,70.4011,70.2398,30.5334
668463621.9286475,52.442367999999995,13.643239999999999,70.6232,70.4619,30.7632
668463621.9780929,52.445215999999995,13.641855,71.1823,71.0210,31.3299
668463622.0275385,52.448065,13.640469,72.6698,72.5085,32.8248
668463622.0769978,52.450914999999995,13.639083,76.3912,76.2299,36.5533
668463622.1264305,52.453762,13.637697999999999,76.6111,76.4499,36.7803
668463622.1758888,52.456612,13.636312,76.6115,76.4502,36.7878
668463622.2253342,52.459461,13.634924999999999,76.5916,76.4303,36.7750
670796422.9528384,52.332587,13.682172999999999,74.0966,74.0389,34.0204
670796423.0022712,52.335435,13.680791999999999,73.3489,73.2912,33.2825
670796423.0517054,52.338283999999994,13.679411,73.5522,73.4945,33.4937
670796423.1011381,52.341131999999995,13.678030999999999,69.9613,69.9036,29.9107
670796423.1505709,52.343981,13.676649999999999,69.9800,69.9222,29.9373
670796423.2000036,52.346829,13.675269,70.0697,70.0120,30.0349
670796423.2494364,52.349677,13.673886999999999,68.6665,68.6088,28.6397
670796423.298856,52.352525,13.672505999999998,72.2511,72.1934,32.2322
670796423.348289,52.355373,13.671125,72.1953,72.1376,32.1843
670796423.3977089,52.358221,13.669742999999999,72.1771,72.1193,32.1740
670796423.4471416,52.361069,13.668362,72.2111,72.1533,32.2159
670796423.4965744,52.363918,13.666979999999999,72.1838,72.1260,32.1965
670796423.5459945,52.366765,13.665598,72.1625,72.1048,32.1832
670796423.5954273,52.369614,13.664214999999999,71.2922,71.2345,31.3208
670796423.6448476,52.372460999999994,13.662833,72.3111,72.2533,32.3476
670796423.6942804,52.37531,13.661451,72.1242,72.0664,32.1686
670796423.7437005,52.378156999999995,13.660067999999999,72.1791,72.1213,32.2314
670796423.7931204,52.381004999999995,13.658686,72.1353,72.0775,32.1956
670796423.8425405,52.383852,13.657302999999999,72.1207,72.0630,32.1889
670796423.8919733,52.3867,13.65592,72.1722,72.1144,32.2483
670796423.941406,52.389548999999995,13.654536,72.1137,72.0559,32.1977
670796423.9908264,52.392396,13.653153,72.0787,72.0209,32.1706
670796424.040246,52.395244,13.651769999999999,72.1691,72.1113,32.2687
670796424.0896792,52.398092,13.650386,72.0761,72.0183,32.1834
670796424.1390998,52.400939,13.649002999999999,71.7823,71.7245,31.8973
670796424.1885331,52.403788,13.647618,71.5632,71.5054,31.6858
670796424.2379537,52.406634999999994,13.646234,72.1353,72.0774,32.2655
670796424.2873867,52.409482999999994,13.64485,71.9850,71.9272,32.1230
670796424.3368199,52.412330999999995,13.643464999999999,73.4525,73.3947,33.5981
670796424.3862405,52.415178999999995,13.642081,62.2620,62.2041,22.4152
670796424.4356735,52.418026999999995,13.640696,64.5163,64.4584,24.6772
670796424.4850934,52.420874,13.639311999999999,71.7426,71.6848,31.9112
670796424.5345135,52.423721,13.637927,71.5807,71.5228,31.7570
670796424.5839462,52.42657,13.636541,71.1017,71.0438,31.2856
670796424.633379,52.429418,13.635155999999998,70.4474,70.3895,30.6389
670796424.682812,52.432266,13.63377,70.0414,69.9836,30.2407
670796424.7322574,52.435114,13.632384,70.8203,70.7624,31.0272
670796424.7816775,52.437962,13.630999,71.5406,71.4827,31.7551
670796424.8310976,52.440808999999994,13.629612999999999,71.7723,71.7145,31.9946
670796424.880543,52.443658,13.628226,71.8423,71.7844,32.0722
670796424.9299631,52.446504999999995,13.62684,72.0740,72.0161,32.3115
670796424.9793959,52.449352999999995,13.625454,71.9302,71.8723,32.1754
670796425.0288167,52.4522,13.624067,63.2355,63.1776,23.4880
670796425.0782495,52.455048,13.622679999999999,63.5088,63.4509,23.7683
670796425.1276822,52.457896,13.621293,63.6541,63.5962,23.9207
673129227.0534086,52.332418,13.685462,74.3934,74.4519,34.4365
673129227.1028545,52.335266999999995,13.684082,73.8100,73.8685,33.8611
673129227.1522999,52.338116,13.682701,73.5949,73.6534,33.6541
673129227.2017455,52.340965,13.681320999999999,73.6580,73.7164,33.7252
673129227.2511909,52.343813999999995,13.67994,69.2349,69.2933,29.3102
673129227.3006365,52.346664,13.678559,69.6388,69.6972,29.7221
673129227.3500693,52.349512,13.677178999999999,70.7123,70.7707,30.8037
673129227.399502,52.35236,13.675797999999999,71.8174,71.8758,31.9168
673129227.4489348,52.355208999999995,13.674417,72.0959,72.1543,32.2033
673129227.498393,52.358058,13.673034999999999,72.0559,72.1143,32.1714
673129227.5478258,52.360907,13.671654,72.0350,72.0934,32.1586
673129227.5972714,52.363755999999995,13.670271999999999,71.9596,72.0180,32.0913
673129227.6467042,52.366603999999995,13.668890999999999,71.8742,71.9326,32.0139
673129227.6961367,52.369451999999995,13.667508999999999,71.0401,71.0985,31.1879
673129227.7455821,52.372301,13.666127,71.5999,71.6583,31.7557
673129227.7950149,52.37515,13.664745,71.8897,71.9481,32.0535
673129227.8444476,52.377998,13.663362999999999,71.8173,71.8756,31.9892
673129227.8938932,52.380846999999996,13.66198,72.0058,72.0641,32.1857
673129227.9433515,52.383696,13.660597,71.9510,72.0093,32.1390
673129227.9927843,52.386545,13.659213999999999,71.9440,72.0023,32.1400
673129228.042218,52.389393,13.657831,71.9903,72.0485,32.1940
673129228.0916507,52.392241,13.656448,71.9757,72.0340,32.1871
673129228.1410964,52.395089999999996,13.655064999999999,71.9199,71.9781,32.1390
673129228.1905291,52.397937999999996,13.653682,72.0013,72.0596,32.2281
673129228.2399747,52.400787,13.652298,71.9365,71.9947,32.1709
673129228.2894075,52.403634999999994,13.650915,71.4847,71.5430,31.7268
673129228.3388402,52.406482999999994,13.649531,71.1545,71.2127,31.4043
673129228.388299,52.409333,13.648145999999999,72.7693,72.8275,33.0267
673129228.4377322,52.412181,13.646761999999999,73.6534,73.7116,33.9185
673129228.4871657,52.415029,13.645378,74.7450,74.8032,35.0177
673129228.5366116,52.417877999999995,13.643994,67.6172,67.6754,27.8977
673129228.5860577,52.420727,13.642609,70.4216,70.4798,30.7097
673129228.6354909,52.423575,13.641224,71.6016,71.6597,31.8973
673129228.684937,52.426424,13.639839,67.2789,67.3371,27.5824
673129228.7343831,52.429272,13.638454,66.8384,66.8965,27.1495
673129228.7838161,52.43212,13.637068999999999,66.6847,66.7429,27.0035
673129228.8332615,52.434968999999995,13.635683,66.6441,66.7022,26.9705
673129228.8826942,52.437816999999995,13.634298,67.4054,67.4635,27.7395
673129228.9321399,52.440666,13.632912,69.6465,69.7046,29.9883
673129228.9815855,52.443514,13.631526,71.6206,71.6787,31.9700
673129229.0310309,52.446363,13.630139999999999,71.8549,71.9130,32.2117
673129229.0804753,52.449211999999996,13.628753999999999,62.2852,62.3433,22.6491
673129229.1299081,52.452059999999996,13.627367999999999,62.2840,62.3420,22.6550
673129229.1793535,52.454907999999996,13.625981,65.8769,65.9349,26.2551
673129229.2287862,52.457755999999996,13.624595,63.1118,63.1698,23.4971
675462027.0139997,52.331464,13.694191,74.0122,74.1329,34.1235
675462027.0634577,52.334314,13.692810999999999,65.5203,65.6409,25.6397
675462027.1129291,52.337163999999994,13.691429999999999,73.7826,73.9033,33.9101
675462027.1623874,52.340014,13.690049,73.7090,73.8297,33.8447
675462027.2118456,52.342864,13.688668999999999,73.6969,73.8175,33.8407
675462027.2613039,52.345712999999996,13.687287999999999,67.8731,67.9938,28.0250
675462027.3107622,52.348563,13.685907,69.2170,69.3376,29.3770
675462027.3602204,52.351413,13.684526,70.0142,70.1349,30.1823
675462027.4096785,52.354262999999996,13.683143999999999,70.6112,70.7318,30.7874
675462027.4591494,52.357113,13.681761999999999,71.5273,71.6479,31.7117
675462027.5086076,52.359963,13.680380999999999,71.8853,72.0059,32.0777
675462027.5580659,52.362812,13.678999,71.9213,72.0419,32.1219
675462027.6075242,52.365662,13.677617,72.0331,72.1537,32.2418
675462027.656995,52.368511999999996,13.676235,72.0469,72.1675,32.2637
675462027.7064533,52.371362,13.674852,70.0026,70.1232,30.2276
675462027.7559116,52.374210999999995,13.67347,70.5342,70.6547,30.7672
675462027.8053699,52.377061,13.672087,71.8002,71.9208,32.0414
675462027.8548408,52.379911,13.670703999999999,71.7761,71.8966,32.0253
675462027.904299,52.382760999999995,13.669322,71.7207,71.8412,31.9781
675462027.9537573,52.38561,13.667938999999999,71.6341,71.7546,31.8996
675462028.0032282,52.388461,13.666554999999999,70.8961,71.0166,31.1697
675462028.0526874,52.39131,13.665172,70.8810,71.0015,31.1623
675462028.1021457,52.39416,13.663788,71.3911,71.5116,31.6800
675462028.1516039,52.397009,13.662405,71.7942,71.9146,32.0907
675462028.2010622,52.399859,13.661021,71.8483,71.9687,32.1524
675462028.2505205,52.402708,13.659637,71.8035,71.9240,32.1153
675462028.2999914,52.405558,13.658253,71.8011,71.9216,32.1206
675462028.3494496,52.408407999999994,13.656868999999999,69.4250,69.5455,29.7521
675462028.3989208,52.411258,13.655484,69.3020,69.4224,29.6367
675462028.4483795,52.414106999999994,13.654098999999999,69.3368,69.4572,29.6792
675462028.4978385,52.416957,13.652714999999999,65.9360,66.0564,26.2860
675462028.5472972,52.419805999999994,13.65133,64.7989,64.9193,25.1566
675462028.596756,52.422655,13.649944999999999,71.7979,71.9183,32.1632
675462028.6462147,52.425505,13.64856,71.8293,71.9496,32.2022
675462028.6956735,52.428354,13.647174,71.7763,71.8966,32.1569
675462028.7451322,52.431204,13.645788999999999,71.2958,71.4161,31.6840
675462028.794591,52.434053,13.644402999999999,70.6906,70.8109,31.0865
675462028.8440621,52.436903,13.643016999999999,70.6874,70.8078,31.0909
675462028.893533,52.439752999999996,13.641630999999999,70.7978,70.9182,31.2090
675462028.9429786,52.442602,13.640245,71.0579,71.1782,31.4767
675462028.9924495,52.445451999999996,13.638859,71.3267,71.4470,31.7531
675462029.0419066,52.448301,13.637473,71.1508,71.2711,31.5845
675462029.0913649,52.45115,13.636085999999999,76.1328,76.2531,36.5736
675462029.1408358,52.454,13.634699,76.3810,76.5012,36.8288
675462029.1902814,52.456848,13.633313,76.2898,76.4101,36.7448
675462029.2397523,52.459697999999996,13.631926,75.9332,76.0535,36.3953
677794828.6082282,52.330515,13.689378,74.0785,74.1863,34.1631
677794828.6576736,52.333363999999996,13.687997999999999,74.1701,74.2779,34.2639
677794828.7071319,52.336214,13.686617,68.4271,68.5349,28.5300
677794828.7565773,52.339062999999996,13.685236999999999,66.2571,66.3649,26.3692
677794828.8060229,52.341912,13.683857,68.7619,68.8697,28.8831
677794828.8554685,52.344761,13.682476,69.6646,69.7724,29.7949
677794828.9049139,52.347611,13.681096,69.2143,69.3221,29.3538
677794828.9543595,52.35046,13.679715,67.0696,67.1774,27.2182
677794829.0038178,52.353308999999996,13.678334,67.1897,67.2975,27.3474
677794829.053262,52.356158,13.676953,71.9081,72.0159,32.0735
677794829.1027076,52.359007,13.675571,71.8483,71.9561,32.0216
677794829.1521661,52.361857,13.67419,71.9607,72.0685,32.1417
677794829.201612,52.364706,13.672808,71.8880,71.9958,32.0769
677794829.2510707,52.367556,13.671425999999999,71.9708,72.0786,32.1674
677794829.3005168,52.370405,13.670043999999999,72.0039,72.1117,32.2084
677794829.349963,52.373253999999996,13.668662,70.8478,70.9556,31.0600
677794829.3994217,52.376103,13.66728,71.9328,72.0406,32.1529
677794829.4488676,52.378952,13.665897999999999,71.9933,72.1011,32.2211
677794829.4983263,52.381802,13.664515,71.9145,72.0223,32.1501
677794829.5477724,52.384651,13.663132,71.8488,71.9566,32.0922
677794829.5972183,52.387499999999996,13.66175,71.4937,71.6015,31.7449
677794829.6466765,52.390349,13.660366,71.5477,71.6555,31.8067
677794829.6961348,52.393198999999996,13.658983,71.8582,71.9660,32.1250
677794829.7455804,52.396048,13.657599999999999,71.9250,72.0328,32.1996
677794829.7950258,52.398897,13.656215999999999,71.8635,71.9713,32.1459
677794829.844497,52.401747,13.654831999999999,71.8703,71.9781,32.1605
677794829.8939424,52.404596,13.653449,71.0592,71.1670,31.3572
677794829.943388,52.407444,13.652064999999999,70.3227,70.4305,30.6284
677794829.9928463,52.410294,13.65068,70.0798,70.1876,30.3934
677794830.0422926,52.413143,13.649296,70.2088,70.3166,30.5299
677794830.0917382,52.415991999999996,13.647912,68.9893,69.0971,29.3180
677794830.1412091,52.418842,13.646526999999999,66.9299,67.0377,27.2661
677794830.1906545,52.42169,13.645142,65.3767,65.4845,25.7205
677794830.2401128,52.42454,13.643756999999999,63.8911,63.9989,24.2424
677794830.289571,52.427389,13.642372,68.1183,68.2261,28.4773
677794830.3390164,52.430237999999996,13.640986999999999,67.6870,67.7948,28.0535
677794830.3884747,52.433087,13.639602,67.6238,67.7316,27.9978
677794830.4379203,52.435936,13.638216,67.8570,67.9648,28.2386
677794830.4873786,52.438784999999996,13.636830999999999,70.0410,70.1488,30.4301
677794830.5368366,52.441635,13.635444999999999,71.5074,71.6152,31.9041
677794830.586282,52.444483,13.634058999999999,71.6518,71.7596,32.0560
677794830.6357276,52.447331999999996,13.632672999999999,71.7773,71.8851,32.1890
677794830.6851859,52.450181,13.631286999999999,71.8261,71.9339,32.2454
677794830.7346313,52.45303,13.6299,61.1285,61.2363,21.5553
677794830.7840896,52.455878999999996,13.628514,62.9719,63.0797,23.4064
677794830.8335478,52.458728,13.627127,62.1745,62.2823,22.6165
680127627.4819262,52.330746999999995,13.692727,73.9630,74.0508,34.0319
680127627.5313594,52.333596,13.691346999999999,74.0187,74.1065,34.0965
680127627.5807927,52.336445,13.689967999999999,67.4041,67.4919,27.4908
680127627.6302135,52.339293,13.688588,67.8217,67.9095,27.9173
680127627.6796467,52.342141,13.687208,68.4184,68.5062,28.5229
680127627.72908,52.344989999999996,13.685827999999999,68.8529,68.9407,28.9663
680127627.7785132,52.347837999999996,13.684448,69.4569,69.5447,29.5792
680127627.8279464,52.350687,13.683067,69.9586,70.0464,30.0897
680127627.8773794,52.353535,13.681687,70.5160,70.6038,30.6560
680127627.9268122,52.356384,13.680306,71.0778,71.1656,31.2267
680127627.9762323,52.359232,13.678925999999999,71.6799,71.7677,31.8377
680127628.025665,52.36208,13.677544999999999,72.0322,72.1200,32.1983
680127628.0750988,52.364929,13.676164,71.9825,72.0703,32.1564
680127628.1245315,52.367777,13.674781999999999,71.9592,72.0470,32.1409
680127628.1739643,52.370625999999994,13.673401,71.9636,72.0514,32.1531
680127628.2233973,52.373473999999995,13.672018999999999,70.2015,70.2893,30.3987
680127628.27283,52.376323,13.670637999999999,71.3430,71.4308,31.5479
680127628.3222628,52.379171,13.669255999999999,71.8810,71.9688,32.0937
680127628.3716955,52.382019,13.667874,71.8784,71.9662,32.0989
680127628.4211283,52.384868,13.666492,71.7463,71.8341,31.9745
680127628.470561,52.387716,13.665109,71.2942,71.3820,31.5302
680127628.5199938,52.390564999999995,13.663727,71.2557,71.3435,31.4995
680127628.5694265,52.393412999999995,13.662344,71.3591,71.4469,31.6107
680127628.6188593,52.396260999999996,13.660960999999999,71.7582,71.8460,32.0175
680127628.668292,52.39911,13.659578,71.8694,71.9572,32.1365
680127628.7177248,52.401958,13.658195,71.9527,72.0405,32.2276
680127628.7671576,52.404806,13.656811999999999,71.8819,71.9697,32.1645
680127628.8165903,52.407654,13.655429,69.7449,69.8327,30.0352
680127628.8660233,52.410503,13.654045,69.6445,69.7323,29.9426
680127628.9154432,52.413349999999994,13.652662,69.3596,69.4474,29.6655
680127628.9648759,52.416197999999994,13.651278,67.9085,67.9963,28.2222
680127629.0143077,52.419047,13.649894,67.3743,67.4621,27.6957
680127629.0637276,52.421893999999995,13.64851,65.4581,65.5459,25.7869
680127629.1131606,52.424741999999995,13.647126,71.8133,71.9011,32.1496
680127629.1626067,52.427591,13.645741,71.8291,71.9169,32.1729
680127629.2120273,52.430439,13.644357,71.6200,71.7078,31.9713
680127629.2614605,52.433287,13.642971999999999,71.1671,71.2549,31.5258
680127629.3108811,52.436133999999996,13.641587999999999,70.9225,71.0103,31.2887
680127629.3603144,52.438983,13.640201999999999,70.8572,70.9450,31.2308
680127629.409735,52.441829999999996,13.638817999999999,71.3569,71.4447,31.7381
680127629.4591682,52.444677999999996,13.637431999999999,71.6746,71.7624,32.0632
680127629.5086017,52.447525999999996,13.636047,71.7066,71.7944,32.1027
680127629.5580218,52.450374,13.634661,70.5812,70.6690,30.9847
680127629.6074672,52.453222,13.633275,69.3896,69.4774,29.8006
680127629.6568999,52.45607,13.631889,68.1175,68.2053,28.5361
680127629.70632,52.458918,13.630503,60.6260,60.7138,21.0520
682460424.0546286,52.331283,13.701905,61.2950,61.3870,21.3842
682460424.1040616,52.334132,13.700526,62.3318,62.4238,22.4291
682460424.1534815,52.33698,13.699147,63.0434,63.1354,23.1490
682460424.2029142,52.339828,13.697766999999999,64.4485,64.5405,24.5624
682460424.2523472,52.342676999999995,13.696387999999999,73.3185,73.4105,33.4407
682460424.30178,52.345526,13.695008,65.9438,66.0358,26.0742
682460424.3511999,52.348374,13.693629,66.6530,66.7450,26.7917
682460424.4006326,52.351222,13.692248,68.5396,68.6316,28.6865
682460424.4500654,52.354071,13.690868,63.2728,63.3648,23.4280
682460424.4994981,52.356919,13.689487999999999,62.6707,62.7627,22.8342
682460424.5489309,52.359767999999995,13.688106999999999,71.0719,71.1639,31.2436
682460424.598351,52.362615999999996,13.686727,71.8718,71.9638,32.0518
682460424.6477838,52.365463999999996,13.685346,71.8661,71.9581,32.0544
682460424.6972165,52.368313,13.683964999999999,71.7064,71.7984,31.9030
682460424.7466493,52.371161,13.682583999999999,71.0787,71.1707,31.2834
682460424.796082,52.37401,13.681203,71.6154,71.7074,31.8284
682460424.845515,52.376858,13.679822,71.8611,71.9531,32.0824
682460424.894948,52.379706999999996,13.67844,71.1830,71.2750,31.4126
682460424.9443679,52.382554,13.677059,71.5556,71.6476,31.7934
682460424.9938009,52.385403,13.675676999999999,71.8172,71.9092,32.0633
682460425.0432346,52.388251,13.674294999999999,71.8029,71.8949,32.0567
682460425.0926678,52.391099999999994,13.672913,70.1282,70.2202,30.3897
682460425.142101,52.393947999999995,13.671531,70.3757,70.4676,30.6447
682460425.1915345,52.396797,13.670148,70.9467,71.0387,31.2234
682460425.2409678,52.399645,13.668764999999999,71.1309,71.2229,31.4153
682460425.290401,52.402494,13.667383,71.7024,71.7943,31.9944
682460425.3398342,52.405342,13.665999999999999,71.8804,71.9723,32.1800
682460425.3892677,52.40819,13.664617,71.8264,71.9183,32.1337
682460425.4386883,52.411038,13.663234,71.9088,72.0008,32.2238
682460425.4881213,52.413886,13.66185,75.4203,75.5122,35.7428
682460425.537554,52.416734999999996,13.660466999999999,75.8219,75.9138,36.1521
682460425.5869868,52.419582999999996,13.659082999999999,76.2416,76.3335,36.5795
682460425.6364195,52.422430999999996,13.657699,69.1104,69.2022,29.4558
682460425.6858523,52.425278999999996,13.656315999999999,71.1735,71.2653,31.5266
682460425.7352724,52.428126999999996,13.654931999999999,71.0151,71.1070,31.3759
682460425.7847052,52.430975,13.653547,70.2052,70.2971,30.5737
682460425.8341379,52.433823,13.652163,69.5973,69.6891,29.9733
682460425.8835704,52.436671999999994,13.650779,69.2249,69.3167,29.6086
682460425.9330161,52.439521,13.649393,69.3110,69.4028,29.7024
682460425.982436,52.442367999999995,13.648009,69.5538,69.6456,29.9527
682460426.031868,52.445215999999995,13.646624,70.1041,70.1959,30.5104
682460426.0812879,52.448063999999995,13.645239,70.8354,70.9272,31.2488
682460426.1307206,52.450911999999995,13.643854,76.2278,76.3196,36.6484
682460426.1801534,52.453759999999996,13.642468,76.4447,76.5365,36.8724
682460426.2295735,52.456607,13.641083,76.5434,76.6352,36.9782
682460426.2790062,52.459455,13.639697,76.5152,76.6070,36.9573
684793223.1258008,52.331179,13.678930999999999,73.5914,73.6784,33.6511
684793223.1752462,52.334027999999996,13.67755,72.9829,73.0700,33.0508
684793223.2246919,52.336876999999994,13.676169,74.8492,74.9363,34.9251
684793223.2741373,52.339726,13.674788,70.0296,70.1167,30.1136
684793223.3235829,52.342575,13.673407,70.1637,70.2508,30.2557
684793223.3730412,52.345425,13.672025,70.2704,70.3575,30.3705
684793223.4224994,52.348273999999996,13.670643,69.1143,69.2013,29.2225
684793223.4719448,52.351122999999994,13.669260999999999,69.4568,69.5438,29.5730
684793223.5213904,52.353972,13.66788,72.0708,72.1579,32.1952
684793223.5708487,52.356822,13.666497,72.0202,72.1073,32.1526
684793223.6202941,52.359669999999994,13.665115,72.1079,72.1950,32.2484
684793223.6697397,52.362519,13.663732999999999,71.9470,72.0340,32.0956
684793223.719198,52.365369,13.66235,71.5305,71.6175,31.6871
684793223.7686563,52.368218,13.660967,71.5321,71.6191,31.6968
684793223.8181016,52.371067,13.659583999999999,71.7149,71.8019,31.8877
684793223.8675599,52.373917,13.658199999999999,72.0420,72.1291,32.2229
684793223.9170182,52.376765999999996,13.656817,71.9940,72.0810,32.1830
684793223.9664636,52.379615,13.655434,71.9513,72.0383,32.1483
684793224.0159206,52.382464,13.65405,71.9272,72.0142,32.1322
684793224.0653663,52.385313,13.652666,71.9944,72.0814,32.2071
684793224.1148245,52.388161999999994,13.651282,71.9529,72.0399,32.1733
684793224.1642828,52.391011999999996,13.649897999999999,71.9448,72.0318,32.1730
684793224.2137282,52.39386,13.648513999999999,71.9971,72.0841,32.2329
684793224.2631865,52.39671,13.647129,71.9510,72.0380,32.1945
684793224.3126321,52.399558999999996,13.645745,71.8671,71.9540,32.1183
684793224.3620903,52.402407999999994,13.644359999999999,71.7018,71.7888,31.9608
684793224.411536,52.405257,13.642975999999999,71.6439,71.7309,31.9106
684793224.460995,52.408106,13.641589999999999,71.6264,71.7133,31.9008
684793224.5104408,52.410954999999994,13.640206,71.7086,71.7955,31.9906
684793224.5598996,52.413804,13.638819999999999,71.7288,71.8158,32.0186
684793224.6093583,52.416653,13.637433999999999,71.3742,71.4612,31.6717
684793224.658817,52.419503,13.636049,71.3883,71.4752,31.6935
684793224.7082632,52.422351,13.634663,71.2134,71.3003,31.5263
684793224.7577219,52.4252,13.633277,71.8345,71.9215,32.1552
684793224.8071806,52.42805,13.631891,71.8817,71.9686,32.2101
684793224.8566263,52.430898,13.630505,71.8626,71.9495,32.1986
684793224.9060845,52.433747,13.629118,71.8305,71.9174,32.1742
684793224.9555299,52.436595999999994,13.627732,71.9046,71.9915,32.2561
684793225.004988,52.439445,13.626344999999999,71.8515,71.9384,32.2106
684793225.0544348,52.442294,13.624958999999999,71.8187,71.9056,32.1851
684793225.103893,52.445142999999995,13.623571,71.7830,71.8698,32.1566
684793225.1533513,52.447992,13.622183999999999,71.8698,71.9567,32.2508
684793225.2028096,52.450841,13.620797,71.2140,71.3009,31.6022
684793225.252255,52.453689999999995,13.619409,70.2978,70.3847,30.6932
684793225.301713,52.456539,13.618022,71.8262,71.9130,32.2289
684793225.3511713,52.459388,13.616634,72.0778,72.1646,32.4877
687126026.0653017,52.330569,13.685943,72.9887,73.0165,32.9948
687126026.1147726,52.333419,13.684562,73.0598,73.0876,33.0740
687126026.1642308,52.336268999999994,13.683181,70.3060,70.3338,30.3284
687126026.2136891,52.339118,13.681799999999999,75.7807,75.8085,35.8111
687126026.26316,52.341969,13.680418999999999,85.5717,85.5995,45.6102
687126026.312618,52.344818,13.679038,70.3129,70.3407,30.3595
687126026.3620763,52.347668,13.677655999999999,71.0430,71.0708,31.0977
687126026.4115345,52.350516999999996,13.676274999999999,71.3384,71.3662,31.4012
687126026.4610181,52.353367999999996,13.674892999999999,72.2422,72.2700,32.3132
687126026.5104764,52.356218,13.673511,72.1632,72.1910,32.2422
687126026.5599346,52.359068,13.672129,72.1010,72.1288,32.1881
687126026.6094055,52.361917999999996,13.670746,72.0695,72.0973,32.1647
687126026.6588638,52.364767,13.669364,72.0259,72.0537,32.1292
687126026.708322,52.367616999999996,13.667981999999999,72.1203,72.1481,32.2317
687126026.7578058,52.370467999999995,13.666597999999999,70.9358,70.9636,31.0554
687126026.8072641,52.373317,13.665216,71.2654,71.2932,31.3931
687126026.856735,52.376166999999995,13.663832,71.9807,72.0085,32.1164
687126026.9062061,52.379017,13.662448999999999,72.0168,72.0446,32.1606
687126026.9556644,52.381867,13.661066,71.9740,72.0018,32.1259
687126027.0051353,52.384716999999995,13.659682,71.9011,71.9289,32.0611
687126027.0545945,52.387567,13.658299,70.8711,70.8989,31.0388
687126027.1040659,52.390417,13.656915,71.9741,72.0019,32.1495
687126027.1535246,52.393266,13.655531,72.0423,72.0701,32.2254
687126027.2029963,52.396116,13.654145999999999,71.9800,72.0078,32.1708
687126027.252455,52.398965999999994,13.652762,71.9732,72.0010,32.1717
687126027.3019264,52.401816,13.651378,71.7152,71.7430,31.9213
687126027.351398,52.404666,13.649993,71.2649,71.2927,31.4788
687126027.4008694,52.407516,13.648608,70.8684,70.8962,31.0899
687126027.4503281,52.410365,13.647222999999999,70.7958,70.8236,31.0251
687126027.4997995,52.413215,13.645838,70.2161,70.2439,30.4530
687126027.5492706,52.416064999999996,13.644452999999999,66.5678,66.5956,26.8124
687126027.5987289,52.418914,13.643068,66.9562,66.9840,27.2085
687126027.6481998,52.421763999999996,13.641682,66.5425,66.5703,26.8025
687126027.6976581,52.424613,13.640296999999999,71.5744,71.6022,31.8421
687126027.7471292,52.427462999999996,13.638911,71.1565,71.1843,31.4319
687126027.7966001,52.430313,13.637523999999999,68.5119,68.5397,28.7949
687126027.8460584,52.433163,13.636139,66.6826,66.7104,26.9734
687126027.8955293,52.436012,13.634751999999999,66.4160,66.4438,26.7144
687126027.9450004,52.438862,13.633365999999999,67.2809,67.3087,27.5871
687126027.9944587,52.441711,13.631979,70.7094,70.7372,31.0232
687126028.0439284,52.444561,13.630592,71.6487,71.6765,31.9698
687126028.0933993,52.447410999999995,13.629204999999999,71.6489,71.6767,31.9772
687126028.1428702,52.450261,13.627818,71.2348,71.2626,31.5703
687126028.1923285,52.453109999999995,13.626431,68.6368,68.6646,28.9795
687126028.2417994,52.45596,13.625043999999999,67.8611,67.8889,28.2110
687126028.2912705,52.45881,13.623655999999999,63.7047,63.7325,24.0619
689458824.2700701,52.332015999999996,13.697536,76.0929,75.9986,35.9908
689458824.319516,52.334865,13.696156,64.6286,64.5343,24.5351
689458824.3689618,52.337714,13.694776,65.6425,65.5482,25.5575
689458824.4184079,52.340562999999996,13.693396,70.3102,70.2159,30.2337
689458824.4678538,52.343412,13.692015,67.3644,67.2701,27.2964
689458824.5172999,52.346261,13.690634999999999,66.7955,66.7012,26.7360
689458824.566746,52.349111,13.689254,68.4954,68.4011,28.4445
689458824.6162047,52.35196,13.687873,69.5755,69.4813,29.5331
689458824.6656506,52.354808999999996,13.686491,65.3877,65.2934,25.3538
689458824.715096,52.357658,13.68511,72.1493,72.0550,32.1239
689458824.7645416,52.360507,13.683729,72.2884,72.1942,32.2715
689458824.8139873,52.363355999999996,13.682347,72.2247,72.1305,32.2164
689458824.8634326,52.366205,13.680966,72.1733,72.0791,32.1735
689458824.9128783,52.369054,13.679584,71.4635,71.3692,31.4722
689458824.9623237,52.371902999999996,13.678201999999999,71.2382,71.1440,31.2554
689458825.0117819,52.374753,13.676819,71.8485,71.7543,31.8740
689458825.0612285,52.377601999999996,13.675436999999999,72.1407,72.0465,32.1740
689458825.1106739,52.380451,13.674055,71.8260,71.7318,31.8670
689458825.1601195,52.3833,13.672671999999999,72.0509,71.9567,32.0996
689458825.2095649,52.386148999999996,13.671289,72.0575,71.9633,32.1140
689458825.2590232,52.388998,13.669906,70.4493,70.3551,30.5134
689458825.3084815,52.391847999999996,13.668522999999999,70.2079,70.1137,30.2798
689458825.3579268,52.394697,13.66714,70.8348,70.7407,30.9144
689458825.4073725,52.397546,13.665756,71.6220,71.5279,31.7094
689458825.4568307,52.400394999999996,13.664373,72.1615,72.0673,32.2565
689458825.5062761,52.403244,13.662989,72.1324,72.0383,32.2352
689458825.5557218,52.406093,13.661605,72.0671,71.9730,32.1776
689458825.60518,52.408941999999996,13.660221,72.1730,72.0788,32.2912
689458825.6546254,52.411791,13.658837,68.7163,68.6222,28.8422
689458825.704071,52.41464,13.657452,75.4581,75.3640,35.5918
689458825.7535293,52.417488999999996,13.656068,75.9534,75.8592,36.0948
689458825.8029747,52.420338,13.654682999999999,75.7932,75.6991,35.9423
689458825.8524203,52.423187,13.653298999999999,71.4068,71.3127,31.5637
689458825.9018786,52.426035999999996,13.651912999999999,71.9422,71.8481,32.1068
689458825.9513245,52.428885,13.650528,71.8612,71.7671,32.0335
689458826.0007832,52.431734999999996,13.649142999999999,70.7429,70.6488,30.9229
689458826.0502284,52.434582999999996,13.647756999999999,70.2229,70.1288,30.4102
689458826.0996866,52.437433,13.646372,70.1539,70.0598,30.3486
689458826.1491327,52.440281,13.644986,70.2899,70.1958,30.4919
689458826.1985788,52.44313,13.6436,70.6605,70.5664,30.8698
689458826.2480376,52.445978999999994,13.642214,71.1499,71.0558,31.3666
689458826.2974837,52.448828,13.640827999999999,70.4643,70.3702,30.6883
689458826.3469424,52.451677,13.639441,76.5244,76.4303,36.7557
689458826.3963878,52.454525999999994,13.638055,76.6758,76.5817,36.9144
689458826.4458461,52.457375,13.636668,57.4945,57.4004,17.7405
691791622.7646668,52.330701,13.697116999999999,63.9542,63.7600,23.7467
691791622.8140869,52.333549,13.695737999999999,64.7818,64.5876,24.5839
691791622.8635201,52.336397999999996,13.694358999999999,65.6345,65.4403,25.4462
691791622.9129536,52.339245999999996,13.692979,68.0028,67.8087,27.8241
691791622.9623868,52.342095,13.6916,68.8270,68.6329,28.6579
691791623.0118079,52.344943,13.69022,67.7137,67.5196,27.5538
691791623.0612416,52.347791,13.688839999999999,68.3920,68.1979,28.2400
691791623.1106749,52.35064,13.68746,69.2692,69.0751,29.1252
691791623.1601083,52.353488999999996,13.686079,69.9300,69.7359,29.7939
691791623.2095416,52.356336999999996,13.684699,70.2878,70.0937,30.1597
691791623.2589746,52.359186,13.683318,72.3271,72.1331,32.2069
691791623.3083947,52.362033,13.681937999999999,72.3157,72.1217,32.2035
691791623.3578274,52.364881999999994,13.680556999999999,72.3016,72.1076,32.1973
691791623.4072602,52.367729999999995,13.679176,72.2406,72.0466,32.1442
691791623.4566929,52.370579,13.677793999999999,72.1695,71.9755,32.0811
691791623.5061257,52.373427,13.676413,71.4905,71.2966,31.4101
691791623.5555584,52.376276,13.675030999999999,71.1769,70.9830,31.1045
691791623.6049912,52.379124,13.673649999999999,71.7862,71.5923,31.7217
691791623.6544242,52.381972,13.672267999999999,71.9857,71.7918,31.9292
691791623.703857,52.384820999999995,13.670886,72.1390,71.9451,32.0904
691791623.7532897,52.387668999999995,13.669504,71.9490,71.7552,31.9084
691791623.8027225,52.390518,13.668121,71.2754,71.0816,31.2427
691791623.8521552,52.393366,13.666739,71.5566,71.3628,31.5318
691791623.901588,52.396214,13.665356,71.6103,71.4165,31.5935
691791623.9510207,52.399063,13.663974,71.9677,71.7739,31.9588
691791624.0004535,52.401911,13.662590999999999,72.1990,72.0052,32.1981
691791624.049885,52.404759,13.661208,72.1339,71.9401,32.1406
691791624.0993304,52.407607999999996,13.659823999999999,72.2161,72.0224,32.2304
691791624.1487634,52.410455999999996,13.658441,56.1788,55.9850,16.2006
691791624.1981962,52.413305,13.657057,68.8861,68.6924,28.9155
691791624.2476289,52.416152999999994,13.655673,75.9283,75.7346,35.9653
691791624.2970617,52.419000999999994,13.65429,64.9443,64.7507,24.9889
691791624.3464944,52.421848999999995,13.652906,69.3704,69.1767,29.4226
691791624.3959272,52.424698,13.651522,70.9812,70.7876,31.0410
691791624.4453728,52.427546,13.650136999999999,71.9745,71.7809,32.0419
691791624.4948056,52.430395,13.648752,71.1420,70.9484,31.2170
691791624.544239,52.433243,13.647368,70.4640,70.2704,30.5465
691791624.5936723,52.436091,13.645983,70.3117,70.1181,30.4018
691791624.6431181,52.438939999999995,13.644598,70.4841,70.2906,30.5818
691791624.6925516,52.441787999999995,13.643213,70.6513,70.4578,30.7567
691791624.7419722,52.444635,13.641827999999999,71.1898,70.9963,31.3027
691791624.7914054,52.447483999999996,13.640443,71.8106,71.6171,31.9311
691791624.840826,52.450331,13.639057,57.8118,57.6184,17.9399
691791624.8902719,52.453179999999996,13.637671,58.0446,57.8512,18.1803
691791624.9397049,52.456027999999996,13.636286,58.5527,58.3592,18.6959
691791624.9891505,52.458877,13.634898999999999,76.6152,76.4218,36.7660
694124424.5565002,52.331663,13.681744,75.9944,75.8227,35.7958
694124424.6059585,52.334513,13.680361999999999,71.0307,70.8590,30.8411
694124424.6554036,52.337362,13.678980999999999,71.1332,70.9615,30.9525
694124424.7048492,52.340211,13.6776,70.6401,70.4685,30.4683
694124424.7542951,52.343059999999994,13.676217999999999,70.7175,70.5458,30.5546
694124424.8037412,52.345909,13.674837,71.3940,71.2223,31.2400
694124424.8531873,52.348758,13.673454999999999,71.7292,71.5576,31.5842
694124424.9026332,52.351606999999994,13.672073,72.3128,72.1412,32.1766
694124424.9520793,52.354456,13.670691,72.3116,72.1400,32.1844
694124425.0015383,52.357305,13.669309,72.2720,72.1004,32.1536
694124425.0509722,52.360153,13.667926999999999,72.3423,72.1707,32.2317
694124425.1004183,52.363001999999994,13.666544,72.3059,72.1343,32.2030
694124425.1498644,52.365851,13.665161999999999,72.1806,72.0091,32.0855
694124425.1993227,52.368700999999994,13.663777999999999,71.4573,71.2858,31.3700
694124425.2487683,52.37155,13.662395,71.7187,71.5472,31.6391
694124425.2982137,52.374399,13.661012,72.2952,72.1237,32.2233
694124425.3476593,52.377247,13.659628999999999,72.2430,72.0715,32.1788
694124425.3971047,52.380095999999995,13.658246,72.2049,72.0335,32.1486
694124425.4465504,52.382945,13.656861999999999,72.2978,72.1264,32.2492
694124425.4960086,52.385794,13.655477999999999,72.2446,72.0732,32.2037
694124425.545454,52.388642999999995,13.654093999999999,72.2052,72.0337,32.1721
694124425.5948868,52.391490999999995,13.652711,72.1837,72.0122,32.1583
694124425.644345,52.394341,13.651326,72.1684,71.9970,32.1508
694124425.6937907,52.397189,13.649942,72.0087,71.8373,31.9988
694124425.7432361,52.400037999999995,13.648556999999998,71.7550,71.5836,31.7529
694124425.7926817,52.402887,13.647172999999999,71.6552,71.4838,31.6608
694124425.8421271,52.405736,13.645788,71.3829,71.2115,31.3962
694124425.8915725,52.408584,13.644402999999999,71.2592,71.0879,31.2804
694124425.9410052,52.411432,13.643018999999999,71.1458,70.9745,31.1747
694124425.9904635,52.414280999999995,13.641632999999999,70.7699,70.5986,30.8065
694124426.0398953,52.417128999999996,13.640248,69.7898,69.6185,29.8340
694124426.0893536,52.419979,13.638862,71.5563,71.3850,31.6080
694124426.1387863,52.422827,13.637476999999999,71.6718,71.5006,31.7312
694124426.1882446,52.425675999999996,13.636090999999999,72.0991,71.9278,32.1660
694124426.23769,52.428523999999996,13.634704999999999,72.1595,71.9882,32.2340
694124426.2871356,52.431373,13.633319,72.1150,71.9437,32.1970
694124426.3365939,52.434222,13.631931999999999,72.0866,71.9154,32.1763
694124426.3860266,52.43707,13.630545999999999,72.0449,71.8737,32.1421
694124426.4354851,52.439918999999996,13.629159,72.1230,71.9518,32.2278
694124426.4849184,52.442766999999996,13.627773,72.0880,71.9168,32.2003
694124426.5343771,52.445616,13.626384999999999,72.0613,71.8901,32.1812
694124426.5838232,52.448465,13.624998,71.9469,71.7757,32.0744
694124426.6332693,52.451313,13.623610999999999,71.4291,71.2579,31.5641
694124426.682728,52.454162999999994,13.622223,76.1545,75.9833,36.2971
694124426.7321613,52.45701,13.620835999999999,76.1274,75.9563,36.2776
694124426.7816074,52.459858999999994,13.619449,72.3827,72.2116,32.5405
696457229.0260115,52.331731999999995,13.680074,73.8933,73.8286,33.8058
696457229.0754569,52.334581,13.678692999999999,71.3803,71.3156,31.3008
696457229.1249022,52.33743,13.677313,73.2045,73.1398,33.1329
696457229.1743479,52.340278999999995,13.675932,70.9557,70.8910,30.8921
696457229.2237933,52.343128,13.674552,70.8824,70.8177,30.8268
696457229.2732389,52.345977,13.673171,71.0891,71.0244,31.0415
696457229.3226843,52.348825999999995,13.67179,71.7788,71.7141,31.7391
696457229.3721426,52.351676,13.670408,72.2440,72.1793,32.2123
696457229.4215882,52.354524999999995,13.669027,72.1923,72.1276,32.1686
696457229.4710336,52.357374,13.667645,72.1422,72.0775,32.1265
696457229.5204792,52.360223,13.666264,72.2075,72.1428,32.1998
696457229.5699246,52.363071999999995,13.664881999999999,72.1877,72.1230,32.1879
696457229.6193702,52.365921,13.663499999999999,71.7591,71.6944,31.7673
696457229.6688159,52.36877,13.662118,71.5564,71.4917,31.5726
696457229.7182741,52.371618999999995,13.660734999999999,71.8791,71.8144,31.9033
696457229.76772,52.374468,13.659353,72.0953,72.0306,32.1274
696457229.8171659,52.377317,13.657969999999999,72.1788,72.1141,32.2189
696457229.866612,52.380165999999996,13.656588,72.1481,72.0834,32.1962
696457229.9160707,52.383016,13.655204999999999,72.1178,72.0531,32.1739
696457229.9655168,52.385864999999995,13.653822,72.1709,72.1062,32.2349
696457230.0149751,52.388714,13.652438,72.1219,72.0572,32.1938
696457230.0644205,52.391563,13.651055,72.0989,72.0342,32.1785
696457230.1138663,52.394411999999996,13.649671,72.0529,71.9882,32.1403
696457230.1633251,52.397262,13.648287,71.9902,71.9255,32.0852
696457230.2127705,52.40011,13.646904,71.9840,71.9193,32.0868
696457230.2622161,52.402958999999996,13.64552,71.6321,71.5674,31.7425
696457230.3116744,52.405809,13.644134999999999,71.3591,71.2944,31.4773
696457230.3611071,52.408657,13.642750999999999,71.4670,71.4023,31.5928
696457230.4105527,52.411505,13.641366999999999,72.2580,72.1933,32.3915
696457230.460011,52.414355,13.639982,73.6024,73.5377,33.7436
696457230.5094564,52.417204,13.638598,70.9761,70.9114,31.1250
696457230.5589147,52.420052999999996,13.637212,71.6193,71.5546,31.7759
696457230.6083603,52.422902,13.635826999999999,71.5316,71.4669,31.6959
696457230.6578183,52.425751,13.634442,71.9535,71.8888,32.1255
696457230.707264,52.428599999999996,13.633056999999999,71.9841,71.9194,32.1638
696457230.7567093,52.431447999999996,13.631670999999999,71.9547,71.8900,32.1422
696457230.806155,52.434297,13.630286,71.9094,71.8447,32.1045
696457230.8556004,52.437146,13.6289,71.9848,71.9201,32.1877
696457230.9050586,52.439994999999996,13.627514,71.9522,71.8875,32.1627
696457230.9545043,52.442844,13.626128,71.9280,71.8633,32.1463
696457231.0039623,52.445693,13.624741,72.5619,72.4972,32.7878
696457231.0533962,52.448541,13.623355,74.3823,74.3176,34.6153
696457231.1028545,52.451389999999996,13.621967999999999,75.8589,75.7942,36.0991
696457231.1522999,52.454239,13.620581999999999,76.1704,76.1057,36.4177
696457231.2017455,52.457086999999994,13.619195,72.2358,72.1711,32.4902
696457231.2512038,52.459937,13.617808,72.1144,72.0497,32.3760
698790026.4964914,52.332611,13.6959,64.0106,64.0521,24.0433
698790026.5459242,52.33546,13.694521,64.9319,64.9733,24.9735
698790026.5953696,52.338308999999995,13.693140999999999,66.4074,66.4488,26.4579
698790026.6448152,52.341158,13.691761999999999,73.7838,73.8252,33.8432
698790026.6942606,52.344007,13.690382,73.8961,73.9375,33.9644
698790026.7437062,52.346855999999995,13.689001,73.8302,73.8716,33.9074
698790026.7931519,52.349705,13.687621,70.0351,70.0765,30.1212
698790026.8425972,52.352554999999995,13.686240999999999,69.7641,69.8055,29.8591
698790026.8920429,52.355404,13.684859999999999,70.3030,70.3444,30.4069
698790026.9414883,52.358253,13.683479,71.0982,71.1396,31.2110
698790026.9909337,52.361101999999995,13.682098,71.7522,71.7936,31.8739
698790027.0403802,52.363951,13.680717,71.9654,72.0068,32.0950
698790027.0898256,52.3668,13.679336,72.0574,72.0988,32.1948
698790027.1392713,52.369648999999995,13.677954999999999,72.3621,72.4035,32.5073
698790027.1887167,52.372498,13.676573,70.0612,70.1026,30.2141
698790027.2381623,52.375347,13.675192,69.4562,69.4976,29.6169
698790027.2876205,52.378197,13.67381,71.2241,71.2654,31.3926
698790027.3370659,52.381046,13.672428,71.8172,71.8585,31.9935
698790027.3865116,52.383894999999995,13.671045999999999,71.9871,72.0284,32.1711
698790027.435957,52.386744,13.669663,71.9768,72.0181,32.1686
698790027.4854026,52.389593,13.668280999999999,71.3875,71.4288,31.5871
698790027.534848,52.392441999999996,13.666898,71.4547,71.4961,31.6621
698790027.5843062,52.395291,13.665515,71.7701,71.8115,31.9853
698790027.6337645,52.398140999999995,13.664131999999999,72.0098,72.0512,32.2328
698790027.6832101,52.40099,13.662749,72.0444,72.0858,32.2751
698790027.732656,52.403839,13.661366,71.9980,72.0394,32.2365
698790027.7821021,52.406687999999995,13.659982999999999,71.9598,72.0011,32.2061
698790027.8315609,52.409538,13.658598999999999,75.0840,75.1253,35.3380
698790027.881007,52.412386,13.657214999999999,75.0571,75.0984,35.3189
698790027.9304528,52.415234999999996,13.655831,75.4133,75.4546,35.6829
698790027.9799116,52.418085,13.654447,75.7516,75.7929,36.0289
698790028.0293574,52.420933999999995,13.653063,75.5510,75.5923,35.8359
698790028.0788152,52.423783,13.651677999999999,70.6227,70.6640,30.9150
698790028.1282611,52.426632,13.650293999999999,71.0698,71.1111,31.3696
698790028.1777194,52.429482,13.648909,71.8272,71.8684,32.1344
698790028.227165,52.43233,13.647525,71.3168,71.3581,31.6315
698790028.2766104,52.435179,13.646139999999999,70.6375,70.6788,30.9597
698790028.3260686,52.438029,13.644753999999999,70.1812,70.2225,30.5108
698790028.3755014,52.440877,13.643369999999999,70.3762,70.4175,30.7133
698790028.424947,52.443725,13.641983999999999,70.8229,70.8641,31.1674
698790028.4744053,52.446574999999996,13.640599,71.5832,71.6245,31.9352
698790028.5238507,52.449422999999996,13.639213,76.4527,76.4939,36.8121
698790028.573309,52.452273,13.637827,76.2769,76.3182,36.6438
698790028.6227546,52.455121,13.636441,76.5491,76.5903,36.9233
698790028.6722128,52.457971,13.635055,76.3477,76.3889,36.7294
701122826.5391083,52.330113,13.679611,73.6154,73.7102,33.6756
701122826.5885541,52.332961999999995,13.67823,72.2947,72.3895,32.3638
701122826.6379998,52.335811,13.676848999999999,73.0459,73.1407,33.1238
701122826.6874454,52.33866,13.675469,70.5164,70.6112,30.6032
701122826.7369037,52.34151,13.674087,70.7213,70.8161,30.8170
701122826.7863619,52.344359,13.672704999999999,71.1782,71.2730,31.2828
701122826.8358073,52.347207999999995,13.671324,71.5353,71.6301,31.6488
701122826.885253,52.350057,13.669943,71.9890,72.0838,32.1114
701122826.9346983,52.352906,13.668560999999999,72.0717,72.1665,32.2030
701122826.9841566,52.355756,13.667178999999999,72.0137,72.1085,32.1539
701122827.033601,52.358605,13.665797,71.9330,72.0278,32.0813
701122827.0830464,52.361453,13.664415,71.3890,71.4837,31.5449
701122827.1324921,52.364301999999995,13.663032,70.9155,71.0103,31.0792
701122827.1819501,52.367152,13.661648999999999,71.4288,71.5236,31.6002
701122827.2314084,52.370000999999995,13.660267,71.6944,71.7891,31.8735
701122827.280854,52.37285,13.658883999999999,71.8089,71.9037,31.9958
701122827.3302994,52.375699,13.657501,71.7970,71.8918,31.9916
701122827.3797576,52.378549,13.656117,71.7052,71.7999,31.9075
701122827.4292033,52.381397,13.654734,71.9703,72.0651,32.1803
701122827.4786613,52.384246999999995,13.653350999999999,71.9235,72.0183,32.1413
701122827.5281069,52.387096,13.651966999999999,71.9065,72.0012,32.1320
701122827.5775526,52.389944,13.650583,71.9737,72.0684,32.2069
701122827.6270108,52.392793999999995,13.649199,71.9490,72.0438,32.1900
701122827.6764691,52.395643,13.647815,71.8745,71.9692,32.1231
701122827.7259145,52.398492,13.646431,71.9388,72.0335,32.1952
701122827.7753727,52.401342,13.645045999999999,71.7535,71.8483,32.0177
701122827.8248184,52.40419,13.643661999999999,71.6235,71.7182,31.8953
701122827.8742769,52.407039999999995,13.642277,71.9625,72.0572,32.2421
701122827.9237227,52.409887999999995,13.640892,71.4988,71.5936,31.7861
701122827.9731815,52.412738,13.639507,71.3174,71.4121,31.6124
701122828.0226281,52.415586,13.638122,71.7690,71.8637,32.0717
701122828.0720747,52.418434999999995,13.636737,71.6112,71.7058,31.9214
701122828.1215208,52.421284,13.635351,71.5866,71.6813,31.9044
701122828.1709669,52.424132,13.633966,70.8961,70.9908,31.2215
701122828.2204256,52.426981999999995,13.632579999999999,67.4150,67.5096,27.7479
701122828.2698843,52.429831,13.631193999999999,64.5106,64.6053,24.8511
701122828.31933,52.43268,13.629807999999999,64.2795,64.3742,24.6276
701122828.3687882,52.435528999999995,13.628421,64.2582,64.3528,24.6138
701122828.4182336,52.438376999999996,13.627035,64.6008,64.6955,24.9640
701122828.4676919,52.441227,13.625648,63.0091,63.1038,23.3799
701122828.5171375,52.444075,13.624262,72.0757,72.1703,32.4540
701122828.5665832,52.446923999999996,13.622874999999999,71.7923,71.8869,32.1782
701122828.6160414,52.449773,13.621488,73.0216,73.1163,33.4151
701122828.6654868,52.452621,13.620101,75.9410,76.0356,36.3421
701122828.7149451,52.45547,13.618713,75.7863,75.8809,36.1950
701122828.7644033,52.45832,13.617326,72.0070,72.1017,32.4233
703455628.3795984,52.332347,13.689865999999999,66.6550,66.7246,26.7093
703455628.4290571,52.335195999999996,13.688485,67.0305,67.1001,27.0934
703455628.478503,52.338046,13.687104999999999,66.9900,67.0596,27.0615
703455628.5279491,52.340894999999996,13.685723999999999,66.4169,66.4866,26.4971
703455628.5773952,52.343744,13.684344,68.0024,68.0721,28.0912
703455628.6268408,52.346593,13.682962999999999,68.3975,68.4672,28.4949
703455628.6762862,52.349441999999996,13.681581999999999,68.0350,68.1047,28.1410
703455628.7257318,52.352291,13.680200999999999,67.2263,67.2960,27.3409
703455628.7751772,52.35514,13.67882,71.6722,71.7419,31.7954
703455628.8246229,52.357988999999996,13.677437999999999,72.0280,72.0977,32.1598
703455628.8740811,52.360838,13.676055999999999,71.9856,72.0553,32.1260
703455628.9235394,52.363687999999996,13.674674,72.0732,72.1429,32.2222
703455628.972985,52.366537,13.673292,72.0108,72.0805,32.1684
703455629.0224304,52.369386,13.671909999999999,71.9930,72.0627,32.1588
703455629.0718749,52.372234999999996,13.670528,70.4366,70.5063,30.6101
703455629.1213329,52.375085,13.669144999999999,71.8264,71.8961,32.0076
703455629.1707785,52.377933,13.667762999999999,71.9482,72.0179,32.1372
703455629.2202239,52.380781999999996,13.66638,71.9080,71.9777,32.1047
703455629.2696695,52.383631,13.664997,71.8328,71.9025,32.0372
703455629.3191149,52.38648,13.663613999999999,70.9852,71.0549,31.1974
703455629.3685732,52.38933,13.662231,71.3973,71.4670,31.6172
703455629.4180188,52.392177999999994,13.660848,71.5868,71.6566,31.8145
703455629.4674642,52.395027,13.659464,71.7661,71.8359,32.0015
703455629.5169225,52.397877,13.65808,71.8592,71.9289,32.1023
703455629.5663681,52.400726,13.656697,71.9449,72.0147,32.1958
703455629.6158135,52.403574,13.655313,71.9202,71.9900,32.1788
703455629.6652718,52.406423999999994,13.653927999999999,71.3638,71.4335,31.6301
703455629.7147174,52.409273,13.652543999999999,50.6561,50.7259,10.9302
703455629.7641628,52.412121,13.651159999999999,69.8055,69.8753,30.0873
703455629.813621,52.414970999999994,13.649775,69.5253,69.5950,29.8148
703455629.8630667,52.41782,13.648391,67.1458,67.2156,27.4431
703455629.9125254,52.420669,13.647005,65.3809,65.4507,25.6859
703455629.9619715,52.423517999999994,13.645621,71.6736,71.7433,31.9863
703455630.0114307,52.426367,13.644235,71.7121,71.7819,32.0325
703455630.0608771,52.429216,13.64285,67.5062,67.5760,27.8341
703455630.1103232,52.432064999999994,13.641464,67.3672,67.4370,27.7024
703455630.1597819,52.434914,13.640079,67.4266,67.4964,27.7693
703455630.209228,52.437763,13.638693,67.8686,67.9384,28.2187
703455630.2586868,52.440611999999994,13.637307,69.2111,69.2810,29.5687
703455630.3081324,52.443461,13.635921,71.2630,71.3328,31.6279
703455630.3575907,52.44631,13.634533999999999,71.6912,71.7610,32.0636
703455630.4070363,52.449158,13.633148,71.8699,71.9397,32.2497
703455630.4564946,52.452008,13.631761,75.9307,76.0006,36.3179
703455630.5059402,52.454856,13.630374,76.3275,76.3973,36.7221
703455630.5553856,52.457705,13.628988,61.2564,61.3262,21.6584
705788428.9753814,52.330779,13.694072,87.5743,87.5889,47.5765
705788429.0248258,52.333628,13.692692,66.0704,66.0850,26.0817
705788429.0742712,52.336478,13.691312,80.5784,80.5930,40.5978
705788429.1237168,52.339327,13.689931999999999,83.1887,83.2033,43.2162
705788429.1731622,52.342175999999995,13.688552,85.7441,85.7587,45.7796
705788429.2226079,52.345025,13.687171,68.4787,68.4933,28.5223
705788429.2720532,52.347874,13.685791,69.1706,69.1852,29.2223
705788429.3214989,52.350722999999995,13.68441,66.5676,66.5822,26.6274
705788429.3709445,52.353573,13.683029,66.2296,66.2442,26.2975
705788429.4203899,52.356421999999995,13.681648,66.7262,66.7408,26.8022
705788429.4698355,52.359271,13.680266999999999,72.0950,72.1096,32.1791
705788429.5192809,52.36212,13.678885,72.0600,72.0748,32.1523
705788429.5687268,52.364968999999995,13.677503999999999,72.0240,72.0388,32.1244
705788429.6181726,52.367818,13.676122,72.0739,72.0887,32.1824
705788429.6676188,52.370667,13.67474,72.1448,72.1596,32.2614
705788429.7170649,52.373515999999995,13.673357999999999,70.0133,70.0281,30.1380
705788429.7665236,52.376366,13.671975999999999,72.3077,72.3225,32.4405
705788429.8159568,52.379214,13.670594,71.9697,71.9845,32.1106
705788429.8654029,52.382062999999995,13.669212,71.8956,71.9104,32.0446
705788429.9148617,52.384913,13.667829,71.7345,71.7493,31.8916
705788429.9642949,52.387761,13.666445999999999,71.1951,71.2099,31.3603
705788430.0137405,52.390609999999995,13.665064,71.1131,71.1279,31.2862
705788430.0631742,52.393457999999995,13.663680999999999,71.5585,71.5734,31.7393
705788430.1126199,52.396307,13.662298,71.9959,72.0107,32.1843
705788430.1620653,52.399156,13.660914,71.9186,71.9334,32.1147
705788430.2115109,52.402004999999996,13.659531,71.9773,71.9922,32.1811
705788430.2609437,52.404852999999996,13.658147999999999,71.9514,71.9662,32.1628
705788430.310389,52.407702,13.656763999999999,70.7030,70.7179,30.9221
705788430.3598347,52.410551,13.65538,69.3159,69.3307,29.5426
705788430.4092929,52.413399999999996,13.653996,69.2426,69.2575,29.4770
705788430.4587383,52.416249,13.652610999999998,68.4708,68.4857,28.7128
705788430.5081711,52.419097,13.651226999999999,65.8863,65.9012,26.1361
705788430.5576293,52.421946999999996,13.649842999999999,64.2547,64.2696,24.5121
705788430.6070621,52.424794999999996,13.648458,72.0135,72.0284,32.2785
705788430.6565077,52.427644,13.647072999999999,71.9381,71.9530,32.2108
705788430.7059531,52.430492,13.645688,71.7679,71.7828,32.0482
705788430.7553856,52.433341,13.644304,71.1545,71.1695,31.4425
705788430.8048313,52.436189,13.642918,70.9755,70.9904,31.2711
705788430.8542895,52.439039,13.641532999999999,71.1365,71.1515,31.4399
705788430.9037223,52.441886999999994,13.640146999999999,71.2547,71.2697,31.5657
705788430.9531806,52.444736,13.638760999999999,71.4409,71.4559,31.7596
705788431.0026133,52.447584,13.637376,71.3679,71.3829,31.6942
705788431.0520706,52.450433,13.635988999999999,59.1669,59.1819,19.5003
705788431.1015034,52.453281,13.634604,59.2903,59.3053,19.6308
705788431.1509616,52.456131,13.633217,59.3573,59.3723,19.7049
705788431.2003944,52.458979,13.631831,59.9179,59.9330,20.2726
708121228.0105064,52.33025,13.697039,63.9736,63.9835,23.9726
708121228.0599401,52.333099,13.69566,85.6000,85.6099,45.6072
708121228.109386,52.335947999999995,13.69428,87.8875,87.8974,47.9029
708121228.1588194,52.338795999999995,13.692900999999999,82.9516,82.9615,42.9751
708121228.2082527,52.341645,13.691521,85.5021,85.5121,45.5339
708121228.2576988,52.344494,13.690140999999999,67.6819,67.6918,27.7218
708121228.3071444,52.347342999999995,13.688761,68.1819,68.1918,28.2299
708121228.3565898,52.350193,13.68738,69.2897,69.2997,29.3460
708121228.4060354,52.353041999999995,13.685998999999999,69.6695,69.6794,29.7339
708121228.4554682,52.355889999999995,13.684619,64.9894,64.9994,25.0620
708121228.5049009,52.358739,13.683238,72.1555,72.1654,32.2363
708121228.5543466,52.361588,13.681856999999999,72.0692,72.0791,32.1581
708121228.6037793,52.364436,13.680475999999999,72.1258,72.1358,32.2229
708121228.6532121,52.367284999999995,13.679095,72.0683,72.0782,32.1736
708121228.7026703,52.370135,13.677712999999999,72.0493,72.0593,32.1628
708121228.7521031,52.372983,13.676331999999999,69.4632,69.4732,29.5848
708121228.8015358,52.375831,13.674951,72.0614,72.0713,32.1912
708121228.8509812,52.378679999999996,13.673568999999999,72.0102,72.0202,32.1482
708121228.900414,52.381529,13.672187,71.9690,71.9790,32.1151
708121228.9498594,52.384378,13.670803999999999,72.0436,72.0536,32.1980
708121228.9992921,52.387226,13.669421999999999,71.8073,71.8173,31.9698
708121229.0487368,52.390074999999996,13.66804,71.0884,71.0984,31.2585
708121229.0981822,52.392924,13.666656999999999,71.3300,71.3400,31.5078
708121229.147615,52.395772,13.665275,71.1049,71.1149,31.2903
708121229.1970477,52.39862,13.663891999999999,71.8468,71.8569,32.0400
708121229.2464933,52.401469,13.662509,71.8935,71.9036,32.0943
708121229.295939,52.404317999999996,13.661125,71.9517,71.9618,32.1602
708121229.345372,52.407167,13.659742,71.9333,71.9434,32.1494
708121229.3948047,52.410014999999994,13.658358999999999,68.9605,68.9706,29.1843
708121229.4442375,52.412862999999994,13.656975,68.9628,68.9729,29.1942
708121229.4936957,52.415713,13.655591,68.8555,68.8656,29.0946
708121229.5431285,52.418561,13.654207,66.3902,66.4003,26.6370
708121229.592562,52.421409,13.652823,64.7477,64.7578,25.0022
708121229.6419952,52.424257,13.651439,71.8799,71.8900,32.1420
708121229.691441,52.427105999999995,13.650055,71.9699,71.9800,32.2397
708121229.7408745,52.429953999999995,13.64867,71.8930,71.9031,32.1704
708121229.7903204,52.432803,13.647285,71.8442,71.8543,32.1293
708121229.8397536,52.435651,13.645900999999999,71.7796,71.7898,32.0724
708121229.8891869,52.438499,13.644516,71.6305,71.6407,31.9310
708121229.938633,52.441348,13.64313,71.2310,71.2412,31.5391
708121229.988066,52.444196,13.641745,71.6318,71.6420,31.9476
708121230.0375113,52.447044999999996,13.64036,71.7410,71.7512,32.0640
708121230.0869453,52.449892999999996,13.638974,71.8931,71.9033,32.2233
708121230.136378,52.452740999999996,13.637589,58.1844,58.1947,18.5217
708121230.1858361,52.45559,13.636201999999999,65.3479,65.3581,25.6923
708121230.2352691,52.458438,13.634815999999999,65.0516,65.0619,25.4032
710454027.122374,52.331179,13.695094,64.8992,64.9530,24.9418
710454027.1718194,52.334029,13.693715,65.6885,65.7423,25.7394
710454027.2212651,52.336878,13.692335,66.4501,66.5039,26.5092
710454027.2707107,52.339726999999996,13.690956,71.1461,71.1999,31.2135
710454027.3201561,52.342576,13.689575999999999,67.9948,68.0486,28.0704
710454027.3695889,52.345425,13.688196,67.9292,67.9830,28.0132
710454027.4190347,52.348273999999996,13.686815999999999,68.8157,68.8695,28.9079
710454027.4684808,52.351122999999994,13.685435,69.6353,69.6891,29.7357
710454027.5179267,52.353972999999996,13.684054999999999,70.0173,70.0711,30.1261
710454027.5673728,52.356822,13.682673999999999,65.6954,65.7492,25.8124
710454027.6168189,52.359671,13.681294,71.9638,72.0176,32.0891
710454027.6662648,52.362519999999996,13.679912999999999,71.9519,72.0057,32.0855
710454027.7157109,52.365369,13.678531,71.9593,72.0131,32.1011
710454027.765157,52.368218,13.67715,71.9742,72.0280,32.1243
710454027.8146029,52.371068,13.675768999999999,71.9378,71.9916,32.0962
710454027.8640485,52.373917,13.674387,69.7934,69.8472,29.9601
710454027.9134939,52.376765999999996,13.673005999999999,71.7687,71.8225,31.9436
710454027.9629395,52.379615,13.671624,71.6960,71.7498,31.8792
710454028.0123851,52.382464,13.670242,71.7723,71.8261,31.9636
710454028.0618315,52.385313,13.668859999999999,71.6893,71.7431,31.8883
710454028.1112771,52.388161999999994,13.667477,71.3636,71.4174,31.5703
710454028.1607225,52.391011,13.666094999999999,71.0762,71.1300,31.2905
710454028.2101681,52.39386,13.664712,71.2573,71.3111,31.4793
710454028.2596135,52.396708999999994,13.66333,71.6120,71.6657,31.8417
710454028.3090718,52.399558999999996,13.661945999999999,71.8552,71.9089,32.0926
710454028.3585174,52.402407999999994,13.660563,71.8194,71.8732,32.0645
710454028.4079628,52.405257,13.65918,71.8842,71.9380,32.1370
710454028.4573956,52.408105,13.657796999999999,69.2164,69.2702,29.4769
710454028.5068283,52.410953,13.656414,69.2278,69.2816,29.4959
710454028.5562739,52.413802,13.65503,68.8808,68.9345,29.1566
710454028.605732,52.416652,13.653646,68.5505,68.6042,28.8340
710454028.6551647,52.4195,13.652263,65.0147,65.0684,25.3058
710454028.7046101,52.422349,13.650877999999999,71.8441,71.8978,32.1429
710454028.7540429,52.425197,13.649495,71.7680,71.8217,32.0745
710454028.8035011,52.428045999999995,13.648109999999999,71.7778,71.8316,32.0920
710454028.8529468,52.430895,13.646725,71.1847,71.2385,31.5066
710454028.9023795,52.433743,13.645341,70.8044,70.8581,31.1340
710454028.9518249,52.436592,13.643956,70.7551,70.8088,31.0923
710454029.0012832,52.439442,13.642571,70.7623,70.8160,31.1072
710454029.050715,52.44229,13.641186,70.9850,71.0387,31.3371
710454029.1001735,52.445139,13.6398,71.3384,71.3921,31.6977
710454029.149607,52.447987,13.638415,71.4945,71.5481,31.8610
710454029.1990528,52.450835999999995,13.637029,58.5675,58.6212,18.9413
710454029.2484989,52.453685,13.635644,58.7443,58.7979,19.1253
710454029.297945,52.456534,13.634257999999999,58.8079,58.8616,19.1962
710454029.3473909,52.459382,13.632871999999999,59.6405,59.6941,20.0359
712786823.718962,52.330757,13.699973,62.5064,62.5916,22.5810
712786823.7683947,52.333605,13.698594,63.6148,63.7001,23.6990
712786823.8178403,52.336453999999996,13.697215,64.2256,64.3109,24.3193
712786823.867286,52.339304,13.695834999999999,84.1993,84.2846,44.3024
712786823.9167314,52.342152999999996,13.694455999999999,74.0463,74.1315,34.1589
712786823.966177,52.345002,13.693076,66.8879,66.9731,27.0100
712786824.0156224,52.347851,13.691695999999999,67.8964,67.9816,28.0275
712786824.065067,52.350699999999996,13.690316,68.6801,68.7653,28.8192
712786824.1145124,52.35355,13.688936,63.4675,63.5527,23.6145
712786824.1639452,52.356398,13.687555999999999,63.9373,64.0225,24.0922
712786824.2134035,52.359248,13.686174999999999,72.0755,72.1607,32.2383
712786824.2628362,52.362096,13.684795,72.0277,72.1128,32.1983
712786824.3122945,52.364945999999996,13.683413999999999,71.9659,72.0510,32.1445
712786824.3617272,52.367795,13.682032999999999,71.9331,72.0182,32.1196
712786824.4111855,52.370644,13.680651,71.9255,72.0106,32.1199
712786824.4606309,52.373494,13.679269999999999,68.6846,68.7697,28.8869
712786824.5100765,52.376343,13.677888999999999,71.9390,72.0241,32.1492
712786824.5595348,52.379193,13.676506999999999,71.8993,71.9844,32.1175
712786824.6089804,52.382042,13.675125,71.9457,72.0308,32.1718
712786824.6584258,52.384890999999996,13.673743,71.9109,71.9960,32.1449
712786824.7078712,52.38774,13.672360999999999,71.8760,71.9611,32.1179
712786824.7573166,52.390589,13.670978999999999,70.7265,70.8116,30.9763
712786824.8067622,52.393437999999996,13.669597,70.4871,70.5722,30.7449
712786824.8562081,52.396287,13.668213999999999,70.4876,70.5727,30.7533
712786824.9056542,52.399136,13.666832,70.7799,70.8650,31.0535
712786824.9551129,52.401984999999996,13.665448,71.8784,71.9635,32.1599
712786825.0045595,52.404834,13.664066,71.8266,71.9117,32.1160
712786825.0540061,52.407683,13.662682,71.8987,71.9838,32.1957
712786825.1034646,52.410533,13.661299,71.9028,71.9879,32.2073
712786825.1529107,52.413382,13.659915,68.4036,68.4887,28.7156
712786825.2023566,52.416230999999996,13.658532,67.7785,67.8636,28.0981
712786825.2518027,52.41908,13.657148,65.8203,65.9054,26.1474
712786825.301261,52.421929,13.655764,62.7051,62.7902,23.0398
712786825.3507063,52.424777999999996,13.65438,71.7972,71.8823,32.1394
712786825.400152,52.427627,13.652996,71.8470,71.9321,32.1968
712786825.4496102,52.430476999999996,13.651610999999999,71.7906,71.8757,32.1479
712786825.4990685,52.433326,13.650226,71.7457,71.8308,32.1106
712786825.5485139,52.436175,13.648842,71.7174,71.8025,32.0898
712786825.5979595,52.439023999999996,13.647457,71.7661,71.8511,32.1459
712786825.6474178,52.441873,13.646072,71.7356,71.8206,32.1230
712786825.6968632,52.444722,13.644687,71.7116,71.7966,32.1065
712786825.7463214,52.447572,13.643301,71.7852,71.8702,32.1877
712786825.7957671,52.45042,13.641916,71.8735,71.9585,32.2835
712786825.8452125,52.453269,13.64053,68.4253,68.5103,28.8429
712786825.8946707,52.456119,13.639144,61.5194,61.6044,21.9445
712786825.9441161,52.458966999999994,13.637758,57.6091,57.6941,18.0417
715119621.2025743,52.332389,13.678841,73.2784,73.3441,33.3198
715119621.2520199,52.335238,13.67746,73.2351,73.3008,33.2847
715119621.3014655,52.338086999999994,13.676079,80.7405,80.8062,40.7983
715119621.3509109,52.340936,13.674698,83.2094,83.2751,43.2753
715119621.4003565,52.343785,13.673316,85.6262,85.6919,45.7002
715119621.4498148,52.346635,13.671934,71.6332,71.6989,31.7154
715119621.4992602,52.349484,13.670553,71.7542,71.8199,31.8446
715119621.5487058,52.352332999999994,13.669170999999999,72.1273,72.1930,32.2259
715119621.5981386,52.355180999999995,13.667788999999999,72.0678,72.1335,32.1745
715119621.6475968,52.358031,13.666407,72.0147,72.0804,32.1295
715119621.6970425,52.360879,13.665023999999999,72.0797,72.1454,32.2027
715119621.7464879,52.363727999999995,13.663642,71.8185,71.8842,31.9497
715119621.7959206,52.366575999999995,13.66226,71.0341,71.0998,31.1734
715119621.8453662,52.369425,13.660877,71.5312,71.5969,31.6787
715119621.8948247,52.372274999999995,13.659493999999999,72.0197,72.0854,32.1753
715119621.9442708,52.375124,13.658109999999999,71.9910,72.0567,32.1548
715119621.9937167,52.377973,13.656727,71.9450,72.0107,32.1170
715119622.0431633,52.380821,13.655344,72.0169,72.0826,32.1966
715119622.0926099,52.383669999999995,13.65396,71.9809,72.0466,32.1684
715119622.1420431,52.386517999999995,13.652576999999999,71.9256,71.9913,32.1208
715119622.1914892,52.389367,13.651193,72.0123,72.0780,32.2152
715119622.240948,52.392216999999995,13.649809,71.9606,72.0262,32.1711
715119622.2903812,52.395064999999995,13.648425,71.9102,71.9759,32.1285
715119622.3398392,52.397914,13.647039999999999,71.8510,71.9167,32.0770
715119622.3892846,52.400763,13.645655999999999,71.8642,71.9298,32.0979
715119622.4387176,52.403611,13.644271999999999,71.6436,71.7092,31.8850
715119622.4881759,52.406459999999996,13.642885999999999,71.3547,71.4204,31.6039
715119622.5376086,52.409307999999996,13.641502,71.5059,71.5716,31.7628
715119622.5870669,52.412158,13.640115999999999,70.6836,70.7492,30.9482
715119622.6364996,52.415005,13.638732,70.4556,70.5212,30.7278
715119622.6859579,52.417854999999996,13.637345999999999,68.5536,68.6193,28.8336
715119622.7353907,52.420702999999996,13.635961,71.6190,71.6846,31.9067
715119622.7848489,52.423552,13.634575,71.3432,71.4088,31.6386
715119622.8342817,52.4264,13.633189,71.7012,71.7668,32.0043
715119622.88374,52.429249,13.631803,71.8370,71.9026,32.1479
715119622.9331853,52.432097999999996,13.630417,71.7849,71.8505,32.1035
715119622.982631,52.434946,13.629031,71.8297,71.8953,32.1560
715119623.032088,52.437796,13.627644,71.8384,71.9040,32.1722
715119623.0815208,52.440642999999994,13.626258,71.7844,71.8500,32.1254
715119623.1309664,52.443492,13.624870999999999,71.8506,71.9162,32.1990
715119623.1804247,52.446341,13.623484,71.8271,71.8927,32.1828
715119623.2298574,52.449189,13.622097,71.7762,71.8418,32.1392
715119623.2793155,52.452037999999995,13.620709999999999,70.6276,70.6932,30.9979
715119623.3287611,52.454885999999995,13.619321999999999,69.1891,69.2547,29.5668
715119623.3782065,52.457735,13.617935,71.9989,72.0645,32.3839
717452424.0808506,52.331832,13.684463,73.2313,73.2345,33.2156
717452424.1302962,52.334680999999996,13.683081999999999,73.2799,73.2831,33.2723
717452424.1797416,52.33753,13.681702,71.8952,71.8984,31.8957
717452424.2291873,52.340379,13.680321,70.3312,70.3344,30.3398
717452424.2786326,52.343227999999996,13.678939999999999,70.1926,70.1958,30.2093
717452424.3280783,52.346077,13.677558999999999,70.7304,70.7336,30.7551
717452424.3775237,52.348926999999996,13.676177,71.2635,71.2667,31.2963
717452424.4269693,52.351776,13.674795999999999,71.8423,71.8455,31.8832
717452424.476402,52.354624,13.673414999999999,72.1657,72.1689,32.2147
717452424.5258477,52.357473,13.672032999999999,72.1127,72.1160,32.1699
717452424.5752804,52.360321,13.670651,72.1787,72.1820,32.2440
717452424.6247387,52.363170999999994,13.669269,72.1246,72.1279,32.1979
717452424.6741843,52.36602,13.667886999999999,72.1273,72.1306,32.2087
717452424.7236304,52.368869,13.666504,71.8485,71.8518,31.9380
717452424.7730637,52.371717,13.665122,71.4611,71.4644,31.5587
717452424.8225098,52.374565999999994,13.663739999999999,72.0648,72.0681,32.1705
717452424.8719559,52.377415,13.662357,72.0568,72.0601,32.1706
717452424.9214017,52.380264,13.660974,72.0977,72.1010,32.2195
717452424.970835,52.383112,13.659590999999999,72.0298,72.0331,32.1597
717452425.0202808,52.385960999999995,13.658208,72.0013,72.0046,32.1392
717452425.0697386,52.38881,13.656823999999999,72.0935,72.0968,32.2390
717452425.1191843,52.391659,13.655439999999999,72.0393,72.0426,32.1926
717452425.168617,52.394507,13.654057,72.0010,72.0044,32.1620
717452425.2180626,52.397355999999995,13.652673,72.0848,72.0881,32.2534
717452425.267508,52.400205,13.651289,72.0431,72.0465,32.2195
717452425.3169408,52.403053,13.649904999999999,71.3397,71.3430,31.5237
717452425.3663864,52.405901,13.648520999999999,71.1178,71.1212,31.3095
717452425.415832,52.40875,13.647136999999999,70.7905,70.7939,30.9900
717452425.4652648,52.411598,13.645752,70.7888,70.7922,30.9959
717452425.5147231,52.414448,13.644366999999999,69.9954,69.9988,30.2103
717452425.5641558,52.417296,13.642983,68.2570,68.2604,28.4795
717452425.6136014,52.420144,13.641598,66.1862,66.1896,26.4164
717452425.6630471,52.422993,13.640212,64.6461,64.6496,24.8841
717452425.7124925,52.425841999999996,13.638827,64.8892,64.8926,25.1348
717452425.7619379,52.428689999999996,13.637440999999999,71.9009,71.9044,32.1542
717452425.8113835,52.431539,13.636056,71.6521,71.6556,31.9132
717452425.8608289,52.434388,13.63467,71.6813,71.6848,31.9500
717452425.9102614,52.437235,13.633284,71.7170,71.7205,31.9935
717452425.9597197,52.440084999999996,13.631898,71.8135,71.8170,32.0976
717452426.0091653,52.442933,13.630511,71.9446,71.9481,32.2363
717452426.0586119,52.445781999999994,13.629125,71.9077,71.9113,32.2067
717452426.1080575,52.448631,13.627737999999999,71.9627,71.9662,32.2688
717452426.1575031,52.451479,13.626351999999999,70.8289,70.8324,31.1422
717452426.2069614,52.454328,13.624963999999999,62.6786,62.6821,22.9992
717452426.2563939,52.457176,13.623578,63.1380,63.1415,23.4657
719785223.4246752,52.330585,13.692378999999999,65.9272,65.8791,25.8595
719785223.4741209,52.333434,13.690999,66.6314,66.5834,26.5725
719785223.523566,52.336282999999995,13.689618999999999,67.6184,67.5703,27.5683
719785223.5730114,52.339132,13.688238,87.1744,87.1264,47.1331
719785223.622457,52.341981999999994,13.686857999999999,89.7110,89.6630,49.6785
719785223.6719024,52.344831,13.685476999999999,69.0770,69.0290,29.0532
719785223.721348,52.34768,13.684097,69.7097,69.6617,29.6948
719785223.7707934,52.350528999999995,13.682716,70.4850,70.4370,30.4788
719785223.8202391,52.353378,13.681334999999999,71.0025,70.9546,31.0052
719785223.8696847,52.356227,13.679953,72.1463,72.0984,32.1577
719785223.9191301,52.359075999999995,13.678571999999999,72.1535,72.1055,32.1737
719785223.9685757,52.361925,13.677190999999999,72.0992,72.0513,32.1282
719785224.0180202,52.364774,13.675809,72.1664,72.1185,32.2038
719785224.0674658,52.367622999999995,13.674427,72.1358,72.0879,32.1810
719785224.116924,52.370473,13.673045,72.2498,72.2019,32.3028
719785224.1663702,52.373321999999995,13.671662999999999,72.2126,72.1648,32.2734
719785224.2158163,52.376171,13.67028,72.1388,72.0910,32.2073
719785224.2652624,52.37902,13.668897999999999,72.0785,72.0306,32.1547
719785224.3147082,52.381868999999995,13.667515,72.0361,71.9882,32.1201
719785224.3641543,52.384718,13.666132999999999,71.9527,71.9048,32.0444
719785224.4136004,52.387566,13.66475,71.4395,71.3917,31.5390
719785224.463059,52.390415999999995,13.663366,71.7488,71.7010,31.8561
719785224.5125048,52.393265,13.661983,72.0584,72.0106,32.1735
719785224.5619507,52.396114,13.660599999999999,72.1140,72.0662,32.2368
719785224.611409,52.398964,13.659215999999999,72.0033,71.9555,32.1339
719785224.6608546,52.401812,13.657833,71.9540,71.9063,32.0924
719785224.7102873,52.40466,13.656448999999999,71.9360,71.8883,32.0822
719785224.759733,52.407509,13.655064999999999,72.0881,72.0403,32.2419
719785224.809191,52.410359,13.653680999999999,69.8587,69.8109,30.0203
719785224.858624,52.413207,13.652296999999999,69.7897,69.7419,29.9591
719785224.9080694,52.416056,13.650913,69.0003,68.9526,29.1774
719785224.9575276,52.418904999999995,13.649528,66.9326,66.8849,27.1175
719785225.0069733,52.421754,13.648143,72.1228,72.0751,32.3155
719785225.056407,52.424602,13.646758,72.0132,71.9655,32.2133
719785225.1058652,52.427451,13.645373,71.9469,71.8992,32.1545
719785225.155298,52.430299,13.643988,71.8974,71.8497,32.1124
719785225.204756,52.433149,13.642603,71.9495,71.9018,32.1720
719785225.2541888,52.435997,13.641217999999999,71.9141,71.8665,32.1441
719785225.3036344,52.438845,13.639832,71.8792,71.8316,32.1166
719785225.3530798,52.441694,13.638446,71.8596,71.8120,32.1045
719785225.4025381,52.444542999999996,13.63706,71.9160,71.8684,32.1683
719785225.4519837,52.447392,13.635674,71.8881,71.8405,32.1479
719785225.5014291,52.450241,13.634288,72.0010,71.9535,32.2684
719785225.5508747,52.453089,13.632900999999999,76.3499,76.3024,36.6247
719785225.6003201,52.455937999999996,13.631515,76.4054,76.3579,36.6877
719785225.6497657,52.458785999999996,13.630128,76.4114,76.3639,36.7011
722118020.3067002,52.331824,13.698017,63.6649,63.6242,23.6159
722118020.3561461,52.334674,13.696636999999999,85.0787,85.0380,45.0383
722118020.4055922,52.337523,13.695257999999999,87.7202,87.6795,47.6884
722118020.4550383,52.340371999999995,13.693878,90.2260,90.1853,50.2028
722118020.5044842,52.343221,13.692497999999999,74.0448,74.0042,34.0302
722118020.5539303,52.34607,13.691118,67.6091,67.5685,27.6031
722118020.6033764,52.34892,13.689738,70.8757,70.8351,30.8783
722118020.6528218,52.351769,13.688357,70.0836,70.0430,30.0948
722118020.7022674,52.354617999999995,13.686976999999999,71.3044,71.2638,31.3242
722118020.7517128,52.357467,13.685595999999999,72.4852,72.4445,32.5134
722118020.8011584,52.360316,13.684215,72.1796,72.1389,32.2164
722118020.8506167,52.363166,13.682834,72.1097,72.0691,32.1551
722118020.9000623,52.366015,13.681452,72.0674,72.0268,32.1214
722118020.9495206,52.368865,13.680071,72.0388,71.9982,32.1014
722118020.998966,52.371714,13.678688999999999,72.1351,72.0945,32.2063
722118021.0484126,52.374562999999995,13.677308,72.2160,72.1754,32.2950
722118021.097858,52.377412,13.675925999999999,72.0216,71.9810,32.1083
722118021.1473033,52.380261,13.674544,72.0914,72.0508,32.1858
722118021.196749,52.383109999999995,13.673162,72.0512,72.0106,32.1533
722118021.2462072,52.385959,13.671778999999999,72.0293,71.9888,32.1393
722118021.2956526,52.388808,13.670397,72.1248,72.0843,32.2425
722118021.3451109,52.391658,13.669013999999999,71.1527,71.1122,31.2781
722118021.3945565,52.394507,13.667631,71.4539,71.4133,31.5871
722118021.4440019,52.397355999999995,13.666248999999999,71.7915,71.7509,31.9324
722118021.4934475,52.400205,13.664866,72.0529,72.0123,32.2015
722118021.5429058,52.403054,13.663482,71.9984,71.9578,32.1547
722118021.5923638,52.405904,13.662099,71.9487,71.9081,32.1128
722118021.6418095,52.408753,13.660715,72.0404,71.9998,32.2122
722118021.6912677,52.411601999999995,13.659331,88.7464,88.7059,48.9260
722118021.740726,52.414452,13.657947,89.0319,88.9914,49.2193
722118021.7901716,52.417300999999995,13.656563,67.6874,67.6469,27.8825
722118021.839617,52.420148999999995,13.655178999999999,65.0943,65.0538,25.2971
722118021.8890755,52.422999,13.653794999999999,63.0703,63.0298,23.2808
722118021.9385214,52.425847999999995,13.65241,71.8619,71.8214,32.0802
722118021.9879804,52.428697,13.651024999999999,71.3978,71.3573,31.6238
722118022.0374258,52.431546,13.649640999999999,70.2904,70.2499,30.5239
722118022.0868714,52.434394999999995,13.648256,70.2755,70.2350,30.5163
722118022.1363301,52.437244,13.646870999999999,70.4452,70.4047,30.6934
722118022.1857889,52.440093999999995,13.645484999999999,70.4562,70.4157,30.7117
722118022.235235,52.442941999999995,13.6441,71.2819,71.2414,31.5448
722118022.2846937,52.445792,13.642714,71.8181,71.7777,32.0884
722118022.3341393,52.44864,13.641328999999999,71.8212,71.7808,32.0988
722118022.3835976,52.45149,13.639942,69.3301,69.2897,29.6151
722118022.433043,52.454338,13.638556999999999,68.2487,68.2083,28.5410
722118022.4825013,52.457187999999995,13.63717,67.1133,67.0729,27.4130
724450819.5626516,52.331067,13.682285,68.2538,68.2562,28.2278
724450819.6120973,52.333915999999995,13.680904,68.2369,68.2393,28.2198
724450819.6615427,52.336765,13.679523,67.8489,67.8513,27.8407
724450819.7109883,52.339614,13.678142,69.7079,69.7103,29.7086
724450819.7604342,52.342462999999995,13.676760999999999,70.2535,70.2559,30.2632
724450819.8098929,52.345312,13.675379,70.7957,70.7981,30.8144
724450819.859339,52.348161,13.673998,71.1580,71.1604,31.1856
724450819.9087977,52.351011,13.672616,71.6078,71.6102,31.6443
724450819.9582436,52.35386,13.671234,72.0558,72.0582,32.1012
724450820.0077021,52.356708999999995,13.669851,71.9820,71.9844,32.0362
724450820.0571601,52.359559,13.668469,72.0733,72.0757,32.1353
724450820.106606,52.362407999999995,13.667086,71.9651,71.9675,32.0348
724450820.1560521,52.365257,13.665704,71.7315,71.7339,31.8089
724450820.2055104,52.368106,13.664321,71.1502,71.1526,31.2354
724450820.2549558,52.370954999999995,13.662937999999999,71.2516,71.2540,31.3445
724450820.3044014,52.373804,13.661555,71.9395,71.9419,32.0401
724450820.3538597,52.376653,13.660172,71.9181,71.9205,32.0265
724450820.4033179,52.379503,13.658788,71.9994,72.0018,32.1155
724450820.4527633,52.382351,13.657404999999999,71.9299,71.9323,32.0538
724450820.5022216,52.385200999999995,13.656020999999999,72.0613,72.0637,32.1929
724450820.5516672,52.388048999999995,13.654637,71.9957,71.9981,32.1351
724450820.6011255,52.390899,13.653253,71.9535,71.9559,32.1007
724450820.6505709,52.393747999999995,13.651869,71.9003,71.9027,32.0552
724450820.7000291,52.396597,13.650485,71.8209,71.8233,31.9836
724450820.7494745,52.399446,13.649099999999999,71.6612,71.6636,31.8316
724450820.7989328,52.402294999999995,13.647715999999999,71.2589,71.2613,31.4370
724450820.8483784,52.405144,13.646331,71.0539,71.0563,31.2398
724450820.8978238,52.407992,13.644946,71.0171,71.0195,31.2107
724450820.9472821,52.410841999999995,13.643561,70.9255,70.9279,31.1268
724450820.9967403,52.413691,13.642176,70.5241,70.5265,30.7332
724450821.0461867,52.41654,13.640791,68.9143,68.9167,29.1309
724450821.095645,52.419388999999995,13.639405,70.0987,70.1011,30.3229
724450821.1450906,52.422236999999996,13.638019,71.3538,71.3562,31.5856
724450821.1945488,52.425087,13.636633,71.7671,71.7695,32.0064
724450821.2439942,52.427935,13.635247999999999,71.9050,71.9074,32.1519
724450821.2934525,52.430783999999996,13.633861,71.8497,71.8521,32.1041
724450821.3428981,52.433633,13.632475,71.9320,71.9344,32.1940
724450821.3923564,52.436482,13.631089,71.8788,71.8812,32.1484
724450821.4418149,52.439330999999996,13.629702,71.8373,71.8397,32.1145
724450821.4912736,52.442181,13.628314999999999,71.7892,71.7916,32.0739
724450821.5407197,52.445029,13.626928,71.8406,71.8430,32.1329
724450821.5901785,52.447877999999996,13.625541,71.8301,71.8325,32.1300
724450821.6396372,52.450727,13.624153,71.0211,71.0235,31.3285
724450821.689096,52.453576999999996,13.622765999999999,70.1093,70.1117,30.4243
724450821.7385547,52.456426,13.621378,68.0642,68.0666,28.3867
724450821.7880135,52.459275,13.61999,72.1730,72.1754,32.5031
726783621.7615926,52.330093999999995,13.69051,75.7838,75.8115,35.7891
726783621.811038,52.332943,13.689129999999999,74.4132,74.4409,34.4280
726783621.8604841,52.335792,13.687749,68.2021,68.2297,28.2264
726783621.9099302,52.338640999999996,13.686369,69.8317,69.8593,29.8656
726783621.9593761,52.34149,13.684987999999999,74.7954,74.8230,34.8388
726783622.0088356,52.344339999999995,13.683606999999999,69.0618,69.0894,29.1145
726783622.0582819,52.347189,13.682226,69.6383,69.6659,29.6989
726783622.107728,52.350038,13.680845,71.9177,71.9452,31.9861
726783622.1571741,52.352886999999996,13.679464,72.5590,72.5866,32.6353
726783622.20662,52.355736,13.678082,72.0549,72.0825,32.1391
726783622.2560658,52.358585,13.676701,72.0299,72.0574,32.1219
726783622.3055241,52.361435,13.675319,72.0871,72.1147,32.1870
726783622.3549695,52.364284,13.673936999999999,72.0742,72.1018,32.1820
726783622.4044151,52.367132999999995,13.672555,72.0419,72.0694,32.1576
726783622.4538605,52.369982,13.671173,72.0383,72.0659,32.1619
726783622.5033188,52.372831,13.669789999999999,70.4716,70.4992,30.6031
726783622.552777,52.375681,13.668407,72.0090,72.0365,32.1483
726783622.6022227,52.37853,13.667024,71.9646,71.9922,32.1118
726783622.6516681,52.381378,13.665642,71.9612,71.9887,32.1162
726783622.7011263,52.384228,13.664258,71.8956,71.9231,32.0585
726783622.7505722,52.387077,13.662875,71.5861,71.6136,31.7569
726783622.8000176,52.389925999999996,13.661491999999999,71.6777,71.7052,31.8563
726783622.8494759,52.392775,13.660108,71.9827,72.0102,32.1692
726783622.8989341,52.395624999999995,13.658724,71.9612,71.9887,32.1556
726783622.9483795,52.398472999999996,13.657340999999999,72.0254,72.0529,32.2276
726783622.9978507,52.401323999999995,13.655956,71.9867,72.0142,32.1969
726783623.0472949,52.404171999999996,13.654572,71.9711,71.9986,32.1889
726783623.0967405,52.407021,13.653188,89.1918,89.2193,49.4172
726783623.1461987,52.409870999999995,13.651803,75.0023,75.0298,35.2353
726783623.1956441,52.412718999999996,13.650419,74.9135,74.9410,35.1541
726783623.2451024,52.415569,13.649033999999999,75.3462,75.3737,35.5943
726783623.294548,52.418417,13.647649,74.9204,74.9479,35.1761
726783623.3440063,52.421267,13.646263999999999,75.1231,75.1506,35.3864
726783623.3934517,52.424115,13.644879,71.9090,71.9365,32.1799
726783623.44291,52.426964999999996,13.643493,71.9432,71.9707,32.2217
726783623.4923556,52.429812999999996,13.642107999999999,71.9039,71.9314,32.1900
726783623.5418141,52.432663,13.640722,71.8611,71.8885,32.1548
726783623.5912602,52.435511,13.639337,71.9270,71.9544,32.2283
726783623.6407189,52.438361,13.63795,71.8733,71.9007,32.1822
726783623.690165,52.441209,13.636564,71.8394,71.8668,32.1559
726783623.7396109,52.444058,13.635178,71.8272,71.8546,32.1513
726783623.7890699,52.446906999999996,13.633792,71.8824,71.9098,32.2141
726783623.8385286,52.449756,13.632404999999999,71.9450,71.9724,32.2843
726783623.8879745,52.452605,13.631018,75.9988,76.0262,36.3457
726783623.9374332,52.455453999999996,13.629631,76.2822,76.3096,36.6367
726783623.9868915,52.458303,13.628243999999999,76.1790,76.2064,36.5411
729116423.6763594,52.330309,13.688652999999999,73.2839,73.2891,33.2648
729116423.725805,52.333158,13.687273,73.3214,73.3266,33.3116
729116423.7752504,52.336006999999995,13.685893,67.9747,67.9799,27.9743
729116423.8246961,52.338856,13.684512999999999,66.8560,66.8612,26.8649
729116423.8741415,52.341705,13.683133,69.2948,69.3000,29.3130
729116423.9235871,52.344555,13.681752999999999,69.5684,69.5736,29.5959
729116423.9730327,52.347404,13.680373,70.1511,70.1563,30.1879
729116424.0224781,52.350252999999995,13.678992,70.5518,70.5570,30.5972
729116424.0719247,52.353102,13.677612,71.1178,71.1230,31.1710
729116424.1213701,52.355951,13.676231,72.0943,72.0995,32.1554
729116424.1708157,52.358799999999995,13.67485,71.9907,71.9959,32.0596
729116424.2202611,52.361649,13.673468999999999,71.9535,71.9587,32.0302
729116424.2697065,52.364498,13.672087,72.0227,72.0279,32.1073
729116424.3191521,52.367346999999995,13.670706,71.9905,71.9957,32.0829
729116424.3685975,52.370196,13.669324,70.4341,70.4393,30.5343
729116424.4180431,52.373045,13.667943,70.6330,70.6382,30.7410
729116424.4674885,52.375893999999995,13.666561,71.9317,71.9369,32.0475
729116424.5169468,52.378744,13.665178,71.9271,71.9323,32.0507
729116424.5663924,52.381592999999995,13.663796,71.8942,71.8994,32.0256
729116424.6158378,52.384442,13.662414,71.9188,71.9240,32.0580
729116424.6652834,52.387291,13.661031,71.6400,71.6452,31.7870
729116424.7147288,52.390139999999995,13.659649,71.6849,71.6901,31.8397
729116424.7641745,52.392989,13.658266,71.7727,71.7779,31.9354
729116424.8136327,52.395838,13.656882999999999,71.8907,71.8959,32.0612
729116424.8630784,52.398686999999995,13.655498999999999,71.8236,71.8288,32.0019
729116424.912524,52.401536,13.654116,71.8026,71.8078,31.9887
729116424.9619701,52.404385,13.652733,71.3823,71.3875,31.5762
729116425.0114279,52.407235,13.651349,71.0390,71.0442,31.2407
729116425.0608737,52.410083,13.649965,70.2101,70.2153,30.4194
729116425.1103196,52.412932,13.648581,69.9791,69.9843,30.1959
729116425.1597657,52.415780999999996,13.647197,69.6276,69.6328,29.8520
729116425.2092245,52.418631,13.645812999999999,66.5912,66.5964,26.8232
729116425.2586706,52.421479999999995,13.644428,65.8980,65.9032,26.1376
729116425.3081164,52.424327999999996,13.643044,71.8149,71.8201,32.0620
729116425.3575747,52.427178,13.641658999999999,71.8021,71.8073,32.0568
729116425.4070203,52.430026999999995,13.640274,71.8606,71.8658,32.1229
729116425.4564786,52.432876,13.638888999999999,71.8221,71.8273,32.0921
729116425.505924,52.435725,13.637504,71.7945,71.7997,32.0720
729116425.5553696,52.438573,13.636118999999999,71.8654,71.8706,32.1505
729116425.6048279,52.441423,13.634732999999999,71.8172,71.8224,32.1099
729116425.6542606,52.444271,13.633348,71.7591,71.7643,32.0594
729116425.7037189,52.44712,13.631962,71.7081,71.7133,32.0159
729116425.7531645,52.449968999999996,13.630576,71.7247,71.7299,32.0401
729116425.8026228,52.452818,13.629189,69.9325,69.9377,30.2555
729116425.8520682,52.455667,13.627803,69.1773,69.1825,29.5079
729116425.9015265,52.458515999999996,13.626417,64.8488,64.8540,25.1869
731449221.8238859,52.33065,13.679032,73.6577,73.6050,33.5738
731449221.8733442,52.333498999999996,13.677651,73.1574,73.1047,33.0831
731449221.9227896,52.336348,13.676269999999999,73.7762,73.7235,33.7115
731449221.9722352,52.339197,13.674888999999999,80.2162,80.1634,40.1611
731449222.0216808,52.342045999999996,13.673506999999999,83.2565,83.2038,43.2102
731449222.0711377,52.344896,13.672125,71.6554,71.6027,31.6170
731449222.1205833,52.347744999999996,13.670744,71.9950,71.9423,31.9643
731449222.1700287,52.350594,13.669362,72.4122,72.3595,32.3894
731449222.2194743,52.353442,13.66798,72.3259,72.2733,32.3110
731449222.2689326,52.356291999999996,13.666597,72.1261,72.0734,32.1189
731449222.3183908,52.359142,13.665213999999999,72.1934,72.1407,32.1941
731449222.3678362,52.36199,13.663832,72.1753,72.1226,32.1838
731449222.4172816,52.364838999999996,13.662448999999999,71.5938,71.5411,31.6101
731449222.4667399,52.367689,13.661066,71.6448,71.5922,31.6690
731449222.5161855,52.370537999999996,13.659683,71.9427,71.8900,31.9746
731449222.5656309,52.373385999999996,13.658299999999999,72.2483,72.1957,32.2881
731449222.6150892,52.376236,13.656917,72.1768,72.1241,32.2244
731449222.6645348,52.379084999999996,13.655533,72.1398,72.0872,32.1952
731449222.7139802,52.381933,13.65415,72.0994,72.0468,32.1627
731449222.7634385,52.384783,13.652766,72.1683,72.1157,32.2394
731449222.8128841,52.387631,13.651382,72.1206,72.0680,32.1995
731449222.8623424,52.390480999999994,13.649998,72.1000,72.0474,32.1867
731449222.911788,52.39333,13.648613,72.0514,71.9988,32.1460
731449222.9612467,52.396179,13.647229,72.1191,72.0665,32.2215
731449223.0106936,52.399027999999994,13.645843999999999,72.0453,71.9927,32.1555
731449223.0601397,52.401875999999994,13.644459999999999,71.9160,71.8634,32.0339
731449223.1095858,52.404725,13.643075,71.8143,71.7618,31.9399
731449223.1590319,52.407574,13.641689999999999,71.8674,71.8148,32.0006
731449223.2084906,52.410422999999994,13.640303999999999,71.9067,71.8541,32.0476
731449223.2579365,52.413272,13.638919,73.5444,73.4919,33.6930
731449223.3073952,52.416121,13.637533999999999,70.7024,70.6499,30.8587
731449223.3568411,52.418969999999995,13.636147999999999,71.6310,71.5785,31.7950
731449223.4062991,52.421819,13.634762,71.6194,71.5668,31.7910
731449223.4557574,52.424668,13.633376,71.9427,71.8902,32.1220
731449223.5052028,52.427516999999995,13.63199,72.0060,71.9535,32.1930
731449223.554661,52.430366,13.630602999999999,72.0888,72.0363,32.2835
731449223.6041069,52.433215,13.629216999999999,71.9364,71.8840,32.1388
731449223.6535523,52.436063,13.627830999999999,72.0111,71.9586,32.2211
731449223.7030106,52.438911999999995,13.626444,71.9546,71.9021,32.1723
731449223.7524436,52.441759999999995,13.625057,71.9265,71.8741,32.1519
731449223.8019016,52.444609,13.623669999999999,72.0056,71.9532,32.2387
731449223.8513598,52.447458,13.622283,71.9732,71.9208,32.2140
731449223.9008055,52.450306999999995,13.620896,71.9074,71.8549,32.1558
731449223.9502637,52.453156,13.619508,84.9173,84.8649,45.1734
731449223.9997218,52.456005,13.61812,72.8851,72.8327,33.1489
731449224.0491664,52.458853,13.616733,72.1115,72.0591,32.3821
733782026.0977004,52.331305,13.68414,73.8902,73.7930,33.7716
733782026.1471715,52.334156,13.682758999999999,73.8419,73.7448,33.7315
733782026.1966295,52.337005,13.681377999999999,72.5405,72.4433,32.4382
733782026.2460878,52.339855,13.679997,68.5314,68.4343,28.4372
733782026.2955334,52.342704,13.678616,70.0763,69.9791,29.9902
733782026.3449788,52.345552999999995,13.677235,71.2625,71.1654,31.1846
733782026.3944371,52.348403,13.675854,71.4510,71.3538,31.3811
733782026.443908,52.351253,13.674472,69.3726,69.2755,29.3109
733782026.4933536,52.354102,13.67309,72.3809,72.2838,32.3273
733782026.5428119,52.356952,13.671709,73.3914,73.2943,33.3459
733782026.5922573,52.359801,13.670326999999999,71.9168,71.8198,31.8795
733782026.6417155,52.362649999999995,13.668944999999999,71.8401,71.7430,31.8109
733782026.6911738,52.3655,13.667563,71.8182,71.7212,31.7971
733782026.740632,52.368348999999995,13.666179999999999,72.0652,71.9681,32.0522
733782026.7900777,52.371198,13.664798,72.3925,72.2955,32.3877
733782026.8395486,52.374049,13.663414999999999,72.3484,72.2513,32.3516
733782026.8889942,52.376897,13.662032,72.1641,72.0671,32.1755
733782026.9384403,52.379746,13.660649,72.0194,71.9224,32.0389
733782026.9878991,52.382596,13.659265999999999,72.0675,71.9705,32.0951
733782027.0373445,52.385444,13.657883,71.9871,71.8901,32.0225
733782027.0868027,52.388293999999995,13.6565,65.5648,65.4678,25.6079
733782027.1362615,52.391144,13.655116,66.4404,66.3434,26.4912
733782027.1857202,52.393992999999995,13.653732,73.2922,73.1953,33.3508
733782027.2351663,52.396842,13.652348,72.3424,72.2454,32.4086
733782027.284625,52.399691,13.650964,72.0036,71.9067,32.0775
733782027.3340707,52.402539999999995,13.64958,71.7926,71.6957,31.8743
733782027.383529,52.405389,13.648195999999999,71.3995,71.3025,31.4888
733782027.4329743,52.408238,13.646811999999999,73.2103,73.1134,33.3074
733782027.4824326,52.411086999999995,13.645427,72.0551,71.9582,32.1599
733782027.5318909,52.413937,13.644041999999999,70.6432,70.5463,30.7556
733782027.5813491,52.416785999999995,13.642657,69.0502,68.9533,29.1704
733782027.6308074,52.419635,13.641271999999999,67.3275,67.2307,27.4554
733782027.680253,52.422484,13.639887,66.7944,66.6975,26.9300
733782027.7297113,52.425332999999995,13.638501,71.3434,71.2466,31.4867
733782027.7791567,52.428182,13.637115999999999,67.1249,67.0281,27.2759
733782027.828615,52.431031,13.635729999999999,67.9776,67.8807,28.1363
733782027.8780732,52.433881,13.634343999999999,65.6576,65.5608,25.8240
733782027.9275188,52.436729,13.632959,66.3838,66.2870,26.5580
733782027.9769897,52.439578999999995,13.631572,68.4484,68.3516,28.6302
733782028.0264361,52.442428,13.630186,70.4574,70.3606,30.6467
733782028.0758944,52.445277,13.628798999999999,71.8192,71.7224,32.0157
733782028.1253653,52.448127,13.627412,71.8456,71.7488,32.0494
733782028.1748109,52.450975,13.626026,70.9830,70.8862,31.1940
733782028.2242692,52.453824,13.624639,70.2399,70.1431,30.4581
733782028.2737277,52.456674,13.623251999999999,76.1976,76.1009,36.4231
733782028.323173,52.459522,13.621865,72.2755,72.1788,32.5082
736114826.7519238,52.33032,13.690868,74.6247,74.5413,34.5200
736114826.8013821,52.333169999999996,13.689487999999999,74.1818,74.0984,34.0866
736114826.8508277,52.33602,13.688108,68.2780,68.1946,28.1923
736114826.900286,52.338868999999995,13.686727999999999,73.7310,73.6476,33.6549
736114826.9497442,52.341719,13.685347,74.2644,74.1810,34.1978
736114826.9991896,52.344567999999995,13.683966999999999,69.3213,69.2379,29.2642
736114827.048634,52.347417,13.682585999999999,70.8857,70.8023,30.8365
736114827.0980923,52.350266999999995,13.681204999999999,72.3258,72.2424,32.2845
736114827.1475377,52.353116,13.679825,72.7885,72.7051,32.7551
736114827.1969965,52.355965999999995,13.678443,72.2696,72.1862,32.2441
736114827.2464423,52.358815,13.677062,72.1874,72.1040,32.1697
736114827.2959011,52.361664999999995,13.675680999999999,72.1396,72.0562,32.1298
736114827.3453472,52.364514,13.674299,72.1976,72.1142,32.1957
736114827.3947933,52.367363,13.672918,72.1643,72.0809,32.1703
736114827.444252,52.370213,13.671536,72.2632,72.1798,32.2770
736114827.4936979,52.373062,13.670154,70.7785,70.6951,30.8002
736114827.5431569,52.375910999999995,13.668771999999999,72.1594,72.0760,32.1890
736114827.5926027,52.37876,13.66739,72.0941,72.0107,32.1316
736114827.6420486,52.381609,13.666006999999999,72.1540,72.0706,32.1993
736114827.6915069,52.384459,13.664625,71.9526,71.8693,32.0059
736114827.7409651,52.387308,13.663241999999999,71.2407,71.1574,31.3019
736114827.7904105,52.390156999999995,13.661859,71.6493,71.5660,31.7184
736114827.8398688,52.393007,13.660476,71.8279,71.7446,31.9048
736114827.889327,52.395855999999995,13.659092,71.9618,71.8785,32.0466
736114827.9387727,52.398705,13.657708999999999,72.1080,72.0247,32.2007
736114827.9882181,52.401554,13.656326,72.0684,71.9851,32.1689
736114828.0376773,52.404404,13.654942,71.3940,71.3107,31.5022
736114828.0871229,52.407253,13.653557999999999,70.4385,70.3552,30.5543
736114828.1365683,52.410101,13.652175,70.0223,69.9390,30.1457
736114828.1860266,52.412951,13.650789999999999,69.8430,69.7597,29.9740
736114828.2354848,52.4158,13.649405999999999,69.2461,69.1628,29.3846
736114828.2849302,52.418648999999995,13.648022,66.5257,66.4425,26.6719
736114828.3344014,52.421499,13.646637,65.2731,65.1899,25.4269
736114828.3838468,52.424347999999995,13.645252,72.1152,72.0320,32.2766
736114828.4332922,52.427197,13.643867,71.9747,71.8915,32.1437
736114828.4827504,52.430046,13.642482,71.9046,71.8214,32.0812
736114828.532196,52.432894999999995,13.641097,71.8773,71.7940,32.0615
736114828.581667,52.435745,13.639711,71.7549,71.6716,31.9467
736114828.6311126,52.438593999999995,13.638326,71.8973,71.8140,32.0967
736114828.6805708,52.441443,13.63694,71.9860,71.9027,32.1930
736114828.7300162,52.444292,13.635555,71.9545,71.8712,32.1691
736114828.7794745,52.447140999999995,13.634169,71.9293,71.8461,32.1515
736114828.8289201,52.44999,13.632783,71.9138,71.8306,32.1436
736114828.8783782,52.452839,13.631395999999999,69.8806,69.7974,30.1180
736114828.927824,52.455687,13.630009999999999,68.7694,68.6862,29.0144
736114828.9772828,52.458537,13.628623,62.4106,62.3274,22.6632
738447626.1641722,52.330079999999995,13.691879,74.0069,73.9898,33.9707
738447626.2136176,52.332929,13.690498999999999,73.9681,73.9510,33.9402
738447626.2630632,52.335778,13.689119999999999,65.2495,65.2324,25.2299
738447626.3125091,52.338628,13.68774,66.2215,66.2044,26.2102
738447626.3619425,52.341476,13.686361,66.4064,66.3892,26.4034
738447626.4113884,52.344325999999995,13.684980999999999,69.1738,69.1566,29.1791
738447626.4608219,52.347173999999995,13.683601,70.1107,70.0936,30.1243
738447626.5102677,52.350023,13.682221,70.1282,70.1110,30.1501
738447626.5597138,52.352872999999995,13.68084,67.2699,67.2527,27.3001
738447626.60916,52.355722,13.679459999999999,71.0011,70.9840,31.0397
738447626.6586058,52.358571,13.678078999999999,71.9147,71.8975,31.9616
738447626.7080517,52.361419999999995,13.676698,71.8656,71.8484,31.9207
738447626.7574973,52.364269,13.675317,72.0087,71.9916,32.0722
738447626.8069427,52.367118999999995,13.673936,72.0131,71.9959,32.0849
738447626.8563883,52.369968,13.672554,72.1383,72.1211,32.2184
738447626.905834,52.372817,13.671173,70.8681,70.8509,30.9564
738447626.9552796,52.375665999999995,13.669791,71.1300,71.1128,31.2267
738447627.0047252,52.378515,13.66841,71.7097,71.6925,31.8146
738447627.0541694,52.381364,13.667028,71.9626,71.9454,32.0752
738447627.1036022,52.384212999999995,13.665645999999999,71.8528,71.8356,31.9732
738447627.1530478,52.387062,13.664264,71.1123,71.0951,31.2403
738447627.2024932,52.389911,13.662880999999999,71.3284,71.3111,31.4641
738447627.2519388,52.392759999999996,13.661499,71.9416,71.9244,32.0851
738447627.3013716,52.395607999999996,13.660115999999999,72.0213,72.0041,32.1724
738447627.350817,52.398457,13.658733999999999,71.9568,71.9395,32.1156
738447627.4002626,52.401306,13.65735,72.0272,72.0100,32.1937
738447627.4496953,52.404154,13.655968,71.9741,71.9568,32.1483
738447627.4991536,52.407004,13.654584,70.6806,70.6634,30.8626
738447627.5485864,52.409852,13.653201,70.0976,70.0804,30.2872
738447627.5980318,52.412701,13.651817,69.8480,69.8307,30.0453
738447627.6474645,52.415549,13.650433999999999,68.9925,68.9753,29.1976
738447627.6968973,52.418397,13.649049999999999,66.8711,66.8538,27.0838
738447627.7463429,52.421246,13.647666,65.2614,65.2441,25.4818
738447627.7957885,52.424094999999994,13.646282,69.6311,69.6139,29.8592
738447627.8452213,52.426942999999994,13.644898,68.6670,68.6497,28.9028
738447627.894654,52.429792,13.643514,68.6150,68.5977,28.8585
738447627.9441123,52.432641,13.642128999999999,68.5946,68.5773,28.8458
738447627.9935455,52.435489,13.640744,68.7424,68.7251,29.0013
738447628.0429921,52.438337999999995,13.639358999999999,69.5364,69.5191,29.8026
738447628.0924385,52.441187,13.637974,71.0142,70.9969,31.2877
738447628.1418717,52.444035,13.636588999999999,71.6810,71.6637,31.9618
738447628.1913178,52.446884,13.635204,71.7450,71.7276,32.0331
738447628.2407637,52.449732999999995,13.633818,71.2785,71.2611,31.5738
738447628.2902098,52.452582,13.632432999999999,60.3962,60.3789,20.6989
738447628.339643,52.45543,13.631046999999999,76.3830,76.3657,36.6930
738447628.3890762,52.458278,13.629660999999999,62.6055,62.5882,22.9228
740780422.6970003,52.331697,13.697548,64.9616,65.0104,25.0005
740780422.746433,52.334545999999996,13.696169,64.4845,64.5332,24.5327
740780422.7958658,52.337395,13.69479,64.0801,64.1288,24.1377
740780422.8453112,52.340244,13.69341,64.7831,64.8318,24.8502
740780422.8947439,52.343092,13.692031,64.6403,64.6891,24.7168
740780422.9441895,52.345942,13.690650999999999,67.4388,67.4875,27.5246
740780422.9936094,52.34879,13.689271999999999,69.1850,69.2337,29.2802
740780423.0430539,52.351639,13.687890999999999,69.4212,69.4699,29.5245
740780423.0924866,52.354487,13.686511,65.5941,65.6428,25.7052
740780423.1419194,52.357336,13.685131,70.7151,70.7638,30.8341
740780423.191365,52.360184999999994,13.68375,72.1679,72.2165,32.2947
740780423.2407978,52.363034,13.682369999999999,71.9238,71.9724,32.0585
740780423.2902305,52.365882,13.680988999999999,71.8349,71.8836,31.9775
740780423.3396633,52.368731,13.679608,71.6888,71.7374,31.8392
740780423.389096,52.371579,13.678227,70.2902,70.3388,30.4485
740780423.4385288,52.374427,13.676846,71.6901,71.7387,31.8563
740780423.4879494,52.377275,13.675464999999999,71.9181,71.9667,32.0921
740780423.5373826,52.380123999999995,13.674083999999999,71.9712,72.0198,32.1532
740780423.5868287,52.382973,13.672702,71.5435,71.5921,31.7334
740780423.6362619,52.385821,13.67132,71.5604,71.6089,31.7581
740780423.6856952,52.38867,13.669938,70.4481,70.4967,30.6537
740780423.7351286,52.391518,13.668555999999999,69.8937,69.9423,30.1072
740780423.7845619,52.394366,13.667174,70.8874,70.9359,31.1087
740780423.8339951,52.397214999999996,13.665792,71.0028,71.0513,31.2320
740780423.8834283,52.400062999999996,13.664409,71.4804,71.5289,31.7174
740780423.9328611,52.402910999999996,13.663027,71.2354,71.2839,31.4803
740780423.9823065,52.405761,13.661643999999999,71.8475,71.8960,32.1003
740780424.0317395,52.408609,13.660261,71.7879,71.8364,32.0483
740780424.0811858,52.411457999999996,13.658876999999999,69.1978,69.2463,29.4658
740780424.1306186,52.414305999999996,13.657494,69.0010,69.0495,29.2765
740780424.1800513,52.417154,13.656111,75.7833,75.8318,36.0663
740780424.2294843,52.420002999999994,13.654727,75.9217,75.9702,36.2123
740780424.2789171,52.422850999999994,13.653343,68.6380,68.6865,28.9361
740780424.3283498,52.425698999999994,13.651959999999999,71.6421,71.6906,31.9477
740780424.3777952,52.428548,13.650575,70.9648,71.0133,31.2780
740780424.427228,52.431396,13.649191,68.8531,68.9016,29.1738
740780424.4766607,52.434244,13.647807,68.7766,68.8251,29.1048
740780424.5260935,52.437092,13.646422,68.7057,68.7540,29.0414
740780424.5755391,52.439941,13.645036999999999,68.9994,69.0477,29.3426
740780424.6249845,52.442789999999995,13.643652,71.5082,71.5565,31.8589
740780424.6744173,52.445637999999995,13.642266999999999,71.8584,71.9067,32.2167
740780424.72385,52.448485999999995,13.640882,75.9258,75.9741,36.2916
740780424.7732954,52.451335,13.639496999999999,76.3178,76.3661,36.6912
740780424.8227282,52.454183,13.638110999999999,76.4944,76.5427,36.8753
740780424.8721609,52.457031,13.636726,76.4652,76.5135,36.8536
740780424.9216065,52.45988,13.63534,76.4787,76.5270,36.8747
743113220.2210557,52.331030999999996,13.695703,64.2358,64.3105,24.2979
743113220.2705011,52.333881,13.694324,64.6983,64.7729,24.7688
743113220.3199339,52.336729,13.692945,65.6888,65.7634,25.7676
743113220.3693795,52.339579,13.691564999999999,64.9136,64.9882,25.0009
743113220.4188249,52.342428,13.690185999999999,64.0225,64.0971,24.1182
743113220.4682705,52.345276999999996,13.688806,67.0350,67.1096,27.1392
743113220.5177159,52.348126,13.687425999999999,69.1817,69.2563,29.2942
743113220.5671616,52.350975,13.686046,68.9929,69.0675,29.1139
743113220.6166072,52.353825,13.684664999999999,69.9906,70.0652,30.1200
743113220.6660526,52.356674,13.683285,70.5829,70.6575,30.7208
743113220.7154982,52.359522999999996,13.681904,71.3645,71.4390,31.5107
743113220.7649436,52.362372,13.680524,71.8711,71.9457,32.0258
743113220.8143892,52.365221,13.679143,71.9582,72.0327,32.1213
743113220.8638353,52.368069999999996,13.677762,72.0082,72.0827,32.1797
743113220.9132812,52.37092,13.67638,71.9511,72.0256,32.1310
743113220.9627273,52.373768999999996,13.674999,69.8964,69.9709,30.0847
743113221.0121739,52.376618,13.673618,70.6375,70.7120,30.8341
743113221.0616202,52.379467,13.672236,71.4167,71.4912,31.6210
743113221.1110663,52.382315999999996,13.670853999999999,71.9200,71.9944,32.1320
743113221.1605251,52.385166,13.669471999999999,71.8362,71.9107,32.0559
743113221.2099712,52.388014999999996,13.66809,71.5327,71.6072,31.7601
743113221.2594168,52.390864,13.666706999999999,71.3399,71.4144,31.5751
743113221.3088624,52.393713,13.665325,71.4971,71.5716,31.7399
743113221.3582952,52.396561,13.663943,71.9059,71.9804,32.1565
743113221.4077408,52.399409999999996,13.66256,71.9312,72.0057,32.1895
743113221.4571862,52.402259,13.661176999999999,71.8603,71.9347,32.1262
743113221.5066319,52.405108,13.659794,71.8652,71.9397,32.1389
743113221.5560901,52.407958,13.658411,71.8214,71.8958,32.1028
743113221.6055353,52.410807,13.657027,75.1472,75.2217,35.4363
743113221.6549809,52.413655999999996,13.655643999999999,75.5237,75.5981,35.8205
743113221.7044263,52.416505,13.654259999999999,75.5787,75.6531,35.8832
743113221.7538846,52.419354,13.652876,75.5371,75.6115,35.8493
743113221.8033304,52.422202999999996,13.651492,69.0642,69.1386,29.3841
743113221.8527758,52.425052,13.650108,69.6189,69.6933,29.9466
743113221.9022212,52.427901,13.648724,69.6111,69.6855,29.9464
743113221.9516795,52.430749999999996,13.647338999999999,71.2707,71.3452,31.6138
743113222.0011251,52.433599,13.645954999999999,70.7110,70.7854,31.0618
743113222.0505695,52.436448,13.64457,70.4667,70.5411,30.8248
743113222.1000278,52.439298,13.643184999999999,70.6254,70.6998,30.9908
743113222.1494734,52.442146,13.6418,70.8190,70.8934,31.1916
743113222.1989188,52.444995,13.640414999999999,71.3091,71.3834,31.6890
743113222.2483771,52.447845,13.639028999999999,71.3949,71.4692,31.7821
743113222.2978227,52.450693,13.637644,70.0752,70.1495,30.4697
743113222.3472681,52.453542,13.636258,76.3015,76.3758,36.7033
743113222.3967264,52.456392,13.634872,64.4020,64.4763,24.8111
743113222.446172,52.459239999999994,13.633486,76.4058,76.4802,36.8223
745446015.261117,52.332479,13.698411,74.8904,74.9517,34.9468
745446015.3105752,52.335328,13.697030999999999,88.7089,88.7702,48.7738
745446015.3600335,52.338178,13.695651999999999,65.6120,65.6733,25.6854
745446015.4094918,52.341027999999994,13.694272,68.4573,68.5186,28.5392
745446015.45895,52.343878,13.692891999999999,67.2208,67.2821,27.3111
745446015.5084083,52.346728,13.691512,67.4859,67.5472,27.5846
745446015.5578666,52.349578,13.690132,68.6600,68.7213,28.7672
745446015.6073248,52.352427999999996,13.688752,69.4300,69.4913,29.5457
745446015.6567829,52.355278,13.687370999999999,69.8565,69.9178,29.9807
745446015.706229,52.358126999999996,13.685991,64.2001,64.2614,24.3328
745446015.7556751,52.360976,13.68461,72.1130,72.1743,32.2542
745446015.8051338,52.363825999999996,13.68323,72.0391,72.1004,32.1888
745446015.8545797,52.366675,13.681849,71.9935,72.0548,32.1517
745446015.9040258,52.369524,13.680468,72.0728,72.1341,32.2395
745446015.9534719,52.372372999999996,13.679086999999999,68.5418,68.6031,28.7170
745446016.002943,52.375223999999996,13.677705,71.9723,72.0336,32.1560
745446016.0524008,52.378074,13.676323,71.9386,71.9999,32.1300
745446016.1018467,52.380922999999996,13.674942,72.0050,72.0663,32.2041
745446016.151305,52.383772,13.67356,71.9670,72.0283,32.1739
745446016.2007506,52.386621,13.672177999999999,71.9504,72.0117,32.1649
745446016.250196,52.389469999999996,13.670796,71.3280,71.3893,31.5502
745446016.2996542,52.39232,13.669414,70.4898,70.5511,30.7198
745446016.3490999,52.395168999999996,13.668031,71.0798,71.1411,31.3175
745446016.3985581,52.398019,13.666649,71.4727,71.5340,31.7181
745446016.4480035,52.400867999999996,13.665265999999999,71.9677,72.0290,32.2209
745446016.4974618,52.403717,13.663883,71.9276,71.9889,32.1885
745446016.5469074,52.406566,13.6625,71.8681,71.9294,32.1366
745446016.5963783,52.409416,13.661116,71.9786,72.0399,32.2549
745446016.6458366,52.412265999999995,13.659733,68.4386,68.4999,28.7226
745446016.695282,52.415115,13.658349999999999,68.3706,68.4319,28.6623
745446016.7447402,52.417964999999995,13.656965999999999,67.0163,67.0776,27.3158
745446016.7941985,52.420814,13.655581999999999,63.8672,63.9285,24.1744
745446016.8436441,52.423663,13.654198,71.9951,72.0564,32.3099
745446016.8931022,52.426511999999995,13.652814,71.9510,72.0123,32.2736
745446016.9425604,52.429362,13.651429,71.9029,71.9642,32.2332
745446016.9920061,52.432210999999995,13.650044999999999,71.8352,71.8965,32.1732
745446017.0414524,52.43506,13.648660999999999,71.7986,71.8599,32.1440
745446017.0909107,52.437909,13.647276,71.7780,71.8393,32.1308
745446017.1403689,52.440759,13.645890999999999,71.8387,71.9000,32.1987
745446017.1898272,52.443608,13.644506,71.7937,71.8550,32.1610
745446017.2392855,52.446456999999995,13.64312,71.7815,71.8428,32.1562
745446017.2887311,52.449306,13.641734999999999,71.8822,71.9435,32.2642
745446017.3381894,52.452155999999995,13.64035,56.9642,57.0255,17.3534
745446017.3876352,52.455003999999995,13.638964,57.2223,57.2836,17.6189
745446017.437094,52.457854,13.637578,57.8764,57.9377,18.2803
747778819.405098,52.330526,13.677643,73.5748,73.6137,33.5792
747778819.4545565,52.333375,13.676262,73.7865,73.8253,33.7994
747778819.5040274,52.336225999999996,13.67488,86.1777,86.2166,46.1992
747778819.5534856,52.339075,13.673499,81.0951,81.1340,41.1252
747778819.6029439,52.341924999999996,13.672118,83.6127,83.6515,43.6513
747778819.6523893,52.344774,13.670736,86.1399,86.1788,46.1871
747778819.7018602,52.347623999999996,13.669354,71.7830,71.8219,31.8387
747778819.7513182,52.350474,13.667971999999999,72.0102,72.0490,32.0744
747778819.8007638,52.353322999999996,13.66659,72.1949,72.2338,32.2677
747778819.8502221,52.356172,13.665208,72.0074,72.0463,32.0888
747778819.899693,52.359021999999996,13.663825,72.0872,72.1261,32.1772
747778819.9491384,52.361871,13.662443,72.0728,72.1117,32.1713
747778819.998584,52.36472,13.661061,71.5109,71.5498,31.6180
747778820.048054,52.36757,13.659678,71.6492,71.6881,31.7640
747778820.0974996,52.370419,13.658294999999999,71.8948,71.9338,32.0174
747778820.1469579,52.373267999999996,13.656912,72.1039,72.1428,32.2341
747778820.1964161,52.376118,13.655527999999999,72.0317,72.0706,32.1697
747778820.2458744,52.378966999999996,13.654145,71.9840,72.0229,32.1297
747778820.2953327,52.381817,13.652761,71.9642,72.0032,32.1176
747778820.3447781,52.384665,13.651378,72.0069,72.0458,32.1680
747778820.3942363,52.387515,13.649994,71.9733,72.0122,32.1421
747778820.4436822,52.390363,13.64861,71.9279,71.9669,32.1045
747778820.4931409,52.393212999999996,13.647226,71.9923,72.0313,32.1766
747778820.5425997,52.396062,13.645842,71.9584,71.9973,32.1504
747778820.5920587,52.398911999999996,13.644457,72.0485,72.0874,32.2482
747778820.6415174,52.401761,13.643072,71.8286,71.8676,32.0360
747778820.6909759,52.40461,13.641688,71.8471,71.8861,32.0623
747778820.7404346,52.40746,13.640303,71.6314,71.6703,31.8542
747778820.7898934,52.410309,13.638917,71.5683,71.6073,31.7989
747778820.8393393,52.413157999999996,13.637532,70.7745,70.8135,31.0128
747778820.8888104,52.416008,13.636147,71.0431,71.0821,31.2892
747778820.9382558,52.418856,13.634761,71.4595,71.4985,31.7133
747778820.987714,52.421704999999996,13.633376,71.4419,71.4809,31.7034
747778821.0371735,52.424555,13.63199,71.8457,71.8847,32.1148
747778821.0866315,52.427403999999996,13.630604,71.9132,71.9522,32.1897
747778821.1361024,52.430254,13.629216999999999,71.8683,71.9073,32.1524
747778821.1855481,52.433102,13.627830999999999,71.8264,71.8654,32.1180
747778821.2350063,52.435950999999996,13.626444999999999,71.9072,71.9462,32.2063
747778821.2844646,52.438801,13.625058,71.8441,71.8831,32.1507
747778821.3339229,52.441649999999996,13.623671,71.9288,71.9678,32.2429
747778821.3833683,52.444497999999996,13.622285,71.8781,71.9171,32.1997
747778821.4328394,52.447348,13.620897,71.8440,71.8830,32.1732
747778821.4822974,52.450196999999996,13.61951,64.9156,64.9546,25.2522
747778821.531743,52.453044999999996,13.618122999999999,67.6457,67.6847,27.9899
747778821.5812013,52.455895,13.616735,65.7339,65.7729,26.0855
747778821.6306596,52.458743999999996,13.615347,72.0522,72.0912,32.4114
750111619.9322026,52.331042,13.68727,73.5983,73.6281,33.6088
750111619.981648,52.333890999999994,13.685889999999999,73.5721,73.6019,33.5925
750111620.0310924,52.33674,13.684509,80.2315,80.2613,40.2606
750111620.0805378,52.339589,13.683129,82.1013,82.1311,42.1384
750111620.1299834,52.342439,13.681747999999999,84.6169,84.6467,44.6620
750111620.1794288,52.345288,13.680366999999999,70.2322,70.2620,30.2852
750111620.2288744,52.348136999999994,13.678986,71.0048,71.0346,31.0658
750111620.2783198,52.350986,13.677605,71.3207,71.3505,31.3897
750111620.3277528,52.353834,13.676224,72.2170,72.2468,32.2940
750111620.3771982,52.356683,13.674843,72.1260,72.1558,32.2109
750111620.4266565,52.359533,13.673461,72.0643,72.0941,32.1572
750111620.4761024,52.362382,13.672079,72.0320,72.0618,32.1329
750111620.5255356,52.36523,13.670698,72.0958,72.1257,32.2047
750111620.5749817,52.368078999999994,13.669316,72.0684,72.0983,32.1852
750111620.6244278,52.370928,13.667933999999999,70.5546,70.5845,30.6794
750111620.673861,52.373777,13.666552,71.8920,71.9219,32.0248
750111620.7233071,52.376625999999995,13.665168999999999,72.0199,72.0498,32.1607
750111620.7727404,52.379473999999995,13.663787,71.9853,72.0152,32.1340
750111620.8221865,52.382323,13.662403999999999,72.0454,72.0753,32.2021
750111620.871645,52.385172999999995,13.661021,71.9999,72.0298,32.1646
750111620.9210906,52.388022,13.659638,71.9777,72.0076,32.1504
750111620.9705234,52.39087,13.658254999999999,71.9069,71.9368,32.0875
750111621.019969,52.393719,13.656872,71.9922,72.0221,32.1807
750111621.0694153,52.396567,13.655488,71.9386,71.9685,32.1347
750111621.118861,52.399415999999995,13.654105,72.0083,72.0382,32.2121
750111621.1682937,52.402263999999995,13.652721,72.0137,72.0435,32.2251
750111621.2177391,52.405113,13.651337,71.3330,71.3629,31.5521
750111621.2671974,52.407962999999995,13.649953,70.7940,70.8239,31.0207
750111621.3166304,52.410810999999995,13.648569,70.4838,70.5136,30.7182
750111621.3660631,52.413658999999996,13.647184999999999,69.5890,69.6189,29.8311
750111621.4155211,52.416508,13.6458,68.4167,68.4466,28.6664
750111621.4649537,52.419356,13.644414999999999,66.9911,67.0210,27.2484
750111621.5143993,52.422205,13.643030999999999,65.9856,66.0154,26.2505
750111621.5638447,52.425053999999996,13.641646,71.9336,71.9635,32.2063
750111621.6132774,52.427901999999996,13.640260999999999,71.8768,71.9067,32.1571
750111621.6627357,52.430751,13.638874999999999,71.8601,71.8899,32.1480
750111621.7121685,52.433599,13.63749,71.5957,71.6255,31.8912
750111621.7616141,52.436448,13.636104,71.6088,71.6387,31.9121
750111621.8110595,52.439296999999996,13.634718999999999,71.6214,71.6512,31.9323
750111621.8605051,52.442145,13.633332999999999,71.6218,71.6516,31.9403
750111621.9099507,52.444993999999994,13.631946,71.8195,71.8493,32.1456
750111621.9593961,52.447843,13.63056,71.5666,71.5964,31.9005
750111622.0088408,52.450691,13.629173999999999,61.7087,61.7385,22.0501
750111622.0582736,52.453539,13.627787999999999,76.1929,76.2227,36.5413
750111622.107719,52.456388,13.626401,76.1702,76.2000,36.5257
750111622.1571774,52.459236999999995,13.625014,72.1032,72.1330,32.4657
750111619.9324572,52.331056999999994,13.687263,73.6045,73.6343,33.6151
750111619.9819026,52.333906,13.685882999999999,73.5782,73.6080,33.5987
750111620.031347,52.336755,13.684502,80.2129,80.2427,40.2421
750111620.0807924,52.339603999999994,13.683122,82.1151,82.1449,42.1522
750111620.130238,52.342453,13.681740999999999,84.6308,84.6606,44.6759
750111620.1796837,52.345302999999994,13.680359999999999,70.2466,70.2764,30.2997
750111620.2291291,52.348152,13.678979,71.0116,71.0414,31.0727
750111620.2785618,52.351,13.677598999999999,71.3287,71.3585,31.3977
750111620.3280075,52.353849,13.676217,72.2231,72.2529,32.3001
750111620.3774529,52.356697999999994,13.674835999999999,72.1320,72.1618,32.2170
750111620.4268985,52.359547,13.673454,72.0705,72.1003,32.1635
750111620.476357,52.362396999999994,13.672072,72.0377,72.0675,32.1386
750111620.5257902,52.365244999999994,13.670691,72.1036,72.1335,32.2125
750111620.5752363,52.368094,13.669309,72.0743,72.1042,32.1912
750111620.6246696,52.370943,13.667926999999999,70.5678,70.5977,30.6927
750111620.6741157,52.373791999999995,13.666545,71.9007,71.9306,32.0335
750111620.7235489,52.376639999999995,13.665163,72.0261,72.0560,32.1669
750111620.772995,52.379489,13.66378,71.9911,72.0210,32.1399
750111620.8224411,52.382338,13.662396999999999,72.0514,72.0813,32.2082
750111620.8718743,52.385186,13.661014999999999,72.0061,72.0360,32.1708
750111620.9213326,52.388036,13.659631,71.9824,72.0123,32.1551
750111620.970778,52.390885,13.658247999999999,71.9148,71.9447,32.0955
750111621.020211,52.393733,13.656865,71.9983,72.0282,32.1869
750111621.0696447,52.396581,13.655482,71.9443,71.9742,32.1405
750111621.1190901,52.399429999999995,13.654098,72.0149,72.0448,32.2187
750111621.1685357,52.402279,13.652714,72.0202,72.0501,32.2316
750111621.2179685,52.405127,13.651330999999999,71.3355,71.3654,31.5547
750111621.2674139,52.407975,13.649947,70.7944,70.8243,31.0212
750111621.3168721,52.410824999999996,13.648562,70.4901,70.5200,30.7245
750111621.3663049,52.413672999999996,13.647178,69.5928,69.6227,29.8350
750111621.4157505,52.416522,13.645793,68.4131,68.4430,28.6629
750111621.4651957,52.419371,13.644409,66.9882,67.0181,27.2456
750111621.5146284,52.422219,13.643023999999999,65.9875,66.0174,26.2525
750111621.5640867,52.425067999999996,13.641639,71.9393,71.9692,32.2121
750111621.6135194,52.427915999999996,13.640253999999999,71.8829,71.9128,32.1633
750111621.662965,52.430765,13.638869,71.8644,71.8943,32.1524
750111621.7124233,52.433614,13.637483,71.5996,71.6295,31.8953
750111621.7618561,52.436462,13.636097999999999,71.6139,71.6438,31.9173
750111621.8113143,52.439312,13.634711,71.6264,71.6563,31.9374
750111621.8607471,52.442159,13.633325999999999,71.6262,71.6561,31.9448
750111621.9102054,52.445009,13.631939,71.8189,71.8488,32.1452
750111621.9596381,52.447857,13.630554,71.5791,71.6090,31.9131
750111622.0090954,52.450706,13.629166999999999,61.7137,61.7436,22.0552
750111622.0585282,52.453554,13.627780999999999,76.1995,76.2294,36.5481
750111622.1079738,52.456402999999995,13.626394,76.1742,76.2041,36.5298
750111622.1574068,52.45925,13.625007,72.1047,72.1346,32.4674
750111619.9325209,52.33106,13.687261,73.5760,73.6058,33.5865
750111619.9819665,52.333909,13.685881,73.5493,73.5791,33.5698
750111620.0314107,52.336759,13.6845,80.1779,80.2077,40.2070
750111620.0808563,52.339608,13.683119999999999,82.0885,82.1183,42.1256
750111620.1303017,52.342456999999996,13.681738999999999,84.6953,84.7251,44.7404
750111620.17976,52.345307,13.680358,70.2234,70.2532,30.2765
750111620.2292056,52.348155999999996,13.678977,70.9827,71.0125,31.0437
750111620.2786384,52.351003999999996,13.677596,71.3005,71.3303,31.3695
750111620.3280966,52.353854,13.676215,72.1960,72.2258,32.2730
750111620.377542,52.356702999999996,13.674833,72.1027,72.1326,32.1877
750111620.4269876,52.359552,13.673452,72.0413,72.0711,32.1342
750111620.4764333,52.362401,13.67207,72.0081,72.0379,32.1090
750111620.5258794,52.365249999999996,13.670688,72.0742,72.1041,32.1831
750111620.5753255,52.368099,13.669305999999999,72.0447,72.0746,32.1616
750111620.6247587,52.370947,13.667924,70.5411,70.5709,30.6659
750111620.6742048,52.373796,13.666542,71.8720,71.9019,32.0048
750111620.7236507,52.376644999999996,13.66516,71.9964,72.0263,32.1372
750111620.7730842,52.379494,13.663777,71.9611,71.9910,32.1099
750111620.8225429,52.382343,13.662393999999999,72.0343,72.0641,32.1910
750111620.8719761,52.385191999999996,13.661012,71.9763,72.0062,32.1410
750111620.9214218,52.38804,13.659628999999999,71.9518,71.9817,32.1245
750111620.9708545,52.390888999999994,13.658246,71.8849,71.9148,32.0656
750111621.0203128,52.393738,13.656861999999999,71.9682,71.9981,32.1567
750111621.0697591,52.396587,13.655479,71.9141,71.9440,32.1103
750111621.1191921,52.399435,13.654095,71.9848,72.0147,32.1887
750111621.1686375,52.402283999999995,13.652711,71.9895,72.0194,32.2010
750111621.2180831,52.405133,13.651328,71.3039,71.3338,31.5231
750111621.2675285,52.407982,13.649942999999999,70.7614,70.7912,30.9881
750111621.3169613,52.41083,13.64856,70.4587,70.4885,30.6931
750111621.3664196,52.413678999999995,13.647174999999999,69.5571,69.5869,29.7992
750111621.4158652,52.416528,13.64579,68.3776,68.4074,28.6273
750111621.4652977,52.419376,13.644406,66.9527,66.9825,27.2101
750111621.5147431,52.422225,13.643021,65.9566,65.9865,26.2216
750111621.5641887,52.425073999999995,13.641636,71.9108,71.9407,32.1835
750111621.6136341,52.427921999999995,13.640251,71.8520,71.8819,32.1324
750111621.6630924,52.430772,13.638865,71.8328,71.8627,32.1208
750111621.7125251,52.43362,13.63748,71.5690,71.5989,31.8647
750111621.7619705,52.436468,13.636094,71.5828,71.6126,31.8860
750111621.8114161,52.439316999999996,13.634708,71.5951,71.6249,31.9060
750111621.8608618,52.442166,13.633322999999999,71.5944,71.6242,31.9129
750111621.9103072,52.445014,13.631936,71.7852,71.8150,32.1114
750111621.9597528,52.447863,13.63055,71.5481,71.5779,31.8820
750111622.0091972,52.450711999999996,13.629164,61.6820,61.7118,22.0234
750111622.0586555,52.453561,13.627777,76.1684,76.1982,36.5169
750111622.1080883,52.456409,13.626391,76.1419,76.1717,36.4974
750111622.1575468,52.459258,13.625003,72.0712,72.1010,32.4338
752444419.1871958,52.332423,13.689036,73.8971,73.9255,33.9117
752444419.2366285,52.335271999999996,13.687655999999999,67.9171,67.9455,27.9401
752444419.2860613,52.338119999999996,13.686276999999999,67.7057,67.7341,27.7369
752444419.3354812,52.340968,13.684897999999999,68.6801,68.7085,28.7196
752444419.3849268,52.343816999999994,13.683517,69.5161,69.5445,29.5639
752444419.4343722,52.346667,13.682136999999999,70.1402,70.1686,30.1962
752444419.483805,52.349515,13.680757,70.6934,70.7218,30.7577
752444419.5332377,52.352363999999994,13.679376999999999,70.9596,70.9880,31.0321
752444419.5826833,52.355213,13.677996,72.0788,72.1072,32.1597
752444419.6321161,52.358061,13.676615,72.0383,72.0667,32.1274
752444419.6815615,52.36091,13.675234,72.1151,72.1435,32.2124
752444419.7309942,52.363758999999995,13.673853999999999,72.0534,72.0818,32.1590
752444419.7804272,52.366606999999995,13.672473,70.9363,70.9647,31.0502
752444419.82986,52.369456,13.671090999999999,70.2546,70.2830,30.3768
752444419.8792927,52.372304,13.66971,70.9305,70.9589,31.0609
752444419.9287255,52.375153,13.668329,71.8316,71.8600,31.9702
752444419.9781582,52.378001,13.666946999999999,71.9206,71.9490,32.0676
752444420.0275922,52.380849,13.665564999999999,71.4295,71.4579,31.5844
752444420.0770254,52.383697999999995,13.664183,70.7415,70.7699,30.9040
752444420.1264589,52.386545999999996,13.662801,70.3930,70.4214,30.5633
752444420.1758921,52.389393999999996,13.661418999999999,68.3676,68.3960,28.5456
752444420.2253382,52.392243,13.660036,71.9688,71.9972,32.1544
752444420.2747715,52.395092,13.658653999999999,71.9988,72.0272,32.1922
752444420.3242047,52.39794,13.657271,71.9370,71.9653,32.1380
752444420.3736379,52.400788,13.655888,71.9891,72.0175,32.1978
752444420.4230714,52.403636999999996,13.654506,71.7500,71.7784,31.9665
752444420.4725041,52.406484999999996,13.653122,71.6521,71.6804,31.8762
752444420.5219369,52.409333,13.651739,87.7438,87.7722,47.9756
752444420.5713825,52.412181999999994,13.650355,74.9588,74.9871,35.1983
752444420.6208279,52.415031,13.648971,75.4013,75.4296,35.6485
752444420.6702609,52.417879,13.647587999999999,75.0601,75.0885,35.3150
752444420.7196937,52.420727,13.646204,67.0347,67.0630,27.2973
752444420.7691264,52.423576,13.64482,71.9239,71.9522,32.1942
752444420.8185718,52.426424,13.643435,71.7435,71.7718,32.0214
752444420.8680046,52.429272999999995,13.642050999999999,71.5501,71.5784,31.8358
752444420.9174376,52.432120999999995,13.640666999999999,67.5653,67.5936,27.8587
752444420.966883,52.43497,13.639282,67.2847,67.3130,27.5857
752444421.0163283,52.437818,13.637896,71.5816,71.6099,31.8902
752444421.0657599,52.440666,13.636512,71.4961,71.5244,31.8119
752444421.1152055,52.443515,13.635126,71.8459,71.8742,32.1691
752444421.1646509,52.446363999999996,13.633740999999999,72.0464,72.0747,32.3768
752444421.2140837,52.449211999999996,13.632354999999999,76.3119,76.3402,36.6496
752444421.2635293,52.452061,13.630968999999999,76.0196,76.0479,36.3646
752444421.312962,52.454909,13.629584,76.4917,76.5200,36.8440
752444421.3623948,52.457757,13.628198,76.2972,76.3255,36.6567
752444419.1871829,52.332422,13.689036,73.8963,73.9248,33.9110
752444419.2366157,52.335271,13.687657,67.9167,67.9452,27.9398
752444419.2860613,52.338119999999996,13.686276999999999,67.7073,67.7358,27.7386
752444419.3355067,52.340968999999994,13.684897,68.6808,68.7093,28.7204
752444419.3849394,52.343818,13.683517,69.5160,69.5445,29.5639
752444419.4343722,52.346666,13.682136999999999,70.1397,70.1682,30.1958
752444419.4838178,52.349515999999994,13.680757,70.6929,70.7214,30.7573
752444419.5332506,52.352363999999994,13.679376,70.9592,70.9877,31.0318
752444419.582696,52.355213,13.677996,72.0781,72.1066,32.1591
752444419.6321287,52.358062,13.676615,72.0376,72.0661,32.1268
752444419.6815743,52.360910999999994,13.675234,72.1144,72.1429,32.2118
752444419.7310071,52.36376,13.673853,72.0526,72.0811,32.1583
752444419.7804525,52.366609,13.672471999999999,70.9347,70.9632,31.0487
752444419.8298855,52.369457,13.671090999999999,70.2545,70.2830,30.3768
752444419.8793182,52.372305,13.66971,70.9305,70.9590,31.0610
752444419.928751,52.375153999999995,13.668327999999999,71.8313,71.8598,31.9700
752444419.9781837,52.378001999999995,13.666946,71.9199,71.9484,32.0670
752444420.0276177,52.380851,13.665564999999999,71.4280,71.4565,31.5830
752444420.0770509,52.383699,13.664183,70.7406,70.7691,30.9033
752444420.126497,52.386548,13.662799999999999,70.3930,70.4215,30.5634
752444420.1759303,52.389396,13.661418,68.3673,68.3958,28.5454
752444420.2253635,52.392244999999996,13.660036,71.9679,71.9964,32.1536
752444420.274797,52.395092999999996,13.658653,71.9997,72.0282,32.1932
752444420.3242302,52.397940999999996,13.657271,71.9363,71.9647,32.1374
752444420.3736634,52.40079,13.655888,71.9886,72.0171,32.1974
752444420.4230969,52.403638,13.654504999999999,71.7491,71.7776,31.9657
752444420.4725296,52.406486,13.653122,71.6515,71.6799,31.8757
752444420.5219753,52.409335,13.651738,87.7435,87.7720,47.9754
752444420.5714207,52.412183999999996,13.650354,74.9581,74.9865,35.1977
752444420.6208534,52.415032,13.648971,75.4006,75.4290,35.6479
752444420.6702862,52.41788,13.647587,75.0586,75.0871,35.3136
752444420.7197318,52.420728999999994,13.646203,67.0363,67.0647,27.2990
752444420.7691772,52.423578,13.644817999999999,71.9229,71.9513,32.1933
752444420.8186102,52.426426,13.643434,71.7424,71.7708,32.0204
752444420.868043,52.429275,13.64205,71.5488,71.5772,31.8346
752444420.9174757,52.432123,13.640666,67.5655,67.5939,27.8590
752444420.9669211,52.434971999999995,13.639280999999999,67.2849,67.3133,27.5860
752444421.0163538,52.437819999999995,13.637896,71.5807,71.6091,31.8894
752444421.0657854,52.440667999999995,13.636510999999999,71.4956,71.5240,31.8115
752444421.1152437,52.443517,13.635124999999999,71.8413,71.8697,32.1646
752444421.1646764,52.446365,13.63374,72.0451,72.0735,32.3756
752444421.2141092,52.449213,13.632354,76.3106,76.3390,36.6484
752444421.2635548,52.452062,13.630968999999999,76.0189,76.0473,36.3640
752444421.3129876,52.45491,13.629583,76.4909,76.5193,36.8433
752444421.362433,52.457758999999996,13.628197,76.2965,76.3249,36.6561
752444419.1870301,52.332412999999995,13.689039999999999,73.8984,73.9268,33.9131
752444419.2364757,52.335263,13.68766,67.9137,67.9421,27.9367
752444419.2859211,52.338111999999995,13.68628,67.7206,67.7490,27.7518
752444419.3353539,52.340959999999995,13.684901,68.6655,68.6939,28.7050
752444419.3847995,52.34381,13.68352,69.5154,69.5438,29.5631
752444419.4342322,52.346658,13.682141,70.1399,70.1683,30.1959
752444419.4836521,52.349506,13.680760999999999,70.6932,70.7216,30.7574
752444419.5330849,52.352354,13.679381,70.9596,70.9880,31.0322
752444419.5825176,52.355202999999996,13.677999999999999,72.0799,72.1083,32.1607
752444419.6319633,52.358052,13.676618999999999,72.0391,72.0675,32.1282
752444419.681396,52.360901,13.675239,72.1087,72.1371,32.2060
752444419.7308288,52.363749,13.673858,72.0552,72.0836,32.1608
752444419.7802615,52.366597,13.672476999999999,70.9448,70.9732,31.0586
752444419.8297071,52.369447,13.671095,70.2534,70.2818,30.3755
752444419.8791399,52.372295,13.669713999999999,70.9295,70.9579,31.0599
752444419.9285727,52.375142999999994,13.668332999999999,71.8319,71.8603,31.9706
752444419.9780183,52.377992,13.666951,71.9223,71.9507,32.0692
752444420.0274522,52.380841,13.665569,71.4333,71.4617,31.5882
752444420.0768855,52.383689,13.664187,70.7446,70.7730,30.9071
752444420.1263187,52.386537999999994,13.662804999999999,70.3949,70.4233,30.5652
752444420.1757522,52.389385999999995,13.661423,68.3673,68.3956,28.5452
752444420.2251854,52.392233999999995,13.660039999999999,71.9708,71.9992,32.1564
752444420.2746315,52.395083,13.658657,72.0002,72.0286,32.1936
752444420.3240647,52.397932,13.657274999999998,71.9380,71.9664,32.1390
752444420.373498,52.40078,13.655892,71.9890,72.0174,32.1978
752444420.4229312,52.403628,13.654509,71.7526,71.7809,31.9690
752444420.4723768,52.406476999999995,13.653125999999999,71.6528,71.6812,31.8769
752444420.5218096,52.409324999999995,13.651741999999999,87.7439,87.7722,47.9757
752444420.5712423,52.412174,13.650359,74.9603,74.9887,35.1998
752444420.6206751,52.415022,13.648975,75.4028,75.4311,35.6499
752444420.6701207,52.417871,13.647591,75.0651,75.0934,35.3200
752444420.7195663,52.420719999999996,13.646206999999999,67.0259,67.0543,27.2885
752444420.7689991,52.423567999999996,13.644822999999999,71.9262,71.9545,32.1964
752444420.8184319,52.426415999999996,13.643438999999999,71.7463,71.7747,32.0243
752444420.8678646,52.429263999999996,13.642055,71.5533,71.5816,31.8389
752444420.91731,52.432113,13.64067,67.5815,67.6098,27.8749
752444420.9667556,52.434962,13.639285,67.2832,67.3115,27.5842
752444421.0161884,52.43781,13.6379,71.5835,71.6118,31.8921
752444421.0656326,52.440659,13.636515,71.4974,71.5257,31.8133
752444421.1150782,52.443507,13.635129,71.8462,71.8745,32.1693
752444421.164511,52.446355,13.633744,72.0512,72.0795,32.3816
752444421.2139692,52.449205,13.632358,76.3154,76.3437,36.6531
752444421.263402,52.452053,13.630972,76.0207,76.0490,36.3657
752444421.3128347,52.454901,13.629586999999999,76.4940,76.5223,36.8462
752444421.3622801,52.45775,13.628200999999999,76.2985,76.3268,36.6580
754777216.2582777,52.331925999999996,13.679625999999999,73.8334,73.8357,33.8097
754777216.3077359,52.334776,13.678244,69.6109,69.6131,29.5955
754777216.3571942,52.337624999999996,13.676862999999999,68.7935,68.7957,28.7863
754777216.4066396,52.340474,13.675481,70.5021,70.5044,30.5032
754777216.456085,52.343323,13.6741,70.7711,70.7734,30.7805
754777216.5055306,52.346171999999996,13.672718,71.3525,71.3547,31.3701
754777216.5549889,52.349022,13.671336,71.4517,71.4539,31.4776
754777216.6044343,52.351870999999996,13.669953999999999,71.9697,71.9719,32.0038
754777216.6538799,52.354718999999996,13.668572,71.9969,71.9992,32.0393
754777216.7033253,52.357568,13.667188999999999,72.1022,72.1044,32.1529
754777216.7527835,52.360417999999996,13.665806,72.0840,72.0862,32.1429
754777216.8022292,52.363267,13.664423999999999,71.6489,71.6511,31.7161
754777216.8516746,52.366115,13.663041,71.4452,71.4474,31.5206
754777216.9011328,52.368964999999996,13.661658,71.4531,71.4553,31.5368
754777216.9505785,52.371814,13.660274999999999,71.9914,71.9936,32.0834
754777217.0000241,52.374663,13.658890999999999,71.9851,71.9873,32.0853
754777217.0494816,52.377511999999996,13.657508,72.0696,72.0718,32.1775
754777217.0989275,52.380361,13.656124,72.0104,72.0125,32.1260
754777217.1483862,52.38321,13.654739999999999,71.9956,71.9978,32.1190
754777217.1978323,52.386058999999996,13.653355999999999,71.9781,71.9803,32.1092
754777217.2472782,52.388908,13.651971999999999,71.9208,71.9230,32.0596
754777217.2967243,52.391756,13.650587999999999,71.9903,71.9924,32.1368
754777217.3461831,52.394605999999996,13.649203,71.9391,71.9412,32.0933
754777217.3956292,52.397455,13.647819,71.7444,71.7466,31.9064
754777217.4450877,52.400304,13.646434,71.5648,71.5670,31.7345
754777217.4945333,52.403152999999996,13.645049,71.2949,71.2970,31.4723
754777217.5439916,52.406002,13.643664,71.2889,71.2910,31.4740
754777217.5934498,52.408851,13.642279,71.3110,71.3132,31.5039
754777217.6428952,52.411699999999996,13.640893,70.6738,70.6760,30.8744
754777217.6923409,52.414547999999996,13.639508,70.0866,70.0887,30.2949
754777217.7417862,52.417397,13.638123,68.2123,68.2144,28.4283
754777217.7912445,52.420246,13.636735999999999,71.2321,71.2342,31.4558
754777217.8406775,52.423094,13.635351,71.4024,71.4046,31.6339
754777217.8901355,52.425943,13.633965,71.7962,71.7983,32.0354
754777217.9395683,52.428791,13.632579,71.8747,71.8768,32.1216
754777217.9890265,52.431639999999994,13.631191999999999,71.6807,71.6828,31.9353
754777218.0384836,52.43449,13.629805999999999,71.6777,71.6798,31.9397
754777218.0879292,52.437338,13.628419,70.5916,70.5937,30.8610
754777218.1373746,52.440186999999995,13.627032,71.7754,71.7774,32.0521
754777218.1868329,52.443036,13.625644999999999,71.7925,71.7946,32.0766
754777218.2362657,52.445882999999995,13.624258,71.8841,71.8862,32.1756
754777218.2857239,52.448733,13.622871,71.8323,71.8344,32.1312
754777218.3351822,52.451581999999995,13.621483,71.0629,71.0650,31.3692
754777218.3846405,52.454431,13.620095,69.9214,69.9234,30.2350
754777218.4340861,52.457279,13.618708,72.1366,72.1386,32.4576
754777216.2581885,52.331922,13.679628,73.8494,73.8517,33.8258
754777216.3076339,52.334770999999996,13.678246999999999,69.6233,69.6256,29.6079
754777216.3570795,52.33762,13.676865999999999,68.8089,68.8112,28.8018
754777216.4065249,52.340469,13.675483999999999,70.5175,70.5199,30.5187
754777216.4559705,52.343317,13.674102999999999,70.7866,70.7889,30.7960
754777216.5054159,52.346166,13.672721,71.3680,71.3703,31.3857
754777216.5548742,52.349016,13.671339,71.4677,71.4700,31.4936
754777216.6043196,52.351865,13.669957,71.9849,71.9871,32.0190
754777216.6537652,52.354713999999994,13.668574,72.0127,72.0150,32.0552
754777216.7032235,52.357563,13.667192,72.1178,72.1201,32.1685
754777216.7526691,52.360412,13.665809,72.1004,72.1026,32.1593
754777216.8021145,52.363260999999994,13.664427,71.6662,71.6684,31.7334
754777216.8515601,52.36611,13.663044,71.4627,71.4649,31.5381
754777216.9010184,52.368959,13.661660999999999,71.4689,71.4712,31.5526
754777216.9504638,52.371807999999994,13.660276999999999,72.0066,72.0088,32.0986
754777216.9999094,52.374657,13.658894,72.0011,72.0033,32.1013
754777217.049367,52.377506,13.657511,71.9907,71.9929,32.0986
754777217.0988128,52.380354999999994,13.656127,71.9357,71.9378,32.0513
754777217.1482716,52.383205,13.654743,72.0113,72.0135,32.1347
754777217.1977177,52.386053,13.653359,71.9942,71.9964,32.1253
754777217.2471638,52.388901999999995,13.651975,71.9368,71.9390,32.0756
754777217.2966225,52.391751,13.650590999999999,72.0063,72.0084,32.1528
754777217.3460684,52.3946,13.649206,71.9550,71.9571,32.1092
754777217.3955271,52.39745,13.647820999999999,71.8571,71.8593,32.0191
754777217.4449604,52.400296999999995,13.646436999999999,71.5812,71.5834,31.7509
754777217.4944186,52.403147,13.645052,71.3111,71.3132,31.4885
754777217.5438643,52.405995,13.643666999999999,71.3055,71.3076,31.4906
754777217.5933225,52.408845,13.642282,71.3278,71.3300,31.5207
754777217.6427679,52.411693,13.640896999999999,70.6927,70.6949,30.8933
754777217.6922262,52.414542999999995,13.639510999999999,70.1087,70.1108,30.3170
754777217.7416589,52.417390999999995,13.638126,68.2296,68.2317,28.4456
754777217.7911172,52.42024,13.63674,71.2483,71.2504,31.4720
754777217.84055,52.423088,13.635354,71.4182,71.4204,31.6497
754777217.8900082,52.425937,13.633968,71.8125,71.8146,32.0517
754777217.9394665,52.428785999999995,13.632582,71.8910,71.8931,32.1379
754777217.9889121,52.431635,13.631195,71.6970,71.6991,31.9516
754777218.0383689,52.434484,13.629809,71.6941,71.6962,31.9561
754777218.0878146,52.437332,13.628421999999999,70.6118,70.6139,30.8812
754777218.13726,52.440180999999995,13.627035,71.7895,71.7915,32.0662
754777218.1867182,52.44303,13.625648,71.8087,71.8108,32.0928
754777218.2361639,52.445878,13.624260999999999,71.8999,71.9020,32.1914
754777218.2856221,52.448727999999996,13.622873,71.8488,71.8509,32.1477
754777218.3350804,52.451577,13.621485999999999,71.0811,71.0832,31.3874
754777218.3845387,52.454426,13.620097999999999,69.9412,69.9432,30.2548
754777218.4339843,52.457274,13.61871,72.1533,72.1553,32.4742
754777216.2576919,52.331894,13.679641,73.7685,73.7708,33.7448
754777216.3071373,52.334742999999996,13.67826,69.5274,69.5298,29.5120
754777216.3565829,52.337592,13.676879,68.7257,68.7280,28.7185
754777216.4060409,52.340441,13.675497,70.4337,70.4361,30.4348
754777216.4554992,52.343291,13.674114999999999,70.7035,70.7058,30.7129
754777216.5049448,52.34614,13.672734,71.2847,71.2871,31.3024
754777216.5543902,52.348988999999996,13.671351999999999,71.3859,71.3882,31.4118
754777216.6038358,52.351838,13.66997,71.8306,71.8329,31.8647
754777216.6532941,52.354687,13.668586999999999,71.9302,71.9325,31.9726
754777216.7027395,52.357535999999996,13.667205,72.0351,72.0374,32.0857
754777216.7521851,52.360385,13.665821999999999,72.0209,72.0232,32.0798
754777216.8016305,52.363234,13.664439999999999,71.5908,71.5931,31.6580
754777216.8510888,52.366082999999996,13.663057,71.3874,71.3897,31.4629
754777216.9005218,52.368930999999996,13.661674,71.3864,71.3887,31.4701
754777216.9499671,52.37178,13.660290999999999,71.9214,71.9238,32.0134
754777216.9994254,52.374629999999996,13.658907,71.9196,71.9219,32.0198
754777217.0488706,52.377477999999996,13.657523999999999,72.0021,72.0044,32.1100
754777217.0983291,52.380328,13.656139999999999,71.9485,71.9508,32.0642
754777217.1477752,52.383176999999996,13.654755999999999,71.9288,71.9311,32.0522
754777217.1972213,52.386025,13.653373,71.9131,71.9153,32.0441
754777217.2466671,52.388873999999994,13.651988999999999,71.8666,71.8689,32.0054
754777217.2961133,52.391723,13.650604,71.9168,71.9191,32.0633
754777217.3455594,52.394571,13.64922,71.8723,71.8746,32.0266
754777217.3950181,52.397420999999994,13.647834999999999,71.7750,71.7773,31.9370
754777217.4444637,52.40027,13.646450999999999,71.5008,71.5030,31.6705
754777217.493922,52.403119,13.645066,71.2306,71.2329,31.4080
754777217.5433674,52.405967999999994,13.643680999999999,71.2262,71.2285,31.4113
754777217.5928257,52.408817,13.642294999999999,71.2496,71.2518,31.4424
754777217.6422713,52.411665,13.64091,70.6262,70.6285,30.8268
754777217.6917169,52.414514,13.639524999999999,70.0466,70.0488,30.2549
754777217.7411623,52.417362999999995,13.638138999999999,68.1489,68.1511,28.3649
754777217.7906079,52.420210999999995,13.636754,71.1671,71.1693,31.3908
754777217.8400662,52.42306,13.635366999999999,71.3348,71.3370,31.5662
754777217.889499,52.425908,13.633982,71.7314,71.7336,31.9705
754777217.9389572,52.428757999999995,13.632595,71.8102,71.8124,32.0571
754777217.9884026,52.431605999999995,13.631209,71.6186,71.6208,31.8732
754777218.0378468,52.434453999999995,13.629823,71.6129,71.6151,31.8749
754777218.0873051,52.437304,13.628435999999999,70.5435,70.5457,30.8129
754777218.1367507,52.440152,13.627049,71.7039,71.7061,31.9807
754777218.1861961,52.443000999999995,13.625662,71.7267,71.7289,32.0108
754777218.2356544,52.44585,13.624274999999999,71.8159,71.8181,32.1074
754777218.2851126,52.448699,13.622886999999999,71.7684,71.7706,32.0673
754777218.3345454,52.451547,13.6215,71.0095,71.0117,31.3157
754777218.3840036,52.454395999999996,13.620111999999999,69.8775,69.8797,30.1911
754777218.4334495,52.457243999999996,13.618725,72.0733,72.0755,32.3943
757110021.2748151,52.330099,13.681541999999999,74.3759,74.3073,34.2764
757110021.3242733,52.332947999999995,13.680161,74.3278,74.2592,34.2367
757110021.3737442,52.335798999999994,13.67878,72.8356,72.7670,32.7529
757110021.4232025,52.338648,13.677398,73.5147,73.4461,33.4403
757110021.4726608,52.341497999999994,13.676017,70.0977,70.0291,30.0317
757110021.5221319,52.344348,13.674634999999999,69.9053,69.8367,29.8476
757110021.5716028,52.347198,13.673252999999999,70.5352,70.4666,30.4859
757110021.6210611,52.350048,13.671871,72.5881,72.5195,32.5471
757110021.670532,52.352897999999996,13.670489,72.4074,72.3388,32.3749
757110021.7200029,52.355748,13.669106999999999,72.2526,72.1840,32.2284
757110021.7694612,52.358598,13.667724,72.2263,72.1577,32.2105
757110021.8189323,52.361447999999996,13.666342,71.8350,71.7664,31.8275
757110021.868391,52.364298,13.664959,70.9678,70.8992,30.9686
757110021.9178627,52.367148,13.663575999999999,69.8600,69.7914,29.8692
757110021.9673214,52.369997,13.662193,72.1933,72.1247,32.2108
757110022.0167806,52.372847,13.66081,72.2749,72.2063,32.3007
757110022.0662527,52.375696999999995,13.659426,72.1884,72.1198,32.2219
757110022.1157241,52.378547,13.658043,72.2131,72.1445,32.2543
757110022.1651955,52.381397,13.656659,72.0199,71.9513,32.0688
757110022.2146542,52.384246999999995,13.655275,71.9652,71.8966,32.0218
757110022.2641253,52.387097,13.653891,71.9299,71.8613,31.9943
757110022.3135836,52.389945999999995,13.652507,73.3564,73.2878,33.4285
757110022.3630545,52.392796,13.651123,73.7786,73.7100,33.8584
757110022.4125128,52.395644999999995,13.649738,72.7673,72.6987,32.8548
757110022.4619839,52.398495,13.648354,71.8664,71.7978,31.9616
757110022.5114422,52.401345,13.646968999999999,71.5083,71.4397,31.6113
757110022.5609131,52.404194999999994,13.645584,71.2722,71.2036,31.3829
757110022.6103714,52.407044,13.644198999999999,72.9937,72.9251,33.1121
757110022.6598423,52.409893999999994,13.642814,72.3026,72.2340,32.4287
757110022.7093134,52.412743999999996,13.641428,69.5692,69.5006,29.7031
757110022.7587717,52.415592999999994,13.640042999999999,68.8921,68.8235,29.0338
757110022.8082426,52.418442999999996,13.638657,67.5343,67.4657,27.6837
757110022.8577135,52.421293,13.637271,71.8179,71.7493,31.9750
757110022.9071717,52.424141999999996,13.635886,71.5942,71.5256,31.7590
757110022.95663,52.426991,13.6345,72.0479,71.9793,32.2204
757110023.0061009,52.429840999999996,13.633113,71.9296,71.8610,32.1098
757110023.0555706,52.432691,13.631727,71.8066,71.7380,31.9943
757110023.1050289,52.435539999999996,13.630339999999999,71.7115,71.6429,31.9065
757110023.1545,52.43839,13.628953,71.6745,71.6059,31.8770
757110023.2039709,52.44124,13.627566,71.8774,71.8088,32.0872
757110023.2534292,52.444089,13.62618,72.4422,72.3736,32.6595
757110023.3029001,52.446939,13.624792,71.6479,71.5793,31.8726
757110023.3523583,52.449788,13.623405,71.3307,71.2621,31.5628
757110023.4018295,52.452636999999996,13.622017999999999,70.9496,70.8810,31.1891
757110023.4513004,52.455487,13.62063,76.0772,76.0086,36.3241
757110023.5007715,52.458337,13.619242,72.2756,72.2070,32.5299
757110021.2751589,52.330118999999996,13.681531999999999,74.3830,74.3144,34.2836
757110021.3246171,52.332968,13.680150999999999,74.3353,74.2667,34.2442
757110021.374088,52.335819,13.67877,72.8561,72.7875,32.7734
757110021.4235463,52.338668,13.677389,73.5125,73.4439,33.4381
757110021.4730046,52.341518,13.676007,70.0935,70.0249,30.0276
757110021.5224757,52.344367999999996,13.674624999999999,69.9086,69.8400,29.8510
757110021.5719466,52.347218,13.673243,70.5751,70.5065,30.5259
757110021.6214049,52.350068,13.671861999999999,72.5699,72.5013,32.5290
757110021.670876,52.352917999999995,13.670479,72.4122,72.3436,32.3797
757110021.7203467,52.355768,13.669096999999999,72.2605,72.1919,32.2363
757110021.769805,52.358618,13.667715,72.2323,72.1637,32.2165
757110021.8192761,52.361467999999995,13.666331999999999,71.8416,71.7730,31.8342
757110021.8687348,52.364317,13.664949,70.9721,70.9035,30.9730
757110021.9182062,52.367168,13.663566,69.8531,69.7845,29.8624
757110021.967665,52.370017,13.662182999999999,72.2205,72.1519,32.2381
757110022.0171244,52.372867,13.6608,72.2804,72.2118,32.3062
757110022.0665963,52.375716999999995,13.659417,72.1959,72.1273,32.2294
757110022.1160676,52.378567,13.658033,72.2175,72.1489,32.2588
757110022.1655264,52.381415999999994,13.656649,72.0262,71.9576,32.0752
757110022.214998,52.384266,13.655265,71.9707,71.9021,32.0274
757110022.2644691,52.387116,13.653881,71.9365,71.8679,32.0009
757110022.3139274,52.389966,13.652496999999999,73.3721,73.3035,33.4442
757110022.3633986,52.392815999999996,13.651112999999999,73.7837,73.7151,33.8636
757110022.4128568,52.395665,13.649728999999999,72.7558,72.6872,32.8434
757110022.4623277,52.398514999999996,13.648344,71.8624,71.7938,31.9577
757110022.511786,52.401364,13.646958999999999,71.5119,71.4433,31.6149
757110022.5612569,52.404213999999996,13.645574,71.2843,71.2157,31.3950
757110022.6107152,52.407064,13.644188999999999,73.0058,72.9372,33.1243
757110022.6601863,52.409914,13.642804,72.2873,72.2187,32.4135
757110022.7096572,52.412763999999996,13.641418999999999,69.5735,69.5049,29.7075
757110022.7591155,52.415613,13.640032999999999,68.8865,68.8179,29.0282
757110022.8085864,52.418462999999996,13.638646999999999,67.5299,67.4613,27.6793
757110022.8580446,52.421312,13.637262,71.8229,71.7543,31.9801
757110022.9075155,52.424161999999995,13.635876,71.6047,71.5361,31.7696
757110022.9569738,52.427011,13.63449,72.0533,71.9847,32.2259
757110023.0064447,52.429860999999995,13.633103,71.9359,71.8673,32.1162
757110023.0559146,52.432711,13.631717,71.8124,71.7438,32.0001
757110023.1053727,52.435559999999995,13.630331,71.7169,71.6483,31.9120
757110023.1548438,52.43841,13.628943999999999,71.6792,71.6106,31.8817
757110023.2043147,52.44126,13.627557,71.8920,71.8234,32.1019
757110023.2537858,52.444109,13.626168999999999,72.4372,72.3686,32.6545
757110023.3032568,52.446959,13.624782,71.6524,71.5838,31.8772
757110023.352715,52.449808,13.623394999999999,71.3346,71.2660,31.5667
757110023.4021859,52.452658,13.622007,70.9532,70.8846,31.1928
757110023.451657,52.455507999999995,13.620619999999999,76.0749,76.0063,36.3218
757110023.501128,52.458357,13.619232,72.3796,72.3110,32.6340
757110021.2747769,52.330096999999995,13.681543,74.3584,74.2898,34.2590
757110021.3242352,52.332946,13.680162,74.3101,74.2415,34.2190
757110021.3737061,52.335797,13.678780999999999,72.8160,72.7474,32.7333
757110021.4231644,52.338646,13.677399,73.4986,73.4300,33.4242
757110021.4726226,52.341496,13.676018,70.0816,70.0130,30.0155
757110021.5220935,52.344345999999994,13.674636,69.8877,69.8191,29.8301
757110021.5715647,52.347196,13.673254,70.5131,70.4445,30.4638
757110021.6210229,52.350046,13.671871999999999,72.5706,72.5020,32.5297
757110021.6704812,52.352895,13.67049,72.3900,72.3214,32.3574
757110021.7199519,52.355745999999996,13.669108,72.2350,72.1664,32.2107
757110021.7694101,52.358595,13.667726,72.2089,72.1403,32.1931
757110021.8188813,52.361444999999996,13.666343,71.8174,71.7488,31.8099
757110021.86834,52.364295,13.664959999999999,70.9503,70.8817,30.9512
757110021.9178116,52.367145,13.663577,69.8441,69.7755,29.8533
757110021.9672704,52.369994,13.662194,72.1717,72.1031,32.1892
757110022.0167296,52.372844,13.660810999999999,72.2576,72.1890,32.2833
757110022.066189,52.375693,13.659428,72.1706,72.1020,32.2041
757110022.1156604,52.378543,13.658043999999999,72.1958,72.1272,32.2370
757110022.1651192,52.381392999999996,13.656661,72.0023,71.9337,32.0512
757110022.2145905,52.384243,13.655277,71.9480,71.8794,32.0046
757110022.2640617,52.387093,13.653893,71.9123,71.8437,31.9767
757110022.31352,52.389942,13.652509,73.3370,73.2684,33.4091
757110022.3629909,52.392792,13.651124,73.7607,73.6921,33.8405
757110022.4124491,52.395641999999995,13.64974,72.8211,72.7525,32.9086
757110022.4619203,52.398492,13.648354999999999,71.8507,71.7821,31.9460
757110022.5113785,52.401340999999995,13.646970999999999,71.4914,71.4228,31.5944
757110022.5608494,52.404191,13.645586,71.2537,71.1851,31.3644
757110022.6103077,52.407039999999995,13.644200999999999,72.9752,72.9066,33.0937
757110022.6597786,52.40989,13.642816,72.2890,72.2204,32.4152
757110022.7092497,52.41274,13.64143,69.5530,69.4844,29.6869
757110022.7587078,52.415589,13.640044999999999,68.8768,68.8082,29.0184
757110022.8081789,52.418439,13.638658999999999,67.5139,67.4453,27.6633
757110022.8576372,52.421288,13.637272999999999,71.8008,71.7322,31.9579
757110022.9071081,52.424138,13.635886999999999,71.5762,71.5076,31.7410
757110022.9565663,52.426987999999994,13.634501,72.0308,71.9622,32.2033
757110023.0060372,52.429837,13.633115,71.9124,71.8438,32.0926
757110023.055507,52.432686999999994,13.631727999999999,71.7892,71.7206,31.9769
757110023.1049652,52.435536,13.630341999999999,71.6946,71.6260,31.8896
757110023.1544363,52.438385999999994,13.628955,71.6577,71.5891,31.8602
757110023.2039073,52.441235999999996,13.627568,71.8572,71.7886,32.0670
757110023.2533782,52.444086,13.626180999999999,72.4293,72.3607,32.6466
757110023.3028493,52.446936,13.624794,71.6304,71.5618,31.8551
757110023.3523076,52.449785,13.623406,71.3137,71.2451,31.5458
757110023.4017785,52.452633999999996,13.622019,70.9327,70.8641,31.1722
757110023.4512496,52.455484,13.620631,76.0613,75.9927,36.3082
757110023.5007205,52.458334,13.619242999999999,72.2583,72.1897,32.5126
759442821.073709,52.331776999999995,13.694569999999999,74.2647,74.1168,34.1079
759442821.1231675,52.334627,13.693188999999999,74.1997,74.0518,34.0511
759442821.1726384,52.337478,13.691808,74.2610,74.1131,34.1207
759442821.2220967,52.340326999999995,13.690427,74.1861,74.0383,34.0540
759442821.271555,52.343177,13.689046,74.2865,74.1386,34.1626
759442821.3210006,52.346025999999995,13.687664999999999,74.0765,73.9287,33.9608
759442821.3704588,52.348876,13.686283999999999,72.1337,71.9858,32.0262
759442821.4199171,52.351724999999995,13.684903,70.2554,70.1076,30.1561
759442821.469388,52.354575999999994,13.683520999999999,71.4542,71.3064,31.3632
759442821.5188463,52.357425,13.682139,71.7864,71.6386,31.7035
759442821.5683043,52.360274999999994,13.680757,72.2324,72.0846,32.1578
759442821.6177499,52.363124,13.679374999999999,72.2541,72.1063,32.1876
759442821.6672208,52.365973999999994,13.677992999999999,72.2821,72.1343,32.2239
759442821.7166791,52.368824,13.676611,72.0199,71.8722,31.9699
759442821.7661374,52.371672999999994,13.675227999999999,69.8892,69.7414,29.8474
759442821.8155828,52.374522,13.673846,69.4195,69.2718,29.3859
759442821.8650539,52.377373,13.672462999999999,70.5134,70.3656,30.4880
759442821.9144995,52.380221,13.67108,71.3782,71.2305,31.3610
759442821.9639578,52.383071,13.669697,71.9597,71.8120,31.9508
759442822.0134287,52.385920999999996,13.668313,72.0714,71.9237,32.0705
759442822.062886,52.388771,13.666929999999999,71.7540,71.6064,31.7608
759442822.1123316,52.391619,13.665547,71.6957,71.5480,31.7101
759442822.1618025,52.39447,13.664162999999999,71.8660,71.7183,31.8881
759442822.2112479,52.397318,13.662778999999999,72.0000,71.8524,32.0298
759442822.2607062,52.400168,13.661394999999999,72.1170,71.9693,32.1544
759442822.3101773,52.403017999999996,13.660010999999999,72.1006,71.9529,32.1457
759442822.3596227,52.405867,13.658627,72.0315,71.8838,32.0842
759442822.4090941,52.408716999999996,13.657242,71.9618,71.8141,32.0222
759442822.4585402,52.411564999999996,13.655857999999998,69.0264,68.8788,29.0945
759442822.5079987,52.414415,13.654473,75.8029,75.6552,35.8786
759442822.5574574,52.417263999999996,13.653087999999999,75.9862,75.8385,36.0697
759442822.6069162,52.420114,13.651703,67.0395,66.8919,27.1307
759442822.6563749,52.422962999999996,13.650317999999999,70.6058,70.4581,30.7046
759442822.7058465,52.425813,13.648931999999999,71.1383,70.9907,31.2448
759442822.7552924,52.428661999999996,13.647547,71.0782,70.9306,31.1924
759442822.804764,52.431512,13.646161,70.9208,70.7731,31.0426
759442822.8542094,52.43436,13.644775,70.5538,70.4062,30.6833
759442822.9036806,52.43721,13.643388999999999,70.5621,70.4145,30.6993
759442822.9531388,52.440059999999995,13.642002999999999,70.7750,70.6274,30.9198
759442823.0025842,52.442907999999996,13.640616999999999,71.0709,70.9233,31.2234
759442823.0520434,52.445757,13.63923,71.3671,71.2195,31.5268
759442823.1015017,52.448606999999996,13.637844,71.6539,71.5063,31.8207
759442823.1509726,52.451457,13.636457,76.2736,76.1260,36.4476
759442823.2004182,52.454305,13.635069999999999,76.4543,76.3068,36.6355
759442823.2498765,52.457153999999996,13.633683,76.3615,76.2139,36.5499
759442821.0738618,52.331786,13.694564999999999,74.2636,74.1157,34.1069
759442821.123333,52.334637,13.693183999999999,74.2054,74.0575,34.0568
759442821.1727912,52.337486,13.691804,74.2673,74.1194,34.1270
759442821.2222495,52.340336,13.690423,74.1924,74.0446,34.0603
759442821.2717078,52.343185999999996,13.689041999999999,74.2929,74.1450,34.1690
759442821.3211534,52.346035,13.687660999999999,74.0724,73.9246,33.9567
759442821.3706117,52.348884999999996,13.68628,72.1328,71.9849,32.0253
759442821.4200699,52.351734,13.684897999999999,70.2607,70.1129,30.1614
759442821.4695408,52.354585,13.683516,71.4675,71.3197,31.3765
759442821.5189991,52.357434,13.682134999999999,71.7926,71.6448,31.7097
759442821.5684571,52.360284,13.680753,72.2381,72.0903,32.1635
759442821.6179028,52.363133,13.679371,72.2604,72.1126,32.1939
759442821.6673737,52.365983,13.677989,72.2879,72.1401,32.2297
759442821.7168319,52.368832999999995,13.676606,72.0213,71.8736,31.9713
759442821.7662902,52.371682,13.675224,69.8934,69.7456,29.8516
759442821.8157482,52.374531999999995,13.673841,69.4240,69.2763,29.3904
759442821.8652196,52.377382,13.672457999999999,70.5190,70.3712,30.4936
759442821.914665,52.380230999999995,13.671075,71.3855,71.2378,31.3683
759442821.9641232,52.38308,13.669692,71.9664,71.8187,31.9575
759442822.0135942,52.385931,13.668308999999999,72.0775,71.9298,32.0766
759442822.0630515,52.38878,13.666924999999999,71.7590,71.6114,31.7658
759442822.1125097,52.39163,13.665541999999999,71.7024,71.5547,31.7168
759442822.161968,52.394479,13.664157999999999,71.8725,71.7248,31.8946
759442822.2114136,52.397327999999995,13.662775,72.0141,71.8665,32.0439
759442822.2608719,52.400177,13.661391,72.1206,71.9729,32.1580
759442822.3103302,52.403026999999994,13.660006,72.1068,71.9591,32.1519
759442822.3597755,52.405874999999995,13.658622,72.0375,71.8898,32.0903
759442822.4092469,52.408725999999994,13.657238,71.9679,71.8202,32.0284
759442822.458693,52.411573999999995,13.655852999999999,69.0317,68.8841,29.0999
759442822.5081515,52.414424,13.654468999999999,75.8113,75.6636,35.8871
759442822.5576103,52.417272999999994,13.653084,75.9925,75.8448,36.0760
759442822.607069,52.420122,13.651698999999999,67.0509,66.9033,27.1421
759442822.6565278,52.422971999999994,13.650312999999999,70.6103,70.4626,30.7091
759442822.7059991,52.425822,13.648928,71.1477,71.0001,31.2542
759442822.7554452,52.428670999999994,13.647542,71.0707,70.9231,31.1849
759442822.8049169,52.431521,13.646156,70.9243,70.7766,31.0461
759442822.8543622,52.434369,13.644770999999999,70.5591,70.4115,30.6886
759442822.9038205,52.437217999999994,13.643384999999999,70.5686,70.4210,30.7058
759442822.9532788,52.440068,13.641999,70.7813,70.6337,30.9261
759442823.0027244,52.442916,13.640613,71.0772,70.9296,31.2297
759442823.0521836,52.445766,13.639225999999999,71.3742,71.2266,31.5339
759442823.1016419,52.448615,13.637839999999999,71.6156,71.4680,31.7824
759442823.1511128,52.451465,13.636453,76.2779,76.1303,36.4519
759442823.2005584,52.454313,13.635066,76.4603,76.3127,36.6415
759442823.2500165,52.457162,13.633678999999999,76.3661,76.2185,36.5545
759442821.0735817,52.33177,13.694574,74.2730,74.1253,34.1164
759442821.1230528,52.33462,13.693192999999999,74.2022,74.0545,34.0538
759442821.1725111,52.337469999999996,13.691811999999999,74.2631,74.1155,34.1230
759442821.2219694,52.34032,13.690431,74.1881,74.0404,34.0561
759442821.271415,52.343168999999996,13.689051,74.2880,74.1404,34.1643
759442821.3208733,52.346019,13.687669,74.0870,73.9393,33.9714
759442821.3703315,52.348867999999996,13.686288,72.1413,71.9937,32.0340
759442821.4197898,52.351718,13.684906999999999,70.2586,70.1110,30.1595
759442821.4692607,52.354568,13.683525,71.4517,71.3041,31.3608
759442821.518719,52.357417999999996,13.682143,71.7874,71.6398,31.7047
759442821.568177,52.360268,13.680760999999999,72.2321,72.0845,32.1576
759442821.6176353,52.363116999999995,13.679378999999999,72.1662,72.0186,32.0999
759442821.6671062,52.365967999999995,13.677997,72.2846,72.1371,32.2266
759442821.7165644,52.368817,13.676613999999999,72.0258,71.8782,31.9759
759442821.7660098,52.371666,13.675232,69.8929,69.7454,29.8513
759442821.8154681,52.374516,13.673848999999999,69.4232,69.2756,29.3898
759442821.8649395,52.377365999999995,13.672466,70.5158,70.3683,30.4906
759442821.9143848,52.380215,13.671083999999999,71.3802,71.2327,31.3632
759442821.9638302,52.383063,13.669701,71.9617,71.8142,31.9529
759442822.0133014,52.385914,13.668317,72.0742,71.9267,32.0735
759442822.0627587,52.388763,13.666934,71.7573,71.6098,31.7642
759442822.112217,52.391613,13.66555,71.6979,71.5504,31.7125
759442822.1616752,52.394462,13.664166999999999,71.8681,71.7206,31.8904
759442822.2111206,52.397310999999995,13.662783,72.0020,71.8545,32.0319
759442822.2605917,52.400161,13.661399,72.1186,71.9711,32.1562
759442822.3100371,52.403009999999995,13.660015,72.1028,71.9554,32.1481
759442822.3594954,52.405859,13.658631,72.0341,71.8866,32.0870
759442822.4089668,52.408708999999995,13.657245999999999,71.9641,71.8167,32.0248
759442822.4584129,52.411558,13.655861999999999,69.0297,68.8822,29.0980
759442822.5078714,52.414407,13.654477,75.8015,75.6541,35.8775
759442822.5573301,52.417257,13.653092,75.9881,75.8407,36.0718
759442822.6068017,52.420106999999994,13.651705999999999,67.0358,66.8883,27.1271
759442822.6562476,52.422956,13.650322,70.6097,70.4623,30.7087
759442822.7057064,52.425805,13.648935999999999,71.1370,70.9895,31.2436
759442822.7551525,52.428653999999995,13.647551,71.0839,70.9365,31.1982
759442822.8046112,52.431503,13.646165,70.9255,70.7781,31.0475
759442822.8540566,52.434351,13.644779999999999,70.5567,70.4093,30.6863
759442822.9035277,52.437200999999995,13.643393,70.5637,70.4163,30.7011
759442822.952986,52.440051,13.642007,70.7767,70.6293,30.9217
759442823.0024314,52.442899,13.640621,71.0729,70.9255,31.2256
759442823.0519035,52.445749,13.639235,71.3683,71.2209,31.5281
759442823.1013489,52.448598,13.637848,71.6888,71.5414,31.8558
759442823.1508071,52.451446999999995,13.636462,76.2776,76.1302,36.4518
759442823.200278,52.454297,13.635074,76.4565,76.3091,36.6379
759442823.2497237,52.457145,13.633688,76.3668,76.2194,36.5553
759442823.2991819,52.459995,13.632299999999999,76.1336,75.9863,36.3294
761775621.7313504,52.332105,13.693565,74.8782,74.6970,34.6848
761775621.7807839,52.334953,13.692186,74.5700,74.3887,34.3859
761775621.8302171,52.337801999999996,13.690807,74.3757,74.1944,34.2011
761775621.8796504,52.340651,13.689427,74.3261,74.1449,34.1609
761775621.9290965,52.3435,13.688047,74.4307,74.2495,34.2750
761775621.9785423,52.346349,13.686667,69.6325,69.4513,29.4862
761775622.0279884,52.349197999999994,13.685286999999999,71.8258,71.6446,31.6881
761775622.0774353,52.352047999999996,13.683905999999999,71.7649,71.5837,31.6350
761775622.1268554,52.354895,13.682526,71.9139,71.7327,31.7919
761775622.1762881,52.357744,13.681146,72.0504,71.8692,31.9363
761775622.2257335,52.360592999999994,13.679765,72.2964,72.1152,32.1902
761775622.2751791,52.363442,13.678384,72.2498,72.0687,32.1515
761775622.3246248,52.366291,13.677003,72.2140,72.0329,32.1235
761775622.3740702,52.369141,13.675621,72.3380,72.1569,32.2554
761775622.4235158,52.37199,13.67424,71.6337,71.4526,31.5590
761775622.4729612,52.374838999999994,13.672858,72.2835,72.1024,32.2167
761775622.522394,52.377686999999995,13.671477,72.1515,71.9703,32.0925
761775622.5718267,52.380536,13.670095,72.1053,71.9241,32.0541
761775622.6212595,52.383384,13.668712999999999,72.1138,71.9326,32.0705
761775622.6707051,52.386233,13.667330999999999,71.9665,71.7853,31.9311
761775622.7201505,52.389081999999995,13.665949,71.5119,71.3307,31.4844
761775622.7695832,52.391929999999995,13.664567,71.6235,71.4424,31.6039
761775622.8190289,52.394779,13.663184,71.8931,71.7120,31.8814
761775622.8684742,52.397628,13.661800999999999,72.1463,71.9652,32.1424
761775622.917907,52.400476999999995,13.660418,72.1122,71.9311,32.1162
761775622.9673398,52.403324999999995,13.659035,72.1478,71.9667,32.1597
761775623.0167713,52.406172999999995,13.657653,72.0720,71.8909,32.0917
761775623.0662043,52.409020999999996,13.656269,73.2590,73.0780,33.2863
761775623.1156497,52.41187,13.654886,69.5577,69.3766,29.5925
761775623.1650956,52.414719,13.653502,69.3797,69.1986,29.4221
761775623.2145283,52.417567,13.652118,75.9217,75.7407,35.9717
761775623.2639611,52.420415999999996,13.650735,65.7859,65.6048,25.8434
761775623.3133938,52.423263999999996,13.649351,72.0952,71.9142,32.1603
761775623.3628399,52.426113,13.647966,72.0239,71.8429,32.0966
761775623.4122732,52.428961,13.646581999999999,72.1087,71.9277,32.1890
761775623.4617193,52.43181,13.645197999999999,71.5424,71.3614,31.6302
761775623.5111525,52.434658,13.643813,71.1486,70.9676,31.2440
761775623.5605984,52.437507,13.642427999999999,71.2752,71.0942,31.3782
761775623.6100445,52.440355,13.641043,71.5041,71.3231,31.6146
761775623.6594777,52.443203999999994,13.639657999999999,71.6538,71.4728,31.7719
761775623.7089112,52.446051999999995,13.638273,71.8023,71.6214,31.9280
761775623.758357,52.448899999999995,13.636887,71.2854,71.1044,31.4186
761775623.8077898,52.451747999999995,13.635501999999999,76.1900,76.0090,36.3308
761775623.8572352,52.454597,13.634115999999999,76.4387,76.2578,36.5871
761775623.906668,52.457445,13.632729999999999,76.4709,76.2900,36.6269
761775621.7316816,52.332124,13.693556,74.4678,74.2866,34.2744
761775621.7811275,52.334973,13.692176,74.5711,74.3898,34.3871
761775621.8305609,52.337821999999996,13.690797,74.3842,74.2029,34.2096
761775621.8800068,52.340671,13.689416999999999,74.3360,74.1548,34.1709
761775621.92944,52.34352,13.688037,74.4402,74.2590,34.2845
761775621.9788861,52.346368999999996,13.686656999999999,69.6371,69.4559,29.4909
761775622.0283322,52.349218,13.685277,71.8358,71.6546,31.6981
761775622.0777535,52.352066,13.683897,71.7798,71.5986,31.6500
761775622.1271863,52.354915,13.682516999999999,71.9215,71.7403,31.7996
761775622.1766319,52.357763999999996,13.681135999999999,72.0603,71.8791,31.9463
761775622.2260776,52.360613,13.679755,72.3029,72.1217,32.1967
761775622.275523,52.363462,13.678374,72.2589,72.0778,32.1606
761775622.3249686,52.366310999999996,13.676993,72.2205,72.0394,32.1301
761775622.374414,52.36916,13.675612,72.3406,72.1595,32.2581
761775622.4238596,52.372009999999996,13.67423,71.6396,71.4585,31.5650
761775622.4732924,52.374857999999996,13.672849,72.2908,72.1097,32.2240
761775622.5227377,52.377707,13.671467,72.1577,71.9765,32.0987
761775622.5721705,52.380555,13.670085,72.1124,71.9312,32.0613
761775622.6216035,52.383404,13.668704,72.1227,71.9415,32.0795
761775622.6710489,52.386252999999996,13.667321,71.9696,71.7884,31.9343
761775622.7204943,52.389102,13.665939,71.5120,71.3308,31.4845
761775622.7699399,52.391951,13.664556,71.6347,71.4536,31.6151
761775622.8193982,52.394801,13.663172999999999,71.9037,71.7226,31.8920
761775622.8688436,52.39765,13.661791,72.1549,71.9738,32.1511
761775622.9182763,52.400498,13.660407999999999,72.2183,72.0372,32.2224
761775622.9677091,52.403346,13.659025,72.1569,71.9758,32.1689
761775623.0171409,52.406194,13.657642,72.0829,71.9018,32.1026
761775623.0665736,52.409043,13.656258999999999,72.1663,71.9853,32.1936
761775623.116019,52.411891999999995,13.654874999999999,69.5647,69.3836,29.5995
761775623.1654649,52.414739999999995,13.653492,69.3847,69.2036,29.4271
761775623.2149103,52.417589,13.652108,75.9251,75.7441,35.9751
761775623.264343,52.420438,13.650723999999999,65.8054,65.6243,25.8629
761775623.313776,52.423286,13.649339999999999,72.1038,71.9228,32.1689
761775623.3632345,52.426134999999995,13.647955,72.0333,71.8523,32.1060
761775623.4126678,52.428984,13.646571,72.1178,71.9368,32.1981
761775623.4621139,52.431832,13.645185999999999,71.5352,71.3542,31.6230
761775623.5115471,52.434681,13.643801999999999,71.1557,70.9747,31.2511
761775623.5609932,52.437529,13.642417,71.2826,71.1016,31.3856
761775623.6104391,52.440377999999995,13.641032,71.5144,71.3334,31.6249
761775623.6598725,52.443225999999996,13.639647,71.6632,71.4822,31.7813
761775623.7093058,52.446073999999996,13.638262,71.8102,71.6293,31.9359
761775623.7587516,52.448923,13.636875999999999,71.2864,71.1054,31.4196
761775623.8081846,52.451771,13.635491,76.1937,76.0127,36.3345
761775623.85763,52.45462,13.634105,76.4463,76.2654,36.5947
761775623.9070628,52.457468,13.632719,76.4787,76.2978,36.6347
761775621.731185,52.332094999999995,13.69357,74.8730,74.6919,34.6796
761775621.7806311,52.334944,13.69219,74.5692,74.3880,34.3852
761775621.8300643,52.337793,13.690811,74.3712,74.1900,34.1966
761775621.8795104,52.340641999999995,13.689430999999999,74.3211,74.1400,34.1560
761775621.9289436,52.343491,13.688051,74.4259,74.2448,34.2702
761775621.9783769,52.346339,13.686672,69.6283,69.4472,29.4821
761775622.027823,52.349188999999996,13.685291,71.8199,71.6388,31.6822
761775622.0772698,52.352038,13.683911,71.7569,71.5758,31.6271
761775622.1267152,52.354887,13.68253,71.9095,71.7284,31.7876
761775622.1761479,52.357735999999996,13.681149999999999,72.0449,71.8639,31.9309
761775622.2255807,52.360583999999996,13.679768999999999,72.2927,72.1117,32.1866
761775622.2750137,52.363433,13.678389,72.2448,72.0637,32.1465
761775622.3244464,52.366281,13.677007999999999,72.2108,72.0297,32.1203
761775622.3738792,52.369129,13.675626999999999,72.3367,72.1556,32.2541
761775622.423312,52.371978,13.674246,71.6298,71.4487,31.5551
761775622.4727576,52.374826999999996,13.672863999999999,72.2798,72.0987,32.2130
761775622.5221903,52.377674999999996,13.671482,72.1484,71.9674,32.0895
761775622.5716484,52.380525,13.6701,72.1016,71.9206,32.0506
761775622.6210814,52.383373,13.668718,72.1090,71.9280,32.0659
761775622.6705141,52.386222,13.667337,71.9648,71.7838,31.9295
761775622.7199595,52.389070999999994,13.665954,71.5121,71.3311,31.4847
761775622.7693923,52.391918999999994,13.664572,71.6177,71.4366,31.5981
761775622.818825,52.394766999999995,13.66319,71.8878,71.7067,31.8761
761775622.8682704,52.397616,13.661807,72.1418,71.9608,32.1380
761775622.9177034,52.400465,13.660423999999999,72.2040,72.0230,32.2081
761775622.9671361,52.403313,13.659041,72.1430,71.9620,32.1550
761775623.0165677,52.406161,13.657658,72.0677,71.8867,32.0875
761775623.0660131,52.409009999999995,13.656274999999999,73.2292,73.0482,33.2565
761775623.1154587,52.411859,13.654891,69.5543,69.3733,29.5892
761775623.1648917,52.414707,13.653507999999999,69.3771,69.1962,29.4196
761775623.2143245,52.417555,13.652123999999999,75.9194,75.7384,35.9694
761775623.2637572,52.420404,13.650741,65.7770,65.5961,25.8346
761775623.3132029,52.423252,13.649356,72.0920,71.9110,32.1571
761775623.3626361,52.426100999999996,13.647972,72.0192,71.8383,32.0919
761775623.4120822,52.428948999999996,13.646588,72.1043,71.9234,32.1846
761775623.4615154,52.431798,13.645202999999999,71.5438,71.3629,31.6317
761775623.5109615,52.434647,13.643818999999999,71.1471,70.9662,31.2425
761775623.5604076,52.437495,13.642434,71.2719,71.0910,31.3749
761775623.6098409,52.440343,13.641048999999999,71.4992,71.3184,31.6098
761775623.6592867,52.443191999999996,13.639662999999999,71.6495,71.4686,31.7676
761775623.7087328,52.446041,13.638278,71.7986,71.6178,31.9243
761775623.7581658,52.448888999999994,13.636892999999999,71.2849,71.1040,31.4182
761775623.8075988,52.451736999999994,13.635506999999999,76.1882,76.0074,36.3291
761775623.8570571,52.454587,13.634120999999999,76.4349,76.2540,36.5833
761775623.9064898,52.457435,13.632735,76.4672,76.2864,36.6232
764108422.3668647,52.332794,13.678581999999999,74.5745,74.4294,34.4043
764108422.4162974,52.335642,13.677201,74.0626,73.9175,33.9009
764108422.4657302,52.33849,13.675821,73.7749,73.6297,33.6215
764108422.515163,52.341339,13.674439999999999,73.7356,73.5905,33.5907
764108422.5645957,52.344187,13.673058999999999,71.2061,71.0610,31.0696
764108422.6140285,52.347035,13.671676999999999,71.8459,71.7007,31.7178
764108422.6634612,52.349883,13.670295999999999,72.4392,72.2941,32.3196
764108422.7129068,52.352731999999996,13.668914,72.3369,72.1918,32.2257
764108422.7623396,52.355581,13.667532,72.3442,72.1990,32.2414
764108422.811785,52.35843,13.66615,72.2592,72.1141,32.1648
764108422.8612177,52.361278,13.664767999999999,71.9300,71.7849,31.8441
764108422.9106505,52.364126,13.663386,71.4348,71.2897,31.3573
764108422.9600832,52.366974,13.662004,71.5739,71.4288,31.5048
764108423.0095415,52.369823999999994,13.660620999999999,72.1087,71.9636,32.0479
764108423.0589752,52.372671999999994,13.659238,72.2482,72.1031,32.1951
764108423.1084082,52.375519999999995,13.657855,72.0747,71.9296,32.0293
764108423.157841,52.378367999999995,13.656471999999999,71.8549,71.7098,31.8173
764108423.2072864,52.381217,13.655089,72.0994,71.9543,32.0694
764108423.256732,52.384066,13.653704999999999,72.1580,72.0129,32.1357
764108423.3061647,52.386914,13.652322,72.2349,72.0898,32.2204
764108423.3555975,52.389762,13.650939,72.1968,72.0517,32.1900
764108423.4050558,52.392612,13.649554,72.1831,72.0380,32.1840
764108423.454489,52.39546,13.648169999999999,72.1338,71.9887,32.1425
764108423.5039225,52.398308,13.646785999999999,72.1649,72.0198,32.1813
764108423.5533683,52.401157,13.645401999999999,71.9780,71.8329,32.0021
764108423.6028144,52.404005,13.644017,71.8849,71.7398,31.9167
764108423.6522477,52.406853,13.642633,71.7399,71.5948,31.7794
764108423.7016809,52.409701,13.641248,71.6247,71.4796,31.6719
764108423.751127,52.412549999999996,13.639863,71.4229,71.2778,31.4778
764108423.8005602,52.415397999999996,13.638478,72.2273,72.0822,32.2900
764108423.8500061,52.418247,13.637093,72.1040,71.9589,32.1744
764108423.8994389,52.421095,13.635708,72.0841,71.9390,32.1622
764108423.9488845,52.423942999999994,13.634322,71.4158,71.2707,31.5016
764108423.9983172,52.426790999999994,13.632937,66.4133,66.2682,26.5068
764108424.0477743,52.429641,13.631549999999999,64.8621,64.7170,24.9631
764108424.0972071,52.432489,13.630165,64.7889,64.6438,24.8974
764108424.1466527,52.435337,13.628777999999999,64.7135,64.5685,24.8295
764108424.1960855,52.438185,13.627391999999999,65.2516,65.1065,25.3749
764108424.2455308,52.441033999999995,13.626005999999999,63.2828,63.1377,23.4136
764108424.2949765,52.443881999999995,13.624619,64.0681,63.9230,24.2064
764108424.3444092,52.446729999999995,13.623232,75.9842,75.8391,36.1299
764108424.3938546,52.449579,13.621844999999999,75.8589,75.7139,36.0121
764108424.4432874,52.452425999999996,13.620458,70.9119,70.7669,31.0726
764108424.492733,52.455275,13.619071,76.0613,75.9163,36.2295
764108424.5421658,52.458123,13.617683999999999,72.3365,72.1914,32.5120
764108422.3667881,52.332789,13.678583999999999,74.5733,74.4282,34.4031
764108422.4162209,52.335637,13.677204,74.0627,73.9176,33.9010
764108422.4656539,52.338485999999996,13.675823,73.7790,73.6338,33.6256
764108422.5150993,52.341335,13.674441999999999,73.7351,73.5900,33.5902
764108422.564532,52.344183,13.67306,71.2055,71.0604,31.0690
764108422.6139648,52.347030999999994,13.671679,71.8452,71.7000,31.7171
764108422.6633976,52.34988,13.670297999999999,72.4387,72.2936,32.3190
764108422.7128432,52.352729,13.668916,72.3370,72.1919,32.2258
764108422.7622886,52.355577999999994,13.667534,72.3437,72.1985,32.2409
764108422.8117213,52.358425999999994,13.666151999999999,72.2583,72.1132,32.1639
764108422.8611541,52.361273999999995,13.664769999999999,71.9305,71.7854,31.8446
764108422.9105868,52.364121999999995,13.663388,71.4356,71.2905,31.3581
764108422.9600196,52.366969999999995,13.662006,71.5733,71.4282,31.5042
764108423.0094779,52.36982,13.660622,72.1076,71.9625,32.0468
764108423.0589116,52.372668,13.659239999999999,72.2485,72.1034,32.1954
764108423.1083446,52.375516,13.657857,72.0747,71.9296,32.0293
764108423.1577773,52.378364999999995,13.656474,71.8550,71.7099,31.8173
764108423.2072227,52.381212999999995,13.655090999999999,72.0992,71.9541,32.0692
764108423.2566683,52.384062,13.653706999999999,72.1613,72.0162,32.1390
764108423.3061011,52.38691,13.652324,72.2343,72.0892,32.2198
764108423.3555467,52.389759,13.650939999999999,72.1964,72.0513,32.1896
764108423.4049921,52.392607999999996,13.649555999999999,72.1828,72.0377,32.1837
764108423.4544253,52.395455999999996,13.648171999999999,72.1334,71.9883,32.1421
764108423.5038588,52.398303999999996,13.646787999999999,72.1646,72.0195,32.1810
764108423.5533047,52.401153,13.645404,71.9779,71.8328,32.0019
764108423.6027379,52.404001,13.64402,71.8848,71.7397,31.9166
764108423.652184,52.40685,13.642634999999999,71.7400,71.5949,31.7795
764108423.7016301,52.409698,13.64125,71.6248,71.4797,31.6720
764108423.7510633,52.412546,13.639864999999999,71.4229,71.2778,31.4778
764108423.8004966,52.415394,13.63848,72.2290,72.0839,32.2917
764108423.8499424,52.418243,13.637094999999999,72.1038,71.9587,32.1742
764108423.8993752,52.421091,13.63571,72.0840,71.9389,32.1621
764108423.9488208,52.423939999999995,13.634324,71.4173,71.2722,31.5031
764108423.9982536,52.426787999999995,13.632938999999999,66.4163,66.2712,26.5098
764108424.0476978,52.429635999999995,13.631553,64.8619,64.7168,24.9629
764108424.0971308,52.432483999999995,13.630167,64.7888,64.6437,24.8973
764108424.1465762,52.435333,13.628781,64.7133,64.5683,24.8292
764108424.1960089,52.438181,13.627393999999999,65.2363,65.0912,25.3596
764108424.2454545,52.441029,13.626007999999999,63.2822,63.1371,23.4130
764108424.2949,52.443878,13.624621,64.0652,63.9201,24.2035
764108424.3443327,52.446726,13.623235,75.9818,75.8367,36.1275
764108424.3937783,52.449574,13.621848,75.8595,75.7145,36.0127
764108424.4432111,52.452422,13.620460999999999,70.9140,70.7690,31.0747
764108424.4926565,52.45527,13.619073,76.0618,75.9168,36.2299
764108424.5420892,52.458118,13.617685999999999,72.3360,72.1909,32.5115
764108422.3670557,52.332805,13.678576999999999,74.5544,74.4092,34.3842
764108422.4164884,52.335653,13.677195999999999,74.0404,73.8952,33.8787
764108422.4659212,52.338501,13.675815,73.7543,73.6091,33.6010
764108422.5153539,52.34135,13.674434,73.7151,73.5700,33.5702
764108422.5647869,52.344198,13.673053,71.1862,71.0411,31.0497
764108422.6142197,52.347046,13.671672,71.8259,71.6808,31.6979
764108422.6636524,52.349894,13.67029,72.4186,72.2735,32.2990
764108422.7130978,52.352743,13.668909,72.3897,72.2446,32.2785
764108422.7625306,52.355591999999994,13.667527,72.3236,72.1785,32.2208
764108422.8119762,52.358441,13.666145,72.2377,72.0926,32.1434
764108422.861409,52.361289,13.664762999999999,71.9062,71.7611,31.8203
764108422.9108417,52.364137,13.663381,71.4109,71.2658,31.3334
764108422.9602871,52.366986,13.661997999999999,71.5538,71.4087,31.4847
764108423.0097454,52.369836,13.660615,72.0905,71.9454,32.0297
764108423.0591791,52.372684,13.659232,72.2254,72.0803,32.1724
764108423.1086118,52.375532,13.657848999999999,72.0529,71.9078,32.0076
764108423.1580446,52.37838,13.656467,71.8325,71.6874,31.7949
764108423.2074902,52.381229,13.655083,72.0798,71.9347,32.0499
764108423.2569356,52.384077999999995,13.653699999999999,72.1369,71.9918,32.1147
764108423.3063686,52.386925999999995,13.652315999999999,72.2144,72.0693,32.1999
764108423.3558013,52.389773999999996,13.650933,72.1763,72.0312,32.1695
764108423.4052596,52.392623,13.649548,72.1626,72.0175,32.1635
764108423.4546928,52.395472,13.648164999999999,72.1129,71.9678,32.1215
764108423.5041261,52.39832,13.646780999999999,72.1442,71.9991,32.1606
764108423.5535722,52.401168,13.645396,71.9583,71.8132,31.9824
764108423.603018,52.404016999999996,13.644010999999999,71.8631,71.7180,31.8950
764108423.6524513,52.406864999999996,13.642627,71.7176,71.5725,31.7572
764108423.7018847,52.409712999999996,13.641242,71.6020,71.4569,31.6493
764108423.7513306,52.412561999999994,13.639857,71.4006,71.2555,31.4556
764108423.8007641,52.415409999999994,13.638473,72.1997,72.0546,32.2624
764108423.85021,52.418259,13.637087,72.0819,71.9368,32.1523
764108423.8996427,52.421107,13.635702,72.0636,71.9185,32.1417
764108423.949101,52.423956,13.634316,71.3891,71.2440,31.4750
764108423.9985337,52.426804,13.63293,66.3830,66.2379,26.4766
764108424.0479908,52.429652999999995,13.631544,64.8411,64.6960,24.9422
764108424.0974236,52.432500999999995,13.630158,64.7680,64.6230,24.8765
764108424.1468692,52.43535,13.628772,64.6924,64.5473,24.8083
764108424.1963019,52.438198,13.627386,65.2422,65.0971,25.3656
764108424.2457473,52.441046,13.625999,63.2630,63.1179,23.3939
764108424.295193,52.443895,13.624613,64.0429,63.8979,24.1813
764108424.3446257,52.446742,13.623225999999999,75.9693,75.8242,36.1150
764108424.3940711,52.449591,13.621839,75.8356,75.6905,35.9888
764108424.4435039,52.452439,13.620452,70.8840,70.7390,31.0447
764108424.4929621,52.455287999999996,13.619064999999999,76.0383,75.8933,36.2065
764108424.5423949,52.458135999999996,13.617676999999999,72.3161,72.1710,32.4917
766441226.4858017,52.332713999999996,13.684125,74.5762,74.5233,34.5028
766441226.53526,52.335564,13.682744,74.4780,74.4250,34.4133
766441226.5847311,52.338414,13.681363,74.1962,74.1433,34.1403
766441226.6341891,52.341263999999995,13.679983,74.1945,74.1415,34.1473
766441226.6836474,52.344113,13.678602,70.3598,70.3068,30.3213
766441226.7331059,52.346962999999995,13.67722,70.9541,70.9011,30.9244
766441226.7825642,52.349813,13.675839,71.3627,71.3097,31.3417
766441226.8320224,52.352661999999995,13.674458,72.2119,72.1590,32.1997
766441226.8814933,52.355512999999995,13.673076,72.2688,72.2158,32.2653
766441226.9309516,52.358363,13.671693999999999,72.2059,72.1529,32.2111
766441226.9804096,52.361211999999995,13.670312,72.1705,72.1175,32.1845
766441227.0298669,52.364062,13.66893,72.1403,72.0873,32.1624
766441227.0793378,52.366912,13.667546999999999,72.2418,72.1888,32.2716
766441227.1287961,52.369761999999994,13.666165,72.5404,72.4873,32.5779
766441227.1782417,52.372609999999995,13.664783,72.5379,72.4849,32.5831
766441227.2277,52.37546,13.6634,72.2438,72.1908,32.2968
766441227.2771583,52.37831,13.662016999999999,72.1583,72.1053,32.2190
766441227.3266037,52.381158,13.660635,72.1158,72.0627,32.1842
766441227.3760619,52.384007999999994,13.659251999999999,72.1103,72.0572,32.1864
766441227.425533,52.386858,13.657867999999999,72.0864,72.0333,32.1703
766441227.4749918,52.389708,13.656483999999999,72.1309,72.0778,32.2225
766441227.5244632,52.392558,13.655101,72.0733,72.0202,32.1726
766441227.5739093,52.395407,13.653716999999999,72.0350,71.9819,32.1420
766441227.623368,52.398255999999996,13.652332999999999,72.1208,72.0677,32.2356
766441227.6728268,52.401106,13.650948999999999,71.8512,71.7981,31.9737
766441227.7222855,52.403954999999996,13.649564999999999,71.3149,71.2617,31.4451
766441227.7717443,52.406804,13.648181,70.9156,70.8624,31.0535
766441227.821203,52.409653999999996,13.646796,70.8774,70.8242,31.0231
766441227.8706489,52.412503,13.645411999999999,70.6490,70.5959,30.8024
766441227.9201198,52.415352999999996,13.644027,69.8821,69.8289,30.0432
766441227.9695652,52.418200999999996,13.642641999999999,67.8591,67.8059,28.0279
766441228.019036,52.421051,13.641257,66.8976,66.8444,27.0741
766441228.0684829,52.423899999999996,13.639871999999999,66.5778,66.5245,26.7617
766441228.1179538,52.42675,13.638485999999999,65.3521,65.2989,25.5436
766441228.167412,52.429598999999996,13.6371,71.9014,71.8482,32.1003
766441228.2168703,52.432449,13.635715,71.5605,71.5073,31.7670
766441228.2663157,52.435297,13.634329,71.6642,71.6110,31.8782
766441228.3157866,52.438147,13.632943,71.7705,71.7172,31.9919
766441228.3652449,52.440996999999996,13.631556999999999,71.8829,71.8297,32.1119
766441228.4147031,52.443846,13.63017,71.8948,71.8416,32.1312
766441228.464174,52.446695999999996,13.628784,71.8937,71.8404,32.1376
766441228.5136323,52.449545,13.627397,71.2647,71.2115,31.5162
766441228.5630906,52.452394,13.626009999999999,70.5306,70.4773,30.7895
766441228.6125615,52.455244,13.624623,69.3479,69.2946,29.6143
766441228.6620324,52.458093999999996,13.623235,69.4841,69.4309,29.7580
766441226.4859545,52.332722999999994,13.684121,74.5723,74.5194,34.4989
766441226.5354128,52.335573,13.682739999999999,74.4719,74.4189,34.4072
766441226.584871,52.338421999999994,13.681358999999999,74.1922,74.1393,34.1363
766441226.634342,52.341273,13.679978,74.2375,74.1845,34.1903
766441226.6838002,52.344122,13.678597,70.3570,70.3040,30.3185
766441226.7332587,52.346972,13.677216,70.9510,70.8980,30.9213
766441226.782717,52.349821999999996,13.675835,71.3596,71.3066,31.3386
766441226.8321624,52.352671,13.674453999999999,72.2081,72.1552,32.1959
766441226.8816206,52.35552,13.673072,72.2649,72.2119,32.2614
766441226.9310918,52.358371,13.67169,72.2024,72.1494,32.2076
766441226.9805496,52.361219999999996,13.670307999999999,72.1667,72.1137,32.1807
766441227.0300069,52.36407,13.668925999999999,72.1363,72.0833,32.1584
766441227.0794525,52.366918999999996,13.667544,72.2378,72.1848,32.2677
766441227.1289234,52.369769,13.666160999999999,72.5377,72.4846,32.5752
766441227.1783817,52.372619,13.664779,72.5339,72.4809,32.5792
766441227.2278273,52.375468,13.663395999999999,72.2397,72.1867,32.2927
766441227.2772856,52.378316999999996,13.662014,72.1546,72.1016,32.2154
766441227.3267438,52.381167,13.660630999999999,72.1119,72.0588,32.1803
766441227.3761892,52.384015,13.659248,72.1061,72.0530,32.1822
766441227.4256604,52.386866,13.657864,72.0818,72.0287,32.1657
766441227.4751062,52.389714,13.656481,72.1268,72.0737,32.2184
766441227.524565,52.392564,13.655097999999999,72.0694,72.0163,32.1687
766441227.5740237,52.395413,13.653713999999999,72.0342,71.9811,32.1412
766441227.6234825,52.398263,13.65233,72.1169,72.0638,32.2317
766441227.6729412,52.401112,13.650946,71.8441,71.7910,31.9666
766441227.7224002,52.403962,13.649562,71.3093,71.2561,31.4395
766441227.7718589,52.406811,13.648176999999999,70.9102,70.8570,31.0482
766441227.8213177,52.409661,13.646792999999999,70.8732,70.8200,31.0189
766441227.8707635,52.412509,13.645408,70.6433,70.5902,30.7967
766441227.9202344,52.415358999999995,13.644022999999999,69.8733,69.8201,30.0344
766441227.9696798,52.418208,13.642638999999999,67.8511,67.7979,28.0199
766441228.0191381,52.421057,13.641254,66.8925,66.8393,27.0690
766441228.0685976,52.423907,13.639868,66.5666,66.5134,26.7506
766441228.1180558,52.426756,13.638482999999999,65.3475,65.2943,25.5390
766441228.1675141,52.429606,13.637096999999999,71.8964,71.8432,32.0954
766441228.216985,52.432455999999995,13.635710999999999,71.5562,71.5029,31.7626
766441228.2664304,52.435303999999995,13.634326,71.6595,71.6063,31.8735
766441228.3159013,52.438154,13.63294,71.7665,71.7133,31.9880
766441228.3653595,52.441002999999995,13.631553,71.8782,71.8249,32.1071
766441228.4148049,52.443852,13.630167,71.8907,71.8374,32.1271
766441228.4642758,52.446701999999995,13.628781,71.8901,71.8369,32.1341
766441228.5137341,52.449551,13.627393999999999,71.2595,71.2062,31.5109
766441228.5631924,52.4524,13.626007,70.5249,70.4716,30.7838
766441228.6126633,52.45525,13.62462,69.3408,69.2876,29.6073
766441228.6621089,52.458099,13.623232999999999,69.4881,69.4348,29.7620
766441226.4860692,52.332729,13.684116999999999,74.5698,74.5169,34.4965
766441226.5355275,52.335578999999996,13.682737,74.4676,74.4146,34.4029
766441226.5849857,52.338429,13.681356,74.1893,74.1363,34.1334
766441226.6344566,52.341279,13.679974999999999,74.2338,74.1808,34.1867
766441226.6839149,52.344128999999995,13.678593999999999,70.3546,70.3017,30.3162
766441226.7333734,52.346979,13.677213,70.9491,70.8961,30.9194
766441226.7828317,52.349827999999995,13.675830999999999,71.3575,71.3045,31.3366
766441226.832277,52.352677,13.67445,72.2055,72.1526,32.1933
766441226.8817353,52.355526999999995,13.673069,72.2623,72.2093,32.2588
766441226.9312062,52.358377,13.671686999999999,72.1995,72.1465,32.2047
766441226.9806643,52.361227,13.670304999999999,72.1638,72.1108,32.1778
766441227.0301089,52.364076,13.668923,72.1331,72.0801,32.1552
766441227.0795798,52.366926,13.667539999999999,72.2348,72.1818,32.2647
766441227.1290381,52.369775999999995,13.666158,72.5332,72.4801,32.5707
766441227.1784964,52.372625,13.664774999999999,72.5306,72.4776,32.5759
766441227.227942,52.375474,13.663393,72.2366,72.1836,32.2896
766441227.2774129,52.378324,13.662009999999999,72.1517,72.0987,32.2125
766441227.3268712,52.381173999999994,13.660627,72.1092,72.0561,32.1776
766441227.3763294,52.384023,13.659244,72.1031,72.0500,32.1793
766441227.4258003,52.386874,13.65786,72.0786,72.0255,32.1625
766441227.4752464,52.389722,13.656476999999999,72.1239,72.0708,32.2156
766441227.5246923,52.392571,13.655094,72.0665,72.0134,32.1658
766441227.5741639,52.395421,13.65371,72.0312,71.9781,32.1383
766441227.6236227,52.398271,13.652325999999999,72.1141,72.0610,32.2289
766441227.6730814,52.40112,13.650941999999999,71.8373,71.7842,31.9599
766441227.7225401,52.40397,13.649557999999999,71.3048,71.2516,31.4350
766441227.7719989,52.406819,13.648173,70.9058,70.8526,31.0438
766441227.8214703,52.409669,13.646787999999999,70.8703,70.8171,31.0160
766441227.8709164,52.412518,13.645404,70.6382,70.5851,30.7917
766441227.9203873,52.415368,13.644019,69.8644,69.8112,30.0255
766441227.9698327,52.418217,13.642634,67.8431,67.7899,28.0120
766441228.0192909,52.421065999999996,13.641249,66.8884,66.8352,27.0649
766441228.0687504,52.423916,13.639864,66.5606,66.5073,26.7446
766441228.1182213,52.426766,13.638478,65.3444,65.2912,25.5359
766441228.1676669,52.429614,13.637093,71.8929,71.8397,32.0919
766441228.2171378,52.432463999999996,13.635707,71.5529,71.4997,31.7594
766441228.2665832,52.435313,13.634322,71.6560,71.6028,31.8700
766441228.3160541,52.438162999999996,13.632935,71.7637,71.7104,31.9852
766441228.3655124,52.441012,13.631549,71.8743,71.8211,32.1033
766441228.4149578,52.443861,13.630163,71.8876,71.8344,32.1241
766441228.4644287,52.446711,13.628776,71.8808,71.8275,32.1247
766441228.5138869,52.44956,13.62739,71.2547,71.2015,31.5062
766441228.5633452,52.452408999999996,13.626002999999999,70.5190,70.4657,30.7780
766441228.6128161,52.455259,13.624616,69.3301,69.2768,29.5965
766441228.6622617,52.458107,13.623229,69.5027,69.4495,29.7767
768774027.5406873,52.330512999999996,13.689314,73.3991,73.4441,33.4207
768774027.5901456,52.333363,13.687934,73.3462,73.3912,33.3769
768774027.6396039,52.336213,13.686554,73.1022,73.1471,33.1418
768774027.6890621,52.339062999999996,13.685172999999999,73.0211,73.0661,33.0697
768774027.7385209,52.341912,13.683793,73.1340,73.1789,33.1916
768774027.7879796,52.344761999999996,13.682412,68.7632,68.8082,28.8298
768774027.8374512,52.347612999999996,13.681030999999999,67.3443,67.3892,27.4198
768774027.88691,52.350462,13.679649999999999,69.2915,69.3364,29.3760
768774027.9363687,52.353311999999995,13.678269,70.0649,70.1099,30.1585
768774027.9858401,52.356162999999995,13.676886999999999,70.9983,71.0432,31.1008
768774028.0352991,52.359012,13.675505999999999,71.0429,71.0878,31.1536
768774028.0847585,52.361861999999995,13.674123999999999,71.0946,71.1395,31.2130
768774028.1342173,52.364712,13.672742,71.0339,71.0788,31.1601
768774028.1836755,52.367560999999995,13.67136,71.0048,71.0496,31.1387
768774028.2331464,52.370411999999995,13.669977999999999,69.5790,69.6239,29.7207
768774028.2826047,52.373261,13.668595999999999,69.6882,69.7330,29.8376
768774028.332063,52.376110999999995,13.667214,70.8787,70.9235,31.0359
768774028.3815212,52.37896,13.665830999999999,71.0341,71.0789,31.1990
768774028.4309924,52.381811,13.664448,70.9792,71.0240,31.1519
768774028.4804506,52.38466,13.663065,70.7913,70.8360,30.9717
768774028.5299089,52.38751,13.661681999999999,70.2637,70.3085,30.4519
768774028.5793798,52.39036,13.660299,70.6425,70.6872,30.8384
768774028.6288381,52.393209999999996,13.658916,70.8823,70.9270,31.0860
768774028.678309,52.39606,13.657532,70.9054,70.9501,31.1168
768774028.7277672,52.398908999999996,13.656148,70.9447,70.9894,31.1639
768774028.7772126,52.401758,13.654765,70.8351,70.8797,31.0620
768774028.8266838,52.404607999999996,13.653381,69.9453,69.9900,30.1801
768774028.8761292,52.407457,13.651997,69.5506,69.5952,29.7931
768774028.9255874,52.410306,13.650613,69.2563,69.3009,29.5066
768774028.9750583,52.413156,13.649229,69.1173,69.1619,29.3753
768774029.0245154,52.416005999999996,13.647844,68.3058,68.3504,28.5715
768774029.0739865,52.418856,13.646459,65.7476,65.7922,26.0207
768774029.1234319,52.421704999999996,13.645074999999999,64.7827,64.8273,25.0634
768774029.1729028,52.424555,13.64369,67.0286,67.0732,27.3168
768774029.2223485,52.427403,13.642304999999999,66.6795,66.7240,26.9752
768774029.2718194,52.430253,13.640919,66.6704,66.7150,26.9736
768774029.3212776,52.433102999999996,13.639534,66.7300,66.7745,27.0407
768774029.3707488,52.435953,13.638148,66.4198,66.4644,26.7381
768774029.420207,52.438801999999995,13.636762,66.9040,66.9485,27.2298
768774029.4696786,52.441652,13.635375999999999,68.7663,68.8108,29.0996
768774029.5191374,52.444500999999995,13.633989999999999,70.0081,70.0526,30.3489
768774029.5685961,52.447351,13.632603999999999,70.2252,70.2697,30.5735
768774029.6180549,52.450199999999995,13.631217999999999,69.7038,69.7483,30.0597
768774029.6675136,52.453049,13.629831,68.8724,68.9169,29.2358
768774029.7169724,52.455898,13.628445,67.6561,67.7005,28.0269
768774029.7664311,52.458748,13.627058,60.8941,60.9386,21.2725
768774027.5406873,52.330515999999996,13.689314,74.3927,74.4377,34.4144
768774027.5901456,52.333366,13.687933,74.3400,74.3850,34.3706
768774027.6396039,52.336214999999996,13.686553,74.0958,74.1408,34.1355
768774027.6890621,52.339065,13.685172999999999,74.0148,74.0598,34.0634
768774027.7385335,52.341916,13.683791999999999,74.1277,74.1727,34.1853
768774027.7879922,52.344764999999995,13.682411,69.7571,69.8020,29.8237
768774027.8374512,52.347615,13.681030999999999,68.3385,68.3835,28.4141
768774027.8869226,52.350466,13.679649,70.2853,70.3302,30.3698
768774027.9363813,52.353314999999995,13.678268,71.0588,71.1037,31.1524
768774027.9858527,52.356165999999995,13.676886,71.9922,72.0371,32.0947
768774028.0353117,52.359016,13.675505,72.0367,72.0816,32.1474
768774028.0847714,52.361864999999995,13.674123,72.0884,72.1333,32.2068
768774028.1342428,52.364715999999994,13.672741,72.0278,72.0727,32.1540
768774028.183701,52.367565,13.671358999999999,71.9986,72.0434,32.1325
768774028.2331593,52.370414999999994,13.669977,70.5726,70.6174,30.7143
768774028.2826176,52.373264999999996,13.668595,70.6819,70.7267,30.8313
768774028.3320885,52.376115,13.667212999999999,71.8726,71.9174,32.0298
768774028.3815467,52.378963999999996,13.66583,72.0278,72.0726,32.1928
768774028.431005,52.381814,13.664447,71.9730,72.0178,32.1457
768774028.4804633,52.384664,13.663065,71.7846,71.8294,31.9651
768774028.5299342,52.387513999999996,13.661681,71.2580,71.3027,31.4462
768774028.5793924,52.390363,13.660298,71.6362,71.6809,31.8322
768774028.6288636,52.393214,13.658914999999999,71.8762,71.9209,32.0799
768774028.6783216,52.396063,13.657530999999999,71.9912,72.0359,32.2027
768774028.7277672,52.398911999999996,13.656148,71.9383,71.9829,32.1575
768774028.7772381,52.401762,13.654764,71.8283,71.8730,32.0553
768774028.8266964,52.404610999999996,13.653379999999999,70.9388,70.9835,31.1736
768774028.8761547,52.407461,13.651995999999999,70.5440,70.5886,30.7865
768774028.9256129,52.410309999999996,13.650611999999999,70.2499,70.2946,30.5002
768774028.9750712,52.41316,13.649227999999999,70.1108,70.1554,30.3688
768774029.0245409,52.41601,13.647843,69.2987,69.3433,29.5644
768774029.0739992,52.418859,13.646459,66.7399,66.7845,27.0130
768774029.1234701,52.421709,13.645073,65.7761,65.8206,26.0567
768774029.1729283,52.424558999999995,13.643689,68.0227,68.0673,28.3109
768774029.2223995,52.427409,13.642303,67.6731,67.7176,27.9688
768774029.2718449,52.430257,13.640918,67.6642,67.7087,27.9674
768774029.321316,52.433107,13.639533,67.7235,67.7681,28.0343
768774029.3707743,52.435956999999995,13.638147,67.4134,67.4579,27.7316
768774029.4202454,52.438807,13.636761,67.8981,67.9427,28.2239
768774029.4696913,52.441655,13.635375999999999,69.7608,69.8053,30.0941
768774029.5191629,52.444505,13.633989,71.0023,71.0468,31.3431
768774029.5686216,52.447354999999995,13.632603,71.2185,71.2630,31.5669
768774029.6180804,52.450204,13.631217,70.6971,70.7416,31.0530
768774029.6675391,52.453053,13.62983,69.8654,69.9098,30.2287
768774029.7170105,52.455903,13.628442999999999,68.6483,68.6928,29.0192
768774029.7664821,52.458752999999994,13.627056,61.8859,61.9303,22.2643
768774027.5409422,52.330529999999996,13.689307,74.4006,74.4456,34.4223
768774027.5904005,52.333379,13.687927,74.4457,74.4907,34.4764
768774027.6398587,52.336228999999996,13.686546,74.2006,74.2456,34.2403
768774027.6893296,52.339079999999996,13.685165999999999,74.1196,74.1646,34.1683
768774027.7387881,52.341929,13.683784999999999,74.2335,74.2785,34.2912
768774027.7882469,52.344778999999996,13.682404,69.8621,69.9071,29.9288
768774027.8377056,52.347629,13.681023999999999,68.4555,68.5004,28.5311
768774027.8871772,52.350479,13.679642,70.3911,70.4360,30.4757
768774027.936636,52.353328999999995,13.678261,71.1642,71.2091,31.2578
768774027.9860947,52.356179,13.676879999999999,72.0988,72.1437,32.2014
768774028.0355537,52.359029,13.675498,72.1351,72.1800,32.2458
768774028.0850132,52.361878,13.674116999999999,72.1935,72.2383,32.3119
768774028.1344848,52.364729,13.672735,72.1332,72.1780,32.2594
768774028.183943,52.367577999999995,13.671353,72.1031,72.1480,32.2371
768774028.2334013,52.370428,13.669970999999999,70.7602,70.8051,30.9019
768774028.2828596,52.373278,13.668588999999999,70.7872,70.8320,30.9366
768774028.3323305,52.376127999999994,13.667206,71.9779,72.0227,32.1351
768774028.3817887,52.378977,13.665823,72.1297,72.1745,32.2947
768774028.431247,52.381826999999994,13.664441,72.0780,72.1227,32.2507
768774028.4807053,52.384676,13.663058,71.8863,71.9310,32.0668
768774028.5301762,52.387527,13.661674999999999,71.3637,71.4085,31.5519
768774028.5796344,52.390375999999996,13.660292,71.7400,71.7848,31.9360
768774028.6291053,52.393226999999996,13.658907999999998,71.9818,72.0265,32.1855
768774028.6785636,52.396076,13.657525,71.9915,72.0362,32.2030
768774028.7280219,52.398925999999996,13.656141,72.0434,72.0881,32.2627
768774028.7774928,52.401776,13.654757,71.9319,71.9765,32.1589
768774028.826951,52.404624999999996,13.653373,71.0413,71.0859,31.2761
768774028.8764093,52.407475,13.651988999999999,70.6452,70.6899,30.8877
768774028.9258802,52.410325,13.650604999999999,70.3541,70.3987,30.6043
768774028.9753385,52.413174,13.649220999999999,70.2129,70.2575,30.4709
768774029.0248084,52.416024,13.647836,69.3929,69.4375,29.6586
768774029.0742667,52.418873999999995,13.646450999999999,66.8294,66.8740,27.1026
768774029.1237376,52.421724,13.645066,65.8786,65.9232,26.1593
768774029.1731832,52.424572,13.643682,68.1314,68.1760,28.4197
768774029.2226541,52.427422,13.642296,67.7763,67.8209,28.0721
768774029.2720997,52.430271,13.640911,67.7695,67.8141,28.0728
768774029.3215706,52.433121,13.639526,67.8268,67.8713,28.1376
768774029.3710289,52.43597,13.63814,67.5165,67.5610,27.8348
768774029.4204998,52.438821,13.636754,68.0069,68.0514,28.3327
768774029.4699714,52.441671,13.635368,69.8722,69.9167,30.2055
768774029.5194302,52.44452,13.633982,71.1113,71.1558,31.4521
768774029.5689015,52.44737,13.632595,71.3195,71.3640,31.6679
768774029.6183603,52.450219,13.631209,70.7982,70.8427,31.1541
768774029.6678319,52.453069,13.629821999999999,69.9641,70.0085,30.3275
768774029.7172906,52.455918,13.628435999999999,68.7448,68.7892,29.1157
768774029.766762,52.458768,13.627049,61.9787,62.0231,22.3571
771106828.4559009,52.332727,13.684342,74.3540,74.4450,34.4249
771106828.5053465,52.335575999999996,13.682962,74.2082,74.2993,34.2879
771106828.5547919,52.338425,13.681581999999999,73.8410,73.9321,33.9294
771106828.6042376,52.341274999999996,13.680202,73.8763,73.9674,33.9733
771106828.653683,52.344124,13.678822,69.6324,69.7235,29.7381
771106828.7031286,52.346973,13.677441,71.1142,71.2053,31.2286
771106828.752574,52.349821999999996,13.676060999999999,70.9534,71.0444,31.0764
771106828.8020196,52.352671,13.674679999999999,71.6298,71.7208,31.7615
771106828.851465,52.35552,13.673299,72.0825,72.1735,32.2229
771106828.9009106,52.358368999999996,13.671918,71.9971,72.0881,32.1461
771106828.950356,52.361218,13.670537,72.0651,72.1561,32.2228
771106828.9998016,52.364067999999996,13.669155,72.0043,72.0953,32.1707
771106829.0492458,52.366917,13.667774,71.9880,72.0790,32.1621
771106829.0986915,52.369766,13.666392,70.7954,70.8864,30.9772
771106829.1481369,52.372614999999996,13.665011,71.5464,71.6374,31.7359
771106829.1975825,52.375464,13.663629,71.8633,71.9542,32.0605
771106829.2470407,52.378313,13.662246,71.9035,71.9944,32.1085
771106829.2964864,52.381161999999996,13.660864,71.8304,71.9214,32.0431
771106829.3459325,52.384011,13.659481999999999,71.7329,71.8238,31.9533
771106829.3953784,52.38686,13.658099,71.1792,71.2701,31.4073
771106829.4448118,52.389708999999996,13.656716999999999,71.9322,72.0231,32.1680
771106829.4942577,52.392558,13.655334,71.9936,72.0845,32.2371
771106829.5437038,52.395407,13.653951,71.9385,72.0294,32.1898
771106829.593137,52.398255,13.652567999999999,71.9006,71.9915,32.1596
771106829.6425958,52.401104,13.651183999999999,71.3994,71.4903,31.6661
771106829.6920419,52.403952999999994,13.649801,71.0654,71.1562,31.3398
771106829.7414875,52.406802,13.648417,70.8953,70.9861,31.1774
771106829.7909331,52.409651,13.647034,70.7560,70.8469,31.0459
771106829.8403914,52.412501,13.645648999999999,70.7042,70.7950,31.0018
771106829.8898242,52.415349,13.644266,70.0615,70.1523,30.3668
771106829.9392695,52.418198,13.642881,67.5489,67.6397,27.8619
771106829.9887152,52.421046,13.641497,66.7696,66.8604,27.0903
771106830.0381615,52.423894999999995,13.640112,71.7283,71.8191,32.0566
771106830.0876071,52.426744,13.638727999999999,71.7691,71.8599,32.1049
771106830.1370654,52.429593999999994,13.637343,71.8125,71.9033,32.1557
771106830.1865108,52.432441999999995,13.635957999999999,71.7767,71.8675,32.1274
771106830.2359436,52.435289999999995,13.634573,71.8220,71.9128,32.1802
771106830.2854018,52.43814,13.633187,71.7768,71.8676,32.1425
771106830.3348477,52.440988999999995,13.631801999999999,71.7482,71.8390,32.1214
771106830.3842931,52.443836999999995,13.630415999999999,71.7903,71.8811,32.1709
771106830.4337387,52.446686,13.629031,71.7874,71.8782,32.1755
771106830.4831841,52.449535,13.627645,71.3151,71.4059,31.7107
771106830.5326424,52.452383999999995,13.626258,70.3372,70.4278,30.7402
771106830.5820751,52.455231999999995,13.624872,68.5940,68.6846,29.0045
771106830.6315334,52.458081,13.623486,64.5856,64.6762,25.0036
771106828.4556592,52.332713,13.684349,74.3480,74.4390,34.4189
771106828.5051045,52.335561999999996,13.682969,74.2090,74.3001,34.2886
771106828.5545499,52.338412,13.681588999999999,73.8362,73.9273,33.9245
771106828.6039956,52.341260999999996,13.680209,73.8730,73.9641,33.9700
771106828.653441,52.34411,13.678828,69.6287,69.7198,29.7343
771106828.7028866,52.346959,13.677448,71.1059,71.1970,31.2202
771106828.752332,52.349807999999996,13.676067,70.9419,71.0329,31.0649
771106828.8017776,52.352657,13.674686999999999,71.6141,71.7051,31.7458
771106828.851223,52.355506,13.673306,72.0773,72.1683,32.2176
771106828.9006686,52.358356,13.671925,71.9919,72.0829,32.1409
771106828.950114,52.361205,13.670542999999999,72.0592,72.1502,32.2169
771106828.9995596,52.364053999999996,13.669162,71.9991,72.0901,32.1654
771106829.0490038,52.366903,13.667781,71.9847,72.0757,32.1588
771106829.0984368,52.369751,13.666399,70.7884,70.8794,30.9701
771106829.1478822,52.3726,13.665018,71.5362,71.6272,31.7257
771106829.1973279,52.375448999999996,13.663635999999999,71.8585,71.9494,32.0557
771106829.2467732,52.378298,13.662253999999999,71.8790,71.9699,32.0839
771106829.2962317,52.381147999999996,13.660871,71.8257,71.9167,32.0384
771106829.3456779,52.383997,13.659488999999999,71.7305,71.8214,31.9508
771106829.3951111,52.386845,13.658106,71.1679,71.2588,31.3960
771106829.4445572,52.389694,13.656723999999999,71.9267,72.0176,32.1625
771106829.494003,52.392542999999996,13.655341,71.8725,71.9634,32.1160
771106829.5434492,52.395392,13.653958,71.9324,72.0233,32.1837
771106829.5928824,52.398239999999994,13.652574999999999,71.8958,71.9867,32.1547
771106829.6423411,52.401089999999996,13.651190999999999,71.3998,71.4907,31.6665
771106829.6917872,52.403939,13.649808,71.0616,71.1524,31.3359
771106829.7412329,52.406788,13.648423999999999,70.8924,70.9832,31.1745
771106829.7906783,52.409637,13.647041,70.7510,70.8419,31.0409
771106829.8401365,52.412485999999994,13.645655999999999,70.7026,70.7934,31.0001
771106829.8895822,52.415335,13.644271999999999,70.0590,70.1498,30.3643
771106829.9390278,52.418184,13.642888,67.5520,67.6428,27.8649
771106829.9884732,52.421032999999994,13.641504,66.7634,66.8542,27.0841
771106830.0379324,52.423882,13.640118999999999,71.7220,71.8128,32.0502
771106830.087378,52.426731,13.638734,71.7644,71.8552,32.1001
771106830.1368363,52.429579999999994,13.637348999999999,71.8072,71.8980,32.1504
771106830.1862817,52.432429,13.635964,71.7716,71.8624,32.1223
771106830.2357144,52.435277,13.634578999999999,71.8169,71.9077,32.1751
771106830.2851727,52.438126999999994,13.633194,71.7690,71.8598,32.1346
771106830.3346183,52.440974999999995,13.631808,71.7431,71.8339,32.1162
771106830.384064,52.443824,13.630422999999999,71.7854,71.8762,32.1660
771106830.4335222,52.446673999999994,13.629036999999999,71.7817,71.8725,32.1698
771106830.482955,52.449521999999995,13.627651,71.3166,71.4074,31.7122
771106830.5324132,52.452371,13.626265,70.3354,70.4260,30.7384
771106830.581846,52.455219,13.624879,68.5980,68.6886,29.0084
771106830.6313043,52.458068,13.623491999999999,64.5865,64.6771,25.0044
771106828.4556081,52.33271,13.68435,74.3529,74.4440,34.4239
771106828.5050409,52.335558,13.682971,74.2156,74.3067,34.2953
771106828.5544863,52.338408,13.681591,73.8411,73.9322,33.9294
771106828.6039319,52.341257,13.680209999999999,73.8784,73.9695,33.9754
771106828.6533773,52.344106,13.67883,69.6342,69.7253,29.7399
771106828.7028229,52.346954999999994,13.677449999999999,71.1125,71.2036,31.2269
771106828.7522683,52.349804,13.676069,70.9417,71.0328,31.0647
771106828.801714,52.352653,13.674688,71.6172,71.7083,31.7489
771106828.8511593,52.355501999999994,13.673307999999999,72.0818,72.1729,32.2222
771106828.900605,52.358352,13.671927,71.9963,72.0874,32.1454
771106828.9500504,52.361200999999994,13.670544999999999,72.0635,72.1546,32.2212
771106828.999496,52.36405,13.669163999999999,72.0034,72.0945,32.1698
771106829.048953,52.366899,13.667781999999999,71.9895,72.0806,32.1636
771106829.0983984,52.369749,13.666400999999999,70.7926,70.8837,30.9745
771106829.1478441,52.372597999999996,13.665019,71.5402,71.6313,31.7298
771106829.1973023,52.375446999999994,13.663635999999999,71.8630,71.9540,32.0603
771106829.2467477,52.378296,13.662253999999999,71.8835,71.9745,32.0885
771106829.2961936,52.381145,13.660872,71.8280,71.9190,32.0407
771106829.3456395,52.383993999999994,13.65949,71.7346,71.8256,31.9550
771106829.3950856,52.386843,13.658107,71.1714,71.2624,31.3995
771106829.4445317,52.389692,13.656723999999999,71.9307,72.0217,32.1665
771106829.4939904,52.392542,13.655341,71.8768,71.9678,32.1204
771106829.5434237,52.39539,13.653958999999999,71.9363,72.0273,32.1877
771106829.5928824,52.398239999999994,13.652574999999999,71.8999,71.9909,32.1590
771106829.6423156,52.401087999999994,13.651192,71.4039,71.4949,31.6707
771106829.6917617,52.403937,13.649809,71.0654,71.1564,31.3399
771106829.7412074,52.406786,13.648425,70.8962,70.9872,31.1784
771106829.7906656,52.409636,13.647041,70.7545,70.8455,31.0444
771106829.8401113,52.412484,13.645657,70.7064,70.7973,31.0041
771106829.889544,52.415333,13.644273,70.0630,70.1539,30.3684
771106829.9389894,52.418181,13.642889,67.5570,67.6479,27.8701
771106829.988435,52.421029999999995,13.641504999999999,66.7659,66.8568,27.0867
771106830.0378687,52.423877999999995,13.640120999999999,71.7248,71.8157,32.0531
771106830.0873144,52.426727,13.638736,71.7678,71.8587,32.1036
771106830.1367724,52.429576999999995,13.637350999999999,71.8105,71.9014,32.1538
771106830.186218,52.432424999999995,13.635966,71.7749,71.8657,32.1256
771106830.2356634,52.435274,13.634580999999999,71.8203,71.9112,32.1786
771106830.285109,52.438123,13.633194999999999,71.7722,71.8630,32.1379
771106830.334542,52.440971,13.63181,71.7464,71.8372,32.1195
771106830.3840003,52.443819999999995,13.630424,71.7891,71.8800,32.1698
771106830.433433,52.446667999999995,13.629038999999999,71.7845,71.8753,32.1726
771106830.4828913,52.449518,13.627652999999999,71.3221,71.4129,31.7177
771106830.5323241,52.452366,13.626266999999999,70.3393,70.4301,30.7424
771106830.5817823,52.455214999999995,13.624881,68.6020,68.6928,29.0126
771106830.6312277,52.458064,13.623493999999999,64.5918,64.6825,25.0098
773439626.0133953,52.332665999999996,13.690477999999999,74.0965,74.1837,34.1749
773439626.0628281,52.335515,13.689098,73.8739,73.9610,33.9603
773439626.1122608,52.338364,13.687719,73.7741,73.8613,33.8686
773439626.1616938,52.341212,13.686339,73.8788,73.9660,33.9813
773439626.2111263,52.344060999999996,13.684959,68.7357,68.8228,28.8463
773439626.2605467,52.346909,13.683579,68.9873,69.0745,29.1060
773439626.3099799,52.349757,13.682198999999999,66.6418,66.7290,26.7685
773439626.3594131,52.352605999999994,13.680819,66.8786,66.9658,27.0134
773439626.4088464,52.355453999999995,13.679438,71.9585,72.0457,32.1014
773439626.4582798,52.358303,13.678056999999999,71.9942,72.0813,32.1451
773439626.5077131,52.361151,13.676675999999999,71.9428,72.0300,32.1018
773439626.5571463,52.364,13.675295,71.9264,72.0136,32.0934
773439626.6065669,52.366847,13.673915,71.9607,72.0478,32.1357
773439626.6560001,52.369696,13.672533,71.9467,72.0339,32.1299
773439626.7054329,52.372544,13.671152,70.3141,70.4012,30.5053
773439626.7548659,52.375392999999995,13.66977,71.9774,72.0645,32.1766
773439626.8042986,52.378240999999996,13.668388,71.9297,72.0169,32.1370
773439626.8537314,52.38109,13.667005999999999,71.8665,71.9536,32.0819
773439626.9031768,52.383939,13.665624,71.9270,72.0141,32.1504
773439626.9526098,52.386787,13.664242,71.5471,71.6342,31.7786
773439627.0020425,52.389635,13.662859,71.4674,71.5545,31.7069
773439627.051487,52.392483999999996,13.661475999999999,71.7885,71.8756,32.0357
773439627.1009197,52.395333,13.660093999999999,71.8820,71.9691,32.1368
773439627.1503525,52.398181,13.658711,71.8461,71.9332,32.1086
773439627.199785,52.401028999999994,13.657328,71.9054,71.9925,32.1755
773439627.2492177,52.403878,13.655945,71.9052,71.9923,32.1830
773439627.2986505,52.406726,13.654561999999999,70.2580,70.3451,30.5434
773439627.3480835,52.409574,13.653177999999999,69.8853,69.9724,30.1784
773439627.3975163,52.412422,13.651795,69.6857,69.7728,29.9865
773439627.4469616,52.415271,13.650409999999999,69.1882,69.2753,29.4966
773439627.4963944,52.418119,13.649027,67.3934,67.4805,27.7094
773439627.5458272,52.420967999999995,13.647642999999999,65.2266,65.3137,25.5503
773439627.5952599,52.423815999999995,13.646258,71.8244,71.9115,32.1557
773439627.64468,52.426663,13.644874,71.8729,71.9600,32.2119
773439627.6941257,52.429511999999995,13.643488999999999,71.7429,71.8300,32.0896
773439627.7435584,52.432359999999996,13.642104999999999,71.7334,71.8205,32.0877
773439627.7929912,52.435207999999996,13.64072,71.7348,71.8219,32.0967
773439627.8424239,52.438057,13.639334999999999,71.7552,71.8423,32.1248
773439627.8918695,52.440905,13.63795,71.7598,71.8469,32.1371
773439627.9412899,52.443753,13.636565,71.8100,71.8971,32.1949
773439627.9907231,52.446601,13.635178999999999,71.7850,71.8721,32.1776
773439628.0401697,52.44945,13.633792999999999,71.7763,71.8634,32.1760
773439628.0895908,52.452296999999994,13.632408,69.8151,69.9022,30.2220
773439628.139024,52.455144999999995,13.631022,68.8422,68.9293,29.2562
773439628.1884573,52.457992999999995,13.629636,76.1241,76.2112,36.5452
773439626.013217,52.332656,13.690482,74.0872,74.1744,34.1655
773439626.0626371,52.335504,13.689103,73.8657,73.9529,33.9521
773439626.1120698,52.338352,13.687724,73.7649,73.8521,33.8594
773439626.1615026,52.341201,13.686344,73.8716,73.9588,33.9742
773439626.2109354,52.344049999999996,13.684963999999999,68.7276,68.8148,28.8382
773439626.2603683,52.346897999999996,13.683584,68.9766,69.0637,29.0952
773439626.3098016,52.349747,13.682203,66.6407,66.7278,26.7674
773439626.3592222,52.352595,13.680823,66.8727,66.9599,27.0074
773439626.4086556,52.355443,13.679443,71.9475,72.0347,32.0903
773439626.4580889,52.358292,13.678061999999999,71.9847,72.0719,32.1356
773439626.5075221,52.36114,13.676680999999999,71.9333,72.0205,32.0923
773439626.5569553,52.363989,13.6753,71.9169,72.0040,32.0838
773439626.6063888,52.366837,13.673919,71.9505,72.0376,32.1255
773439626.6558218,52.369685,13.672538,71.9373,72.0244,32.1204
773439626.7052548,52.372533999999995,13.671156,70.2996,70.3867,30.4908
773439626.7546875,52.375381999999995,13.669775,71.9679,72.0550,32.1671
773439626.8041203,52.378231,13.668393,71.9201,72.0073,32.1274
773439626.853553,52.381079,13.667010999999999,71.8569,71.9441,32.0723
773439626.9029987,52.383928,13.665628,71.9175,72.0046,32.1409
773439626.9524314,52.386776999999995,13.664245999999999,71.5398,71.6269,31.7712
773439627.0018642,52.389624999999995,13.662863999999999,71.4567,71.5438,31.6962
773439627.051296,52.392472999999995,13.661481,71.7791,71.8662,32.0263
773439627.1007288,52.395322,13.660098999999999,71.8722,71.9593,32.1269
773439627.1501615,52.39817,13.658716,71.8364,71.9235,32.0988
773439627.199594,52.401018,13.657333,71.8950,71.9821,32.1651
773439627.2490268,52.403866,13.655949999999999,71.8965,71.9836,32.1743
773439627.2984595,52.406715,13.654565999999999,70.2516,70.3387,30.5371
773439627.3478923,52.409563,13.653182999999999,69.8774,69.9645,30.1704
773439627.3973379,52.412411999999996,13.651798999999999,69.6792,69.7663,29.9799
773439627.4467707,52.415259999999996,13.650414999999999,69.1798,69.2669,29.4882
773439627.4962034,52.418108,13.649030999999999,67.4009,67.4880,27.7170
773439627.5456362,52.420956,13.647647,65.2207,65.3078,25.5443
773439627.5950563,52.423804,13.646263999999999,71.8147,71.9018,32.1460
773439627.6445017,52.426652999999995,13.644879,71.8641,71.9512,32.2031
773439627.6939344,52.429500999999995,13.643493999999999,71.7342,71.8213,32.0809
773439627.7433674,52.432348999999995,13.642109999999999,71.7249,71.8120,32.0791
773439627.7927873,52.435196999999995,13.640725,71.7258,71.8129,32.0877
773439627.8422201,52.438044999999995,13.639339999999999,71.7453,71.8324,32.1149
773439627.8916657,52.440892999999996,13.637955,71.7504,71.8375,32.1277
773439627.9410989,52.443742,13.636569999999999,71.7998,71.8869,32.1847
773439627.9905195,52.446588999999996,13.635183999999999,71.7747,71.8618,32.1672
773439628.0399661,52.449438,13.633799,71.7662,71.8533,32.1659
773439628.0893998,52.452286,13.632413,69.8117,69.8988,30.2186
773439628.138833,52.455134,13.631027,68.8381,68.9252,29.2521
773439628.1882536,52.457981,13.629641,76.1140,76.2010,36.5350
775772423.6020541,52.330462,13.694841,75.8345,75.9121,35.8943
775772423.6515002,52.333310999999995,13.693461,73.9733,74.0509,34.0424
775772423.7009335,52.33616,13.692082,73.9122,73.9898,33.9904
775772423.7503793,52.339009,13.690702,73.8324,73.9100,33.9198
775772423.7998252,52.341857999999995,13.689321999999999,73.7839,73.8615,33.8805
775772423.8492703,52.344707,13.687942,68.0698,68.1474,28.1755
775772423.898716,52.347556999999995,13.686561999999999,68.8738,68.9514,28.9888
775772423.9481614,52.350406,13.685182,69.3391,69.4167,29.4632
775772423.997607,52.353255,13.683800999999999,70.0492,70.1268,30.1826
775772424.0470536,52.356103999999995,13.682419999999999,70.5782,70.6558,30.7195
775772424.0964992,52.358953,13.681039,66.8452,66.9228,26.9942
775772424.1459448,52.361802999999995,13.679658,72.0442,72.1218,32.2011
775772424.19539,52.364652,13.678277,72.0065,72.0841,32.1712
775772424.2448354,52.367501,13.676896,71.9624,72.0400,32.1349
775772424.294281,52.370349999999995,13.675514,71.9655,72.0431,32.1459
775772424.3437264,52.373199,13.674133,69.6700,69.7476,29.8582
775772424.393172,52.376048,13.672751,71.9813,72.0589,32.1773
775772424.4426048,52.378896999999995,13.671368999999999,71.9300,72.0076,32.1338
775772424.4920502,52.381746,13.669986999999999,71.9945,72.0721,32.2062
775772424.5414958,52.384595,13.668605,71.8052,71.8828,32.0246
775772424.5909412,52.387443999999995,13.667223,71.0514,71.1290,31.2787
775772424.6403868,52.390293,13.66584,71.0411,71.1187,31.2762
775772424.6898196,52.393141,13.664458,71.1779,71.2555,31.4208
775772424.7392523,52.395989,13.663075,71.4144,71.4920,31.6651
775772424.788698,52.398838,13.661691999999999,71.8700,71.9476,32.1286
775772424.8381433,52.401686999999995,13.660309,71.8271,71.9047,32.0934
775772424.887589,52.404536,13.658926,71.8855,71.9631,32.1597
775772424.9370217,52.407384,13.657542999999999,69.6454,69.7230,29.9275
775772424.9864545,52.410233,13.65616,69.2174,69.2950,29.5073
775772425.0358994,52.413081,13.654776,69.2462,69.3238,29.5437
775772425.0853455,52.415929999999996,13.653392,68.4135,68.4911,28.7185
775772425.1347785,52.418779,13.652007999999999,66.6166,66.6941,26.9291
775772425.1842244,52.421627,13.650623999999999,64.2574,64.3350,24.5775
775772425.2336705,52.424476,13.649239999999999,71.9466,72.0242,32.2742
775772425.2831037,52.427324999999996,13.647855999999999,71.8595,71.9371,32.1946
775772425.3325498,52.430172999999996,13.646471,71.5295,71.6070,31.8720
775772425.381983,52.433022,13.645087,71.3050,71.3826,31.6551
775772425.4314163,52.435869999999994,13.643702,71.1509,71.2285,31.5085
775772425.4808619,52.438717999999994,13.642317,71.3457,71.4232,31.7108
775772425.5302947,52.441565999999995,13.640932,71.6295,71.7070,32.0021
775772425.5797274,52.444413999999995,13.639546999999999,71.6444,71.7219,32.0245
775772425.6291857,52.447264,13.638161,71.7921,71.8697,32.1798
775772425.6786184,52.450112,13.636776,70.6956,70.7731,31.0908
775772425.7280641,52.452960999999995,13.63539,69.1328,69.2103,29.5355
775772425.7775097,52.455808999999995,13.634004,68.1437,68.2212,28.5539
775772425.8269424,52.458656999999995,13.632617999999999,60.8023,60.8798,21.2201
778105220.1590395,52.330816999999996,13.696605,73.9209,73.9994,33.9878
778105220.2084851,52.333666,13.695226,80.7257,80.8042,40.8010
778105220.2579434,52.336515999999996,13.693845999999999,82.8864,82.9649,42.9701
778105220.3073885,52.339365,13.692466999999999,85.4054,85.4839,45.4974
778105220.3568468,52.342214999999996,13.691087,73.6631,73.7416,33.7634
778105220.4063051,52.345065,13.689706999999999,67.9923,68.0708,28.1010
778105220.4557633,52.347915,13.688327,68.7572,68.8357,28.8742
778105220.5052216,52.350764999999996,13.686947,68.9978,69.0763,29.1232
778105220.5546799,52.353615,13.685566,69.7567,69.8352,29.8905
778105220.6041381,52.356465,13.684185999999999,70.1963,70.2748,30.3384
778105220.6535964,52.359314,13.682805,72.0166,72.0951,32.1670
778105220.7030547,52.362164,13.681424,72.0793,72.1578,32.2381
778105220.7525129,52.365013999999995,13.680043,72.0204,72.0989,32.1875
778105220.8019712,52.367864,13.678662,71.9902,72.0687,32.1656
778105220.8514421,52.370714,13.677280999999999,72.0889,72.1674,32.2728
778105220.9009006,52.373563999999995,13.675899,69.6501,69.7286,29.8423
778105220.9503593,52.376414,13.674517,71.9470,72.0255,32.1475
778105220.9998055,52.379262999999995,13.673136,71.8812,71.9597,32.0901
778105221.0492635,52.382113,13.671754,71.7604,71.8389,31.9770
778105221.0987093,52.384961999999994,13.670371999999999,71.5502,71.6287,31.7744
778105221.1481552,52.387811,13.668991,71.0983,71.1768,31.3303
778105221.197614,52.39066,13.667608,70.9567,71.0352,31.1963
778105221.2470601,52.393508999999995,13.666226,71.0630,71.1415,31.3104
778105221.2965312,52.396359999999994,13.664843,71.1886,71.2670,31.4436
778105221.3459895,52.399209,13.663459999999999,71.8106,71.8891,32.0733
778105221.3954351,52.402058,13.662078,71.8450,71.9234,32.1154
778105221.4448807,52.404906999999994,13.660694999999999,71.9129,71.9914,32.1910
778105221.4943516,52.407758,13.659310999999999,71.8849,71.9634,32.1708
778105221.5438099,52.410607,13.657928,68.9147,68.9931,29.2082
778105221.5932555,52.413456,13.656544,68.8936,68.9721,29.1948
778105221.6427135,52.416306,13.655161,67.5449,67.6233,27.8538
778105221.6921847,52.419156,13.653777,65.5255,65.6040,25.8421
778105221.741643,52.422005,13.652393,71.8793,71.9577,32.2036
778105221.7910883,52.424853999999996,13.651009,71.9130,71.9914,32.2450
778105221.8405595,52.427704,13.649624,71.8416,71.9200,32.1812
778105221.8900175,52.430554,13.64824,71.6923,71.7707,32.0397
778105221.9394631,52.433403,13.646854999999999,70.9954,71.0739,31.3505
778105221.988934,52.436253,13.64547,70.2600,70.3384,30.6228
778105222.0383806,52.439102,13.644084999999999,70.0480,70.1264,30.4181
778105222.0878386,52.441950999999996,13.6427,70.4722,70.5506,30.8496
778105222.1373098,52.444801,13.641314999999999,71.5930,71.6714,31.9776
778105222.1867552,52.447649999999996,13.63993,71.7694,71.8478,32.1614
778105222.2362263,52.4505,13.638544,71.2979,71.3763,31.6971
778105222.2856717,52.453348999999996,13.637158,58.2321,58.3105,18.6386
778105222.3351429,52.456199,13.635772,58.2773,58.3557,18.6910
778105222.3845882,52.459047999999996,13.634387,58.8359,58.9143,19.2568
780438021.4995143,52.330549999999995,13.68327,74.0286,74.0944,34.0652
780438021.5489852,52.3334,13.681889,74.1338,74.1995,34.1791
780438021.598444,52.33625,13.680508,80.3866,80.4524,40.4408
780438021.6479027,52.339099999999995,13.679127,82.6943,82.7600,42.7572
780438021.6973488,52.341949,13.677745999999999,70.0059,70.0716,30.0777
780438021.7468202,52.344798999999995,13.676364,69.8987,69.9644,29.9794
780438021.796279,52.347648,13.674982,70.6677,70.7334,30.7571
780438021.8457506,52.350499,13.673599999999999,70.4575,70.5232,30.5558
780438021.8952093,52.353348,13.672217999999999,72.1684,72.2341,32.2755
780438021.944668,52.356198,13.670836,72.1076,72.1733,32.2235
780438021.9941394,52.359047999999994,13.669454,72.0659,72.1316,32.1907
780438022.0435987,52.361898,13.668071,72.0302,72.0959,32.1628
780438022.0930569,52.364746999999994,13.666689,72.1054,72.1711,32.2457
780438022.1425278,52.367598,13.665306,71.9483,72.0140,32.0964
780438022.1919734,52.370446,13.663922999999999,71.3564,71.4221,31.5122
780438022.2414317,52.373295999999996,13.66254,72.1099,72.1756,32.2734
780438022.29089,52.376145,13.661157,72.0297,72.0954,32.2009
780438022.3403482,52.378994999999996,13.659773999999999,71.9994,72.0650,32.1784
780438022.3898191,52.381845,13.658389999999999,72.0865,72.1522,32.2733
780438022.4392774,52.384693999999996,13.657005999999999,72.0469,72.1126,32.2414
780438022.4887483,52.387544,13.655622,71.9989,72.0646,32.2011
780438022.5382066,52.390394,13.654238,71.9444,72.0100,32.1543
780438022.5876648,52.393243,13.652854,72.0191,72.0847,32.2367
780438022.6371229,52.396093,13.65147,71.9969,72.0626,32.2223
780438022.6865938,52.398942999999996,13.650084999999999,71.8743,71.9400,32.1074
780438022.7360394,52.401790999999996,13.648700999999999,71.5462,71.6118,31.7870
780438022.7855103,52.404641,13.647316,71.2800,71.3456,31.5286
780438022.8349557,52.407489999999996,13.645932,71.3925,71.4581,31.6488
780438022.8844268,52.41034,13.644546,71.5100,71.5757,31.7741
780438022.9338722,52.413188,13.643162,70.6002,70.6658,30.8720
780438022.9833434,52.416038,13.641776,70.2060,70.2716,30.4855
780438023.0328007,52.418887999999995,13.640391,67.4645,67.5301,27.7516
780438023.0822589,52.421737,13.639005,71.7983,71.8639,32.0929
780438023.1317298,52.424586999999995,13.637618999999999,71.9096,71.9752,32.2117
780438023.1811881,52.427436,13.636232999999999,71.8365,71.9021,32.1462
780438023.2306464,52.430285,13.634846999999999,71.8971,71.9627,32.2143
780438023.2801175,52.433135,13.633460999999999,71.7349,71.8004,32.0596
780438023.3295891,52.435984999999995,13.632074,71.7684,71.8339,32.1006
780438023.3790479,52.438834,13.630688,71.4810,71.5465,31.8208
780438023.4285066,52.441683999999995,13.629301,71.0924,71.1579,31.4397
780438023.4779782,52.444533,13.627913999999999,71.6571,71.7226,32.0119
780438023.527437,52.447382999999995,13.626527,71.7063,71.7719,32.0687
780438023.5768957,52.450232,13.62514,62.9938,63.0594,23.3637
780438023.6263671,52.453081999999995,13.623752,63.4127,63.4783,23.7902
780438023.675813,52.455929999999995,13.622364999999999,64.0024,64.0680,24.3874
780438023.7252841,52.45878,13.620977,63.3616,63.4272,23.7541
782770823.0891445,52.331311,13.687619,74.0483,74.0457,34.0280
782770823.1385906,52.33416,13.686238,74.1528,74.1502,34.1406
782770823.1880364,52.337008999999995,13.684858,70.8319,70.8292,30.8278
782770823.2374825,52.339858,13.683478,70.9394,70.9367,30.9434
782770823.2869413,52.342707999999995,13.682096999999999,69.6864,69.6838,29.6986
782770823.3363869,52.345557,13.680715999999999,69.9990,69.9964,30.0193
782770823.3858323,52.348406,13.679335,70.8811,70.8785,30.9096
782770823.4352779,52.351254999999995,13.677954,71.2113,71.2087,31.2479
782770823.4847236,52.354105,13.676573,72.2406,72.2380,32.2854
782770823.534169,52.356953,13.675192,72.1529,72.1502,32.2057
782770823.5836146,52.359803,13.67381,72.1056,72.1029,32.1666
782770823.6330597,52.362651,13.672429,72.1986,72.1959,32.2677
782770823.6825054,52.3655,13.671047,72.1233,72.1206,32.2006
782770823.7319636,52.36835,13.669665,72.1110,72.1083,32.1964
782770823.781409,52.371199,13.668282999999999,71.0684,71.0658,31.1620
782770823.8308547,52.374047999999995,13.666901,72.1385,72.1359,32.2402
782770823.8803,52.376897,13.665517999999999,72.0773,72.0746,32.1871
782770823.9297583,52.379746999999995,13.664135,72.0177,72.0150,32.1356
782770823.9792166,52.382596,13.662752,72.1227,72.1200,32.2488
782770824.028661,52.385445,13.66137,71.7777,71.7750,31.9116
782770824.0781066,52.388293999999995,13.659987,71.7736,71.7709,31.9153
782770824.127552,52.391143,13.658603999999999,71.9555,71.9528,32.1049
782770824.1770103,52.393992,13.657219999999999,72.0472,72.0445,32.2042
782770824.2264559,52.396840999999995,13.655837,71.9996,71.9969,32.1643
782770824.2759013,52.39969,13.654453,72.0598,72.0571,32.2322
782770824.3253596,52.402539,13.653068999999999,72.0303,72.0276,32.2103
782770824.3748052,52.405387999999995,13.651684999999999,71.3564,71.3537,31.5441
782770824.4242506,52.408237,13.650300999999999,89.2863,89.2836,49.4817
782770824.4737089,52.411086999999995,13.648916999999999,70.5872,70.5845,30.7903
782770824.5231545,52.413934999999995,13.647532,69.5010,69.4983,29.7118
782770824.5726125,52.416785,13.646147,68.5398,68.5371,28.7583
782770824.6220586,52.419633,13.644763,66.5643,66.5616,26.7905
782770824.6715047,52.422481999999995,13.643378,72.1767,72.1740,32.4106
782770824.7209635,52.425332,13.641993,71.8239,71.8212,32.0654
782770824.7704093,52.42818,13.640607999999999,71.7928,71.7901,32.0420
782770824.8198555,52.431028999999995,13.639222,71.6725,71.6698,31.9294
782770824.8693142,52.433878,13.637837,71.4514,71.4487,31.7160
782770824.9187603,52.436727,13.636451,71.5199,71.5172,31.7921
782770824.968219,52.439577,13.635064999999999,71.6488,71.6461,31.9288
782770825.0176647,52.442425,13.633678999999999,71.7201,71.7174,32.0076
782770825.0671239,52.445274999999995,13.632292999999999,71.7819,71.7792,32.0766
782770825.1165566,52.448122,13.630906999999999,71.3949,71.3922,31.6968
782770825.1660149,52.450972,13.62952,70.8566,70.8539,31.1657
782770825.2154605,52.45382,13.628134,70.5759,70.5732,30.8922
782770825.2649059,52.456669,13.626747,62.9839,62.9811,23.3074
782770825.3143516,52.459517,13.625361,72.0989,72.0961,32.4296
