Time,Latitude,Longitude,Range,CorrectedRange,WetTropoCorrection,DryTropoCorrection,IonoCorrection
512166002.35010576,52.339937, 13.68009,810498.5947,810496.2194,-0.0634,-2.2962,-0.0157
512166002.4010413,52.342872, 13.678668,810500.7681,810498.3927,-0.0634,-2.2963,-0.0157
512166002.4519768,52.345807, 13.677246,810500.3005,810497.9250,-0.0634,-2.2963,-0.0157
512166003.57255864,52.410373, 13.645919,810517.8138,810515.4369,-0.0641,-2.2971,-0.0157
512166003.67442966,52.416242, 13.643068,810519.4395,810517.0626,-0.0642,-2.2971,-0.0157
514498799.918442,52.330994, 13.681752,810662.7553,810660.3387,-0.0647,-2.3323,-0.0196
514498799.9679003,52.333844, 13.680371,810662.6923,810660.2757,-0.0647,-2.3323,-0.0196
514498800.01735735,52.336693999999994, 13.678989999999999,810660.2765,810657.8599,-0.0647,-2.3323,-0.0196
514498800.06681585,52.339543, 13.677608,810664.1219,810661.7053,-0.0647,-2.3323,-0.0196
514498800.11628747,52.342394, 13.676226999999999,810664.9559,810662.5393,-0.0647,-2.3323,-0.0196
514498800.1657462,52.345242999999996, 13.674845,810665.7153,810663.2987,-0.0647,-2.3323,-0.0196
514498800.2151923,52.348092, 13.673464,810667.4434,810665.0268,-0.0647,-2.3323,-0.0196
514498800.2646637,52.350941999999996, 13.672080999999999,810664.8418,810662.4252,-0.0647,-2.3323,-0.0196
514498800.31412244,52.353792, 13.670698999999999,810665.3681,810662.9515,-0.0647,-2.3323,-0.0196
514498800.36359406,52.356642, 13.669317,810666.0545,810663.6379,-0.0647,-2.3323,-0.0196
514498800.4130528,52.359491999999996, 13.667933999999999,810666.6517,810664.2351,-0.0647,-2.3323,-0.0196
514498800.4625113,52.362341, 13.666552,810667.3983,810664.9817,-0.0647,-2.3323,-0.0196
514498800.51198244,52.365192, 13.665168999999999,810668.0927,810665.6762,-0.0646,-2.3323,-0.0196
514498800.5614407,52.368041, 13.663786,810669.6869,810667.2704,-0.0646,-2.3323,-0.0196
514498800.6109116,52.370891, 13.662402,810669.9807,810667.5642,-0.0646,-2.3323,-0.0196
514498800.6603699,52.373740999999995, 13.661019,810669.9373,810667.5208,-0.0646,-2.3323,-0.0196
514498800.70982814,52.37659, 13.659635999999999,810670.6089,810668.1924,-0.0646,-2.3323,-0.0196
514498800.7592993,52.379439999999995, 13.658252,810671.1697,810668.7532,-0.0646,-2.3323,-0.0196
514498800.80875754,52.38229, 13.656868999999999,810671.6901,810669.2736,-0.0646,-2.3323,-0.0196
514498800.85822845,52.38514, 13.655484999999999,810672.3773,810669.9608,-0.0646,-2.3323,-0.0196
514498800.9076867,52.387989, 13.654100999999999,810673.0588,810670.6423,-0.0646,-2.3323,-0.0196
514498800.9571576,52.39084, 13.652716,810673.7198,810671.3033,-0.0646,-2.3323,-0.0196
514498801.0066159,52.393688999999995, 13.651332,810674.2474,810671.8309,-0.0646,-2.3323,-0.0196
514498801.0560751,52.396538, 13.649948,810675.0848,810672.6683,-0.0646,-2.3323,-0.0196
514498801.10553336,52.399387999999995, 13.648563,810675.8229,810673.4065,-0.0646,-2.3322,-0.0196
514498801.1549916,52.402237, 13.647179,810676.6950,810674.2786,-0.0646,-2.3322,-0.0196
514498801.20444965,52.405086, 13.645793999999999,810677.5428,810675.1265,-0.0646,-2.3322,-0.0196
514498801.2539208,52.407936, 13.644409,810677.3272,810674.9109,-0.0645,-2.3322,-0.0196
514498801.30337906,52.410785999999995, 13.643023999999999,810677.7054,810675.2891,-0.0645,-2.3321,-0.0196
514498801.35284996,52.413636, 13.641637999999999,810679.3829,810676.9667,-0.0645,-2.3321,-0.0196
514498801.40229535,52.416484, 13.640253,810682.4898,810680.0736,-0.0645,-2.3321,-0.0196
514498801.4517665,52.419334, 13.638867,810684.4472,810682.0311,-0.0645,-2.3321,-0.0196
514498801.50122476,52.422183, 13.637481,810680.6734,810678.2573,-0.0645,-2.3320,-0.0195
514498801.550683,52.425033, 13.636095,810681.4398,810679.0237,-0.0645,-2.3320,-0.0195
514498801.6001539,52.427882999999994, 13.634708999999999,810681.9447,810679.5287,-0.0645,-2.3320,-0.0195
514498801.6496122,52.430732, 13.633322999999999,810682.5816,810680.1656,-0.0645,-2.3320,-0.0195
514498801.69907045,52.433581, 13.631936999999999,810683.2517,810680.8358,-0.0645,-2.3320,-0.0195
514498801.7485416,52.436431, 13.63055,810683.8144,810681.3985,-0.0645,-2.3319,-0.0195
514498801.79800034,52.43928, 13.629163,810684.4795,810682.0636,-0.0644,-2.3319,-0.0195
514498801.8474462,52.442128999999994, 13.627777,810685.0303,810682.6145,-0.0644,-2.3319,-0.0195
514498801.8969176,52.444978, 13.626389,810685.6879,810683.2721,-0.0644,-2.3319,-0.0195
514498801.9463763,52.447827999999994, 13.625001999999999,810686.2017,810683.7860,-0.0644,-2.3318,-0.0195
514498801.99583507,52.450677, 13.623615,810687.3961,810684.9804,-0.0644,-2.3318,-0.0195
514498802.04529357,52.453526, 13.622228,810686.6199,810684.2043,-0.0644,-2.3317,-0.0195
514498802.0947516,52.456374999999994, 13.62084,810695.9860,810693.5705,-0.0644,-2.3316,-0.0195
514498802.1442232,52.459224999999996, 13.619451999999999,810688.5096,810686.0942,-0.0644,-2.3315,-0.0195
514498802.19366884,52.462073, 13.618065,810688.9964,810686.5812,-0.0643,-2.3314,-0.0195
514498802.2431271,52.464921999999994, 13.616677,810689.5496,810687.1345,-0.0643,-2.3313,-0.0195
514498802.2925854,52.467771, 13.615288999999999,810689.4295,810687.0145,-0.0643,-2.3312,-0.0195
516831603.6443763,52.330073, 13.684114,810546.0679,810543.6480,-0.0865,-2.3012,-0.0322
516831603.69382167,52.332921999999996, 13.682732999999999,810545.8761,810543.4562,-0.0865,-2.3012,-0.0322
516831603.74326706,52.335771, 13.681353,810545.5830,810543.1631,-0.0864,-2.3012,-0.0322
516831603.7927253,52.338620999999996, 13.679972,810545.8317,810543.4119,-0.0864,-2.3012,-0.0322
516831603.84217095,52.34147, 13.678590999999999,810546.9793,810544.5595,-0.0864,-2.3012,-0.0322
516831603.8916292,52.344319999999996, 13.677209999999999,810547.2211,810544.8013,-0.0864,-2.3012,-0.0322
516831603.9410746,52.347169, 13.675829,810547.4777,810545.0580,-0.0863,-2.3012,-0.0322
516831603.99052024,52.350017, 13.674448,810547.6870,810545.2673,-0.0863,-2.3012,-0.0322
516831604.0399647,52.352866, 13.673065999999999,810547.7419,810545.3222,-0.0863,-2.3012,-0.0322
516831604.0894103,52.355715, 13.671685,810548.4162,810545.9965,-0.0863,-2.3012,-0.0322
516831604.1388686,52.358565, 13.670302999999999,810549.0916,810546.6719,-0.0863,-2.3012,-0.0322
516831604.18832684,52.361415, 13.668921,810549.6304,810547.2107,-0.0862,-2.3012,-0.0322
516831604.237772,52.364264, 13.667539,810550.2901,810547.8704,-0.0862,-2.3012,-0.0322
516831604.2872176,52.367112999999996, 13.666157,810550.9103,810548.4907,-0.0862,-2.3012,-0.0322
516831604.336663,52.369960999999996, 13.664774,810552.5976,810550.1780,-0.0862,-2.3012,-0.0322
516831604.3861215,52.372811, 13.663390999999999,810552.2797,810549.8601,-0.0862,-2.3012,-0.0322
516831604.4355676,52.375659999999996, 13.662009,810552.8408,810550.4212,-0.0862,-2.3012,-0.0322
516831604.4850137,52.378509, 13.660625999999999,810553.3619,810550.9423,-0.0862,-2.3012,-0.0322
516831604.5344598,52.381358, 13.659243,810554.0241,810551.6045,-0.0861,-2.3013,-0.0322
516831604.5839186,52.384206999999996, 13.65786,810554.6938,810552.2742,-0.0861,-2.3013,-0.0322
516831604.6333773,52.387057, 13.656476,810555.2194,810552.7998,-0.0861,-2.3013,-0.0322
516831604.6828232,52.389905999999996, 13.655092999999999,810555.7585,810553.3389,-0.0861,-2.3013,-0.0322
516831604.7322693,52.392754, 13.653709,810556.5585,810554.1389,-0.0861,-2.3013,-0.0322
516831604.781728,52.395604, 13.652325,810557.0862,810554.6667,-0.0861,-2.3013,-0.0322
516831604.8311739,52.398452999999996, 13.650941999999999,810557.7898,810555.3703,-0.0861,-2.3013,-0.0322
516831604.88063216,52.401302, 13.649557,810558.7380,810556.3185,-0.0860,-2.3013,-0.0322
516831604.93007755,52.404151, 13.648173,810559.5882,810557.1687,-0.0860,-2.3013,-0.0322
516831604.9795232,52.407, 13.646789,810559.9027,810557.4832,-0.0860,-2.3013,-0.0322
516831605.0289941,52.40985, 13.645404,810560.6452,810558.2258,-0.0860,-2.3013,-0.0322
516831605.07844067,52.412698999999996, 13.644019,810562.1692,810559.7499,-0.0860,-2.3012,-0.0322
516831605.12788606,52.415547, 13.642634999999999,810561.3268,810558.9076,-0.0859,-2.3011,-0.0322
516831605.1773443,52.418397, 13.641249,810565.2677,810562.8486,-0.0859,-2.3010,-0.0322
516831605.22678995,52.421245, 13.639864,810562.3498,810559.9308,-0.0859,-2.3010,-0.0322
516831605.2762482,52.424094999999994, 13.638479,810563.6599,810561.2410,-0.0859,-2.3009,-0.0322
516831605.3256936,52.426942999999994, 13.637094,810564.0173,810561.5985,-0.0858,-2.3008,-0.0322
516831605.3751519,52.429793, 13.635708,810564.5180,810562.0993,-0.0858,-2.3007,-0.0322
516831605.42459726,52.432641, 13.634322,810565.2500,810562.8314,-0.0858,-2.3007,-0.0322
516831605.4740555,52.435491, 13.632935999999999,810565.9370,810563.5185,-0.0858,-2.3006,-0.0322
516831605.52350116,52.438339, 13.631549999999999,810566.4419,810564.0235,-0.0857,-2.3005,-0.0321
516831605.5729594,52.441188, 13.630163999999999,810566.9730,810564.5547,-0.0857,-2.3004,-0.0321
516831605.62241745,52.444038, 13.628777,810567.6310,810565.2128,-0.0857,-2.3004,-0.0321
516831605.6718631,52.446886, 13.627391,810568.1743,810565.7562,-0.0857,-2.3003,-0.0321
516831605.72132134,52.449735999999994, 13.626004,810569.2437,810566.8257,-0.0856,-2.3002,-0.0321
516831605.7707796,52.452585, 13.624616999999999,810570.6377,810568.2198,-0.0856,-2.3001,-0.0321
516831605.820225,52.455433, 13.62323,810567.2314,810564.8136,-0.0856,-2.3001,-0.0321
516831605.86968327,52.458282999999994, 13.621843,810569.8556,810567.4379,-0.0856,-2.3000,-0.0321
516831605.9191289,52.461130999999995, 13.620455999999999,810570.6301,810568.2125,-0.0855,-2.2999,-0.0321
516831605.96858716,52.46398, 13.619067999999999,810571.2793,810568.8618,-0.0855,-2.2998,-0.0321
516831606.01804423,52.466829, 13.61768,810571.6409,810569.2236,-0.0855,-2.2997,-0.0321
516831606.067477,52.469677, 13.616292999999999,810571.0864,810568.6693,-0.0855,-2.2996,-0.0321
519164404.2203193,52.330552, 13.692397999999999,810320.3504,810317.8747,-0.1762,-2.2705,-0.0290
519164404.269752,52.333400999999995, 13.691018,810319.8511,810317.3754,-0.1762,-2.2705,-0.0290
519164404.36861753,52.339098, 13.688258,810321.2279,810318.7523,-0.1762,-2.2705,-0.0290
519164404.4180503,52.341946, 13.686878,810319.9135,810317.4379,-0.1762,-2.2704,-0.0290
519164404.4674704,52.344794, 13.685497999999999,810320.6651,810318.1895,-0.1762,-2.2704,-0.0290
519164404.51690316,52.347643, 13.684116999999999,810320.7389,810318.2634,-0.1761,-2.2704,-0.0290
519164404.5663359,52.350491, 13.682737,810323.6749,810321.1994,-0.1761,-2.2704,-0.0290
519164404.6157687,52.353339999999996, 13.681356,810324.2799,810321.8044,-0.1761,-2.2704,-0.0290
519164404.6652014,52.356187999999996, 13.679974999999999,810319.1843,810316.7088,-0.1761,-2.2703,-0.0290
519164404.71463394,52.359037, 13.678593999999999,810320.0194,810317.5440,-0.1761,-2.2703,-0.0290
519164404.7640667,52.361885, 13.677213,810321.5792,810319.1038,-0.1761,-2.2703,-0.0290
519164404.81349945,52.364733, 13.675830999999999,810321.5056,810319.0302,-0.1761,-2.2703,-0.0290
519164404.86293244,52.367582, 13.67445,810321.9081,810319.4327,-0.1761,-2.2703,-0.0290
519164404.9123652,52.37043, 13.673067999999999,810323.0627,810320.5874,-0.1761,-2.2702,-0.0290
519164404.96179795,52.373279, 13.671686,810324.5685,810322.0932,-0.1761,-2.2702,-0.0290
519164405.0112319,52.376127, 13.670304,810323.7470,810321.2717,-0.1761,-2.2702,-0.0290
519164405.0606649,52.378975, 13.668922,810324.3252,810321.8499,-0.1761,-2.2702,-0.0290
519164405.11009836,52.381823999999995, 13.667539,810325.2797,810322.8045,-0.1760,-2.2702,-0.0290
519164405.1595316,52.384671999999995, 13.666157,810325.6525,810323.1773,-0.1760,-2.2702,-0.0290
519164405.2089648,52.387519999999995, 13.664774,810326.5074,810324.0322,-0.1760,-2.2702,-0.0290
519164405.25839806,52.390369, 13.663390999999999,810327.0878,810324.6126,-0.1759,-2.2703,-0.0290
519164405.3078315,52.393217, 13.662008,810327.8337,810325.3586,-0.1759,-2.2703,-0.0290
519164405.35726476,52.396065, 13.660625,810328.0409,810325.5658,-0.1758,-2.2703,-0.0290
519164405.40671086,52.398914, 13.659241999999999,810329.0209,810326.5458,-0.1758,-2.2703,-0.0290
519164405.45614386,52.401762999999995, 13.657858,810329.3892,810326.9141,-0.1758,-2.2703,-0.0290
519164405.5055766,52.404610999999996, 13.656474999999999,810329.9034,810327.4284,-0.1757,-2.2703,-0.0290
519164405.55500937,52.407458999999996, 13.655090999999999,810330.9688,810328.4938,-0.1757,-2.2703,-0.0290
519164405.6044421,52.410306999999996, 13.653706999999999,810333.4681,810330.9931,-0.1757,-2.2703,-0.0290
519164405.65388775,52.413156, 13.652322999999999,810334.1222,810331.6472,-0.1756,-2.2703,-0.0290
519164405.70333314,52.416005, 13.650938,810335.3458,810332.8709,-0.1756,-2.2703,-0.0290
519164405.75275326,52.418852, 13.649554,810338.1760,810335.7011,-0.1756,-2.2704,-0.0290
519164405.802186,52.421701, 13.648169999999999,810340.9189,810338.4440,-0.1755,-2.2704,-0.0290
519164405.85161877,52.424549, 13.646785,810334.5125,810332.0376,-0.1755,-2.2704,-0.0290
519164405.9010644,52.427398, 13.645399999999999,810335.1326,810332.6578,-0.1755,-2.2704,-0.0290
519164405.95049715,52.430246, 13.644015,810335.8235,810333.3487,-0.1754,-2.2704,-0.0290
519164405.99991703,52.433093, 13.642631,810336.3164,810333.8416,-0.1754,-2.2704,-0.0290
519164406.04936147,52.435942, 13.641245,810336.9196,810334.4449,-0.1754,-2.2704,-0.0290
519164406.0987942,52.43879, 13.639859999999999,810337.4548,810334.9801,-0.1753,-2.2704,-0.0290
519164406.1482272,52.441638, 13.638473999999999,810338.0758,810335.6012,-0.1753,-2.2703,-0.0290
519164406.1976726,52.444486999999995, 13.637087999999999,810338.6266,810336.1520,-0.1753,-2.2703,-0.0290
519164406.2470927,52.447334, 13.635703,810339.4086,810336.9341,-0.1752,-2.2703,-0.0290
519164406.2965255,52.450182, 13.634317,810339.7784,810337.3040,-0.1752,-2.2703,-0.0290
519164406.3459711,52.453030999999996, 13.63293,810337.8139,810335.3395,-0.1752,-2.2703,-0.0290
519164406.39540386,52.455878999999996, 13.631544,810337.4031,810334.9288,-0.1751,-2.2702,-0.0290
519164406.4448366,52.458726999999996, 13.630158,810338.6243,810336.1500,-0.1751,-2.2702,-0.0290
519164406.4942694,52.461574999999996, 13.628770999999999,810341.1138,810338.6396,-0.1751,-2.2702,-0.0290
519164406.5437021,52.464423, 13.627384,810342.3395,810339.8654,-0.1750,-2.2702,-0.0289
519164406.59314775,52.467271, 13.625997,810343.9999,810341.5258,-0.1750,-2.2702,-0.0289
521497204.4249337,52.330783999999994, 13.697052,810311.0676,810308.5513,-0.2018,-2.2893,-0.0252
521497204.4743538,52.333631999999994, 13.695673,810311.8993,810309.3830,-0.2018,-2.2893,-0.0252
521497204.52378654,52.336481, 13.694293,810312.3954,810309.8792,-0.2018,-2.2892,-0.0252
521497204.5732193,52.339329, 13.692914,810312.3842,810309.8680,-0.2018,-2.2892,-0.0252
521497204.6226523,52.342178, 13.691533999999999,810309.3434,810306.8272,-0.2018,-2.2892,-0.0252
521497204.6720855,52.345026999999995, 13.690154,810309.9705,810307.4543,-0.2017,-2.2892,-0.0252
521497204.72151875,52.347874999999995, 13.688773,810309.9424,810307.4263,-0.2017,-2.2892,-0.0252
521497204.77093935,52.350722999999995, 13.687393,810309.8395,810307.3234,-0.2017,-2.2892,-0.0252
521497204.8203728,52.353570999999995, 13.686012999999999,810314.2689,810311.7528,-0.2017,-2.2892,-0.0252
521497204.86980605,52.35642, 13.684631999999999,810314.1755,810311.6594,-0.2017,-2.2892,-0.0252
521497204.9192393,52.359268, 13.683250999999998,810308.6508,810306.1348,-0.2016,-2.2892,-0.0252
521497204.9686725,52.362117, 13.68187,810309.2446,810306.7286,-0.2016,-2.2892,-0.0252
521497205.018106,52.364965, 13.680489,810309.7843,810307.2683,-0.2016,-2.2892,-0.0252
521497205.06753755,52.367813999999996, 13.679108,810310.5919,810308.0759,-0.2016,-2.2892,-0.0252
521497205.1169703,52.370661999999996, 13.677726,810311.1162,810308.6002,-0.2016,-2.2892,-0.0252
521497205.1664033,52.373511, 13.676345,810314.3164,810311.8004,-0.2016,-2.2892,-0.0252
521497205.21583605,52.376359, 13.674963,810312.4099,810309.8939,-0.2016,-2.2892,-0.0252
521497205.26528144,52.379208, 13.673580999999999,810313.0515,810310.5355,-0.2016,-2.2892,-0.0252
521497205.3147142,52.382056999999996, 13.672198,810313.7200,810311.2040,-0.2016,-2.2892,-0.0252
521497205.3641472,52.384904999999996, 13.670815999999999,810314.4247,810311.9087,-0.2016,-2.2892,-0.0252
521497205.41357994,52.387753, 13.669433999999999,810315.5915,810313.0755,-0.2016,-2.2892,-0.0252
521497205.4630127,52.390601999999994, 13.668051,810316.5116,810313.9956,-0.2016,-2.2892,-0.0252
521497205.51244545,52.393449999999994, 13.666668999999999,810316.9942,810314.4782,-0.2017,-2.2891,-0.0252
521497205.5618782,52.396297999999994, 13.665286,810317.9071,810315.3911,-0.2017,-2.2891,-0.0252
521497205.61131096,52.399147, 13.663903,810317.5502,810315.0342,-0.2017,-2.2891,-0.0252
521497205.6607437,52.401995, 13.662519999999999,810318.0308,810315.5148,-0.2017,-2.2891,-0.0252
521497205.71017647,52.404843, 13.661137,810318.7054,810316.1894,-0.2017,-2.2891,-0.0252
521497205.7596092,52.407691, 13.659753,810319.3467,810316.8307,-0.2017,-2.2891,-0.0252
521497205.809042,52.41054, 13.65837,810323.0383,810320.5223,-0.2017,-2.2891,-0.0252
521497205.85848737,52.413388999999995, 13.656984999999999,810323.7057,810321.1897,-0.2017,-2.2891,-0.0252
521497205.90792036,52.416236999999995, 13.655602,810324.9934,810322.4774,-0.2017,-2.2891,-0.0252
521497205.9573531,52.419084999999995, 13.654218,810327.9189,810325.4029,-0.2017,-2.2891,-0.0252
521497206.00678587,52.421932999999996, 13.652833,810330.8269,810328.3109,-0.2017,-2.2891,-0.0252
521497206.05620694,52.424780999999996, 13.651449,810323.0635,810320.5475,-0.2017,-2.2891,-0.0252
521497206.1056397,52.427628999999996, 13.650065,810323.7838,810321.2679,-0.2017,-2.2890,-0.0252
521497206.1550851,52.430478, 13.648679999999999,810325.0323,810322.5164,-0.2017,-2.2890,-0.0252
521497206.20451784,52.433326, 13.647295,810326.0505,810323.5346,-0.2017,-2.2890,-0.0252
521497206.25395083,52.436174, 13.645909999999999,810327.4977,810324.9819,-0.2017,-2.2889,-0.0252
521497206.3033838,52.439021999999994, 13.644525,810328.2130,810325.6972,-0.2017,-2.2889,-0.0252
521497206.3528297,52.441871, 13.643139,810328.1316,810325.6158,-0.2017,-2.2889,-0.0252
521497206.40226316,52.444719, 13.641753999999999,810327.8544,810325.3386,-0.2017,-2.2889,-0.0252
521497206.4516964,52.447567, 13.640367999999999,810328.6613,810326.1456,-0.2017,-2.2888,-0.0252
521497206.5011296,52.450415, 13.638983,810330.3246,810327.8089,-0.2017,-2.2888,-0.0252
521497206.55056286,52.453264, 13.637597,810332.3036,810329.7879,-0.2017,-2.2888,-0.0252
521497206.5999963,52.456112, 13.636211,810334.6358,810332.1202,-0.2017,-2.2887,-0.0252
521497206.6494167,52.458959, 13.634825,810336.6594,810334.1438,-0.2017,-2.2887,-0.0252
521497206.6988628,52.461808, 13.633438,810344.3389,810341.8233,-0.2017,-2.2887,-0.0252
521497206.7482829,52.464655, 13.632052,810331.1434,810328.6278,-0.2017,-2.2887,-0.0252
521497206.79772854,52.467504, 13.630664999999999,810331.8289,810329.3134,-0.2017,-2.2886,-0.0252
523830003.4417007,52.332729, 13.699513,810532.3067,810529.8374,-0.1237,-2.3248,-0.0207
523830003.4911468,52.335578, 13.698132999999999,810532.5109,810530.0417,-0.1237,-2.3248,-0.0207
523830003.5405927,52.338426999999996, 13.696753999999999,810532.2706,810529.8015,-0.1236,-2.3248,-0.0207
523830003.59003854,52.341277, 13.695374,810533.7295,810531.2605,-0.1235,-2.3247,-0.0207
523830003.63948464,52.344125999999996, 13.693994,810531.5732,810529.1043,-0.1235,-2.3247,-0.0207
523830003.68893075,52.346975, 13.692613,810532.9767,810530.5079,-0.1234,-2.3247,-0.0207
523830003.7383766,52.349824, 13.691232999999999,810534.4042,810531.9355,-0.1233,-2.3247,-0.0207
523830003.78782225,52.352672999999996, 13.689852,810536.9004,810534.4318,-0.1233,-2.3246,-0.0207
523830003.8372679,52.355522, 13.688471999999999,810537.3902,810534.9217,-0.1232,-2.3246,-0.0207
523830003.8867135,52.358371, 13.687090999999999,810530.6607,810528.1923,-0.1231,-2.3246,-0.0207
523830003.93617177,52.361221, 13.68571,810529.7597,810527.2914,-0.1231,-2.3245,-0.0207
523830003.98561716,52.36407, 13.684329,810530.4056,810527.9374,-0.1230,-2.3245,-0.0207
523830004.03506374,52.366918999999996, 13.682946999999999,810531.0281,810528.5599,-0.1230,-2.3245,-0.0207
523830004.08450913,52.369768, 13.681566,810531.7106,810529.2424,-0.1230,-2.3245,-0.0207
523830004.1339674,52.372617999999996, 13.680183999999999,810535.8078,810533.3396,-0.1229,-2.3246,-0.0207
523830004.183413,52.375467, 13.678802,810532.9626,810530.4944,-0.1229,-2.3246,-0.0207
523830004.2328584,52.378316, 13.67742,810533.6059,810531.1377,-0.1229,-2.3246,-0.0207
523830004.28230405,52.381164999999996, 13.676038,810534.2153,810531.7471,-0.1229,-2.3246,-0.0207
523830004.33174944,52.384014, 13.674655999999999,810534.8942,810532.4260,-0.1229,-2.3247,-0.0207
523830004.38119507,52.386863, 13.673274,810535.5926,810533.1244,-0.1228,-2.3247,-0.0207
523830004.4306531,52.389713, 13.671890999999999,810536.5177,810534.0495,-0.1228,-2.3247,-0.0207
523830004.48011136,52.392562, 13.670508,810537.9818,810535.5136,-0.1228,-2.3247,-0.0207
523830004.529557,52.395410999999996, 13.669125,810538.2874,810535.8191,-0.1228,-2.3248,-0.0207
523830004.5790024,52.39826, 13.667741999999999,810538.7445,810536.2762,-0.1228,-2.3248,-0.0207
523830004.628448,52.401109, 13.666359,810538.8697,810536.4014,-0.1227,-2.3248,-0.0207
523830004.6779063,52.403959, 13.664976,810539.2725,810536.8042,-0.1227,-2.3248,-0.0207
523830004.72735167,52.406808, 13.663592,810539.9548,810537.4865,-0.1227,-2.3249,-0.0207
523830004.7767973,52.409656999999996, 13.662208999999999,810540.4835,810538.0152,-0.1227,-2.3249,-0.0207
523830004.8262427,52.412504999999996, 13.660824999999999,810544.8618,810542.3935,-0.1227,-2.3249,-0.0207
523830004.87570095,52.415355, 13.659441,810545.7054,810543.2371,-0.1226,-2.3249,-0.0207
523830004.9251466,52.418203999999996, 13.658057,810547.6321,810545.1638,-0.1226,-2.3250,-0.0207
523830004.974592,52.421053, 13.656673,810551.6072,810549.1389,-0.1226,-2.3250,-0.0207
523830005.02404904,52.423902, 13.655287999999999,810544.6797,810542.2114,-0.1226,-2.3250,-0.0207
523830005.07349515,52.426750999999996, 13.653903999999999,810544.4701,810542.0019,-0.1226,-2.3250,-0.0207
523830005.1229539,52.4296, 13.652519,810545.3391,810542.8709,-0.1225,-2.3250,-0.0207
523830005.1724,52.432449, 13.651133999999999,810546.9923,810544.5242,-0.1225,-2.3249,-0.0207
523830005.22184587,52.435297999999996, 13.649749,810547.9737,810545.5056,-0.1225,-2.3249,-0.0207
523830005.27130485,52.438147, 13.648363,810549.0308,810546.5627,-0.1225,-2.3249,-0.0207
523830005.3207636,52.440996999999996, 13.646977999999999,810549.1707,810546.7027,-0.1224,-2.3249,-0.0207
523830005.37020946,52.443846, 13.645593,810549.5182,810547.0502,-0.1224,-2.3249,-0.0207
523830005.4196682,52.446695, 13.644207,810549.6729,810547.2050,-0.1224,-2.3248,-0.0207
523830005.46911407,52.449543999999996, 13.642821,810551.2640,810548.7961,-0.1224,-2.3248,-0.0207
523830005.51857233,52.452393, 13.641435,810552.9610,810550.4932,-0.1223,-2.3248,-0.0207
523830005.56801796,52.455242, 13.640049,810554.6409,810552.1731,-0.1223,-2.3248,-0.0207
523830005.6174762,52.458090999999996, 13.638662,810559.8408,810557.3731,-0.1223,-2.3248,-0.0207
523830005.6669216,52.46094, 13.637276,810566.5475,810564.0798,-0.1223,-2.3247,-0.0207
523830005.71636724,52.463788, 13.63589,810550.9730,810548.5053,-0.1222,-2.3247,-0.0207
523830005.7658255,52.466637999999996, 13.634502999999999,810552.7880,810550.3204,-0.1222,-2.3247,-0.0207
523830005.8152838,52.469487, 13.633116,810553.1655,810550.6979,-0.1222,-2.3247,-0.0207
526162801.7481146,52.330993, 13.684762,810624.0731,810621.5862,-0.1622,-2.3091,-0.0155
526162801.7975862,52.333842999999995, 13.68338,810623.8526,810621.3657,-0.1623,-2.3091,-0.0155
526162801.89647746,52.339541, 13.680617999999999,810624.9965,810622.5096,-0.1623,-2.3091,-0.0155
526162801.9459486,52.342391, 13.679236,810625.2952,810622.8083,-0.1624,-2.3090,-0.0155
526162801.995394,52.34524, 13.677855,810625.6551,810623.1682,-0.1624,-2.3090,-0.0155
526162802.0448532,52.34809, 13.676473,810626.1717,810623.6848,-0.1624,-2.3090,-0.0155
526162802.09429884,52.350939, 13.675091,810625.7492,810623.2623,-0.1624,-2.3090,-0.0155
526162802.14375734,52.353787999999994, 13.673708999999999,810625.6500,810623.1630,-0.1625,-2.3090,-0.0155
526162802.1932156,52.356638, 13.672326,810626.2057,810623.7187,-0.1625,-2.3090,-0.0155
526162802.242661,52.359486999999994, 13.670943999999999,810626.8808,810624.3938,-0.1625,-2.3090,-0.0155
526162802.2921066,52.362334999999995, 13.669561999999999,810627.5480,810625.0610,-0.1625,-2.3090,-0.0155
526162802.34157753,52.365185999999994, 13.668178,810628.0970,810625.6099,-0.1626,-2.3090,-0.0155
526162802.3910229,52.368033999999994, 13.666796,810630.1138,810627.6267,-0.1626,-2.3090,-0.0155
526162802.4404812,52.370884, 13.665413,810630.4491,810627.9620,-0.1626,-2.3090,-0.0155
526162802.48993945,52.373732999999994, 13.664029,810630.3682,810627.8811,-0.1626,-2.3090,-0.0155
526162802.5393977,52.376583, 13.662645999999999,810630.6550,810628.1678,-0.1627,-2.3091,-0.0154
526162802.588856,52.379431999999994, 13.661261999999999,810631.3288,810628.8416,-0.1627,-2.3091,-0.0154
526162802.6383014,52.382281, 13.659879,810631.9719,810629.4847,-0.1627,-2.3091,-0.0154
526162802.68775964,52.38513, 13.658494999999998,810632.7843,810630.2971,-0.1627,-2.3091,-0.0154
526162802.73720527,52.387978999999994, 13.657110999999999,810633.2187,810630.7314,-0.1628,-2.3091,-0.0154
526162802.78666353,52.390828, 13.655726999999999,810633.7261,810631.2388,-0.1628,-2.3091,-0.0154
526162802.8361218,52.393677999999994, 13.654342,810634.4055,810631.9182,-0.1628,-2.3091,-0.0154
526162802.88558006,52.396527, 13.652958,810635.0806,810632.5933,-0.1628,-2.3091,-0.0154
526162802.9350383,52.399376, 13.651572999999999,810635.8067,810633.3193,-0.1629,-2.3091,-0.0154
526162802.9844837,52.402224999999994, 13.650189,810636.9271,810634.4397,-0.1629,-2.3091,-0.0154
526162803.0339408,52.405074, 13.648804,810637.7537,810635.2663,-0.1629,-2.3091,-0.0154
526162803.08339906,52.407923999999994, 13.647418,810638.6483,810636.1609,-0.1629,-2.3091,-0.0154
526162803.1328449,52.410771999999994, 13.646033,810639.2735,810636.7860,-0.1630,-2.3091,-0.0154
526162803.18231654,52.413622, 13.644648,810640.2841,810637.7966,-0.1630,-2.3091,-0.0154
526162803.2317753,52.416472, 13.643262,810641.8046,810639.3171,-0.1630,-2.3091,-0.0154
526162803.281234,52.419321, 13.641876,810644.6633,810642.1758,-0.1630,-2.3091,-0.0154
526162803.33069277,52.422169999999994, 13.64049,810645.5071,810643.0195,-0.1630,-2.3091,-0.0154
526162803.3801515,52.425019, 13.639104,810641.4056,810638.9180,-0.1631,-2.3091,-0.0154
526162803.4296229,52.427869, 13.637718,810642.0369,810639.5493,-0.1631,-2.3091,-0.0154
526162803.479069,52.430718, 13.636332,810642.5838,810640.0962,-0.1631,-2.3091,-0.0154
526162803.52852774,52.433567, 13.634945,810643.2677,810640.7800,-0.1631,-2.3092,-0.0154
526162803.577986,52.436415999999994, 13.633557999999999,810643.5235,810641.0358,-0.1631,-2.3092,-0.0154
526162803.62743163,52.439265, 13.632171999999999,810644.5464,810642.0587,-0.1632,-2.3092,-0.0154
526162803.6768899,52.442114, 13.630785,810645.8563,810643.3686,-0.1632,-2.3092,-0.0154
526162803.7263608,52.444964, 13.629396999999999,810646.2091,810643.7213,-0.1632,-2.3092,-0.0154
526162803.77581906,52.447813, 13.62801,810646.8572,810644.3694,-0.1632,-2.3092,-0.0154
526162803.8252773,52.450661999999994, 13.626622999999999,810647.6048,810645.1170,-0.1632,-2.3092,-0.0154
526162803.8747356,52.453511, 13.625235,810649.3753,810646.8875,-0.1632,-2.3092,-0.0154
526162803.92419386,52.45636, 13.623847,810651.7941,810649.3062,-0.1633,-2.3092,-0.0154
526162803.9736521,52.459208999999994, 13.62246,810657.5144,810655.0265,-0.1633,-2.3092,-0.0154
526162804.0230975,52.462056999999994, 13.621072,810648.6342,810646.1463,-0.1633,-2.3092,-0.0154
526162804.07255673,52.464907, 13.619684,810649.2901,810646.8023,-0.1633,-2.3091,-0.0154
526162804.122015,52.467755999999994, 13.618295,810649.5756,810647.0878,-0.1633,-2.3091,-0.0154
528495607.55856204,52.331455999999996, 13.677783999999999,810503.4556,810500.9833,-0.1680,-2.2941,-0.0101
528495607.60800767,52.334305, 13.676404,810502.4579,810499.9856,-0.1680,-2.2941,-0.0101
528495607.65746593,52.337154999999996, 13.675023,810505.5556,810503.0833,-0.1680,-2.2941,-0.0101
528495607.7069113,52.340004, 13.673642,810504.4153,810501.9430,-0.1680,-2.2941,-0.0101
528495607.7563696,52.342853999999996, 13.67226,810505.6467,810503.1744,-0.1681,-2.2941,-0.0101
528495607.8058152,52.345703, 13.670879,810506.8113,810504.3390,-0.1681,-2.2941,-0.0101
528495607.8552606,52.348552, 13.669497999999999,810506.4071,810503.9348,-0.1681,-2.2941,-0.0101
528495607.90470624,52.351400999999996, 13.668116,810505.5610,810503.0887,-0.1681,-2.2941,-0.0101
528495607.95415187,52.35425, 13.666735,810506.2709,810503.7986,-0.1681,-2.2941,-0.0101
528495608.00359726,52.357099, 13.665353,810506.8903,810504.4180,-0.1681,-2.2941,-0.0101
528495608.05305433,52.359947999999996, 13.663971,810507.6425,810505.1703,-0.1680,-2.2941,-0.0101
528495608.1025126,52.362798, 13.662588,810508.3845,810505.9124,-0.1679,-2.2941,-0.0101
528495608.151958,52.365646999999996, 13.661206,810509.4686,810506.9966,-0.1679,-2.2941,-0.0101
528495608.2014036,52.368496, 13.659823999999999,810509.6154,810507.1434,-0.1678,-2.2941,-0.0101
528495608.250849,52.371345, 13.658441,810509.6842,810507.2123,-0.1677,-2.2941,-0.0101
528495608.3003073,52.374193999999996, 13.657058,810510.5310,810508.0592,-0.1676,-2.2941,-0.0101
528495608.34975266,52.377043, 13.655674999999999,810511.2074,810508.7357,-0.1675,-2.2941,-0.0101
528495608.3991983,52.379892, 13.654293,810511.8801,810509.4085,-0.1675,-2.2941,-0.0101
528495608.4486437,52.382740999999996, 13.652909,810512.3947,810509.9232,-0.1674,-2.2941,-0.0101
528495608.49810195,52.38559, 13.651525999999999,810513.2348,810510.7633,-0.1673,-2.2941,-0.0101
528495608.5475476,52.388439, 13.650141999999999,810513.8309,810511.3595,-0.1672,-2.2940,-0.0101
528495608.5969932,52.391287999999996, 13.648759,810514.2362,810511.7649,-0.1671,-2.2940,-0.0101
528495608.64645123,52.394137, 13.647375,810514.8528,810512.3816,-0.1671,-2.2940,-0.0101
528495608.69589686,52.396986, 13.645990999999999,810515.7755,810513.3044,-0.1670,-2.2940,-0.0101
528495608.7453425,52.399834999999996, 13.644606999999999,810516.7808,810514.3098,-0.1669,-2.2940,-0.0101
528495608.79480076,52.402685, 13.643222,810517.4455,810514.9746,-0.1668,-2.2940,-0.0101
528495608.8442466,52.405533, 13.641838,810517.6903,810515.2194,-0.1667,-2.2940,-0.0101
528495608.89370537,52.408383, 13.640452999999999,810518.4625,810515.9917,-0.1667,-2.2940,-0.0101
528495608.9431515,52.411231, 13.639068,810519.2541,810516.7834,-0.1666,-2.2940,-0.0101
528495608.9925976,52.41408, 13.637684,810519.5063,810517.0357,-0.1665,-2.2940,-0.0101
528495609.0420439,52.416928999999996, 13.636299,810520.9375,810518.4670,-0.1664,-2.2940,-0.0101
528495609.0914905,52.419778, 13.634914,810521.0898,810518.6195,-0.1663,-2.2939,-0.0101
528495609.1409366,52.422626, 13.633528,810521.9663,810519.4961,-0.1662,-2.2939,-0.0101
528495609.19039536,52.425475999999996, 13.632142,810521.9669,810519.4969,-0.1661,-2.2939,-0.0101
528495609.23982835,52.428323999999996, 13.630757,810522.4056,810519.9357,-0.1659,-2.2939,-0.0101
528495609.2892866,52.431173, 13.629370999999999,810523.1143,810520.6446,-0.1658,-2.2938,-0.0101
528495609.33873224,52.434022, 13.627984999999999,810523.7396,810521.2700,-0.1657,-2.2938,-0.0101
528495609.38817763,52.43687, 13.626598999999999,810524.4370,810521.9676,-0.1656,-2.2938,-0.0101
528495609.43762326,52.439719, 13.625212999999999,810525.0235,810522.5542,-0.1655,-2.2937,-0.0101
528495609.48706865,52.442567, 13.623826999999999,810525.6255,810523.1564,-0.1654,-2.2937,-0.0101
528495609.5365269,52.445417, 13.62244,810526.1869,810523.7179,-0.1653,-2.2937,-0.0100
528495609.58597255,52.448265, 13.621053,810527.0174,810524.5486,-0.1652,-2.2936,-0.0100
528495609.6354308,52.451114, 13.619665999999999,810527.9932,810525.5245,-0.1650,-2.2936,-0.0100
528495609.6848762,52.453962999999995, 13.618279,810529.5197,810527.0512,-0.1649,-2.2936,-0.0100
528495609.73433447,52.456812, 13.616892,810528.2011,810525.7327,-0.1648,-2.2936,-0.0100
528495609.7837801,52.459661, 13.615504999999999,810528.9162,810526.4480,-0.1647,-2.2935,-0.0100
528495609.8332255,52.462509, 13.614117,810529.3990,810526.9309,-0.1646,-2.2935,-0.0100
528495609.88268375,52.465357999999995, 13.612729999999999,810530.1281,810527.6601,-0.1645,-2.2935,-0.0100
528495609.9321418,52.468208, 13.611341999999999,810528.7858,810526.3180,-0.1644,-2.2934,-0.0100
530828405.27822113,52.332426, 13.693363999999999,810376.3165,810373.8869,-0.0830,-2.3378,-0.0088
530828405.3770869,52.338122999999996, 13.690605,810368.3229,810365.8933,-0.0830,-2.3378,-0.0088
530828405.4265199,52.340972, 13.689224,810369.1317,810366.7021,-0.0830,-2.3378,-0.0088
530828405.4759526,52.34382, 13.687844,810370.2332,810367.8036,-0.0830,-2.3378,-0.0088
530828405.5253854,52.346668, 13.686463999999999,810375.8471,810373.4175,-0.0831,-2.3378,-0.0087
530828405.57481813,52.349517, 13.685082999999999,810375.1069,810372.6773,-0.0831,-2.3378,-0.0087
530828405.6242509,52.352365, 13.683703,810374.2216,810371.7920,-0.0831,-2.3378,-0.0087
530828405.67368364,52.355214, 13.682322,810374.2167,810371.7871,-0.0831,-2.3378,-0.0087
530828405.7231293,52.358062999999994, 13.68094,810375.6202,810373.1906,-0.0831,-2.3378,-0.0087
530828405.772562,52.360910999999994, 13.679559,810376.2628,810373.8332,-0.0831,-2.3378,-0.0087
530828405.8219948,52.36376, 13.678177999999999,810376.9451,810374.5155,-0.0831,-2.3378,-0.0087
530828405.87142754,52.366608, 13.676796,810377.6100,810375.1804,-0.0831,-2.3378,-0.0087
530828405.9208603,52.369456, 13.675415,810377.9902,810375.5606,-0.0831,-2.3378,-0.0087
530828405.97029305,52.372305, 13.674033,810378.6971,810376.2675,-0.0831,-2.3378,-0.0087
530828406.0197258,52.375153, 13.672651,810379.4482,810377.0186,-0.0831,-2.3378,-0.0087
530828406.0691595,52.378001, 13.671268999999999,810380.0354,810377.6058,-0.0831,-2.3378,-0.0087
530828406.11859226,52.380849999999995, 13.669887,810380.7089,810378.2793,-0.0831,-2.3378,-0.0087
530828406.168025,52.383697999999995, 13.668503999999999,810381.2354,810378.8057,-0.0832,-2.3378,-0.0087
530828406.21747065,52.386547, 13.667121999999999,810381.9371,810379.5074,-0.0832,-2.3378,-0.0087
530828406.2669034,52.389395, 13.665738999999999,810383.3175,810380.8878,-0.0832,-2.3378,-0.0087
530828406.31633615,52.392243, 13.664356,810383.7275,810381.2978,-0.0832,-2.3378,-0.0087
530828406.3657689,52.395092, 13.662973,810383.9828,810381.5531,-0.0832,-2.3378,-0.0087
530828406.41520166,52.39794, 13.661589999999999,810384.4615,810382.0318,-0.0832,-2.3378,-0.0087
530828406.46463466,52.400788, 13.660207,810385.0066,810382.5769,-0.0832,-2.3378,-0.0087
530828406.5140798,52.403636999999996, 13.658823,810385.6895,810383.2597,-0.0833,-2.3378,-0.0087
530828406.5635128,52.406484999999996, 13.657439,810386.3825,810383.9527,-0.0833,-2.3378,-0.0087
530828406.61294603,52.409333, 13.656056,810387.0335,810384.6037,-0.0833,-2.3378,-0.0087
530828406.66237926,52.412181999999994, 13.654672,810390.1948,810387.7650,-0.0833,-2.3378,-0.0087
530828406.7118254,52.415029999999994, 13.653286999999999,810391.2904,810388.8606,-0.0833,-2.3378,-0.0087
530828406.7612586,52.417879, 13.651902999999999,810394.1124,810391.6826,-0.0833,-2.3378,-0.0087
530828406.8107047,52.420727, 13.650518,810396.5837,810394.1539,-0.0833,-2.3378,-0.0087
530828406.86013794,52.423576, 13.649134,810390.0959,810387.6660,-0.0834,-2.3378,-0.0087
530828406.9095712,52.426424, 13.647749,810390.6351,810388.2052,-0.0834,-2.3378,-0.0087
530828406.9590173,52.429272999999995, 13.646364,810391.4426,810389.0127,-0.0834,-2.3378,-0.0087
530828407.00845027,52.432120999999995, 13.644979,810391.9906,810389.5607,-0.0834,-2.3378,-0.0087
530828407.0578821,52.434968999999995, 13.643594,810392.6638,810390.2339,-0.0834,-2.3378,-0.0087
530828407.1073277,52.437816999999995, 13.642209,810393.3261,810390.8962,-0.0834,-2.3378,-0.0087
530828407.15676045,52.440664999999996, 13.640823,810393.8414,810391.4115,-0.0834,-2.3377,-0.0087
530828407.20620584,52.443514, 13.639437,810394.5452,810392.1154,-0.0834,-2.3377,-0.0087
530828407.2556386,52.446362, 13.638052,810395.2094,810392.7796,-0.0835,-2.3377,-0.0087
530828407.3050716,52.44921, 13.636666,810395.7288,810393.2990,-0.0835,-2.3377,-0.0087
530828407.354517,52.452059, 13.635278999999999,810392.8234,810390.3936,-0.0835,-2.3377,-0.0087
530828407.40394974,52.454907, 13.633892999999999,810392.4274,810389.9976,-0.0835,-2.3376,-0.0087
530828407.45339537,52.457755, 13.632506999999999,810393.6457,810391.2159,-0.0835,-2.3376,-0.0087
530828407.5028279,52.460603, 13.63112,810395.3517,810392.9220,-0.0835,-2.3376,-0.0086
530828407.5522733,52.463452, 13.629733,810398.3189,810395.8892,-0.0835,-2.3376,-0.0086
530828407.601706,52.4663, 13.628345999999999,810398.8280,810396.3983,-0.0835,-2.3376,-0.0086
530828407.65115166,52.469148, 13.626959,810398.9142,810396.4845,-0.0835,-2.3375,-0.0086
533161203.02799845,52.335257999999996, 13.697263999999999,810488.0430,810485.5881,-0.1380,-2.3065,-0.0104
533161203.0774431,52.338107, 13.695884,810487.7676,810485.3126,-0.1380,-2.3065,-0.0104
533161203.1268885,52.340956999999996, 13.694505,810486.4727,810484.0177,-0.1381,-2.3066,-0.0104
533161203.1763344,52.343806, 13.693125,810480.5025,810478.0474,-0.1381,-2.3066,-0.0104
533161203.2257798,52.346655, 13.691744,810480.6791,810478.2240,-0.1381,-2.3066,-0.0104
533161203.2752254,52.349503999999996, 13.690363999999999,810483.9253,810481.4701,-0.1382,-2.3066,-0.0104
533161203.3246708,52.352353, 13.688984,810484.1947,810481.7395,-0.1382,-2.3066,-0.0104
533161203.3741164,52.355202, 13.687603,810484.5274,810482.0721,-0.1382,-2.3066,-0.0104
533161203.4235618,52.358052, 13.686221999999999,810483.8531,810481.3978,-0.1383,-2.3067,-0.0104
533161203.4730072,52.360901, 13.684842,810485.9059,810483.4505,-0.1383,-2.3067,-0.0104
533161203.52245283,52.363749999999996, 13.68346,810486.6064,810484.1510,-0.1383,-2.3067,-0.0104
533161203.57189846,52.366599, 13.682079,810487.2837,810484.8282,-0.1383,-2.3067,-0.0104
533161203.6213436,52.369448, 13.680698,810487.9380,810485.4825,-0.1384,-2.3067,-0.0104
533161203.67078924,52.372296999999996, 13.679316,810488.4538,810485.9982,-0.1384,-2.3068,-0.0104
533161203.72023463,52.375146, 13.677935,810489.1888,810486.7332,-0.1384,-2.3068,-0.0104
533161203.76968026,52.377995, 13.676553,810489.8377,810487.3820,-0.1385,-2.3068,-0.0104
533161203.81912565,52.380843999999996, 13.675170999999999,810490.5097,810488.0540,-0.1385,-2.3068,-0.0104
533161203.8685713,52.383693, 13.673789,810491.0629,810488.6071,-0.1385,-2.3068,-0.0104
533161203.9180298,52.386542999999996, 13.672405999999999,810491.7262,810489.2704,-0.1386,-2.3069,-0.0104
533161203.96747565,52.389392, 13.671024,810492.3669,810489.9110,-0.1386,-2.3069,-0.0104
533161204.0169225,52.392241, 13.669640999999999,810494.0939,810491.6380,-0.1386,-2.3069,-0.0104
533161204.0663688,52.395089999999996, 13.668258,810494.1369,810491.6810,-0.1386,-2.3069,-0.0104
533161204.1158147,52.397939, 13.666876,810494.5800,810492.1241,-0.1387,-2.3068,-0.0104
533161204.1652608,52.400788, 13.665493,810494.9597,810492.5038,-0.1387,-2.3068,-0.0104
533161204.2147069,52.403636999999996, 13.664109,810495.6420,810493.1861,-0.1387,-2.3068,-0.0104
533161204.26415277,52.406486, 13.662726,810496.2042,810493.7483,-0.1388,-2.3067,-0.0104
533161204.3136115,52.409335, 13.661342,810496.8405,810494.3846,-0.1388,-2.3067,-0.0104
533161204.36305714,52.412183999999996, 13.659958999999999,810494.3408,810491.8849,-0.1388,-2.3067,-0.0104
533161204.41250277,52.415033, 13.658574999999999,810494.4882,810492.0323,-0.1388,-2.3067,-0.0104
533161204.46194816,52.417882, 13.657191,810495.0042,810492.5483,-0.1389,-2.3066,-0.0104
533161204.5114064,52.420732, 13.655806,810496.8185,810494.3627,-0.1389,-2.3066,-0.0103
533161204.56085205,52.42358, 13.654421999999999,810499.9365,810497.4807,-0.1389,-2.3066,-0.0103
533161204.6102977,52.426429, 13.653037999999999,810500.6534,810498.1976,-0.1390,-2.3065,-0.0103
533161204.6597431,52.429278, 13.651653,810501.1861,810498.7303,-0.1390,-2.3065,-0.0103
533161204.70920134,52.432128, 13.650267999999999,810502.0007,810499.5449,-0.1390,-2.3065,-0.0103
533161204.75864697,52.434976, 13.648883,810502.5481,810500.0923,-0.1391,-2.3064,-0.0103
533161204.808105,52.437826, 13.647497999999999,810503.2258,810500.7700,-0.1391,-2.3064,-0.0103
533161204.8575506,52.440675, 13.646113,810503.9000,810501.4442,-0.1391,-2.3064,-0.0103
533161204.9069834,52.443523, 13.644727999999999,810504.5578,810502.1020,-0.1391,-2.3064,-0.0103
533161204.95644164,52.446372, 13.643341999999999,810505.2265,810502.7707,-0.1392,-2.3063,-0.0103
533161205.0058744,52.44922, 13.641957,810505.7481,810503.2923,-0.1392,-2.3063,-0.0103
533161205.05533147,52.452068999999995, 13.640571,810502.7439,810500.2881,-0.1392,-2.3063,-0.0103
533161205.1047642,52.454916999999995, 13.639185,810502.5433,810500.0874,-0.1393,-2.3063,-0.0103
533161205.1542096,52.457766, 13.637799,810502.9739,810500.5180,-0.1393,-2.3063,-0.0103
533161205.2036679,52.460615999999995, 13.636413,810504.5266,810502.0707,-0.1393,-2.3063,-0.0103
533161205.25312614,52.463465, 13.635026,810507.1077,810504.6517,-0.1394,-2.3063,-0.0103
533161205.3025718,52.466314, 13.633638999999999,810526.6090,810524.1530,-0.1394,-2.3063,-0.0103
533161205.35201716,52.469162, 13.632252999999999,810509.4541,810506.9981,-0.1394,-2.3063,-0.0103
535494001.65664196,52.330360999999996, 13.682685,810634.2921,810631.8832,-0.0580,-2.3420,-0.0090
535494001.7061136,52.333211999999996, 13.681303999999999,810640.0785,810637.6695,-0.0580,-2.3420,-0.0090
535494001.75555944,52.336059999999996, 13.679922999999999,810640.0676,810637.6586,-0.0580,-2.3420,-0.0090
535494001.80501795,52.33891, 13.678541,810636.4929,810634.0839,-0.0581,-2.3420,-0.0090
535494001.8544762,52.34176, 13.677159,810636.9565,810634.5474,-0.0581,-2.3420,-0.0090
535494001.9039471,52.344609999999996, 13.675777,810642.0703,810639.6612,-0.0581,-2.3420,-0.0090
535494001.9534054,52.34746, 13.674394999999999,810642.0918,810639.6826,-0.0582,-2.3420,-0.0090
535494002.002851,52.350308, 13.673013,810642.1928,810639.7836,-0.0582,-2.3420,-0.0090
535494002.0523207,52.353159, 13.671631,810642.7718,810640.3626,-0.0582,-2.3420,-0.0090
535494002.10176635,52.356007, 13.670249,810643.4677,810641.0584,-0.0583,-2.3420,-0.0090
535494002.1512246,52.358857, 13.668866,810644.0156,810641.6063,-0.0583,-2.3420,-0.0090
535494002.2006955,52.361706999999996, 13.667482999999999,810644.6838,810642.2744,-0.0584,-2.3420,-0.0090
535494002.2501538,52.364557, 13.6661,810645.2052,810642.7958,-0.0584,-2.3420,-0.0090
535494002.2995992,52.367405, 13.664717,810646.1112,810643.7018,-0.0585,-2.3420,-0.0090
535494002.3490703,52.370255, 13.663333999999999,810646.6464,810644.2369,-0.0585,-2.3420,-0.0090
535494002.3985157,52.373104, 13.661951,810647.2110,810644.8015,-0.0586,-2.3420,-0.0090
535494002.4479866,52.375954, 13.660566999999999,810647.7880,810645.3784,-0.0586,-2.3420,-0.0090
535494002.49743223,52.378803, 13.659184,810648.5830,810646.1734,-0.0586,-2.3420,-0.0090
535494002.5468905,52.381651999999995, 13.6578,810649.1526,810646.7430,-0.0587,-2.3420,-0.0089
535494002.5963614,52.384502999999995, 13.656414999999999,810649.7898,810647.3801,-0.0587,-2.3420,-0.0089
535494002.6458323,52.387353, 13.655031,810650.3576,810647.9479,-0.0588,-2.3420,-0.0089
535494002.6952779,52.390201, 13.653647,810651.0369,810648.6271,-0.0588,-2.3420,-0.0089
535494002.7447362,52.393051, 13.652263,810651.5522,810649.1424,-0.0589,-2.3420,-0.0089
535494002.79419446,52.3959, 13.650877999999999,810652.3795,810649.9697,-0.0589,-2.3420,-0.0089
535494002.8436527,52.398748999999995, 13.649493,810653.0984,810650.6885,-0.0590,-2.3420,-0.0089
535494002.893111,52.401599, 13.648107999999999,810653.8674,810651.4575,-0.0590,-2.3420,-0.0089
535494002.9425819,52.404449, 13.646723,810654.6694,810652.2594,-0.0590,-2.3420,-0.0089
535494002.9920275,52.407297, 13.645337999999999,810655.9042,810653.4942,-0.0591,-2.3420,-0.0089
535494003.0414994,52.410146999999995, 13.643953,810656.3729,810653.9629,-0.0591,-2.3420,-0.0089
535494003.0909455,52.412996, 13.642567,810657.3475,810654.9374,-0.0592,-2.3420,-0.0089
535494003.1404042,52.415845, 13.641181999999999,810659.4553,810657.0452,-0.0592,-2.3420,-0.0089
535494003.18986297,52.418693999999995, 13.639795999999999,810661.6016,810659.1914,-0.0593,-2.3420,-0.0089
535494003.2393217,52.421544, 13.638409999999999,810663.3188,810660.9086,-0.0593,-2.3420,-0.0089
535494003.28878045,52.424392999999995, 13.637024,810658.6865,810656.2763,-0.0593,-2.3420,-0.0089
535494003.3382392,52.427242, 13.635638,810659.3834,810656.9731,-0.0594,-2.3420,-0.0089
535494003.38769794,52.430091, 13.634250999999999,810659.9426,810657.5323,-0.0594,-2.3420,-0.0089
535494003.4371567,52.432941, 13.632864999999999,810660.6178,810658.2075,-0.0594,-2.3420,-0.0089
535494003.48660254,52.435789, 13.631478,810661.2906,810658.8802,-0.0595,-2.3420,-0.0089
535494003.5360608,52.438638, 13.630091,810661.9453,810659.5349,-0.0595,-2.3420,-0.0089
535494003.5855191,52.441486999999995, 13.628703999999999,810662.6242,810660.2137,-0.0596,-2.3420,-0.0089
535494003.6349771,52.444336, 13.627317,810663.0240,810660.6135,-0.0596,-2.3420,-0.0089
535494003.68442273,52.447185, 13.625929999999999,810663.6885,810661.2780,-0.0596,-2.3420,-0.0089
535494003.73389363,52.450035, 13.624543,810672.9925,810670.5819,-0.0597,-2.3420,-0.0089
535494003.7833519,52.452884, 13.623154999999999,810661.5521,810659.1415,-0.0597,-2.3420,-0.0089
535494003.83281016,52.455732999999995, 13.621767,810673.5578,810671.1471,-0.0598,-2.3420,-0.0089
535494003.8822558,52.458580999999995, 13.620379999999999,810665.8444,810663.4337,-0.0598,-2.3420,-0.0089
535494003.9317138,52.46143, 13.618991999999999,810666.5156,810664.1049,-0.0598,-2.3420,-0.0089
535494003.9811721,52.464279, 13.617602999999999,810667.0530,810664.6422,-0.0599,-2.3420,-0.0089
535494004.0306294,52.467127999999995, 13.616214999999999,810666.9068,810664.4960,-0.0599,-2.3420,-0.0089
535494004.08008766,52.469977, 13.614825999999999,810666.6808,810664.2701,-0.0599,-2.3419,-0.0089
537826804.4009774,52.331115, 13.688319,810651.0609,810648.6913,-0.0514,-2.3112,-0.0070
537826804.4504356,52.333963999999995, 13.686938,810651.3777,810649.0081,-0.0514,-2.3112,-0.0070
537826804.4998939,52.336814, 13.685557,810651.8712,810649.5016,-0.0514,-2.3112,-0.0070
537826804.5493522,52.339664, 13.684175999999999,810652.3865,810650.0170,-0.0513,-2.3112,-0.0070
537826804.5988104,52.342513, 13.682794999999999,810651.1053,810648.7358,-0.0513,-2.3112,-0.0070
537826804.6482818,52.345364, 13.681414,810651.3147,810648.9452,-0.0513,-2.3111,-0.0070
537826804.6977406,52.348214, 13.680031999999999,810651.3751,810649.0056,-0.0513,-2.3111,-0.0070
537826804.7471993,52.351062999999996, 13.67865,810651.7028,810649.3334,-0.0513,-2.3111,-0.0070
537826804.796658,52.353913, 13.677268999999999,810651.6760,810649.3066,-0.0513,-2.3111,-0.0070
537826804.8461168,52.356761999999996, 13.675887,810651.4987,810649.1293,-0.0513,-2.3111,-0.0070
537826804.8955882,52.359612999999996, 13.674503999999999,810652.1613,810649.7919,-0.0513,-2.3110,-0.0070
537826804.9450469,52.362462, 13.673122,810652.6991,810650.3298,-0.0513,-2.3110,-0.0070
537826804.9945056,52.365311999999996, 13.67174,810653.3690,810650.9997,-0.0513,-2.3110,-0.0070
537826805.0439763,52.368162, 13.670357,810654.2154,810651.8461,-0.0513,-2.3110,-0.0070
537826805.0934346,52.371012, 13.668973999999999,810656.2092,810653.8399,-0.0513,-2.3110,-0.0070
537826805.1428928,52.373861, 13.667591,810655.9734,810653.6041,-0.0513,-2.3110,-0.0070
537826805.1923635,52.376712, 13.666208,810655.8602,810653.4908,-0.0513,-2.3111,-0.0070
537826805.2418218,52.379560999999995, 13.664824999999999,810656.5586,810654.1892,-0.0513,-2.3111,-0.0070
537826805.2912672,52.38241, 13.663442,810657.2526,810654.8832,-0.0513,-2.3111,-0.0070
537826805.3407383,52.385259999999995, 13.662058,810657.8501,810655.4807,-0.0513,-2.3111,-0.0070
537826805.3901837,52.388109, 13.660675,810658.7043,810656.3349,-0.0513,-2.3111,-0.0070
537826805.439642,52.390958, 13.659291,810659.1950,810656.8256,-0.0513,-2.3111,-0.0070
537826805.4891131,52.393808, 13.657907,810659.6754,810657.3060,-0.0513,-2.3111,-0.0070
537826805.5385585,52.396657, 13.656523,810660.3462,810657.9767,-0.0513,-2.3112,-0.0070
537826805.5880294,52.399507, 13.655139,810660.9001,810658.5306,-0.0513,-2.3112,-0.0070
537826805.637475,52.402356, 13.653754999999999,810661.7332,810659.3637,-0.0513,-2.3112,-0.0070
537826805.6869459,52.405206, 13.65237,810662.7663,810660.3968,-0.0513,-2.3112,-0.0070
537826805.7363915,52.408055, 13.650986,810663.8005,810661.4310,-0.0513,-2.3112,-0.0070
537826805.7858624,52.410905, 13.6496,810665.0131,810662.6436,-0.0513,-2.3112,-0.0070
537826805.8353207,52.413754, 13.648214999999999,810665.7690,810663.3994,-0.0513,-2.3113,-0.0070
537826805.8847916,52.416604, 13.64683,810666.8697,810664.5001,-0.0513,-2.3113,-0.0070
537826805.9342499,52.419453, 13.645444999999999,810670.7188,810668.3492,-0.0513,-2.3113,-0.0070
537826805.9837208,52.422303, 13.644058999999999,810670.2936,810667.9240,-0.0513,-2.3113,-0.0070
537826806.03318,52.425152999999995, 13.642672999999998,810666.5215,810664.1519,-0.0513,-2.3113,-0.0070
537826806.0826383,52.428002, 13.641288,810667.1885,810664.8189,-0.0513,-2.3113,-0.0070
537826806.1320965,52.430851, 13.639902,810667.8489,810665.4793,-0.0513,-2.3113,-0.0070
537826806.1815548,52.433699999999995, 13.638516,810668.5282,810666.1586,-0.0513,-2.3113,-0.0070
537826806.2310259,52.43655, 13.637129,810669.0673,810666.6977,-0.0513,-2.3113,-0.0070
537826806.2804713,52.439398999999995, 13.635743,810669.7350,810667.3653,-0.0513,-2.3114,-0.0070
537826806.3299425,52.442249, 13.634357,810670.3833,810668.0136,-0.0513,-2.3114,-0.0070
537826806.3794141,52.445099, 13.63297,810670.9337,810668.5640,-0.0513,-2.3114,-0.0070
537826806.4288728,52.447948, 13.631583,810671.5976,810669.2279,-0.0513,-2.3114,-0.0070
537826806.4783187,52.450796, 13.630196,810673.4069,810671.0372,-0.0513,-2.3114,-0.0070
537826806.5277774,52.453646, 13.628808999999999,810674.6317,810672.2620,-0.0514,-2.3114,-0.0069
537826806.5772362,52.456495, 13.627422,810670.8615,810668.4918,-0.0514,-2.3114,-0.0069
537826806.6266952,52.459343999999994, 13.626033999999999,810673.6826,810671.3129,-0.0514,-2.3114,-0.0069
537826806.6761539,52.462193, 13.624647,810674.2371,810671.8674,-0.0514,-2.3114,-0.0069
537826806.7256253,52.465042999999994, 13.623259,810674.6612,810672.2915,-0.0514,-2.3114,-0.0069
537826806.7750709,52.467890999999995, 13.621870999999999,810674.6601,810672.2903,-0.0514,-2.3115,-0.0069
540159604.3848021,52.330396, 13.697918,810495.2238,810492.8201,-0.0605,-2.3352,-0.0080
540159604.4342482,52.333245, 13.696537999999999,810495.5732,810493.1695,-0.0605,-2.3352,-0.0080
540159604.4836941,52.336093999999996, 13.695158,810495.8788,810493.4751,-0.0605,-2.3352,-0.0080
540159604.5331402,52.338944, 13.693778,810495.1107,810492.7071,-0.0605,-2.3352,-0.0079
540159604.5825863,52.341792999999996, 13.692397999999999,810494.4735,810492.0699,-0.0605,-2.3352,-0.0079
540159604.6320322,52.344642, 13.691016999999999,810494.8390,810492.4354,-0.0606,-2.3351,-0.0079
540159604.6814778,52.347491, 13.689637,810494.7525,810492.3489,-0.0606,-2.3351,-0.0079
540159604.7309232,52.350339999999996, 13.688255999999999,810494.5475,810492.1439,-0.0606,-2.3351,-0.0079
540159604.7803686,52.353189, 13.686874999999999,810494.7313,810492.3277,-0.0606,-2.3351,-0.0079
540159604.8298142,52.356038, 13.685493999999998,810494.4150,810492.0114,-0.0606,-2.3351,-0.0079
540159604.8792596,52.358886999999996, 13.684113,810493.7521,810491.3485,-0.0607,-2.3350,-0.0079
540159604.9287052,52.361736, 13.682730999999999,810494.1295,810491.7259,-0.0607,-2.3350,-0.0079
540159604.9781506,52.364585, 13.68135,810494.5961,810492.1925,-0.0607,-2.3350,-0.0079
540159605.0275962,52.367433999999996, 13.679967999999999,810495.2378,810492.8342,-0.0607,-2.3350,-0.0079
540159605.0770426,52.370284, 13.678586999999998,810495.7582,810493.3546,-0.0607,-2.3350,-0.0079
540159605.1264882,52.373132999999996, 13.677204999999999,810498.9600,810496.5563,-0.0607,-2.3350,-0.0079
540159605.1759465,52.375982, 13.675822,810496.9633,810494.5596,-0.0608,-2.3351,-0.0079
540159605.2253919,52.378831, 13.674439999999999,810497.4488,810495.0451,-0.0608,-2.3351,-0.0079
540159605.2748375,52.381679999999996, 13.673058,810498.2779,810495.8741,-0.0608,-2.3351,-0.0079
540159605.3242829,52.384529, 13.671674999999999,810499.0224,810496.6186,-0.0608,-2.3351,-0.0079
540159605.3737285,52.387378, 13.670292,810500.0020,810497.5982,-0.0608,-2.3351,-0.0079
540159605.4231739,52.390226999999996, 13.668909999999999,810501.0705,810498.6666,-0.0608,-2.3351,-0.0079
540159605.4726322,52.393077, 13.667525999999999,810501.5628,810499.1589,-0.0608,-2.3351,-0.0079
540159605.5220776,52.395925999999996, 13.666143,810501.8479,810499.4440,-0.0609,-2.3352,-0.0079
540159605.5715232,52.398773999999996, 13.66476,810502.2733,810499.8694,-0.0609,-2.3352,-0.0079
540159605.6209686,52.401623, 13.663376,810502.7391,810500.3351,-0.0609,-2.3352,-0.0079
540159605.6704268,52.404472999999996, 13.661992,810503.2336,810500.8296,-0.0609,-2.3352,-0.0079
540159605.7198851,52.407322, 13.660608,810503.9181,810501.5141,-0.0609,-2.3352,-0.0079
540159605.7693181,52.410171, 13.659225,810504.6396,810502.2355,-0.0609,-2.3352,-0.0079
540159605.8187635,52.413019, 13.657841,810508.0712,810505.6671,-0.0609,-2.3352,-0.0079
540159605.8682218,52.415869, 13.656455999999999,810509.7416,810507.3375,-0.0610,-2.3353,-0.0079
540159605.9176674,52.418718, 13.655071999999999,810513.2905,810510.8863,-0.0610,-2.3353,-0.0079
540159605.9671009,52.421566, 13.653687999999999,810514.9143,810512.5101,-0.0610,-2.3353,-0.0079
540159606.0165586,52.424414999999996, 13.652303,810507.6479,810505.2437,-0.0610,-2.3353,-0.0079
540159606.0660043,52.427264, 13.650917999999999,810508.3638,810505.9596,-0.0610,-2.3353,-0.0079
540159606.115463,52.430113999999996, 13.649531999999999,810509.0417,810506.6374,-0.0610,-2.3353,-0.0079
540159606.1649218,52.432963, 13.648147,810509.7204,810507.3161,-0.0611,-2.3353,-0.0079
540159606.2143679,52.435812, 13.646761999999999,810510.2755,810507.8712,-0.0611,-2.3354,-0.0079
540159606.2638266,52.438660999999996, 13.645375999999999,810510.9292,810508.5248,-0.0611,-2.3354,-0.0079
540159606.3132727,52.44151, 13.643989999999999,810511.5976,810509.1932,-0.0611,-2.3354,-0.0079
540159606.362731,52.444359, 13.642603999999999,810512.2468,810509.8424,-0.0611,-2.3354,-0.0079
540159606.4121766,52.447207999999996, 13.641217999999999,810512.7817,810510.3773,-0.0612,-2.3354,-0.0079
540159606.4616349,52.450057, 13.639832,810513.2893,810510.8848,-0.0612,-2.3354,-0.0079
540159606.5110803,52.452906, 13.638446,810516.6488,810514.2443,-0.0612,-2.3355,-0.0078
540159606.5605259,52.455754999999996, 13.63706,810518.6775,810516.2730,-0.0612,-2.3355,-0.0078
540159606.6099715,52.458603, 13.635672999999999,810519.5410,810517.1364,-0.0612,-2.3355,-0.0078
540159606.6594169,52.461451999999994, 13.634286,810528.2873,810525.8827,-0.0613,-2.3355,-0.0078
540159606.7088752,52.464301, 13.632899,810515.9921,810513.5875,-0.0613,-2.3355,-0.0078
540159606.7583334,52.46715, 13.631511999999999,810516.3860,810513.9813,-0.0613,-2.3355,-0.0078
540159606.8077662,52.469998, 13.630125,810516.2950,810513.8903,-0.0613,-2.3355,-0.0078
542492403.0327811,52.340069, 13.695770999999999,810401.5550,810399.1554,-0.0639,-2.3276,-0.0081
542492403.082227,52.342918, 13.694391,810402.2792,810399.8797,-0.0639,-2.3276,-0.0081
542492403.1316731,52.345768, 13.693011,810403.1882,810400.7887,-0.0638,-2.3276,-0.0081
542492403.1811063,52.348616, 13.691632,810403.2080,810400.8085,-0.0638,-2.3276,-0.0081
542492403.2305524,52.351465, 13.690252,810404.1421,810401.7427,-0.0638,-2.3276,-0.0081
542492403.2799983,52.354315, 13.688870999999999,810405.9160,810403.5166,-0.0637,-2.3276,-0.0081
542492403.3294318,52.357163, 13.687491,810406.6335,810404.2341,-0.0637,-2.3276,-0.0081
542492403.3788776,52.360012999999995, 13.68611,810407.6980,810405.2987,-0.0637,-2.3276,-0.0081
542492403.4283237,52.362862, 13.684728999999999,810408.3851,810405.9858,-0.0636,-2.3276,-0.0081
542492403.4777696,52.365711, 13.683347999999999,810409.0609,810406.6616,-0.0636,-2.3276,-0.0081
542492403.5272152,52.368559999999995, 13.681967,810409.7233,810407.3241,-0.0636,-2.3276,-0.0080
542492403.5766606,52.371409, 13.680586,810410.2317,810407.8325,-0.0636,-2.3276,-0.0080
542492403.6261065,52.374258999999995, 13.679205,810410.8741,810408.4749,-0.0635,-2.3276,-0.0080
542492403.6755519,52.377108, 13.677823,810411.4736,810409.0745,-0.0635,-2.3276,-0.0080
542492403.7249975,52.379957, 13.676440999999999,810412.1501,810409.7510,-0.0635,-2.3276,-0.0080
542492403.7744303,52.382805, 13.67506,810412.8276,810410.4285,-0.0634,-2.3276,-0.0080
542492403.8238759,52.385653999999995, 13.673677999999999,810413.4908,810411.0918,-0.0634,-2.3276,-0.0080
542492403.8733213,52.388503, 13.672296,810414.0191,810411.6201,-0.0634,-2.3276,-0.0080
542492403.9227669,52.391352, 13.670912999999999,810415.4517,810413.0527,-0.0633,-2.3276,-0.0080
542492403.9722123,52.394200999999995, 13.669531,810416.1216,810413.7227,-0.0633,-2.3276,-0.0080
542492404.0216451,52.39705, 13.668149,810416.5452,810414.1463,-0.0633,-2.3276,-0.0080
542492404.0710895,52.399899, 13.666765999999999,810416.7931,810414.3943,-0.0632,-2.3276,-0.0080
542492404.1205223,52.402747, 13.665382999999999,810417.2445,810414.8458,-0.0632,-2.3276,-0.0080
542492404.1699677,52.405595999999996, 13.664,810417.9350,810415.5363,-0.0631,-2.3275,-0.0080
542492404.2194133,52.408445, 13.662617,810418.4764,810416.0778,-0.0631,-2.3275,-0.0080
542492404.2688713,52.411294999999996, 13.661233,810419.0819,810416.6833,-0.0631,-2.3275,-0.0080
542492404.3183043,52.414142999999996, 13.659849999999999,810417.3120,810414.9135,-0.0630,-2.3275,-0.0080
542492404.367737,52.416990999999996, 13.658467,810416.9293,810414.5309,-0.0630,-2.3275,-0.0080
542492404.4171824,52.41984, 13.657083,810417.8821,810415.4837,-0.0629,-2.3274,-0.0080
542492404.4666152,52.422688, 13.655699,810421.5426,810419.1443,-0.0629,-2.3274,-0.0080
542492404.5160608,52.425537, 13.654314999999999,810422.3271,810419.9289,-0.0628,-2.3274,-0.0080
542492404.5655065,52.428385999999996, 13.652930999999999,810422.9108,810420.5126,-0.0628,-2.3274,-0.0080
542492404.6149392,52.431233999999996, 13.651546999999999,810423.4347,810421.0366,-0.0627,-2.3274,-0.0080
542492404.664372,52.434083, 13.650163,810424.2374,810421.8394,-0.0627,-2.3273,-0.0080
542492404.7138174,52.436930999999994, 13.648778,810424.7683,810422.3703,-0.0627,-2.3273,-0.0080
542492404.7632632,52.43978, 13.647393,810425.4629,810423.0650,-0.0626,-2.3273,-0.0080
542492404.8126967,52.442628, 13.646008,810425.9902,810423.5924,-0.0626,-2.3273,-0.0080
542492404.8621299,52.445477, 13.644623,810426.6673,810424.2695,-0.0625,-2.3273,-0.0080
542492404.911576,52.448325, 13.643238,810427.3257,810424.9280,-0.0625,-2.3272,-0.0080
542492404.9610219,52.451173999999995, 13.641852,810427.8053,810425.4076,-0.0624,-2.3272,-0.0080
542492405.0104556,52.454021999999995, 13.640467,810423.8572,810421.4596,-0.0624,-2.3272,-0.0080
542492405.0599022,52.456871, 13.639081,810424.4963,810422.0987,-0.0624,-2.3272,-0.0080
542492405.1093483,52.45972, 13.637694999999999,810425.3651,810422.9676,-0.0623,-2.3272,-0.0080
542492405.1587815,52.462568, 13.636308999999999,810429.4099,810427.0124,-0.0623,-2.3272,-0.0080
542492405.2082143,52.465416, 13.634924,810430.4193,810428.0219,-0.0623,-2.3272,-0.0080
542492405.2576725,52.468264999999995, 13.633536999999999,810431.3306,810428.9332,-0.0622,-2.3272,-0.0080
544825207.0427251,52.332355, 13.684524,810511.4719,810509.0406,-0.1032,-2.3141,-0.0140
544825207.0921834,52.335204999999995, 13.683143,810510.8823,810508.4509,-0.1033,-2.3141,-0.0140
544825207.1416287,52.338054, 13.681761999999999,810506.9545,810504.5231,-0.1033,-2.3141,-0.0140
544825207.191087,52.340903999999995, 13.68038,810507.4544,810505.0230,-0.1034,-2.3141,-0.0140
544825207.2405326,52.343753, 13.678999,810511.7125,810509.2810,-0.1034,-2.3141,-0.0140
544825207.289978,52.346602, 13.677617999999999,810511.7284,810509.2969,-0.1035,-2.3141,-0.0140
544825207.3394237,52.349450999999995, 13.676236,810512.2673,810509.8358,-0.1035,-2.3141,-0.0140
544825207.388869,52.3523, 13.674854,810512.0319,810509.6003,-0.1035,-2.3141,-0.0140
544825207.4383273,52.355149, 13.673471999999999,810512.4588,810510.0272,-0.1036,-2.3141,-0.0140
544825207.487773,52.357997999999995, 13.672089999999999,810512.8791,810510.4475,-0.1036,-2.3141,-0.0140
544825207.5372183,52.360847, 13.670708,810513.5022,810511.0705,-0.1037,-2.3140,-0.0139
544825207.586664,52.363696, 13.669326,810514.0777,810511.6460,-0.1037,-2.3140,-0.0139
544825207.6361222,52.366546, 13.667943,810514.7186,810512.2869,-0.1038,-2.3140,-0.0139
544825207.6855803,52.369395, 13.666559999999999,810517.7489,810515.3171,-0.1038,-2.3140,-0.0139
544825207.7350259,52.372243999999995, 13.665177,810516.4498,810514.0180,-0.1039,-2.3140,-0.0139
544825207.7844713,52.375093, 13.663794,810516.8749,810514.4431,-0.1039,-2.3140,-0.0139
544825207.8339169,52.377942, 13.662410999999999,810517.5384,810515.1065,-0.1040,-2.3140,-0.0139
544825207.8833752,52.380790999999995, 13.661026999999999,810517.9931,810515.5612,-0.1040,-2.3140,-0.0139
544825207.9328206,52.38364, 13.659644,810518.6619,810516.2299,-0.1040,-2.3140,-0.0139
544825207.9822788,52.386489999999995, 13.658259999999999,810519.7213,810517.2893,-0.1041,-2.3140,-0.0139
544825208.0317233,52.389337999999995, 13.656875999999999,810519.9336,810517.5016,-0.1041,-2.3140,-0.0139
544825208.081156,52.392185999999995, 13.655493,810520.4912,810518.0591,-0.1042,-2.3140,-0.0139
544825208.1306143,52.395036, 13.654109,810521.0618,810518.6297,-0.1042,-2.3140,-0.0139
544825208.1800597,52.397884999999995, 13.652725,810521.7307,810519.2985,-0.1043,-2.3140,-0.0139
544825208.2295053,52.400732999999995, 13.65134,810522.4087,810519.9765,-0.1043,-2.3140,-0.0139
544825208.2789636,52.403583, 13.649954999999999,810523.4025,810520.9702,-0.1044,-2.3140,-0.0139
544825208.3284097,52.406431, 13.648570999999999,810524.0155,810521.5832,-0.1044,-2.3140,-0.0139
544825208.3778684,52.409281, 13.647186,810545.9769,810543.5445,-0.1045,-2.3140,-0.0139
544825208.4273145,52.41213, 13.645800999999999,810563.9628,810561.5304,-0.1045,-2.3140,-0.0139
544825208.4767604,52.414978, 13.644416,810522.8591,810520.4266,-0.1046,-2.3140,-0.0139
544825208.5262065,52.417826999999996, 13.643030999999999,810534.9727,810532.5402,-0.1046,-2.3140,-0.0139
544825208.5756526,52.420676, 13.641644999999999,810530.7040,810528.2714,-0.1047,-2.3140,-0.0139
544825208.6251113,52.423525, 13.640258999999999,810529.2208,810526.7882,-0.1047,-2.3140,-0.0139
544825208.6745446,52.426373, 13.638874,810529.5845,810527.1518,-0.1048,-2.3140,-0.0139
544825208.7240031,52.429221999999996, 13.637488,810528.7731,810526.3404,-0.1048,-2.3140,-0.0139
544825208.7734358,52.432069999999996, 13.636102,810529.6913,810527.2585,-0.1049,-2.3140,-0.0139
544825208.8228941,52.434919, 13.634716,810530.4367,810528.0039,-0.1049,-2.3140,-0.0139
544825208.8723397,52.437768, 13.633329,810531.0295,810528.5966,-0.1050,-2.3140,-0.0139
544825208.9217851,52.440616, 13.631943,810531.5408,810529.1079,-0.1050,-2.3140,-0.0139
544825208.9712434,52.443466, 13.630555999999999,810531.9738,810529.5408,-0.1051,-2.3140,-0.0139
544825209.020689,52.446314, 13.629169,810532.2613,810529.8283,-0.1051,-2.3140,-0.0139
544825209.0701354,52.449163, 13.627782999999999,810529.0405,810526.6075,-0.1052,-2.3140,-0.0139
544825209.1195936,52.452011999999996, 13.626394999999999,810529.8748,810527.4418,-0.1052,-2.3139,-0.0139
544825209.1690264,52.45486, 13.625008,810531.4582,810529.0251,-0.1053,-2.3139,-0.0139
544825209.2184846,52.457708999999994, 13.623621,810532.4339,810530.0008,-0.1053,-2.3139,-0.0139
544825209.2679303,52.460556999999994, 13.622233,810535.0816,810532.6485,-0.1053,-2.3139,-0.0139
544825209.3173757,52.463406, 13.620846,810535.5461,810533.1130,-0.1054,-2.3138,-0.0139
544825209.3668339,52.466255, 13.619456999999999,810536.2134,810533.7803,-0.1054,-2.3138,-0.0139
544825209.4162922,52.469103999999994, 13.618069,810535.4810,810533.0478,-0.1055,-2.3138,-0.0139
547158010.0131032,52.331041, 13.691749,810606.0131,810603.5635,-0.1138,-2.3164,-0.0194
547158010.0625625,52.333890999999994, 13.690368,810605.5803,810603.1308,-0.1137,-2.3164,-0.0194
547158010.1120081,52.33674, 13.688988,810599.2602,810596.8108,-0.1137,-2.3164,-0.0194
547158010.1614535,52.339589, 13.687607,810600.1866,810597.7373,-0.1136,-2.3164,-0.0194
547158010.2109118,52.342439, 13.686226,810600.5756,810598.1264,-0.1135,-2.3163,-0.0194
547158010.26037,52.345289, 13.684845,810606.3777,810603.9285,-0.1135,-2.3163,-0.0194
547158010.3098283,52.348138999999996, 13.683463999999999,810605.9602,810603.5111,-0.1134,-2.3163,-0.0194
547158010.3592994,52.350989, 13.682082,810605.3576,810602.9086,-0.1133,-2.3163,-0.0194
547158010.4087574,52.353839, 13.6807,810608.7962,810606.3473,-0.1133,-2.3163,-0.0194
547158010.4582031,52.356688, 13.679319,810605.3625,810602.9137,-0.1132,-2.3163,-0.0194
547158010.5076613,52.359536999999996, 13.677937,810606.0570,810603.6083,-0.1131,-2.3162,-0.0193
547158010.5571067,52.362386, 13.676556,810606.5814,810604.1327,-0.1131,-2.3162,-0.0193
547158010.606565,52.365235999999996, 13.675173,810607.2494,810604.8008,-0.1130,-2.3162,-0.0193
547158010.6560233,52.368085, 13.673791,810608.0496,810605.6011,-0.1129,-2.3162,-0.0193
547158010.7054687,52.370934, 13.672409,810608.7632,810606.3148,-0.1129,-2.3162,-0.0193
547158010.7549143,52.373782999999996, 13.671026999999999,810610.9510,810608.5027,-0.1128,-2.3162,-0.0193
547158010.8043852,52.376633, 13.669642999999999,810610.5240,810608.0758,-0.1128,-2.3162,-0.0193
547158010.8538435,52.379483, 13.668261,810610.5242,810608.0761,-0.1127,-2.3161,-0.0193
547158010.9032891,52.382332, 13.666877999999999,810611.2200,810608.7719,-0.1126,-2.3161,-0.0193
547158010.9527473,52.385180999999996, 13.665495,810611.9784,810609.5304,-0.1126,-2.3161,-0.0193
547158011.0022056,52.388031, 13.664111,810612.8207,810610.3728,-0.1125,-2.3161,-0.0193
547158011.0516498,52.390879999999996, 13.662728,810613.5013,810611.0534,-0.1125,-2.3161,-0.0193
547158011.101121,52.39373, 13.661344,810614.0552,810611.6074,-0.1124,-2.3161,-0.0193
547158011.1505663,52.396578999999996, 13.65996,810614.2807,810611.8329,-0.1124,-2.3161,-0.0193
547158011.2000122,52.399426999999996, 13.658577,810614.9290,810612.4812,-0.1123,-2.3162,-0.0193
547158011.2494836,52.402277999999995, 13.657192,810615.5793,810613.1315,-0.1123,-2.3162,-0.0193
547158011.2989297,52.405125999999996, 13.655807999999999,810617.6546,810615.2069,-0.1122,-2.3162,-0.0193
547158011.3483884,52.407976, 13.654423999999999,810618.6224,810616.1747,-0.1122,-2.3162,-0.0193
547158011.3978472,52.410824999999996, 13.653039,810619.1616,810616.7139,-0.1121,-2.3162,-0.0193
547158011.4473059,52.413675, 13.651653999999999,810619.9421,810617.4945,-0.1121,-2.3162,-0.0193
547158011.4967647,52.416523999999995, 13.650269,810621.2591,810618.8115,-0.1121,-2.3162,-0.0193
547158011.5462108,52.419373, 13.648885,810625.2950,810622.8474,-0.1120,-2.3163,-0.0193
547158011.5956695,52.422222, 13.647499999999999,810626.8503,810624.4028,-0.1120,-2.3163,-0.0193
547158011.6451151,52.425070999999996, 13.646115,810620.6933,810618.2458,-0.1119,-2.3163,-0.0193
547158011.694586,52.427921, 13.644729,810621.3048,810618.8573,-0.1119,-2.3163,-0.0193
547158011.7440317,52.430769, 13.643343,810625.9076,810623.4601,-0.1118,-2.3163,-0.0193
547158011.7935026,52.43362, 13.641957,810626.4365,810623.9891,-0.1118,-2.3163,-0.0193
547158011.8429608,52.436468999999995, 13.640571,810626.2605,810623.8131,-0.1117,-2.3164,-0.0193
547158011.8924191,52.439318, 13.639185,810624.9514,810622.5040,-0.1117,-2.3164,-0.0193
547158011.9418774,52.442167, 13.637799,810625.1659,810622.7186,-0.1117,-2.3164,-0.0193
547158011.9913356,52.445017, 13.636412,810625.2799,810622.8326,-0.1116,-2.3164,-0.0193
547158012.0407951,52.447866, 13.635026,810625.7766,810623.3293,-0.1116,-2.3164,-0.0193
547158012.0902405,52.450714, 13.633638999999999,810625.5905,810623.1433,-0.1115,-2.3164,-0.0193
547158012.1396987,52.453564, 13.632252,810628.8049,810626.3577,-0.1115,-2.3164,-0.0193
547158012.189157,52.456413, 13.630865,810623.3049,810620.8577,-0.1114,-2.3165,-0.0193
547158012.2386026,52.459261, 13.629479,810625.4717,810623.0246,-0.1114,-2.3165,-0.0193
547158012.2880735,52.462111, 13.628091,810628.3361,810625.8890,-0.1113,-2.3165,-0.0193
547158012.3375189,52.46496, 13.626704,810628.7316,810626.2845,-0.1113,-2.3165,-0.0193
547158012.3869772,52.467808999999995, 13.625316,810628.9463,810626.4993,-0.1112,-2.3165,-0.0193
549490814.0175614,52.331015, 13.684178,810495.4787,810492.9543,-0.2006,-2.2983,-0.0256
549490814.0670078,52.333864, 13.682799,810495.7962,810493.2719,-0.2005,-2.2983,-0.0256
549490814.1164536,52.336712999999996, 13.681419,810495.9296,810493.4054,-0.2003,-2.2982,-0.0256
549490814.1658998,52.339562, 13.680038,810496.7472,810494.2232,-0.2002,-2.2982,-0.0256
549490814.2153459,52.342411999999996, 13.678657999999999,810496.2133,810493.6894,-0.2001,-2.2982,-0.0256
549490814.2647917,52.345261, 13.677278,810496.5590,810494.0353,-0.2000,-2.2981,-0.0256
549490814.3142376,52.34811, 13.675896999999999,810496.2198,810493.6962,-0.1999,-2.2981,-0.0256
549490814.3636832,52.350958999999996, 13.674515999999999,810496.4703,810493.9469,-0.1998,-2.2981,-0.0256
549490814.4131289,52.353808, 13.673135,810496.4560,810493.9327,-0.1997,-2.2981,-0.0256
549490814.4625742,52.356657, 13.671754,810496.9765,810494.4533,-0.1996,-2.2980,-0.0256
549490814.5120199,52.359505999999996, 13.670373,810497.6496,810495.1266,-0.1995,-2.2980,-0.0255
549490814.5614781,52.362356, 13.668991,810498.3307,810495.8078,-0.1994,-2.2980,-0.0255
549490814.6109235,52.365204999999996, 13.66761,810498.9992,810496.4765,-0.1993,-2.2979,-0.0255
549490814.6603816,52.368055, 13.666228,810500.1655,810497.6429,-0.1991,-2.2979,-0.0255
549490814.7098272,52.370903999999996, 13.664845999999999,810501.0998,810498.5774,-0.1990,-2.2979,-0.0255
549490814.7592726,52.373753, 13.663464,810500.8444,810498.3221,-0.1989,-2.2978,-0.0255
549490814.8087182,52.376602, 13.662082,810501.5411,810499.0189,-0.1988,-2.2978,-0.0255
549490814.8581636,52.379450999999996, 13.660699999999999,810502.0562,810499.5342,-0.1987,-2.2978,-0.0255
549490814.9076092,52.3823, 13.659317,810502.7759,810500.2540,-0.1986,-2.2978,-0.0255
549490814.9570673,52.385149, 13.657934,810503.4470,810500.9253,-0.1985,-2.2977,-0.0255
549490815.0065255,52.387999, 13.656550999999999,810504.0843,810501.5627,-0.1984,-2.2977,-0.0255
549490815.0559702,52.390848, 13.655168999999999,810504.5991,810502.0776,-0.1983,-2.2977,-0.0255
549490815.1054156,52.393696999999996, 13.653786,810505.2572,810502.7357,-0.1983,-2.2977,-0.0255
549490815.1548612,52.396546, 13.652401999999999,810505.8264,810503.3050,-0.1982,-2.2977,-0.0255
549490815.2043195,52.399395, 13.651019,810506.6636,810504.1422,-0.1982,-2.2977,-0.0255
549490815.2537649,52.402243999999996, 13.649635,810507.9072,810505.3859,-0.1981,-2.2977,-0.0255
549490815.3032105,52.405093, 13.648252,810508.6010,810506.0797,-0.1980,-2.2977,-0.0255
549490815.3526688,52.407942999999996, 13.646866999999999,810509.3184,810506.7972,-0.1980,-2.2977,-0.0255
549490815.4021142,52.410790999999996, 13.645484,810510.0382,810507.5170,-0.1979,-2.2977,-0.0255
549490815.4515598,52.41364, 13.644098999999999,810510.6242,810508.1031,-0.1979,-2.2977,-0.0255
549490815.5010052,52.416489, 13.642714999999999,810512.9883,810510.4673,-0.1978,-2.2978,-0.0255
549490815.5504634,52.419339, 13.641331,810515.5864,810513.0654,-0.1977,-2.2978,-0.0255
549490815.5999091,52.422187, 13.639946,810519.4560,810516.9351,-0.1977,-2.2978,-0.0255
549490815.6493678,52.425036999999996, 13.638561,810512.1267,810509.6058,-0.1976,-2.2978,-0.0255
549490815.6988139,52.427886, 13.637176,810512.6234,810510.1026,-0.1976,-2.2978,-0.0255
549490815.7482598,52.430734, 13.635791,810513.2948,810510.7740,-0.1975,-2.2978,-0.0255
549490815.7977059,52.433583, 13.634406,810514.1308,810511.6101,-0.1974,-2.2978,-0.0255
549490815.847152,52.436431999999996, 13.633021,810514.6325,810512.1118,-0.1974,-2.2978,-0.0255
549490815.8965979,52.439281, 13.631635,810515.1775,810512.6569,-0.1973,-2.2978,-0.0255
549490815.9460568,52.44213, 13.630249,810515.7346,810513.2140,-0.1973,-2.2978,-0.0255
549490815.9955027,52.444979, 13.628862999999999,810516.5252,810514.0047,-0.1972,-2.2978,-0.0255
549490816.0449619,52.447827999999994, 13.627476999999999,810517.4131,810514.8926,-0.1972,-2.2978,-0.0255
549490816.0944076,52.450677, 13.626090999999999,810518.4856,810515.9652,-0.1971,-2.2978,-0.0255
549490816.1438658,52.453526, 13.624704999999999,810518.8494,810516.3290,-0.1971,-2.2978,-0.0255
549490816.1933112,52.456374999999994, 13.623318,810515.0933,810512.5730,-0.1970,-2.2978,-0.0255
549490816.2427568,52.459222999999994, 13.621932,810518.4513,810515.9310,-0.1970,-2.2978,-0.0255
549490816.2922025,52.462072, 13.620545,810518.9165,810516.3962,-0.1969,-2.2978,-0.0255
549490816.3416605,52.464921, 13.619157999999999,810519.4090,810516.8888,-0.1969,-2.2978,-0.0255
549490816.3911061,52.467769999999994, 13.617771,810519.8049,810517.2847,-0.1968,-2.2978,-0.0255
551823612.9007835,52.332274, 13.689931,810320.7948,810318.3421,-0.1322,-2.2980,-0.0225
551823612.9502163,52.335122999999996, 13.688550999999999,810320.7758,810318.3233,-0.1320,-2.2980,-0.0225
551823613.0490806,52.34082, 13.685792,810315.3499,810312.8978,-0.1316,-2.2980,-0.0225
551823613.0985007,52.343668, 13.684413,810321.2306,810318.7787,-0.1315,-2.2980,-0.0225
551823613.1479335,52.346516, 13.683031999999999,810321.4645,810319.0128,-0.1313,-2.2979,-0.0225
551823613.1973662,52.349365, 13.681652,810321.2721,810318.8206,-0.1311,-2.2979,-0.0225
551823613.246799,52.352213, 13.680271999999999,810324.0839,810321.6326,-0.1309,-2.2979,-0.0225
551823613.2962317,52.355062, 13.678891,810320.6721,810318.2210,-0.1308,-2.2979,-0.0225
551823613.3456645,52.35791, 13.677510999999999,810321.2730,810318.8220,-0.1306,-2.2979,-0.0225
551823613.3950973,52.360758999999995, 13.676129999999999,810321.9424,810319.4916,-0.1304,-2.2978,-0.0225
551823613.4445174,52.363606, 13.674749,810322.5857,810320.1351,-0.1302,-2.2978,-0.0225
551823613.4939501,52.366454999999995, 13.673368,810323.1496,810320.6992,-0.1301,-2.2978,-0.0225
551823613.5433829,52.369302999999995, 13.671987,810323.6537,810321.2035,-0.1299,-2.2978,-0.0225
551823613.5928159,52.372152, 13.670606,810326.0648,810323.6148,-0.1297,-2.2978,-0.0225
551823613.6422489,52.375, 13.669224,810325.0866,810322.6368,-0.1296,-2.2977,-0.0225
551823613.6916821,52.377849, 13.667842,810325.7055,810323.2559,-0.1294,-2.2977,-0.0225
551823613.7411153,52.380697, 13.666459999999999,810326.3710,810323.9216,-0.1292,-2.2977,-0.0225
551823613.7905488,52.383545999999996, 13.665078,810327.0416,810324.5924,-0.1290,-2.2977,-0.0225
551823613.839982,52.386393999999996, 13.663696,810328.0271,810325.5781,-0.1289,-2.2977,-0.0225
551823613.8894153,52.389241999999996, 13.662313999999999,810328.5984,810326.1496,-0.1287,-2.2976,-0.0225
551823613.9388485,52.392091, 13.660931,810328.9634,810326.5148,-0.1285,-2.2976,-0.0225
551823613.9882817,52.394939, 13.659549,810329.5874,810327.1390,-0.1283,-2.2976,-0.0225
551823614.037715,52.397787, 13.658166,810330.1304,810327.6821,-0.1282,-2.2976,-0.0225
551823614.0871489,52.400636, 13.656782999999999,810330.7841,810328.3360,-0.1280,-2.2976,-0.0225
551823614.1365945,52.403484999999996, 13.6554,810332.4635,810330.0155,-0.1279,-2.2976,-0.0225
551823614.1860273,52.406333, 13.654015999999999,810333.6460,810331.1982,-0.1277,-2.2976,-0.0225
551823614.2354727,52.409181999999994, 13.652633,810334.3726,810331.9250,-0.1275,-2.2976,-0.0225
551823614.2849054,52.412029999999994, 13.651249,810335.1219,810332.6744,-0.1274,-2.2976,-0.0225
551823614.3343382,52.414877999999995, 13.649865,810336.2421,810333.7948,-0.1272,-2.2976,-0.0225
551823614.383771,52.417727, 13.648482,810338.3922,810335.9450,-0.1271,-2.2976,-0.0225
551823614.4332037,52.420575, 13.647098,810341.2130,810338.7660,-0.1269,-2.2976,-0.0225
551823614.4826491,52.423424, 13.645712999999999,810335.5716,810333.1247,-0.1268,-2.2976,-0.0225
551823614.5320818,52.426272, 13.644328999999999,810336.2709,810333.8242,-0.1266,-2.2977,-0.0224
551823614.5815146,52.42912, 13.642944,810336.9289,810334.4824,-0.1264,-2.2977,-0.0224
551823614.6309474,52.431968, 13.64156,810337.7394,810335.2930,-0.1263,-2.2977,-0.0224
551823614.680393,52.434816999999995, 13.640175,810338.6684,810336.2222,-0.1261,-2.2977,-0.0224
551823614.7298384,52.437666, 13.638789,810339.4090,810336.9629,-0.1260,-2.2977,-0.0224
551823614.7792714,52.440514, 13.637404,810339.6135,810337.1676,-0.1258,-2.2977,-0.0224
551823614.8287041,52.443362, 13.636019,810340.0394,810337.5937,-0.1256,-2.2977,-0.0224
551823614.8781497,52.446211, 13.634633,810340.6852,810338.2396,-0.1255,-2.2977,-0.0224
551823614.9275825,52.449059, 13.633248,810341.2066,810338.7612,-0.1253,-2.2977,-0.0224
551823614.9770153,52.451907, 13.631862,810343.4878,810341.0425,-0.1252,-2.2977,-0.0224
551823615.0264599,52.454755999999996, 13.630476,810344.6382,810342.1931,-0.1250,-2.2977,-0.0224
551823615.0758927,52.457603999999996, 13.62909,810339.4781,810337.0331,-0.1249,-2.2977,-0.0224
551823615.1253128,52.460451, 13.627704,810343.0612,810340.6164,-0.1247,-2.2977,-0.0224
551823615.1747582,52.4633, 13.626318,810343.4755,810341.0308,-0.1246,-2.2977,-0.0224
551823615.2241783,52.466147, 13.624932,810343.9023,810341.4578,-0.1244,-2.2977,-0.0224
551823615.2736108,52.468995, 13.623545,810343.4613,810341.0169,-0.1243,-2.2977,-0.0224
554156410.3521805,52.330354, 13.696994,810340.4676,810338.0074,-0.1436,-2.2980,-0.0186
554156410.4016132,52.333203, 13.695613999999999,810341.5726,810339.1124,-0.1436,-2.2980,-0.0186
554156410.4510589,52.336051999999995, 13.694234999999999,810342.0179,810339.5577,-0.1436,-2.2980,-0.0186
554156410.5004787,52.338899999999995, 13.692855,810344.2042,810341.7441,-0.1436,-2.2979,-0.0186
554156410.5499115,52.341749, 13.691476,810344.9022,810342.4421,-0.1436,-2.2979,-0.0186
554156410.5993571,52.344598, 13.690095,810347.3838,810344.9237,-0.1436,-2.2979,-0.0186
554156410.6487899,52.347446999999995, 13.688715,810352.0400,810349.5799,-0.1436,-2.2979,-0.0186
554156410.6982226,52.350294999999996, 13.687335,810355.5112,810353.0511,-0.1436,-2.2979,-0.0186
554156410.7476554,52.353144, 13.685955,810356.9438,810354.4837,-0.1436,-2.2978,-0.0186
554156410.7970881,52.355992, 13.684574999999999,810356.3767,810353.9166,-0.1437,-2.2978,-0.0186
554156410.8465209,52.358841, 13.683193999999999,810351.9475,810349.4875,-0.1437,-2.2978,-0.0186
554156410.8959537,52.361689, 13.681813,810351.1496,810348.6896,-0.1437,-2.2978,-0.0186
554156410.9453738,52.364537, 13.680432999999999,810351.6890,810349.2290,-0.1437,-2.2977,-0.0186
554156410.9948065,52.367385, 13.679051999999999,810352.3907,810349.9307,-0.1437,-2.2977,-0.0186
554156411.0442531,52.370235, 13.677669999999999,810353.3239,810350.8640,-0.1436,-2.2977,-0.0186
554156411.0936859,52.373083, 13.676288999999999,810356.4246,810353.9647,-0.1436,-2.2977,-0.0186
554156411.1431186,52.375930999999994, 13.674907,810356.2024,810353.7426,-0.1435,-2.2977,-0.0186
554156411.1925516,52.37878, 13.673525,810355.1001,810352.6404,-0.1434,-2.2977,-0.0186
554156411.2419848,52.381628, 13.672144,810355.6960,810353.2364,-0.1433,-2.2977,-0.0186
554156411.2914181,52.384477, 13.670762,810356.5935,810354.1339,-0.1433,-2.2977,-0.0186
554156411.3408515,52.387325, 13.669379,810357.5232,810355.0637,-0.1432,-2.2977,-0.0186
554156411.3902848,52.390173, 13.667997,810358.4638,810356.0044,-0.1431,-2.2977,-0.0186
554156411.439718,52.393021999999995, 13.666615,810358.9674,810356.5081,-0.1430,-2.2977,-0.0186
554156411.4891641,52.395871, 13.665232,810359.6079,810357.1486,-0.1430,-2.2977,-0.0186
554156411.5385973,52.398719, 13.663848999999999,810359.5428,810357.0836,-0.1429,-2.2978,-0.0185
554156411.5880306,52.401567, 13.662466,810360.0736,810357.6145,-0.1428,-2.2978,-0.0185
554156411.6374636,52.404416, 13.661083,810360.6201,810358.1611,-0.1427,-2.2978,-0.0185
554156411.6869092,52.407264999999995, 13.659699999999999,810361.2830,810358.8240,-0.1427,-2.2978,-0.0185
554156411.7363546,52.410114, 13.658316,810364.8726,810362.4137,-0.1426,-2.2978,-0.0185
554156411.7857873,52.412962, 13.656932999999999,810365.5823,810363.1235,-0.1425,-2.2978,-0.0185
554156411.8352201,52.41581, 13.655548999999999,810366.6843,810364.2256,-0.1424,-2.2978,-0.0185
554156411.8846531,52.418658, 13.654164999999999,810369.7850,810367.3263,-0.1424,-2.2978,-0.0185
554156411.9340858,52.421507, 13.652781,810372.4163,810369.9577,-0.1423,-2.2978,-0.0185
554156411.9835312,52.424355, 13.651397,810364.7179,810362.2594,-0.1422,-2.2978,-0.0185
554156412.0329628,52.427203999999996, 13.650012,810365.7081,810363.2496,-0.1422,-2.2978,-0.0185
554156412.0823956,52.430051999999996, 13.648627999999999,810366.4216,810363.9632,-0.1421,-2.2978,-0.0185
554156412.1318283,52.4329, 13.647243999999999,810367.1141,810364.6558,-0.1420,-2.2978,-0.0185
554156412.1812739,52.435748999999994, 13.645859,810367.7481,810365.2899,-0.1419,-2.2978,-0.0185
554156412.2307193,52.438598, 13.644473,810368.3646,810365.9064,-0.1419,-2.2978,-0.0185
554156412.2801521,52.441446, 13.643087999999999,810369.0229,810366.5648,-0.1418,-2.2978,-0.0185
554156412.3295848,52.444294, 13.641703,810369.5259,810367.0679,-0.1417,-2.2978,-0.0185
554156412.3790305,52.447143, 13.640317999999999,810370.1818,810367.7238,-0.1417,-2.2978,-0.0185
554156412.4284632,52.449991, 13.638931999999999,810370.7135,810368.2556,-0.1416,-2.2978,-0.0185
554156412.477896,52.452839, 13.637545999999999,810373.9571,810371.4993,-0.1415,-2.2978,-0.0185
554156412.5273416,52.455687999999995, 13.636159999999999,810385.7091,810383.2513,-0.1415,-2.2978,-0.0185
554156412.5767744,52.458535999999995, 13.634774,810385.6138,810383.1561,-0.1414,-2.2978,-0.0185
554156412.6262197,52.461383999999995, 13.633388,810372.9006,810370.4430,-0.1413,-2.2978,-0.0185
554156412.6756654,52.464233, 13.632000999999999,810373.2443,810370.7867,-0.1413,-2.2978,-0.0185
554156412.7250981,52.467081, 13.630614999999999,810373.4144,810370.9569,-0.1412,-2.2978,-0.0185
554156412.7745438,52.46993, 13.629228,810373.6765,810371.2191,-0.1411,-2.2978,-0.0185
556489207.717725,52.335316999999996, 13.695934,810534.3707,810531.9252,-0.1188,-2.3096,-0.0172
556489207.7671707,52.338166, 13.694554,810536.2611,810533.8155,-0.1188,-2.3096,-0.0172
556489207.8166289,52.341015999999996, 13.693173999999999,810537.1059,810534.6602,-0.1189,-2.3096,-0.0172
556489207.8660743,52.343865, 13.691794,810537.7408,810535.2950,-0.1189,-2.3096,-0.0172
556489207.9155328,52.346714999999996, 13.690413999999999,810544.4099,810541.9640,-0.1190,-2.3097,-0.0172
556489207.9649789,52.349564, 13.689034,810544.1399,810541.6940,-0.1191,-2.3097,-0.0172
556489208.0144255,52.352413, 13.687654,810544.5721,810542.1261,-0.1191,-2.3097,-0.0172
556489208.0638719,52.355261999999996, 13.686273,810544.5883,810542.1423,-0.1191,-2.3097,-0.0172
556489208.113318,52.358111, 13.684892,810544.3162,810541.8702,-0.1191,-2.3096,-0.0172
556489208.1627641,52.360960999999996, 13.683511999999999,810543.4762,810541.0302,-0.1191,-2.3096,-0.0172
556489208.2122099,52.36381, 13.682131,810544.1657,810541.7198,-0.1192,-2.3096,-0.0172
556489208.2616687,52.366659999999996, 13.680748999999999,810544.7104,810542.2645,-0.1192,-2.3095,-0.0172
556489208.3111148,52.369509, 13.679368,810545.3735,810542.9276,-0.1192,-2.3095,-0.0172
556489208.3605604,52.372358, 13.677987,810548.8067,810546.3608,-0.1192,-2.3095,-0.0172
556489208.4100058,52.375206999999996, 13.676604999999999,810549.3780,810546.9321,-0.1192,-2.3095,-0.0172
556489208.4594514,52.378056, 13.675222999999999,810547.3975,810544.9516,-0.1192,-2.3094,-0.0172
556489208.5089097,52.380905, 13.673841,810547.9824,810545.5366,-0.1193,-2.3094,-0.0172
556489208.558368,52.383755, 13.672459,810548.6564,810546.2106,-0.1193,-2.3094,-0.0172
556489208.6078134,52.386604, 13.671076999999999,810549.4402,810546.9944,-0.1193,-2.3093,-0.0172
556489208.657259,52.389452999999996, 13.669694,810550.5181,810548.0723,-0.1193,-2.3093,-0.0172
556489208.7067044,52.392302, 13.668312,810551.3442,810548.8984,-0.1193,-2.3093,-0.0172
556489208.75615,52.395151, 13.666929,810551.9260,810549.4802,-0.1193,-2.3092,-0.0172
556489208.8056083,52.398001, 13.665545999999999,810552.6584,810550.2126,-0.1193,-2.3092,-0.0172
556489208.8550537,52.40085, 13.664162999999999,810552.4647,810550.0190,-0.1194,-2.3092,-0.0172
556489208.9044993,52.403698, 13.66278,810553.0769,810550.6312,-0.1194,-2.3092,-0.0172
556489208.9539444,52.406546999999996, 13.661397,810553.7437,810551.2980,-0.1194,-2.3091,-0.0172
556489209.003403,52.409397, 13.660013999999999,810554.2738,810551.8281,-0.1194,-2.3091,-0.0172
556489209.0528603,52.412245999999996, 13.658629999999999,810558.0214,810555.5757,-0.1194,-2.3091,-0.0172
556489209.1023057,52.415095, 13.657245999999999,810558.9810,810556.5353,-0.1194,-2.3091,-0.0172
556489209.1517513,52.417944, 13.655861999999999,810561.3811,810558.9354,-0.1194,-2.3091,-0.0172
556489209.2012095,52.420794, 13.654478,810564.0153,810561.5696,-0.1194,-2.3091,-0.0172
556489209.2506549,52.423642, 13.653094,810557.5636,810555.1178,-0.1195,-2.3091,-0.0172
556489209.3001006,52.426491, 13.65171,810558.2080,810555.7622,-0.1195,-2.3091,-0.0172
556489209.3495588,52.429341, 13.650324999999999,810558.6793,810556.2335,-0.1195,-2.3091,-0.0172
556489209.3990171,52.43219, 13.64894,810560.0825,810557.6367,-0.1195,-2.3091,-0.0172
556489209.4484625,52.435038999999996, 13.647554999999999,810561.6929,810559.2471,-0.1195,-2.3091,-0.0172
556489209.4979208,52.437888, 13.64617,810562.3220,810559.8762,-0.1195,-2.3091,-0.0172
556489209.5473664,52.440737, 13.644784999999999,810562.6837,810560.2379,-0.1195,-2.3091,-0.0172
556489209.5968246,52.443587, 13.643398999999999,810562.7430,810560.2972,-0.1195,-2.3091,-0.0172
556489209.6462708,52.446435, 13.642014,810562.8908,810560.4450,-0.1195,-2.3091,-0.0172
556489209.6957295,52.449284999999996, 13.640628,810563.7729,810561.3271,-0.1195,-2.3091,-0.0172
556489209.7451756,52.452134, 13.639242999999999,810578.2374,810575.7916,-0.1195,-2.3091,-0.0172
556489209.7946215,52.454982, 13.637856999999999,810576.9540,810574.5081,-0.1196,-2.3091,-0.0172
556489209.8440802,52.457831999999996, 13.636471,810572.8626,810570.4167,-0.1196,-2.3091,-0.0172
556489209.893539,52.460681, 13.635083999999999,810579.1033,810576.6574,-0.1196,-2.3091,-0.0172
556489209.9429977,52.46353, 13.633697999999999,810565.6638,810563.2179,-0.1196,-2.3091,-0.0172
556489209.9924436,52.466378999999996, 13.632311,810583.0598,810580.6139,-0.1196,-2.3091,-0.0172
556489210.0419021,52.469228, 13.630924,810566.2225,810563.7767,-0.1196,-2.3091,-0.0172
558822005.7222095,52.332679, 13.683373999999999,810607.6086,810605.1923,-0.1106,-2.2956,-0.0101
558822005.7716677,52.335529, 13.681992999999999,810606.8166,810604.4003,-0.1106,-2.2956,-0.0101
558822005.8211133,52.338378, 13.680610999999999,810604.1983,810601.7820,-0.1106,-2.2956,-0.0101
558822005.8705587,52.341226999999996, 13.679229999999999,810604.1130,810601.6967,-0.1106,-2.2956,-0.0101
558822005.920017,52.344076, 13.677848,810608.8771,810606.4608,-0.1106,-2.2956,-0.0101
558822005.9694753,52.346925999999996, 13.676466,810609.0109,810606.5946,-0.1106,-2.2956,-0.0101
558822006.0189209,52.349775, 13.675085,810609.3809,810606.9646,-0.1106,-2.2956,-0.0101
558822006.0683801,52.352624, 13.673701999999999,810609.2479,810606.8316,-0.1106,-2.2956,-0.0101
558822006.1178381,52.355474, 13.67232,810609.7868,810607.3705,-0.1106,-2.2956,-0.0101
558822006.1672964,52.358323, 13.670936999999999,810610.4737,810608.0574,-0.1106,-2.2956,-0.0101
558822006.216742,52.361171999999996, 13.669554999999999,810611.1330,810608.7167,-0.1106,-2.2956,-0.0101
558822006.2662003,52.364022, 13.668172,810611.6730,810609.2567,-0.1106,-2.2956,-0.0101
558822006.3156583,52.366870999999996, 13.666789,810612.3075,810609.8912,-0.1106,-2.2956,-0.0101
558822006.365104,52.36972, 13.665405999999999,810613.8040,810611.3877,-0.1106,-2.2956,-0.0101
558822006.4145622,52.372569, 13.664023,810613.6265,810611.2102,-0.1106,-2.2956,-0.0101
558822006.4640205,52.375419, 13.66264,810614.2331,810611.8168,-0.1106,-2.2956,-0.0101
558822006.5134659,52.378268, 13.661256,810614.9111,810612.4948,-0.1107,-2.2955,-0.0101
558822006.5629241,52.381116999999996, 13.659873,810615.4522,810613.0359,-0.1107,-2.2955,-0.0101
558822006.6123698,52.383966, 13.658489,810616.1531,810613.7368,-0.1107,-2.2955,-0.0101
558822006.661828,52.386815, 13.657105,810616.9137,810614.4974,-0.1107,-2.2955,-0.0101
558822006.7112863,52.389665, 13.655721,810617.3094,810614.8931,-0.1107,-2.2955,-0.0101
558822006.7607446,52.392514, 13.654335999999999,810617.9976,810615.5813,-0.1107,-2.2955,-0.0101
558822006.8102028,52.395362999999996, 13.652951999999999,810618.6489,810616.2326,-0.1107,-2.2955,-0.0101
558822006.8596482,52.398212, 13.651567,810619.3244,810616.9081,-0.1107,-2.2955,-0.0101
558822006.9091065,52.401061, 13.650183,810620.4973,810618.0810,-0.1107,-2.2955,-0.0101
558822006.9585652,52.403911, 13.648798,810621.4208,810619.0045,-0.1107,-2.2955,-0.0101
558822007.0080104,52.406759, 13.647413,810622.1413,810619.7250,-0.1107,-2.2955,-0.0101
558822007.0574689,52.409608999999996, 13.646028,810622.8953,810620.4790,-0.1107,-2.2955,-0.0101
558822007.1069148,52.412456999999996, 13.644642999999999,810623.8685,810621.4522,-0.1107,-2.2955,-0.0101
558822007.1563735,52.415306, 13.643257,810624.7607,810622.3444,-0.1107,-2.2955,-0.0101
558822007.2058325,52.418155999999996, 13.641871,810627.5597,810625.1434,-0.1108,-2.2955,-0.0101
558822007.2552912,52.421005, 13.640485,810629.7809,810627.3645,-0.1108,-2.2955,-0.0101
558822007.3047371,52.423854, 13.6391,810625.2434,810622.8270,-0.1108,-2.2955,-0.0101
558822007.3541961,52.426702999999996, 13.637713,810625.5373,810623.1209,-0.1108,-2.2955,-0.0101
558822007.4036543,52.429552, 13.636327,810626.1763,810623.7599,-0.1108,-2.2955,-0.0101
558822007.4530997,52.432399999999994, 13.634941,810626.8712,810624.4548,-0.1108,-2.2955,-0.0101
558822007.502558,52.435249999999996, 13.633554,810627.7504,810625.3340,-0.1109,-2.2955,-0.0100
558822007.5520291,52.4381, 13.632166999999999,810628.3622,810625.9458,-0.1109,-2.2955,-0.0100
558822007.6014745,52.440948, 13.63078,810628.7858,810626.3694,-0.1109,-2.2955,-0.0100
558822007.6509328,52.443796999999996, 13.629392999999999,810629.1258,810626.7094,-0.1109,-2.2955,-0.0100
558822007.7004039,52.446647, 13.628006,810630.1032,810627.6868,-0.1109,-2.2955,-0.0100
558822007.749862,52.449495999999996, 13.626617999999999,810639.6559,810637.2395,-0.1109,-2.2955,-0.0100
558822007.7993076,52.452345, 13.625231,810639.8498,810637.4333,-0.1109,-2.2955,-0.0100
558822007.8487659,52.455194, 13.623842999999999,810636.6972,810634.2807,-0.1110,-2.2955,-0.0100
558822007.8982241,52.458042999999996, 13.622456,810631.6086,810629.1921,-0.1110,-2.2955,-0.0100
558822007.9476824,52.460891999999994, 13.621068,810632.4943,810630.0778,-0.1110,-2.2955,-0.0100
558822007.9971404,52.463741, 13.619679,810633.2231,810630.8066,-0.1110,-2.2955,-0.0100
558822008.046587,52.466589, 13.618291,810635.2020,810632.7855,-0.1110,-2.2954,-0.0100
558822008.0960453,52.469438, 13.616902999999999,810633.2209,810630.8045,-0.1110,-2.2954,-0.0100
561154809.5214291,52.330563, 13.686812,810493.1682,810490.7282,-0.1137,-2.3160,-0.0102
561154809.5708752,52.333411999999996, 13.685431,810495.4392,810492.9992,-0.1138,-2.3160,-0.0102
561154809.620321,52.336261, 13.684051,810494.5714,810492.1313,-0.1138,-2.3160,-0.0102
561154809.6697671,52.33911, 13.68267,810495.2535,810492.8134,-0.1138,-2.3160,-0.0102
561154809.7192132,52.341958999999996, 13.681289,810495.9869,810493.5468,-0.1139,-2.3160,-0.0102
561154809.7686591,52.344808, 13.679908,810501.2419,810498.8017,-0.1139,-2.3160,-0.0102
561154809.8181047,52.347657999999996, 13.678526999999999,810501.0911,810498.6509,-0.1140,-2.3160,-0.0102
561154809.8675504,52.350507, 13.677145999999999,810502.2172,810499.7770,-0.1140,-2.3160,-0.0102
561154809.9169958,52.353356, 13.675765,810499.9134,810497.4731,-0.1140,-2.3160,-0.0102
561154809.9664414,52.356204999999996, 13.674382999999999,810500.8518,810498.4115,-0.1141,-2.3160,-0.0102
561154810.0158997,52.359054, 13.673001,810501.1547,810498.7144,-0.1141,-2.3160,-0.0102
561154810.065357,52.361903999999996, 13.671619,810502.0921,810499.6518,-0.1141,-2.3160,-0.0102
561154810.1148024,52.364753, 13.670237,810502.7351,810500.2948,-0.1142,-2.3160,-0.0102
561154810.164248,52.367602, 13.668854999999999,810505.9876,810503.5472,-0.1142,-2.3160,-0.0102
561154810.2136936,52.370450999999996, 13.667473,810505.3041,810502.8637,-0.1142,-2.3160,-0.0102
561154810.263139,52.3733, 13.666089999999999,810504.3447,810501.9043,-0.1142,-2.3160,-0.0102
561154810.312597,52.376149, 13.664707,810505.0070,810502.5666,-0.1143,-2.3160,-0.0102
561154810.3620424,52.378997999999996, 13.663324999999999,810505.9904,810503.5500,-0.1143,-2.3160,-0.0102
561154810.411488,52.381847, 13.661942,810506.4574,810504.0169,-0.1143,-2.3160,-0.0102
561154810.4609334,52.384696, 13.660559,810507.1082,810504.6677,-0.1143,-2.3160,-0.0102
561154810.5103917,52.387546, 13.659175,810507.7660,810505.3255,-0.1144,-2.3159,-0.0102
561154810.5598371,52.390394, 13.657791999999999,810508.3383,810505.8978,-0.1144,-2.3159,-0.0102
561154810.6092827,52.393243, 13.656407999999999,810508.8474,810506.4069,-0.1144,-2.3159,-0.0102
561154810.658741,52.396093, 13.655024,810509.5360,810507.0954,-0.1144,-2.3159,-0.0102
561154810.7081864,52.398942, 13.653640999999999,810510.1846,810507.7440,-0.1145,-2.3159,-0.0102
561154810.757632,52.40179, 13.652256999999999,810510.7508,810508.3102,-0.1145,-2.3159,-0.0102
561154810.8070776,52.404638999999996, 13.650872999999999,810512.5554,810510.1148,-0.1145,-2.3159,-0.0102
561154810.856523,52.407488, 13.649488,810513.4454,810511.0048,-0.1145,-2.3159,-0.0102
561154810.9059558,52.410336, 13.648104,810514.2110,810511.7703,-0.1146,-2.3159,-0.0102
561154810.955414,52.413185, 13.646719,810510.8670,810508.4263,-0.1146,-2.3159,-0.0102
561154811.0048597,52.416033999999996, 13.645335,810524.4732,810522.0325,-0.1146,-2.3159,-0.0102
561154811.0543063,52.418883, 13.64395,810520.7270,810518.2863,-0.1146,-2.3159,-0.0102
561154811.103765,52.421732, 13.642564,810518.3987,810515.9580,-0.1147,-2.3158,-0.0102
561154811.1532109,52.424580999999996, 13.641179,810516.7536,810514.3129,-0.1147,-2.3158,-0.0102
561154811.2026696,52.42743, 13.639794,810525.7090,810523.2684,-0.1147,-2.3158,-0.0102
561154811.2521157,52.430279, 13.638408,810517.2914,810514.8508,-0.1147,-2.3157,-0.0102
561154811.3015618,52.433127999999996, 13.637022,810518.2161,810515.7755,-0.1148,-2.3157,-0.0102
561154811.3510077,52.435976, 13.635637,810518.8380,810516.3974,-0.1148,-2.3157,-0.0102
561154811.4004538,52.438824999999994, 13.634250999999999,810519.2265,810516.7859,-0.1148,-2.3156,-0.0102
561154811.4499125,52.441675, 13.632864,810519.7667,810517.3261,-0.1148,-2.3156,-0.0102
561154811.4993455,52.444522, 13.631478,810520.0068,810517.5662,-0.1148,-2.3156,-0.0102
561154811.5488038,52.447371999999994, 13.630092,810517.4895,810515.0490,-0.1149,-2.3155,-0.0101
561154811.5982621,52.450221, 13.628705,810520.0418,810517.6013,-0.1149,-2.3155,-0.0101
561154811.6477077,52.45307, 13.627317999999999,810518.3726,810515.9321,-0.1149,-2.3154,-0.0101
561154811.697166,52.455918999999994, 13.625931,810518.6064,810516.1659,-0.1149,-2.3154,-0.0101
561154811.7466114,52.458766999999995, 13.624544,810522.6373,810520.1968,-0.1150,-2.3154,-0.0101
561154811.796057,52.461616, 13.623156999999999,810523.1713,810520.7308,-0.1150,-2.3153,-0.0101
561154811.8455153,52.464465, 13.621768999999999,810523.8291,810521.3887,-0.1150,-2.3153,-0.0101
561154811.894948,52.467313, 13.620382,810523.9072,810521.4668,-0.1150,-2.3153,-0.0101
563487610.159524,52.332263999999995, 13.689363,810401.1483,810398.7435,-0.0790,-2.3190,-0.0067
563487610.2089694,52.335114, 13.687983,810403.7085,810401.3037,-0.0790,-2.3190,-0.0067
563487610.258415,52.337962999999995, 13.686603,810404.1488,810401.7441,-0.0791,-2.3190,-0.0067
563487610.3078609,52.340812, 13.685222,810404.8129,810402.4082,-0.0791,-2.3190,-0.0067
563487610.357307,52.343661, 13.683841999999999,810409.5224,810407.1177,-0.0791,-2.3190,-0.0067
563487610.4067528,52.346511, 13.682462,810410.6307,810408.2260,-0.0791,-2.3189,-0.0067
563487610.4561987,52.34936, 13.681080999999999,810410.8818,810408.4771,-0.0791,-2.3189,-0.0067
563487610.5056322,52.352208, 13.679701,810409.8048,810407.4001,-0.0791,-2.3189,-0.0067
563487610.555078,52.355056999999995, 13.67832,810409.7668,810407.3621,-0.0791,-2.3189,-0.0067
563487610.6045115,52.357906, 13.676938999999999,810410.2898,810407.8851,-0.0791,-2.3189,-0.0067
563487610.6539705,52.360755999999995, 13.675557,810410.9719,810408.5672,-0.0791,-2.3188,-0.0067
563487610.7033908,52.363603999999995, 13.674177,810411.6051,810409.2004,-0.0791,-2.3188,-0.0067
563487610.7528491,52.366453, 13.672794999999999,810413.9367,810411.5321,-0.0792,-2.3188,-0.0067
563487610.8022819,52.369302, 13.671413,810414.8952,810412.4906,-0.0792,-2.3188,-0.0067
563487610.8517146,52.37215, 13.670031999999999,810414.0547,810411.6501,-0.0792,-2.3188,-0.0067
563487610.9011602,52.374998999999995, 13.66865,810414.3170,810411.9124,-0.0792,-2.3187,-0.0067
563487610.9506056,52.377848, 13.667268,810414.9708,810412.5662,-0.0792,-2.3187,-0.0067
563487611.0000384,52.380696, 13.665885999999999,810415.5462,810413.1416,-0.0792,-2.3187,-0.0067
563487611.0494702,52.383545, 13.664503999999999,810416.1147,810413.7101,-0.0792,-2.3187,-0.0067
563487611.0989032,52.386393, 13.663122,810416.7115,810414.3069,-0.0792,-2.3187,-0.0067
563487611.1483486,52.389241999999996, 13.661738999999999,810417.4910,810415.0863,-0.0793,-2.3187,-0.0067
563487611.1977813,52.392089999999996, 13.660356,810418.1591,810415.7544,-0.0793,-2.3187,-0.0067
563487611.2472267,52.394939, 13.658973,810418.6064,810416.2017,-0.0793,-2.3187,-0.0067
563487611.2966723,52.397788, 13.657589999999999,810419.1731,810416.7684,-0.0793,-2.3187,-0.0067
563487611.3461177,52.400636999999996, 13.656207,810419.8428,810417.4380,-0.0793,-2.3187,-0.0067
563487611.3955503,52.403484999999996, 13.654824,810420.4896,810418.0848,-0.0794,-2.3187,-0.0067
563487611.444983,52.406334, 13.65344,810421.5487,810419.1439,-0.0794,-2.3187,-0.0067
563487611.4944158,52.409181999999994, 13.652057,810422.1448,810419.7400,-0.0794,-2.3187,-0.0067
563487611.5438614,52.412031, 13.650673,810423.9207,810421.5158,-0.0794,-2.3188,-0.0067
563487611.593307,52.41488, 13.649289,810419.5895,810417.1846,-0.0794,-2.3188,-0.0067
563487611.6427398,52.417728, 13.647905,810423.2218,810420.8169,-0.0795,-2.3188,-0.0067
563487611.6921725,52.420576, 13.646521,810429.5640,810427.1591,-0.0795,-2.3188,-0.0067
563487611.7416308,52.423424999999995, 13.645135999999999,810424.9896,810422.5846,-0.0795,-2.3188,-0.0067
563487611.7910635,52.426272999999995, 13.643752,810425.6797,810423.2747,-0.0795,-2.3188,-0.0067
563487611.8404963,52.429122, 13.642367,810430.1655,810427.7605,-0.0795,-2.3188,-0.0067
563487611.889929,52.43197, 13.640982,810431.2344,810428.8294,-0.0796,-2.3188,-0.0067
563487611.9393747,52.434818, 13.639597,810432.0117,810429.6066,-0.0796,-2.3188,-0.0067
563487611.9888079,52.437667, 13.638212,810432.6783,810430.2732,-0.0796,-2.3188,-0.0067
563487612.0382547,52.440515, 13.636827,810431.6354,810429.2303,-0.0796,-2.3188,-0.0067
563487612.0876882,52.443363, 13.635441,810429.6614,810427.2563,-0.0796,-2.3188,-0.0067
563487612.1371341,52.446211999999996, 13.634056,810429.9811,810427.5760,-0.0797,-2.3188,-0.0067
563487612.1865802,52.449061, 13.63267,810431.4953,810429.0902,-0.0797,-2.3187,-0.0067
563487612.2360263,52.45191, 13.631283999999999,810432.7700,810430.3649,-0.0797,-2.3187,-0.0067
563487612.2854595,52.454758, 13.629897999999999,810434.3786,810431.9735,-0.0797,-2.3187,-0.0067
563487612.3349056,52.457606, 13.628511,810429.2831,810426.8780,-0.0797,-2.3187,-0.0067
563487612.3843386,52.460454, 13.627125,810432.5345,810430.1294,-0.0798,-2.3187,-0.0067
563487612.4337842,52.463302999999996, 13.625738,810432.9917,810430.5866,-0.0798,-2.3187,-0.0067
563487612.483217,52.466150999999996, 13.624352,810433.4522,810431.0471,-0.0798,-2.3187,-0.0067
563487612.5326624,52.468999999999994, 13.622964999999999,810432.5048,810430.0997,-0.0798,-2.3186,-0.0066
565820406.6378844,52.331095, 13.697963,810502.1177,810499.6881,-0.0914,-2.3280,-0.0101
565820406.68733,52.333945, 13.696584,810501.8558,810499.4262,-0.0914,-2.3280,-0.0101
565820406.7367756,52.336794, 13.695203999999999,810492.0366,810489.6070,-0.0914,-2.3280,-0.0101
565820406.786221,52.339642999999995, 13.693824999999999,810493.6163,810491.1867,-0.0915,-2.3280,-0.0101
565820406.8356538,52.342490999999995, 13.692445,810493.5586,810491.1290,-0.0915,-2.3280,-0.0101
565820406.8850994,52.345341, 13.691065,810494.0111,810491.5815,-0.0915,-2.3280,-0.0101
565820406.9345448,52.348189999999995, 13.689684999999999,810503.8434,810501.4138,-0.0915,-2.3280,-0.0101
565820406.9839904,52.351039, 13.688305,810506.1706,810503.7410,-0.0915,-2.3280,-0.0101
565820407.0334349,52.353888, 13.686924,810506.3455,810503.9159,-0.0915,-2.3280,-0.0101
565820407.0828805,52.356736999999995, 13.685544,810506.9850,810504.5555,-0.0915,-2.3280,-0.0101
565820407.1323259,52.359586, 13.684163,810507.4985,810505.0690,-0.0915,-2.3280,-0.0101
565820407.1817715,52.362435999999995, 13.682782,810507.8398,810505.4103,-0.0914,-2.3279,-0.0101
565820407.2312169,52.365285, 13.681401,810499.9346,810497.5052,-0.0914,-2.3279,-0.0101
565820407.2806625,52.368134, 13.680019999999999,810501.0506,810498.6212,-0.0914,-2.3279,-0.0101
565820407.3301079,52.370982999999995, 13.678638999999999,810501.5716,810499.1422,-0.0914,-2.3279,-0.0101
565820407.3795533,52.373832, 13.677256999999999,810503.8763,810501.4470,-0.0914,-2.3279,-0.0101
565820407.428999,52.376681, 13.675875999999999,810504.7122,810502.2829,-0.0914,-2.3279,-0.0101
565820407.478457,52.379531, 13.674494,810503.9511,810501.5218,-0.0914,-2.3279,-0.0101
565820407.5279026,52.38238, 13.673112,810504.6137,810502.1845,-0.0913,-2.3278,-0.0100
565820407.577348,52.385228999999995, 13.67173,810504.9285,810502.4993,-0.0913,-2.3278,-0.0100
565820407.6267936,52.388078, 13.670347,810505.7573,810503.3281,-0.0913,-2.3278,-0.0100
565820407.676239,52.390927, 13.668965,810507.7168,810505.2877,-0.0913,-2.3278,-0.0100
565820407.7256846,52.393775999999995, 13.667582999999999,810507.5954,810505.1663,-0.0913,-2.3278,-0.0100
565820407.77513,52.396625, 13.6662,810507.7802,810505.3511,-0.0913,-2.3278,-0.0100
565820407.8245757,52.399474, 13.664817,810508.4477,810506.0187,-0.0913,-2.3278,-0.0100
565820407.8740344,52.402322999999996, 13.663433999999999,810508.7997,810506.3707,-0.0912,-2.3277,-0.0100
565820407.9234805,52.405172, 13.662051,810509.3764,810506.9474,-0.0912,-2.3277,-0.0100
565820407.9729264,52.408021, 13.660667,810510.0639,810507.6350,-0.0912,-2.3277,-0.0100
565820408.022373,52.410869999999996, 13.659284,810514.5047,810512.0758,-0.0912,-2.3277,-0.0100
565820408.0718322,52.41372, 13.6579,810507.8339,810505.4051,-0.0912,-2.3277,-0.0100
565820408.1212783,52.416568999999996, 13.656516,810508.7572,810506.3284,-0.0911,-2.3277,-0.0100
565820408.170737,52.419418, 13.655132,810509.6249,810507.1961,-0.0911,-2.3277,-0.0100
565820408.2201829,52.422267, 13.653748,810516.3040,810513.8753,-0.0911,-2.3277,-0.0100
565820408.2696288,52.425115999999996, 13.652363999999999,810515.0478,810512.6191,-0.0911,-2.3276,-0.0100
565820408.319087,52.427966, 13.650979,810514.7311,810512.3024,-0.0910,-2.3276,-0.0100
565820408.3685327,52.430814999999996, 13.649593999999999,810515.9430,810513.5144,-0.0910,-2.3276,-0.0100
565820408.417978,52.433662999999996, 13.648209999999999,810517.5439,810515.1153,-0.0910,-2.3276,-0.0100
565820408.4674363,52.436513, 13.646825,810518.4715,810516.0429,-0.0910,-2.3276,-0.0100
565820408.516882,52.439361999999996, 13.645439999999999,810519.0957,810516.6672,-0.0909,-2.3276,-0.0100
565820408.5663273,52.442209999999996, 13.644055,810519.3590,810516.9305,-0.0909,-2.3276,-0.0100
565820408.6157856,52.44506, 13.642669,810519.4160,810516.9875,-0.0909,-2.3276,-0.0100
565820408.6652312,52.447908999999996, 13.641283999999999,810516.4759,810514.0475,-0.0909,-2.3276,-0.0100
565820408.7146766,52.450756999999996, 13.639897999999999,810515.7227,810513.2943,-0.0908,-2.3276,-0.0100
565820408.7641349,52.453607, 13.638511999999999,810515.4202,810512.9918,-0.0908,-2.3275,-0.0100
565820408.8135805,52.456455, 13.637125999999999,810516.2053,810513.7770,-0.0908,-2.3275,-0.0100
565820408.8630388,52.459305, 13.63574,810517.5212,810515.0929,-0.0908,-2.3275,-0.0100
565820408.9124715,52.462153, 13.634354,810520.5765,810518.1482,-0.0907,-2.3275,-0.0100
565820408.9619296,52.465002, 13.632966999999999,810522.1934,810519.7652,-0.0907,-2.3275,-0.0100
565820409.0113752,52.467850999999996, 13.631580999999999,810522.8427,810520.4145,-0.0907,-2.3275,-0.0100
568153209.8342314,52.332626999999995, 13.680607,810647.2578,810644.9061,-0.0683,-2.2745,-0.0089
568153209.8836901,52.335477, 13.679224999999999,810649.0898,810646.7381,-0.0683,-2.2745,-0.0089
568153209.9331491,52.338325999999995, 13.677843999999999,810649.8276,810647.4759,-0.0683,-2.2745,-0.0089
568153209.9826078,52.341176, 13.676463,810651.1967,810648.8450,-0.0683,-2.2745,-0.0089
568153210.032079,52.344026, 13.675080999999999,810653.7792,810651.4275,-0.0683,-2.2745,-0.0089
568153210.0815382,52.346875999999995, 13.673699,810654.0025,810651.6508,-0.0683,-2.2745,-0.0089
568153210.1309965,52.349725, 13.672317,810653.9710,810651.6193,-0.0683,-2.2745,-0.0089
568153210.1804547,52.352574999999995, 13.670935,810654.5244,810652.1728,-0.0683,-2.2744,-0.0089
568153210.2299256,52.355425, 13.669552,810655.3528,810653.0012,-0.0683,-2.2744,-0.0089
568153210.2793713,52.358273999999994, 13.66817,810655.7638,810653.4122,-0.0683,-2.2744,-0.0089
568153210.3288295,52.361124, 13.666787999999999,810656.5687,810654.2171,-0.0683,-2.2744,-0.0089
568153210.3783004,52.363974, 13.665405,810657.1058,810654.7542,-0.0683,-2.2744,-0.0089
568153210.4277587,52.366823, 13.664022,810658.3477,810655.9961,-0.0683,-2.2744,-0.0089
568153210.477217,52.369673, 13.662638999999999,810658.9537,810656.6021,-0.0683,-2.2744,-0.0089
568153210.5266879,52.372523, 13.661254999999999,810658.9628,810656.6113,-0.0683,-2.2743,-0.0089
568153210.5761335,52.375372, 13.659872,810659.6833,810657.3318,-0.0683,-2.2743,-0.0089
568153210.6255918,52.378220999999996, 13.658489,810660.3621,810658.0106,-0.0683,-2.2743,-0.0089
568153210.6750498,52.381071, 13.657105,810661.0214,810658.6699,-0.0683,-2.2743,-0.0089
568153210.724508,52.383919999999996, 13.655721999999999,810661.5579,810659.2064,-0.0683,-2.2743,-0.0089
568153210.7739663,52.386769, 13.654338,810662.2542,810659.9027,-0.0683,-2.2743,-0.0089
568153210.8234243,52.389618999999996, 13.652954,810662.9231,810660.5716,-0.0683,-2.2743,-0.0089
568153210.8728952,52.392469, 13.651568999999999,810663.4516,810661.1002,-0.0683,-2.2742,-0.0089
568153210.9223535,52.395317999999996, 13.650184999999999,810664.1621,810661.8107,-0.0683,-2.2742,-0.0089
568153210.9718246,52.398168, 13.6488,810664.8774,810662.5260,-0.0683,-2.2742,-0.0089
568153211.021282,52.401018, 13.647414999999999,810665.7225,810663.3711,-0.0683,-2.2742,-0.0089
568153211.0707402,52.403867, 13.64603,810666.5263,810664.1750,-0.0683,-2.2742,-0.0089
568153211.1201985,52.406715999999996, 13.644646,810666.5775,810664.2262,-0.0683,-2.2741,-0.0089
568153211.1696568,52.409566, 13.64326,810667.8382,810665.4869,-0.0683,-2.2741,-0.0089
568153211.2191277,52.412416, 13.641874999999999,810668.7389,810666.3877,-0.0683,-2.2741,-0.0089
568153211.2685733,52.415264, 13.64049,810667.5981,810665.2469,-0.0683,-2.2740,-0.0089
568153211.3180444,52.418113999999996, 13.639104,810670.3707,810668.0196,-0.0683,-2.2740,-0.0089
568153211.3675032,52.420963, 13.637718,810669.8536,810667.5025,-0.0683,-2.2740,-0.0089
568153211.4169619,52.423812999999996, 13.636332,810670.8167,810668.4656,-0.0683,-2.2739,-0.0089
568153211.4664207,52.426662, 13.634946,810671.1745,810668.8235,-0.0683,-2.2739,-0.0089
568153211.5158796,52.429511, 13.63356,810671.6918,810669.3408,-0.0682,-2.2739,-0.0088
568153211.5653384,52.432359999999996, 13.632174,810672.4573,810670.1064,-0.0682,-2.2739,-0.0088
568153211.6147971,52.43521, 13.630787,810673.2706,810670.9197,-0.0682,-2.2738,-0.0088
568153211.6642559,52.438058999999996, 13.629401,810673.8075,810671.4566,-0.0682,-2.2738,-0.0088
568153211.7137146,52.440908, 13.628013999999999,810674.4431,810672.0923,-0.0682,-2.2738,-0.0088
568153211.7631729,52.443757, 13.626627,810674.5777,810672.2269,-0.0682,-2.2737,-0.0088
568153211.812618,52.446605, 13.62524,810675.6346,810673.2839,-0.0682,-2.2737,-0.0088
568153211.8620892,52.449455, 13.623852999999999,810676.5599,810674.2092,-0.0682,-2.2737,-0.0088
568153211.91156,52.452304999999996, 13.622465,810675.1186,810672.7679,-0.0682,-2.2737,-0.0088
568153211.9610183,52.455154, 13.621077,810673.5980,810671.2474,-0.0682,-2.2736,-0.0088
568153212.0104766,52.458003, 13.619689999999999,810677.6619,810675.3113,-0.0682,-2.2736,-0.0088
568153212.059936,52.460851999999996, 13.618302,810678.3744,810676.0238,-0.0682,-2.2736,-0.0088
568153212.1093943,52.463701, 13.616914,810678.8598,810676.5092,-0.0682,-2.2736,-0.0088
568153212.1588523,52.46655, 13.615526,810679.1235,810676.7729,-0.0682,-2.2736,-0.0088
568153212.2083106,52.469398999999996, 13.614137,810678.3808,810676.0302,-0.0682,-2.2736,-0.0088
570486012.1064765,52.330571, 13.685255999999999,810636.9889,810634.5204,-0.1368,-2.3240,-0.0077
570486012.1559348,52.333420999999994, 13.683876,810644.1191,810641.6506,-0.1368,-2.3240,-0.0077
570486012.205406,52.336270999999996, 13.682495,810639.6943,810637.2259,-0.1368,-2.3239,-0.0077
570486012.2548642,52.339121, 13.681113999999999,810640.2552,810637.7868,-0.1368,-2.3239,-0.0077
570486012.3043225,52.341969999999996, 13.679732999999999,810642.1704,810639.7021,-0.1368,-2.3239,-0.0077
570486012.3537812,52.34482, 13.678351999999999,810646.6152,810644.1469,-0.1368,-2.3238,-0.0077
570486012.40324,52.34767, 13.676971,810646.5789,810644.1107,-0.1368,-2.3238,-0.0077
570486012.4527113,52.350519999999996, 13.675588999999999,810647.4489,810644.9807,-0.1368,-2.3237,-0.0077
570486012.5021701,52.35337, 13.674207,810645.3617,810642.8936,-0.1367,-2.3237,-0.0077
570486012.5516415,52.35622, 13.672825,810646.0930,810643.6249,-0.1367,-2.3237,-0.0077
570486012.6011002,52.359069999999996, 13.671443,810646.6904,810644.2223,-0.1367,-2.3236,-0.0077
570486012.650559,52.36192, 13.670060999999999,810647.5271,810645.0591,-0.1367,-2.3236,-0.0077
570486012.7000177,52.364768999999995, 13.668679,810648.7298,810646.2618,-0.1367,-2.3235,-0.0077
570486012.7494891,52.367619999999995, 13.667295999999999,810651.2171,810648.7492,-0.1367,-2.3235,-0.0077
570486012.7989473,52.370469, 13.665913999999999,810648.8157,810646.3478,-0.1367,-2.3235,-0.0077
570486012.8484054,52.373318999999995, 13.664531,810649.4190,810646.9512,-0.1367,-2.3234,-0.0077
570486012.8978765,52.376169, 13.663148,810650.1754,810647.7076,-0.1367,-2.3234,-0.0077
570486012.9473348,52.379017999999995, 13.661764999999999,810651.0917,810648.6240,-0.1367,-2.3233,-0.0077
570486012.996793,52.381868, 13.660382,810651.7449,810649.2772,-0.1367,-2.3233,-0.0077
570486013.046263,52.384718, 13.658999,810651.9009,810649.4332,-0.1367,-2.3233,-0.0077
570486013.0957086,52.387567, 13.657615999999999,810653.2522,810650.7845,-0.1367,-2.3233,-0.0077
570486013.1451669,52.390415999999995, 13.656232,810653.5545,810651.0868,-0.1367,-2.3233,-0.0077
570486013.1946378,52.393266999999994, 13.654848,810654.0851,810651.6174,-0.1367,-2.3233,-0.0077
570486013.2440832,52.396114999999995, 13.653464999999999,810654.8252,810652.3575,-0.1367,-2.3233,-0.0077
570486013.2935414,52.398965, 13.652080999999999,810655.8987,810653.4311,-0.1367,-2.3232,-0.0077
570486013.3429997,52.401813999999995, 13.650696,810656.7698,810654.3022,-0.1367,-2.3232,-0.0077
570486013.3924577,52.404664, 13.649312,810657.6625,810655.1949,-0.1367,-2.3232,-0.0077
570486013.441916,52.407512999999994, 13.647927999999999,810656.4810,810654.0134,-0.1367,-2.3232,-0.0077
570486013.4913743,52.410362, 13.646543,810656.2711,810653.8035,-0.1367,-2.3232,-0.0077
570486013.5408452,52.413211999999994, 13.645157999999999,810660.6178,810658.1502,-0.1367,-2.3232,-0.0077
570486013.590316,52.416062, 13.643773,810661.3965,810658.9289,-0.1367,-2.3232,-0.0077
570486013.6397617,52.418910999999994, 13.642387999999999,810664.2851,810661.8175,-0.1367,-2.3232,-0.0077
570486013.68922,52.42176, 13.641003,810660.5527,810658.0851,-0.1367,-2.3232,-0.0077
570486013.7386782,52.424609999999994, 13.639617,810661.2477,810658.7801,-0.1367,-2.3232,-0.0077
570486013.7881365,52.427459, 13.638231999999999,810661.7655,810659.2980,-0.1367,-2.3231,-0.0077
570486013.8375947,52.430308, 13.636846,810662.6406,810660.1731,-0.1367,-2.3231,-0.0077
570486013.8870656,52.433158, 13.63546,810663.4304,810660.9629,-0.1367,-2.3231,-0.0077
570486013.9365113,52.436007, 13.634074,810664.0976,810661.6301,-0.1367,-2.3231,-0.0077
570486013.9859822,52.438857, 13.632688,810664.5026,810662.0351,-0.1367,-2.3231,-0.0077
570486014.0354416,52.441705999999996, 13.631302,810664.8369,810662.3694,-0.1367,-2.3231,-0.0077
570486014.0848877,52.444555, 13.629916,810664.2363,810661.7688,-0.1367,-2.3231,-0.0077
570486014.1343465,52.447404, 13.628528999999999,810666.0639,810663.5965,-0.1367,-2.3231,-0.0077
570486014.1838055,52.450253, 13.627142,810667.1485,810664.6811,-0.1367,-2.3231,-0.0077
570486014.2332642,52.453101999999994, 13.625755,810664.0071,810661.5397,-0.1367,-2.3231,-0.0077
570486014.282723,52.455951999999996, 13.624367999999999,810664.0299,810661.5625,-0.1367,-2.3230,-0.0077
570486014.3321817,52.458801, 13.622981,810667.9597,810665.4923,-0.1367,-2.3230,-0.0077
570486014.3816404,52.46165, 13.621594,810668.5704,810666.1031,-0.1367,-2.3230,-0.0077
570486014.4310992,52.464498999999996, 13.620206,810669.2169,810666.7496,-0.1367,-2.3230,-0.0077
570486014.4805446,52.467347999999994, 13.618819,810669.5322,810667.0649,-0.1367,-2.3230,-0.0077
572818811.3633595,52.332753999999994, 13.690119999999999,810470.5301,810468.1585,-0.0203,-2.3433,-0.0081
572818811.4128048,52.335603, 13.68874,810465.9814,810463.6098,-0.0203,-2.3433,-0.0081
572818811.4622505,52.338452999999994, 13.687361,810463.6441,810461.2725,-0.0203,-2.3433,-0.0081
572818811.5116832,52.341300999999994, 13.685981,810465.1447,810462.7730,-0.0203,-2.3433,-0.0080
572818811.5611286,52.34415, 13.684600999999999,810470.4917,810468.1200,-0.0203,-2.3433,-0.0080
572818811.6105742,52.346999999999994, 13.683221,810470.2454,810467.8737,-0.0203,-2.3433,-0.0080
572818811.6600196,52.349849, 13.68184,810469.9624,810467.5907,-0.0203,-2.3433,-0.0080
572818811.7094653,52.352698, 13.68046,810470.6089,810468.2372,-0.0203,-2.3433,-0.0080
572818811.7589109,52.355546999999994, 13.679079,810469.8529,810467.4812,-0.0203,-2.3434,-0.0080
572818811.8083563,52.358396, 13.677698999999999,810470.4157,810468.0440,-0.0203,-2.3434,-0.0080
572818811.8578017,52.361245, 13.676318,810470.8956,810468.5239,-0.0203,-2.3434,-0.0080
572818811.9072473,52.364093999999994, 13.674937,810471.5770,810469.2053,-0.0203,-2.3434,-0.0080
572818811.9566927,52.366944, 13.673554999999999,810472.2211,810469.8494,-0.0203,-2.3434,-0.0080
572818812.0061383,52.369792999999994, 13.672174,810472.5322,810470.1605,-0.0203,-2.3434,-0.0080
572818812.0555847,52.372642, 13.670791999999999,810474.4158,810472.0441,-0.0203,-2.3434,-0.0080
572818812.1050303,52.375491, 13.669411,810474.4996,810472.1279,-0.0203,-2.3434,-0.0080
572818812.1544757,52.378339999999994, 13.668028999999999,810474.8630,810472.4913,-0.0203,-2.3434,-0.0080
572818812.2039213,52.381189, 13.666647,810475.2583,810472.8867,-0.0203,-2.3434,-0.0080
572818812.2533667,52.384038, 13.665265,810475.9584,810473.5868,-0.0203,-2.3433,-0.0080
572818812.302825,52.386888, 13.663882,810476.6285,810474.2569,-0.0203,-2.3433,-0.0080
572818812.3522706,52.389737, 13.6625,810477.3735,810475.0019,-0.0203,-2.3433,-0.0080
572818812.4017289,52.392585999999994, 13.661116999999999,810477.9477,810475.5761,-0.0203,-2.3433,-0.0080
572818812.451174,52.395435, 13.659734,810478.4284,810476.0568,-0.0203,-2.3433,-0.0080
572818812.5006196,52.398284, 13.658351,810479.0636,810476.6921,-0.0202,-2.3433,-0.0080
572818812.550065,52.401132999999994, 13.656967999999999,810479.5537,810477.1822,-0.0202,-2.3433,-0.0080
572818812.5995109,52.403982, 13.655584999999999,810480.4716,810478.1001,-0.0202,-2.3433,-0.0080
572818812.6489697,52.406831999999994, 13.654200999999999,810481.3333,810478.9618,-0.0202,-2.3433,-0.0080
572818812.6984155,52.409681, 13.652816999999999,810481.8373,810479.4658,-0.0202,-2.3433,-0.0080
572818812.7478619,52.41253, 13.651434,810483.9608,810481.5893,-0.0202,-2.3433,-0.0080
572818812.7972951,52.415378, 13.65005,810485.0213,810482.6498,-0.0202,-2.3432,-0.0080
572818812.8467412,52.418226999999995, 13.648665999999999,810488.6353,810486.2639,-0.0202,-2.3432,-0.0080
572818812.8961744,52.421074999999995, 13.647283,810487.5713,810485.1999,-0.0202,-2.3432,-0.0080
572818812.9456332,52.423925, 13.645897999999999,810487.9254,810485.5540,-0.0202,-2.3432,-0.0080
572818812.9950793,52.426773999999995, 13.644514,810488.2504,810485.8790,-0.0202,-2.3432,-0.0080
572818813.0445366,52.429623, 13.643129,810489.8597,810487.4883,-0.0202,-2.3432,-0.0080
572818813.0939822,52.432472, 13.641744,810490.5827,810488.2113,-0.0202,-2.3432,-0.0080
572818813.1434278,52.435320999999995, 13.640359,810491.3225,810488.9511,-0.0202,-2.3432,-0.0080
572818813.1928861,52.43817, 13.638974,810491.7838,810489.4124,-0.0202,-2.3433,-0.0080
572818813.2423315,52.441019, 13.637588,810490.9216,810488.5502,-0.0202,-2.3433,-0.0080
572818813.2917771,52.443867999999995, 13.636203,810490.0688,810487.6974,-0.0202,-2.3433,-0.0080
572818813.3412354,52.446717, 13.634817,810490.0791,810487.7077,-0.0202,-2.3433,-0.0080
572818813.3906682,52.449565, 13.633431999999999,810491.4428,810489.0714,-0.0202,-2.3433,-0.0080
572818813.4401133,52.452414, 13.632045999999999,810492.7019,810490.3305,-0.0202,-2.3433,-0.0080
572818813.4895716,52.455262999999995, 13.630659999999999,810494.6713,810492.2999,-0.0202,-2.3433,-0.0080
572818813.5390043,52.458110999999995, 13.629273999999999,810488.7803,810486.4088,-0.0201,-2.3434,-0.0079
572818813.5884626,52.460961, 13.627887999999999,810492.4418,810490.0703,-0.0201,-2.3434,-0.0079
572818813.6378953,52.463809, 13.626501999999999,810492.8467,810490.4752,-0.0201,-2.3434,-0.0079
572818813.6873536,52.466657999999995, 13.625115,810493.1234,810490.7519,-0.0201,-2.3434,-0.0079
572818813.7367864,52.469505999999996, 13.623728,810492.1105,810489.7390,-0.0201,-2.3434,-0.0079
575151609.9226618,52.331353, 13.681735,810383.4464,810381.0936,-0.0574,-2.2847,-0.0107
575151609.9720948,52.334202, 13.680354,810387.5926,810385.2398,-0.0574,-2.2847,-0.0107
575151610.0215275,52.33705, 13.678973,810385.3436,810382.9908,-0.0574,-2.2847,-0.0107
575151610.0709612,52.339898, 13.677593,810386.5717,810384.2189,-0.0574,-2.2847,-0.0107
575151610.120394,52.342746999999996, 13.676212,810387.1503,810384.7975,-0.0574,-2.2847,-0.0107
575151610.1698267,52.345594999999996, 13.674831,810389.8083,810387.4554,-0.0574,-2.2847,-0.0107
575151610.2192724,52.348444, 13.673449,810389.8868,810387.5339,-0.0574,-2.2847,-0.0107
575151610.2687051,52.351292, 13.672067,810390.2590,810387.9061,-0.0575,-2.2847,-0.0107
575151610.3181508,52.354141, 13.670686,810390.9690,810388.6161,-0.0575,-2.2847,-0.0107
575151610.3675835,52.356989999999996, 13.669303999999999,810391.5249,810389.1720,-0.0575,-2.2847,-0.0107
575151610.4170163,52.359837999999996, 13.667921999999999,810392.1952,810389.8423,-0.0575,-2.2847,-0.0107
575151610.466449,52.362686, 13.66654,810392.8612,810390.5083,-0.0575,-2.2847,-0.0107
575151610.5158818,52.365534999999994, 13.665158,810393.3842,810391.0312,-0.0575,-2.2848,-0.0107
575151610.5653145,52.368382999999994, 13.663775,810394.8550,810392.5020,-0.0575,-2.2848,-0.0107
575151610.6147599,52.371232, 13.662393,810394.4520,810392.0990,-0.0575,-2.2848,-0.0107
575151610.6642056,52.374081, 13.66101,810395.2567,810392.9037,-0.0575,-2.2848,-0.0107
575151610.7136383,52.376929, 13.659626999999999,810395.9655,810393.6125,-0.0575,-2.2848,-0.0107
575151610.7630711,52.379777, 13.658244,810396.4883,810394.1353,-0.0576,-2.2848,-0.0107
575151610.8125038,52.382625, 13.656861,810397.1489,810394.7959,-0.0576,-2.2848,-0.0107
575151610.8619494,52.385473999999995, 13.655477,810397.8376,810395.4845,-0.0576,-2.2848,-0.0107
575151610.9113822,52.388321999999995, 13.654093999999999,810398.5222,810396.1691,-0.0576,-2.2848,-0.0107
575151610.960815,52.391169999999995, 13.652709999999999,810399.0365,810396.6834,-0.0576,-2.2848,-0.0107
575151611.0102477,52.394017999999996, 13.651327,810399.7204,810397.3673,-0.0576,-2.2848,-0.0107
575151611.0596921,52.396867, 13.649942,810400.4283,810398.0752,-0.0576,-2.2848,-0.0107
575151611.1091249,52.399715, 13.648558,810401.2776,810398.9245,-0.0576,-2.2848,-0.0107
575151611.1585577,52.402563, 13.647174,810402.0378,810399.6847,-0.0576,-2.2848,-0.0107
575151611.208003,52.405412, 13.64579,810402.8030,810400.4499,-0.0576,-2.2848,-0.0107
575151611.2574365,52.40826, 13.644404999999999,810403.1647,810400.8116,-0.0576,-2.2848,-0.0107
575151611.3068697,52.411108, 13.643021,810403.1321,810400.7790,-0.0576,-2.2848,-0.0107
575151611.3563159,52.413956999999996, 13.641634999999999,810405.5602,810403.2071,-0.0576,-2.2848,-0.0107
575151611.4057491,52.416805, 13.640251,810407.5771,810405.2240,-0.0576,-2.2848,-0.0107
575151611.4551823,52.419653, 13.638866,810405.5353,810403.1822,-0.0576,-2.2848,-0.0107
575151611.5046284,52.422501999999994, 13.63748,810406.1908,810403.8377,-0.0576,-2.2849,-0.0106
575151611.5540617,52.425349999999995, 13.636095,810406.7102,810404.3571,-0.0576,-2.2849,-0.0106
575151611.6035078,52.428197999999995, 13.634708999999999,810407.4018,810405.0487,-0.0576,-2.2849,-0.0106
575151611.6529408,52.431045999999995, 13.633322999999999,810407.9433,810405.5902,-0.0576,-2.2849,-0.0106
575151611.7023864,52.433895, 13.631936999999999,810408.6002,810406.2471,-0.0576,-2.2849,-0.0106
575151611.7518191,52.436743, 13.630550999999999,810409.2669,810406.9138,-0.0576,-2.2849,-0.0106
575151611.8012645,52.439592, 13.629164,810409.9418,810407.5887,-0.0576,-2.2849,-0.0106
575151611.8506973,52.442439, 13.627778,810410.4878,810408.1347,-0.0576,-2.2849,-0.0106
575151611.9001305,52.445287, 13.626392,810411.1480,810408.7949,-0.0576,-2.2849,-0.0106
575151611.9495633,52.448135, 13.625005,810411.7782,810409.4251,-0.0576,-2.2849,-0.0106
575151611.9990087,52.450984, 13.623617999999999,810413.0687,810410.7156,-0.0576,-2.2849,-0.0106
575151612.0484424,52.453832, 13.622231,810409.7965,810407.4434,-0.0576,-2.2849,-0.0106
575151612.097888,52.45668, 13.620844,810411.1789,810408.8258,-0.0576,-2.2849,-0.0106
575151612.1473207,52.459528, 13.619456999999999,810413.7871,810411.4341,-0.0576,-2.2848,-0.0106
575151612.1967661,52.462376, 13.618069,810414.3994,810412.0464,-0.0576,-2.2848,-0.0106
575151612.2461989,52.465224, 13.616681,810414.8885,810412.5355,-0.0576,-2.2848,-0.0106
575151612.2956316,52.468072, 13.615293999999999,810414.4483,810412.0953,-0.0576,-2.2848,-0.0106
577484413.9803448,52.33237, 13.687031999999999,810506.2692,810503.8053,-0.1143,-2.3344,-0.0152
577484414.0297906,52.335218999999995, 13.685652,810507.2259,810504.7620,-0.1143,-2.3344,-0.0152
577484414.0792372,52.338069, 13.684270999999999,810508.3947,810505.9309,-0.1142,-2.3344,-0.0152
577484414.1286826,52.340917999999995, 13.682889999999999,810508.8783,810506.4145,-0.1142,-2.3344,-0.0152
577484414.1781282,52.343767, 13.68151,810509.2102,810506.7464,-0.1142,-2.3344,-0.0152
577484414.2275736,52.346616, 13.680128999999999,810513.4306,810510.9669,-0.1141,-2.3344,-0.0152
577484414.2770193,52.349464999999995, 13.678747999999999,810513.2801,810510.8164,-0.1141,-2.3344,-0.0152
577484414.3264647,52.352314, 13.677366999999998,810512.9654,810510.5018,-0.1140,-2.3344,-0.0152
577484414.3759103,52.355163, 13.675984999999999,810513.8063,810511.3427,-0.1140,-2.3344,-0.0152
577484414.4253685,52.358013, 13.674603,810514.6303,810512.1667,-0.1140,-2.3344,-0.0152
577484414.4748139,52.360862, 13.673221999999999,810515.1898,810512.7263,-0.1139,-2.3344,-0.0152
577484414.5242596,52.363710999999995, 13.67184,810515.8646,810513.4011,-0.1139,-2.3345,-0.0151
577484414.573705,52.366558999999995, 13.670458,810516.3983,810513.9349,-0.1138,-2.3345,-0.0151
577484414.6231506,52.369408, 13.669075999999999,810518.3898,810515.9264,-0.1138,-2.3345,-0.0151
577484414.672596,52.372257, 13.667694,810517.4475,810514.9841,-0.1138,-2.3345,-0.0151
577484414.7220542,52.375107, 13.666310999999999,810518.2045,810515.7412,-0.1137,-2.3345,-0.0151
577484414.7714999,52.377956, 13.664928,810519.0822,810516.6189,-0.1137,-2.3345,-0.0151
577484414.8209453,52.380804999999995, 13.663546,810519.6459,810517.1827,-0.1136,-2.3345,-0.0151
577484414.8703907,52.383654, 13.662163,810520.3282,810517.8650,-0.1136,-2.3345,-0.0151
577484414.9198489,52.386503, 13.660779,810520.9928,810518.5296,-0.1136,-2.3345,-0.0151
577484414.9692945,52.389351999999995, 13.659396,810521.8338,810519.3707,-0.1135,-2.3345,-0.0151
577484415.018739,52.392201, 13.658012999999999,810522.1882,810519.7251,-0.1135,-2.3345,-0.0151
577484415.0681973,52.39505, 13.656628999999999,810522.8559,810520.3928,-0.1135,-2.3345,-0.0151
577484415.1176553,52.3979, 13.655244999999999,810523.5424,810521.0793,-0.1134,-2.3345,-0.0151
577484415.1671009,52.400749, 13.653861,810524.0790,810521.6160,-0.1134,-2.3345,-0.0151
577484415.2165465,52.403597999999995, 13.652477999999999,810525.2747,810522.8117,-0.1134,-2.3345,-0.0151
577484415.2660048,52.406447, 13.651093,810526.3607,810523.8977,-0.1134,-2.3345,-0.0151
577484415.3154504,52.409296, 13.649709,810527.5542,810525.0912,-0.1133,-2.3345,-0.0151
577484415.3649092,52.412144999999995, 13.648323999999999,810528.3321,810525.8691,-0.1133,-2.3345,-0.0151
577484415.4143553,52.414994, 13.646939999999999,810529.6265,810527.1636,-0.1133,-2.3345,-0.0151
577484415.4638014,52.417843, 13.645555,810532.3288,810529.8659,-0.1133,-2.3345,-0.0151
577484415.5132601,52.420691999999995, 13.644169999999999,810534.3414,810531.8785,-0.1132,-2.3346,-0.0151
577484415.562706,52.423541, 13.642785,810529.0555,810526.5926,-0.1132,-2.3346,-0.0151
577484415.6121521,52.42639, 13.641399999999999,810529.8772,810527.4143,-0.1132,-2.3346,-0.0151
577484415.6616108,52.429238999999995, 13.640013999999999,810530.5512,810528.0884,-0.1132,-2.3346,-0.0151
577484415.711057,52.432088, 13.638629,810531.2139,810528.7511,-0.1131,-2.3346,-0.0151
577484415.7605152,52.434937, 13.637243,810531.7747,810529.3119,-0.1131,-2.3346,-0.0151
577484415.8099606,52.437785999999996, 13.635857,810532.4408,810529.9780,-0.1131,-2.3346,-0.0151
577484415.8594189,52.440635, 13.634471,810532.9878,810530.5250,-0.1131,-2.3346,-0.0151
577484415.9088519,52.443483, 13.633085,810533.6560,810531.1933,-0.1130,-2.3346,-0.0151
577484415.9583101,52.446332, 13.631698,810534.3084,810531.8457,-0.1130,-2.3346,-0.0151
577484416.0077555,52.449180999999996, 13.630312,810534.8610,810532.3983,-0.1130,-2.3346,-0.0151
577484416.0572021,52.45203, 13.628924999999999,810536.9022,810534.4395,-0.1130,-2.3346,-0.0151
577484416.1066475,52.454878, 13.627538999999999,810532.3282,810529.8656,-0.1129,-2.3346,-0.0151
577484416.1561058,52.457727, 13.626152,810546.1442,810543.6816,-0.1129,-2.3346,-0.0151
577484416.205564,52.460577, 13.624763999999999,810537.0167,810534.5541,-0.1129,-2.3346,-0.0151
577484416.2550094,52.463425, 13.623377,810537.4273,810534.9648,-0.1128,-2.3346,-0.0151
577484416.3044677,52.466274, 13.62199,810537.8825,810535.4200,-0.1128,-2.3346,-0.0151
577484416.3539133,52.469122999999996, 13.620602,810537.6323,810535.1698,-0.1128,-2.3346,-0.0151
579817214.352315,52.332088999999996, 13.695328,810579.8136,810577.3578,-0.1430,-2.2942,-0.0186
579817214.4512062,52.337787, 13.692568,810581.7303,810579.2746,-0.1429,-2.2942,-0.0186
579817214.5006645,52.340637, 13.691187,810582.1571,810579.7015,-0.1428,-2.2943,-0.0186
579817214.5501227,52.343486999999996, 13.689807,810584.4142,810581.9586,-0.1427,-2.2943,-0.0186
579817214.5995808,52.346337, 13.688426,810586.1694,810583.7139,-0.1427,-2.2943,-0.0186
579817214.649039,52.349185999999996, 13.687045,810588.7899,810586.3344,-0.1426,-2.2943,-0.0186
579817214.6984847,52.352035, 13.685664,810588.8909,810586.4355,-0.1426,-2.2943,-0.0186
579817214.7479429,52.354884999999996, 13.684282,810593.7602,810591.3048,-0.1425,-2.2943,-0.0186
579817214.7973883,52.357734, 13.682901,810588.1036,810585.6483,-0.1424,-2.2943,-0.0186
579817214.8468592,52.360583999999996, 13.681519,810588.4843,810586.0290,-0.1424,-2.2943,-0.0186
579817214.8963048,52.363433, 13.680138,810589.1713,810586.7161,-0.1423,-2.2943,-0.0186
579817214.9457631,52.366282999999996, 13.678756,810589.8506,810587.3954,-0.1423,-2.2943,-0.0186
579817214.9952214,52.369133, 13.677373999999999,810590.3662,810587.9111,-0.1422,-2.2943,-0.0186
579817215.0446782,52.371981999999996, 13.675991,810590.9881,810588.5331,-0.1421,-2.2943,-0.0186
579817215.0941365,52.374832, 13.674609,810591.7978,810589.3429,-0.1420,-2.2943,-0.0186
579817215.1435821,52.377680999999995, 13.673226999999999,810592.2545,810589.7998,-0.1419,-2.2943,-0.0186
579817215.1930277,52.38053, 13.671844,810592.9355,810590.4809,-0.1418,-2.2942,-0.0186
579817215.242486,52.383379, 13.670461999999999,810593.4564,810591.0019,-0.1417,-2.2942,-0.0186
579817215.2919443,52.386229, 13.669079,810594.2642,810591.8098,-0.1416,-2.2942,-0.0186
579817215.3413897,52.389078, 13.667696,810595.4499,810592.9957,-0.1415,-2.2942,-0.0186
579817215.3908353,52.391926999999995, 13.666312999999999,810596.2893,810593.8352,-0.1414,-2.2942,-0.0186
579817215.440294,52.394776, 13.664928999999999,810596.6035,810594.1495,-0.1413,-2.2942,-0.0186
579817215.4897399,52.397625, 13.663546,810596.6831,810594.2292,-0.1412,-2.2942,-0.0186
579817215.539186,52.400473999999996, 13.662161999999999,810597.3615,810594.9077,-0.1411,-2.2941,-0.0185
579817215.5886447,52.403323, 13.660779,810597.9001,810595.4465,-0.1410,-2.2941,-0.0185
579817215.6381035,52.406172999999995, 13.659393999999999,810598.5572,810596.1037,-0.1409,-2.2941,-0.0185
579817215.6875496,52.409022, 13.658011,810600.5801,810598.1267,-0.1408,-2.2941,-0.0185
579817215.7369955,52.41187, 13.656626999999999,810602.5272,810600.0739,-0.1407,-2.2941,-0.0185
579817215.7864544,52.414719999999996, 13.655242,810603.7135,810601.2604,-0.1405,-2.2941,-0.0185
579817215.8359001,52.417569, 13.653858,810605.3552,810602.9022,-0.1404,-2.2940,-0.0185
579817215.8853583,52.420418, 13.652472999999999,810609.0305,810606.5776,-0.1403,-2.2940,-0.0185
579817215.934804,52.423266999999996, 13.651088,810602.3485,810599.8957,-0.1402,-2.2940,-0.0185
579817215.9842622,52.426116, 13.649702999999999,810602.9956,810600.5430,-0.1401,-2.2940,-0.0185
579817216.0337205,52.428965999999996, 13.648318,810603.7722,810601.3197,-0.1400,-2.2940,-0.0185
579817216.0831797,52.431815, 13.646932,810604.6287,810602.1762,-0.1399,-2.2940,-0.0185
579817216.132638,52.434664, 13.645546999999999,810605.3703,810602.9179,-0.1398,-2.2940,-0.0185
579817216.1820834,52.437512999999996, 13.644160999999999,810606.1812,810603.7289,-0.1398,-2.2940,-0.0185
579817216.2315416,52.440362, 13.642774999999999,810606.2557,810603.8035,-0.1397,-2.2940,-0.0185
579817216.2809999,52.443211999999995, 13.641389,810606.7615,810604.3094,-0.1396,-2.2940,-0.0185
579817216.3304455,52.446059999999996, 13.640003,810607.2849,810604.8329,-0.1395,-2.2940,-0.0185
579817216.3799038,52.44891, 13.638617,810607.9369,810605.4850,-0.1394,-2.2940,-0.0185
579817216.4293492,52.451758, 13.637231,810610.6464,810608.1946,-0.1393,-2.2940,-0.0185
579817216.4788201,52.454608, 13.635843999999999,810622.2297,810619.7780,-0.1392,-2.2940,-0.0185
579817216.5282657,52.457457, 13.634457,810622.6483,810620.1967,-0.1391,-2.2941,-0.0185
579817216.577724,52.460305999999996, 13.63307,810622.5959,810620.1443,-0.1390,-2.2941,-0.0185
579817216.627182,52.463155, 13.631682999999999,810610.0870,810607.6355,-0.1389,-2.2941,-0.0185
579817216.6766276,52.466004, 13.630296,810610.9513,810608.4999,-0.1388,-2.2941,-0.0185
579817216.7260859,52.468852999999996, 13.628909,810611.4201,810608.9688,-0.1387,-2.2941,-0.0185
582150015.4337857,52.332448, 13.691808,810465.3954,810462.9399,-0.1426,-2.2909,-0.0220
582150015.4832311,52.335297, 13.690427999999999,810458.5773,810456.1219,-0.1426,-2.2909,-0.0220
582150015.5326767,52.338147, 13.689048,810458.8598,810456.4045,-0.1425,-2.2909,-0.0219
582150015.5821095,52.340995, 13.687667999999999,810460.4209,810457.9656,-0.1425,-2.2909,-0.0219
582150015.6315551,52.343844, 13.686288,810464.8029,810462.3477,-0.1424,-2.2908,-0.0219
582150015.6810005,52.346692999999995, 13.684908,810467.1812,810464.7261,-0.1424,-2.2908,-0.0219
582150015.7304461,52.349543, 13.683527,810468.8861,810466.4311,-0.1423,-2.2908,-0.0219
582150015.7798915,52.352391999999995, 13.682146,810469.5815,810467.1265,-0.1422,-2.2908,-0.0219
582150015.8293369,52.355241, 13.680765,810468.9644,810466.5095,-0.1422,-2.2908,-0.0219
582150015.8787823,52.35809, 13.679383999999999,810465.4672,810463.0124,-0.1421,-2.2907,-0.0219
582150015.9282279,52.360938999999995, 13.678002999999999,810465.5561,810463.1014,-0.1421,-2.2907,-0.0219
582150015.9776862,52.363789, 13.676620999999999,810466.2162,810463.7616,-0.1420,-2.2907,-0.0219
582150016.0271327,52.366637999999995, 13.675239,810466.8859,810464.4313,-0.1420,-2.2907,-0.0219
582150016.0765781,52.369487, 13.673858,810467.4005,810464.9458,-0.1421,-2.2907,-0.0219
582150016.1260362,52.372336999999995, 13.672476,810469.6769,810467.2221,-0.1421,-2.2908,-0.0219
582150016.1754818,52.375186, 13.671094,810469.9590,810467.5042,-0.1422,-2.2908,-0.0219
582150016.2249272,52.378035, 13.669711,810469.5726,810467.1177,-0.1422,-2.2908,-0.0219
582150016.2743728,52.380883999999995, 13.668329,810469.9957,810467.5407,-0.1422,-2.2908,-0.0219
582150016.3238182,52.383733, 13.666946999999999,810470.7116,810468.2566,-0.1423,-2.2908,-0.0219
582150016.3732638,52.386582, 13.665564,810471.1477,810468.6926,-0.1423,-2.2908,-0.0219
582150016.4227095,52.389430999999995, 13.664181,810472.1813,810469.7262,-0.1424,-2.2909,-0.0219
582150016.4721549,52.39228, 13.662797999999999,810472.5369,810470.0817,-0.1424,-2.2909,-0.0219
582150016.5216131,52.395129, 13.661415,810473.0064,810470.5511,-0.1425,-2.2909,-0.0219
582150016.5710588,52.397977999999995, 13.660032,810473.6970,810471.2417,-0.1425,-2.2909,-0.0219
582150016.6205044,52.400827, 13.658648,810474.2347,810471.7793,-0.1426,-2.2909,-0.0219
582150016.6699502,52.403676, 13.657264999999999,810474.8844,810472.4289,-0.1426,-2.2910,-0.0219
582150016.719409,52.406526, 13.655880999999999,810475.8080,810473.3525,-0.1426,-2.2910,-0.0219
582150016.7688425,52.409374, 13.654497,810476.0425,810473.5869,-0.1427,-2.2910,-0.0219
582150016.8182883,52.412223, 13.653113,810478.8798,810476.4241,-0.1427,-2.2910,-0.0219
582150016.8677344,52.415071999999995, 13.651729,810480.2154,810477.7597,-0.1428,-2.2910,-0.0219
582150016.9171677,52.417919999999995, 13.650345,810482.0485,810479.5927,-0.1428,-2.2911,-0.0219
582150016.9666264,52.420769, 13.648959999999999,810484.8238,810482.3679,-0.1429,-2.2911,-0.0219
582150017.0160725,52.423618, 13.647575999999999,810482.6953,810480.2394,-0.1429,-2.2911,-0.0219
582150017.0655301,52.426468, 13.646191,810484.8704,810482.4144,-0.1430,-2.2911,-0.0219
582150017.1149752,52.429316, 13.644805999999999,810485.3822,810482.9262,-0.1430,-2.2911,-0.0219
582150017.164408,52.432164, 13.643421,810481.5396,810479.0835,-0.1430,-2.2912,-0.0219
582150017.2138536,52.435013, 13.642036,810482.7636,810480.3075,-0.1431,-2.2912,-0.0219
582150017.2632992,52.437861999999996, 13.640651,810482.9949,810480.5387,-0.1431,-2.2912,-0.0219
582150017.3127449,52.440711, 13.639265,810483.7373,810481.2811,-0.1432,-2.2912,-0.0219
582150017.3622031,52.44356, 13.637879,810483.9159,810481.4596,-0.1432,-2.2912,-0.0219
582150017.4116359,52.446408, 13.636493999999999,810484.2920,810481.8356,-0.1432,-2.2913,-0.0219
582150017.4610941,52.449256999999996, 13.635107,810484.8880,810482.4316,-0.1433,-2.2913,-0.0219
582150017.5105269,52.452104999999996, 13.633721999999999,810487.5222,810485.0657,-0.1433,-2.2913,-0.0218
582150017.5599725,52.454954, 13.632335,810489.6674,810487.2109,-0.1433,-2.2913,-0.0218
582150017.6094179,52.457803, 13.630949,810491.2596,810488.8030,-0.1434,-2.2913,-0.0218
582150017.6588633,52.460651, 13.629563,810485.5556,810483.0990,-0.1434,-2.2914,-0.0218
582150017.7083089,52.463499999999996, 13.628176,810487.0977,810484.6410,-0.1435,-2.2914,-0.0218
582150017.7577672,52.466349, 13.626788999999999,810487.7374,810485.2807,-0.1435,-2.2914,-0.0218
582150017.8072,52.469196999999994, 13.625402,810487.9373,810485.4805,-0.1435,-2.2914,-0.0218
584482814.6487918,52.332425, 13.691934,810317.6563,810315.2011,-0.1296,-2.3052,-0.0205
584482814.6982245,52.335274, 13.690555,810318.0784,810315.6232,-0.1295,-2.3052,-0.0205
584482814.7476444,52.338122, 13.689176,810310.9167,810308.4615,-0.1295,-2.3052,-0.0205
584482814.7970772,52.34097, 13.687795999999999,810312.7152,810310.2601,-0.1295,-2.3052,-0.0205
584482814.8465102,52.343818999999996, 13.686416,810317.6168,810315.1617,-0.1294,-2.3052,-0.0205
584482814.8959427,52.346667, 13.685036,810317.3946,810314.9395,-0.1294,-2.3052,-0.0205
584482814.9453754,52.349515999999994, 13.683656,810317.4704,810315.0154,-0.1293,-2.3052,-0.0205
584482814.9948082,52.352363999999994, 13.682276,810317.6007,810315.1457,-0.1293,-2.3052,-0.0205
584482815.04424,52.355213, 13.680895,810317.4619,810315.0070,-0.1292,-2.3052,-0.0205
584482815.0936601,52.358061, 13.679514999999999,810317.4437,810314.9888,-0.1292,-2.3052,-0.0205
584482815.1430929,52.360909, 13.678134,810317.6754,810315.2206,-0.1291,-2.3052,-0.0205
584482815.1925256,52.363758, 13.676753,810318.3158,810315.8611,-0.1290,-2.3052,-0.0205
584482815.2419584,52.366606, 13.675372,810318.8943,810316.4396,-0.1290,-2.3052,-0.0205
584482815.2913916,52.369454999999995, 13.673991,810319.5745,810317.1199,-0.1289,-2.3052,-0.0205
584482815.3408248,52.372302999999995, 13.672609,810321.9374,810319.4828,-0.1289,-2.3052,-0.0205
584482815.3902581,52.375152, 13.671228,810321.7581,810319.3036,-0.1288,-2.3052,-0.0205
584482815.4396787,52.377998999999996, 13.669846999999999,810321.9230,810319.4686,-0.1287,-2.3052,-0.0205
584482815.4891121,52.380848, 13.668465,810322.1734,810319.7190,-0.1287,-2.3052,-0.0205
584482815.5385454,52.383696, 13.667083,810322.7181,810320.2638,-0.1286,-2.3052,-0.0205
584482815.5879915,52.386545, 13.6657,810323.7852,810321.3310,-0.1285,-2.3052,-0.0205
584482815.6374247,52.389393999999996, 13.664318,810324.6262,810322.1720,-0.1285,-2.3052,-0.0205
584482815.6868579,52.392241999999996, 13.662936,810325.0149,810322.5608,-0.1284,-2.3052,-0.0205
584482815.7362907,52.395089999999996, 13.661553,810325.1642,810322.7102,-0.1283,-2.3052,-0.0205
584482815.7857234,52.397939, 13.660169999999999,810325.8391,810323.3851,-0.1283,-2.3052,-0.0205
584482815.8351562,52.400787, 13.658787,810326.4087,810323.9548,-0.1282,-2.3052,-0.0205
584482815.8845887,52.403634999999994, 13.657404,810327.0204,810324.5665,-0.1282,-2.3052,-0.0205
584482815.9340215,52.406484, 13.656020999999999,810327.8158,810325.3620,-0.1281,-2.3052,-0.0205
584482815.9834545,52.409332, 13.654637999999998,810346.0458,810343.5921,-0.1280,-2.3052,-0.0205
584482816.0328884,52.41218, 13.653253999999999,810348.1342,810345.6806,-0.1279,-2.3052,-0.0205
584482816.0823212,52.415028, 13.651871,810325.6635,810323.2099,-0.1279,-2.3052,-0.0205
584482816.1317666,52.417877, 13.650485999999999,810328.4188,810325.9653,-0.1278,-2.3052,-0.0205
584482816.1811993,52.420725999999995, 13.649102,810336.8814,810334.4280,-0.1277,-2.3052,-0.0205
584482816.2306318,52.423573999999995, 13.647718,810333.0914,810330.6381,-0.1276,-2.3052,-0.0205
584482816.2800646,52.426421999999995, 13.646334,810336.2793,810333.8260,-0.1276,-2.3052,-0.0205
584482816.3294973,52.429269999999995, 13.64495,810337.0173,810334.5641,-0.1275,-2.3052,-0.0205
584482816.3789301,52.432117999999996, 13.643564999999999,810333.5782,810331.1251,-0.1274,-2.3052,-0.0205
584482816.4283757,52.434967, 13.64218,810334.3365,810331.8835,-0.1273,-2.3052,-0.0205
584482816.4778085,52.437815, 13.640794999999999,810335.1197,810332.6668,-0.1272,-2.3052,-0.0205
584482816.5272412,52.440663, 13.63941,810335.9111,810333.4582,-0.1272,-2.3053,-0.0204
584482816.5766869,52.443512, 13.638024999999999,810336.0527,810333.5999,-0.1271,-2.3053,-0.0204
584482816.6261196,52.44636, 13.636638999999999,810336.4845,810334.0318,-0.1270,-2.3053,-0.0204
584482816.6755524,52.449208, 13.635254,810336.9353,810334.4827,-0.1269,-2.3053,-0.0204
584482816.7249851,52.452056999999996, 13.633868,810335.2079,810332.7554,-0.1268,-2.3053,-0.0204
584482816.7744179,52.454905, 13.632482999999999,810343.5150,810341.0625,-0.1268,-2.3053,-0.0204
584482816.8238506,52.457753, 13.631096999999999,810344.6476,810342.1952,-0.1267,-2.3053,-0.0204
584482816.8732836,52.460601, 13.629710999999999,810337.3419,810334.8896,-0.1266,-2.3053,-0.0204
584482816.9227293,52.463449, 13.628324,810339.3566,810336.9044,-0.1265,-2.3053,-0.0204
584482816.9721625,52.466297999999995, 13.626937999999999,810339.9734,810337.5213,-0.1264,-2.3053,-0.0204
584482817.0216076,52.469145999999995, 13.625551,810339.9859,810337.5339,-0.1264,-2.3053,-0.0204
586815611.2798009,52.336825999999995, 13.697313,810381.6553,810379.1523,-0.1686,-2.3138,-0.0206
586815611.329246,52.339675, 13.695933,810381.0167,810378.5137,-0.1686,-2.3138,-0.0206
586815611.3786917,52.342524999999995, 13.694552999999999,810381.2045,810378.7015,-0.1686,-2.3138,-0.0206
586815611.4281244,52.345372999999995, 13.693173999999999,810381.3248,810378.8218,-0.1686,-2.3138,-0.0206
586815611.47757,52.348222, 13.691792999999999,810381.3443,810378.8413,-0.1686,-2.3138,-0.0206
586815611.5269899,52.35107, 13.690413999999999,810382.5777,810380.0746,-0.1687,-2.3139,-0.0205
586815611.5764229,52.353919, 13.689034,810385.6079,810383.1048,-0.1687,-2.3139,-0.0205
586815611.6258683,52.356767999999995, 13.687653,810386.1041,810383.6010,-0.1687,-2.3139,-0.0205
586815611.6753011,52.359615999999995, 13.686273,810378.7761,810376.2730,-0.1687,-2.3139,-0.0205
586815611.7247467,52.362466, 13.684892,810379.3811,810376.8780,-0.1687,-2.3139,-0.0205
586815611.7741795,52.365314, 13.683511,810380.1995,810377.6964,-0.1687,-2.3139,-0.0205
586815611.8236122,52.368162999999996, 13.682131,810380.7416,810378.2385,-0.1687,-2.3139,-0.0205
586815611.8730576,52.371012, 13.680748999999999,810381.3967,810378.8936,-0.1687,-2.3139,-0.0205
586815611.9224904,52.37386, 13.679368,810384.8517,810382.3486,-0.1687,-2.3139,-0.0205
586815611.9719231,52.376709, 13.677987,810382.7603,810380.2572,-0.1687,-2.3139,-0.0205
586815612.0213568,52.379557, 13.676604999999999,810383.3369,810380.8338,-0.1687,-2.3139,-0.0205
586815612.0707896,52.382405999999996, 13.675224,810384.0676,810381.5645,-0.1687,-2.3139,-0.0205
586815612.1202226,52.385253999999996, 13.673841999999999,810384.8374,810382.3343,-0.1687,-2.3139,-0.0205
586815612.1696553,52.388101999999996, 13.67246,810385.7261,810383.2229,-0.1687,-2.3139,-0.0205
586815612.2191007,52.390951, 13.671078,810386.9190,810384.4158,-0.1687,-2.3139,-0.0205
586815612.2685335,52.3938, 13.669696,810387.7058,810385.2026,-0.1688,-2.3139,-0.0205
586815612.3179665,52.396648, 13.668313999999999,810388.0258,810385.5226,-0.1688,-2.3139,-0.0205
586815612.3673992,52.399496, 13.666931,810389.0471,810386.5439,-0.1688,-2.3139,-0.0205
586815612.416832,52.402345, 13.665548,810389.2041,810386.7009,-0.1688,-2.3139,-0.0205
586815612.466265,52.405193, 13.664166,810388.9886,810386.4854,-0.1688,-2.3139,-0.0205
586815612.5156984,52.408041, 13.662783,810389.6628,810387.1595,-0.1688,-2.3140,-0.0205
586815612.5651317,52.410889999999995, 13.661399999999999,810392.2446,810389.7413,-0.1688,-2.3140,-0.0205
586815612.6145649,52.413737999999995, 13.660015999999999,810394.4866,810391.9833,-0.1688,-2.3140,-0.0205
586815612.664011,52.416587, 13.658633,810395.8223,810393.3190,-0.1688,-2.3140,-0.0205
586815612.7134442,52.419435, 13.657249,810398.8356,810396.3323,-0.1688,-2.3140,-0.0205
586815612.7628775,52.422283, 13.655864999999999,810402.1157,810399.6124,-0.1689,-2.3140,-0.0205
586815612.8123236,52.425132, 13.654480999999999,810393.5121,810391.0088,-0.1689,-2.3140,-0.0205
586815612.8617568,52.427980999999996, 13.653096999999999,810394.1065,810391.6031,-0.1689,-2.3140,-0.0205
586815612.9111896,52.430828999999996, 13.651712999999999,810394.9439,810392.4405,-0.1689,-2.3140,-0.0205
586815612.9606223,52.433676999999996, 13.650329,810395.6129,810393.1095,-0.1689,-2.3140,-0.0205
586815613.0100679,52.436526, 13.648944,810396.2011,810393.6977,-0.1689,-2.3140,-0.0205
586815613.0594995,52.439374, 13.647559,810396.7927,810394.2893,-0.1689,-2.3140,-0.0205
586815613.1089323,52.442222, 13.646175,810397.3671,810394.8637,-0.1689,-2.3139,-0.0205
586815613.1583779,52.445071, 13.644789,810398.0123,810395.5090,-0.1689,-2.3139,-0.0205
586815613.2078233,52.447919999999996, 13.643403999999999,810398.6472,810396.1439,-0.1689,-2.3139,-0.0205
586815613.257256,52.450768, 13.642019,810400.2998,810397.7965,-0.1689,-2.3139,-0.0205
586815613.3066888,52.453616, 13.640633999999999,810415.0563,810412.5530,-0.1689,-2.3138,-0.0205
586815613.3561344,52.456464999999994, 13.639248,810405.3054,810402.8021,-0.1689,-2.3138,-0.0205
586815613.4055672,52.459312999999995, 13.637862,810412.3174,810409.8142,-0.1689,-2.3138,-0.0205
586815613.4550126,52.462160999999995, 13.636476,810400.5619,810398.0587,-0.1689,-2.3138,-0.0205
586815613.5044582,52.46501, 13.63509,810400.5641,810398.0609,-0.1690,-2.3137,-0.0205
586815613.553891,52.467858, 13.633702999999999,810402.5141,810400.0109,-0.1690,-2.3137,-0.0205
589148409.1222854,52.331761, 13.677980999999999,810566.2196,810563.6889,-0.1883,-2.3279,-0.0145
589148409.1717436,52.334610999999995, 13.676599999999999,810566.7065,810564.1760,-0.1881,-2.3279,-0.0145
589148409.2211893,52.33746, 13.675219,810565.5507,810563.0204,-0.1879,-2.3279,-0.0145
589148409.2706354,52.340309, 13.673836999999999,810567.6463,810565.1162,-0.1877,-2.3279,-0.0145
589148409.3200812,52.343157999999995, 13.672455999999999,810568.4934,810565.9634,-0.1876,-2.3279,-0.0145
589148409.3695273,52.346007, 13.671073999999999,810569.1554,810566.6256,-0.1874,-2.3279,-0.0145
589148409.4189861,52.348856, 13.669692,810570.9519,810568.4223,-0.1872,-2.3279,-0.0145
589148409.4684448,52.351706, 13.66831,810569.0190,810566.4896,-0.1870,-2.3279,-0.0145
589148409.5178909,52.354555, 13.666927999999999,810569.5124,810566.9832,-0.1868,-2.3280,-0.0144
589148409.567337,52.357403999999995, 13.665545999999999,810570.2012,810567.6722,-0.1866,-2.3280,-0.0144
589148409.6167829,52.360253, 13.664162999999999,810570.8950,810568.3662,-0.1864,-2.3280,-0.0144
589148409.6662414,52.363102, 13.66278,810572.0243,810569.4957,-0.1862,-2.3280,-0.0144
589148409.7156868,52.365950999999995, 13.661398,810573.1005,810570.5721,-0.1860,-2.3280,-0.0144
589148409.7651451,52.3688, 13.660013999999999,810573.2875,810570.7593,-0.1858,-2.3280,-0.0144
589148409.8146033,52.371649999999995, 13.658631,810573.4631,810570.9351,-0.1856,-2.3280,-0.0144
589148409.864049,52.374499, 13.657248,810573.9673,810571.4395,-0.1854,-2.3280,-0.0144
589148409.913507,52.377348, 13.655864,810574.6525,810572.1249,-0.1852,-2.3280,-0.0144
589148409.9629653,52.380198, 13.654480999999999,810575.2943,810572.7669,-0.1850,-2.3280,-0.0144
589148410.0124106,52.383046, 13.653096999999999,810575.8503,810573.3231,-0.1848,-2.3280,-0.0144
589148410.0618701,52.385895999999995, 13.651712999999999,810576.5277,810574.0008,-0.1845,-2.3280,-0.0144
589148410.1113157,52.388745, 13.650329,810577.1960,810574.6694,-0.1842,-2.3279,-0.0144
589148410.160774,52.391594, 13.648944,810577.8610,810575.3348,-0.1839,-2.3279,-0.0144
589148410.2102194,52.394442999999995, 13.647559999999999,810578.4131,810575.8872,-0.1836,-2.3279,-0.0144
589148410.2596774,52.397292, 13.646175999999999,810579.0988,810576.5732,-0.1833,-2.3279,-0.0144
589148410.3091228,52.400141, 13.644791,810579.7981,810577.2729,-0.1830,-2.3278,-0.0144
589148410.3585684,52.402989, 13.643405999999999,810580.6557,810578.1308,-0.1827,-2.3278,-0.0144
589148410.4080267,52.405839, 13.642021,810581.4153,810578.8907,-0.1824,-2.3278,-0.0144
589148410.457485,52.408688, 13.640635999999999,810582.0849,810579.5607,-0.1821,-2.3278,-0.0144
589148410.5069304,52.411536999999996, 13.639251,810582.9154,810580.3915,-0.1818,-2.3277,-0.0144
589148410.5563886,52.414386, 13.637865,810584.0627,810581.5391,-0.1815,-2.3277,-0.0144
589148410.6058342,52.417234, 13.636479999999999,810586.4977,810583.9745,-0.1811,-2.3277,-0.0144
589148410.6552925,52.420083999999996, 13.635093999999999,810588.0725,810585.5496,-0.1808,-2.3277,-0.0144
589148410.7047379,52.422931999999996, 13.633707999999999,810585.5371,810583.0145,-0.1805,-2.3276,-0.0144
589148410.7541962,52.425781, 13.632321999999998,810585.7904,810583.2682,-0.1802,-2.3276,-0.0144
589148410.8036418,52.42863, 13.630936,810586.1861,810583.6642,-0.1799,-2.3276,-0.0144
589148410.8531001,52.431478999999996, 13.629548999999999,810586.7356,810584.2140,-0.1796,-2.3276,-0.0144
589148410.9025583,52.434328, 13.628162999999999,810587.5688,810585.0475,-0.1793,-2.3275,-0.0144
589148410.9520171,52.437177999999996, 13.626776,810588.2637,810585.7428,-0.1790,-2.3275,-0.0144
589148411.0014629,52.440025999999996, 13.625389,810588.8209,810586.3003,-0.1787,-2.3275,-0.0144
589148411.0509212,52.442875, 13.624001999999999,810589.2129,810586.6926,-0.1784,-2.3275,-0.0144
589148411.1003795,52.445724, 13.622615,810589.8794,810587.3594,-0.1781,-2.3275,-0.0144
589148411.1498384,52.448574, 13.621227,810590.5611,810588.0415,-0.1777,-2.3275,-0.0144
589148411.1992843,52.451422, 13.61984,810591.7142,810589.1949,-0.1774,-2.3275,-0.0144
589148411.2487302,52.45427, 13.618452999999999,810596.3700,810593.8510,-0.1771,-2.3275,-0.0144
589148411.2981889,52.457119999999996, 13.617065,810591.6161,810589.0974,-0.1768,-2.3275,-0.0144
589148411.3476474,52.459969, 13.615677,810592.3977,810589.8793,-0.1765,-2.3275,-0.0144
589148411.3971057,52.462818, 13.614289,810592.9095,810590.3914,-0.1762,-2.3275,-0.0144
589148411.446564,52.465666999999996, 13.6129,810594.8245,810592.3068,-0.1758,-2.3275,-0.0144
589148411.4960222,52.468516, 13.611512,810609.8710,810607.3536,-0.1755,-2.3275,-0.0144
591481213.9332061,52.332722, 13.680861,810625.9712,810623.5700,-0.0616,-2.3278,-0.0118
591481213.9826777,52.335573, 13.67948,810625.7504,810623.3493,-0.0615,-2.3278,-0.0118
591481214.0321367,52.338421999999994, 13.678099,810622.4166,810620.0155,-0.0615,-2.3278,-0.0118
591481214.0815964,52.341272, 13.676718,810622.9124,810620.5114,-0.0614,-2.3278,-0.0118
591481214.1310546,52.344122, 13.675336,810627.8670,810625.4660,-0.0614,-2.3278,-0.0118
591481214.1805129,52.346970999999996, 13.673955,810628.0666,810625.6656,-0.0614,-2.3278,-0.0118
591481214.2299838,52.349821999999996, 13.672573,810628.4063,810626.0054,-0.0613,-2.3278,-0.0118
591481214.2794421,52.352671, 13.671190999999999,810628.5226,810626.1217,-0.0613,-2.3278,-0.0118
591481214.3288877,52.35552, 13.669808999999999,810629.2256,810626.8247,-0.0612,-2.3278,-0.0118
591481214.378346,52.35837, 13.668427,810629.8894,810627.4886,-0.0612,-2.3278,-0.0118
591481214.4278169,52.361219999999996, 13.667043999999999,810630.5519,810628.1511,-0.0612,-2.3278,-0.0118
591481214.4772751,52.36407, 13.665662,810631.0879,810628.6871,-0.0611,-2.3278,-0.0118
591481214.5267208,52.366918, 13.664278999999999,810632.8566,810630.4559,-0.0611,-2.3279,-0.0118
591481214.5761917,52.369769, 13.662896,810633.1137,810630.7130,-0.0610,-2.3279,-0.0118
591481214.6256499,52.372617999999996, 13.661513,810632.9543,810630.5536,-0.0610,-2.3279,-0.0118
591481214.6750953,52.375467, 13.660131,810633.6301,810631.2295,-0.0610,-2.3279,-0.0118
591481214.7245536,52.378316999999996, 13.658748,810634.2003,810631.7997,-0.0609,-2.3279,-0.0118
591481214.7740119,52.381166, 13.657364,810634.8835,810632.4829,-0.0609,-2.3279,-0.0118
591481214.8234701,52.384015, 13.655980999999999,810635.5447,810633.1442,-0.0608,-2.3279,-0.0118
591481214.872941,52.386866, 13.654596999999999,810636.1855,810633.7850,-0.0608,-2.3279,-0.0118
591481214.9223866,52.389714, 13.653213,810636.7445,810634.3440,-0.0608,-2.3279,-0.0118
591481214.9718575,52.392565, 13.651829,810637.2505,810634.8501,-0.0607,-2.3279,-0.0118
591481215.021302,52.395413, 13.650445,810638.0882,810635.6878,-0.0607,-2.3279,-0.0118
591481215.0707603,52.398263, 13.649061,810638.7803,810636.3799,-0.0607,-2.3279,-0.0118
591481215.1202183,52.401112, 13.647675999999999,810639.7316,810637.3313,-0.0606,-2.3279,-0.0118
591481215.1696765,52.403960999999995, 13.646291999999999,810640.6101,810638.2098,-0.0606,-2.3279,-0.0118
591481215.2191348,52.406811, 13.644907,810641.3262,810638.9259,-0.0605,-2.3279,-0.0118
591481215.2685931,52.409659999999995, 13.643521999999999,810641.9412,810639.5410,-0.0605,-2.3279,-0.0118
591481215.3180513,52.412509, 13.642137,810642.7937,810640.3935,-0.0605,-2.3279,-0.0118
591481215.3675098,52.415358999999995, 13.640751999999999,810644.4561,810642.0559,-0.0604,-2.3279,-0.0118
591481215.4169686,52.418208, 13.639367,810646.7282,810644.3281,-0.0604,-2.3279,-0.0118
591481215.4664273,52.421057, 13.637981,810649.0646,810646.6645,-0.0604,-2.3279,-0.0118
591481215.5158861,52.423907, 13.636595,810647.4593,810645.0592,-0.0603,-2.3280,-0.0118
591481215.5653448,52.426756, 13.635209999999999,810644.8963,810642.4962,-0.0603,-2.3280,-0.0118
591481215.6148036,52.429604999999995, 13.633823999999999,810645.5846,810643.1846,-0.0603,-2.3280,-0.0118
591481215.6642623,52.432455, 13.632437999999999,810646.2370,810643.8370,-0.0602,-2.3280,-0.0118
591481215.7137084,52.435303, 13.631051999999999,810646.7994,810644.3994,-0.0602,-2.3280,-0.0118
591481215.7631671,52.438151999999995, 13.629665,810647.4552,810645.0553,-0.0602,-2.3280,-0.0118
591481215.8126256,52.441002, 13.628279,810648.1233,810645.7234,-0.0601,-2.3280,-0.0118
591481215.862071,52.44385, 13.626892,810648.7904,810646.3905,-0.0601,-2.3280,-0.0118
591481215.9115422,52.4467, 13.625504999999999,810649.3045,810646.9046,-0.0601,-2.3280,-0.0118
591481215.9610004,52.449549, 13.624118,810650.1377,810647.7379,-0.0600,-2.3280,-0.0118
591481216.0104587,52.452397999999995, 13.622731,810658.9031,810656.5033,-0.0600,-2.3280,-0.0118
591481216.0599179,52.455247, 13.621343999999999,810658.8807,810656.4810,-0.0600,-2.3280,-0.0118
591481216.1093888,52.458096999999995, 13.619956,810651.5925,810649.1928,-0.0599,-2.3280,-0.0118
591481216.1588345,52.460946, 13.618568999999999,810652.1265,810649.7269,-0.0599,-2.3279,-0.0118
591481216.2082927,52.463795, 13.617180999999999,810652.5653,810650.1657,-0.0599,-2.3279,-0.0118
591481216.2577507,52.466643999999995, 13.615793,810652.9130,810650.5135,-0.0598,-2.3279,-0.0118
591481216.307209,52.469493, 13.614405,810652.8938,810650.4944,-0.0598,-2.3279,-0.0118
593814015.5110366,52.331461, 13.684883,810481.6609,810479.2769,-0.0770,-2.2954,-0.0116
593814015.5604825,52.334309999999995, 13.683503,810482.5393,810480.1553,-0.0770,-2.2954,-0.0116
593814015.6099279,52.33716, 13.682122999999999,810481.5820,810479.1980,-0.0770,-2.2954,-0.0116
593814015.6593735,52.340008999999995, 13.680741999999999,810483.0781,810480.6941,-0.0770,-2.2954,-0.0116
593814015.7088318,52.342858, 13.679361,810479.3260,810476.9420,-0.0770,-2.2954,-0.0116
593814015.7582772,52.345707999999995, 13.67798,810482.7507,810480.3667,-0.0770,-2.2954,-0.0116
593814015.8077228,52.348557, 13.676599,810482.6558,810480.2718,-0.0770,-2.2954,-0.0116
593814015.8571813,52.351406, 13.675218,810483.0487,810480.6646,-0.0771,-2.2954,-0.0116
593814015.9066267,52.354256, 13.673836999999999,810483.1672,810480.7831,-0.0771,-2.2954,-0.0116
593814015.9560723,52.357105, 13.672455,810483.5184,810481.1343,-0.0771,-2.2954,-0.0116
593814016.0055177,52.359953999999995, 13.671073999999999,810484.0222,810481.6381,-0.0771,-2.2954,-0.0116
593814016.0549622,52.362801999999995, 13.669692,810484.7079,810482.3238,-0.0771,-2.2954,-0.0116
593814016.1044075,52.365652, 13.66831,810485.3435,810482.9594,-0.0771,-2.2954,-0.0116
593814016.1538532,52.3685, 13.666927999999999,810488.6254,810486.2413,-0.0771,-2.2954,-0.0116
593814016.2033114,52.37135, 13.665545999999999,810487.7576,810485.3735,-0.0772,-2.2954,-0.0116
593814016.2527697,52.374199999999995, 13.664162999999999,810487.9699,810485.5858,-0.0772,-2.2953,-0.0116
593814016.3022151,52.377049, 13.662780999999999,810487.7558,810485.3717,-0.0772,-2.2953,-0.0116
593814016.3516605,52.379898, 13.661398,810488.4404,810486.0563,-0.0772,-2.2953,-0.0116
593814016.4011061,52.382746999999995, 13.660015,810489.1254,810486.7413,-0.0772,-2.2953,-0.0116
593814016.4505515,52.385596, 13.658633,810490.1821,810487.7980,-0.0772,-2.2953,-0.0116
593814016.5000098,52.388445, 13.657249,810490.5799,810488.1958,-0.0773,-2.2953,-0.0115
593814016.5494554,52.391293999999995, 13.655866,810490.8326,810488.4485,-0.0773,-2.2953,-0.0115
593814016.598901,52.394143, 13.654482999999999,810491.5312,810489.1471,-0.0773,-2.2953,-0.0115
593814016.6483464,52.396992, 13.653099,810492.2106,810489.8265,-0.0773,-2.2953,-0.0115
593814016.6978047,52.399840999999995, 13.651715,810492.7230,810490.3389,-0.0773,-2.2953,-0.0115
593814016.7472503,52.40269, 13.650331,810493.6988,810491.3147,-0.0773,-2.2953,-0.0115
593814016.7966957,52.405539, 13.648947,810494.5550,810492.1709,-0.0773,-2.2952,-0.0115
593814016.8461542,52.408389, 13.647563,810515.9501,810513.5660,-0.0774,-2.2952,-0.0115
593814016.8956003,52.411237, 13.646179,810493.8841,810491.5000,-0.0774,-2.2952,-0.0115
593814016.9450464,52.414086, 13.644794,810493.3291,810490.9450,-0.0774,-2.2952,-0.0115
593814016.9945052,52.416936, 13.643409,810496.8721,810494.4880,-0.0774,-2.2952,-0.0115
593814017.0439515,52.419784, 13.642024999999999,810502.8748,810500.4907,-0.0774,-2.2952,-0.0115
593814017.0933981,52.422633, 13.64064,810500.3431,810497.9590,-0.0774,-2.2951,-0.0115
593814017.1428442,52.425481999999995, 13.639254999999999,810500.5668,810498.1828,-0.0774,-2.2951,-0.0115
593814017.192303,52.428332, 13.637869,810504.9213,810502.5373,-0.0774,-2.2951,-0.0115
593814017.241749,52.43118, 13.636484,810499.7437,810497.3597,-0.0774,-2.2951,-0.0115
593814017.2912071,52.43403, 13.635098,810500.6175,810498.2335,-0.0775,-2.2950,-0.0115
593814017.3406527,52.436878, 13.633712,810501.3094,810498.9254,-0.0775,-2.2950,-0.0115
593814017.390111,52.439727999999995, 13.632325999999999,810501.8184,810499.4345,-0.0775,-2.2950,-0.0115
593814017.4395566,52.442575999999995, 13.630939999999999,810502.2822,810499.8983,-0.0775,-2.2949,-0.0115
593814017.4890149,52.445426, 13.629553999999999,810502.5334,810500.1495,-0.0775,-2.2949,-0.0115
593814017.5384476,52.448274, 13.628167999999999,810499.8991,810497.5152,-0.0775,-2.2949,-0.0115
593814017.5879059,52.451122999999995, 13.626781,810500.3108,810497.9269,-0.0775,-2.2948,-0.0115
593814017.6373513,52.453972, 13.625395,810501.4366,810499.0528,-0.0775,-2.2948,-0.0115
593814017.6867969,52.45682, 13.624008,810501.4842,810499.1004,-0.0775,-2.2948,-0.0115
593814017.7362297,52.459668, 13.622622,810505.7211,810503.3373,-0.0775,-2.2948,-0.0115
593814017.7856879,52.462517, 13.621234,810506.0299,810503.6461,-0.0776,-2.2947,-0.0115
593814017.8351333,52.465365999999996, 13.619847,810506.6452,810504.2614,-0.0776,-2.2947,-0.0115
593814017.884579,52.468213999999996, 13.618459999999999,810506.5214,810504.1377,-0.0776,-2.2947,-0.0115
596146813.3808756,52.330174, 13.692034,810385.1795,810382.7482,-0.0981,-2.3249,-0.0083
596146813.4303215,52.333023, 13.690653999999999,810384.9409,810382.5095,-0.0981,-2.3249,-0.0083
596146813.5291879,52.338721, 13.687895,810384.9761,810382.5446,-0.0982,-2.3250,-0.0083
596146813.5786335,52.34157, 13.686513999999999,810384.0430,810381.6115,-0.0983,-2.3250,-0.0083
596146813.6280534,52.344418, 13.685134999999999,810384.6869,810382.2553,-0.0983,-2.3250,-0.0083
596146813.677499,52.347266999999995, 13.683753999999999,810384.6566,810382.2250,-0.0983,-2.3250,-0.0083
596146813.7269318,52.350114999999995, 13.682374,810385.7572,810383.3255,-0.0984,-2.3250,-0.0083
596146813.7763774,52.352964, 13.680992999999999,810384.5950,810382.1632,-0.0984,-2.3250,-0.0083
596146813.8258102,52.355813, 13.679611999999999,810384.7279,810382.2961,-0.0985,-2.3250,-0.0083
596146813.875243,52.358661, 13.678232,810384.7584,810382.3265,-0.0985,-2.3251,-0.0083
596146813.9246757,52.361509999999996, 13.676851,810385.4328,810383.0009,-0.0985,-2.3251,-0.0083
596146813.9741085,52.364357999999996, 13.675469999999999,810386.0654,810383.6334,-0.0986,-2.3251,-0.0083
596146814.0235412,52.367207, 13.674088999999999,810386.9319,810384.4999,-0.0986,-2.3251,-0.0083
596146814.0729749,52.370055, 13.672706999999999,810389.0877,810386.6557,-0.0986,-2.3251,-0.0083
596146814.1224077,52.372903, 13.671325999999999,810389.2015,810386.7694,-0.0986,-2.3251,-0.0083
596146814.1718533,52.375752, 13.669944,810389.1586,810386.7265,-0.0986,-2.3252,-0.0083
596146814.221286,52.378600999999996, 13.668562,810389.3540,810386.9219,-0.0986,-2.3252,-0.0083
596146814.2707188,52.381448999999996, 13.66718,810389.9706,810387.5385,-0.0987,-2.3252,-0.0083
596146814.3201516,52.384297, 13.665797999999999,810390.6218,810388.1896,-0.0987,-2.3252,-0.0083
596146814.3695843,52.387145999999994, 13.664416,810391.2941,810388.8619,-0.0987,-2.3252,-0.0083
596146814.4190171,52.389993999999994, 13.663032999999999,810392.0051,810389.5729,-0.0987,-2.3252,-0.0083
596146814.4684627,52.392843, 13.66165,810392.6595,810390.2273,-0.0987,-2.3252,-0.0083
596146814.5178955,52.395691, 13.660267999999999,810393.2281,810390.7958,-0.0987,-2.3253,-0.0083
596146814.5673409,52.39854, 13.658883999999999,810393.6834,810391.2511,-0.0987,-2.3253,-0.0083
596146814.6167736,52.401388999999995, 13.657501,810394.4338,810392.0015,-0.0987,-2.3253,-0.0083
596146814.6662066,52.404236999999995, 13.656118,810395.2446,810392.8123,-0.0987,-2.3253,-0.0083
596146814.7156394,52.407084999999995, 13.654734999999999,810396.0451,810393.6127,-0.0987,-2.3253,-0.0083
596146814.7650721,52.409932999999995, 13.653350999999999,810396.2226,810393.7902,-0.0988,-2.3253,-0.0083
596146814.814518,52.412782, 13.651966999999999,810398.6243,810396.1919,-0.0988,-2.3253,-0.0083
596146814.8639512,52.41563, 13.650583999999998,810394.0885,810391.6561,-0.0988,-2.3254,-0.0083
596146814.9133973,52.418479, 13.649199,810397.9395,810395.5070,-0.0988,-2.3254,-0.0083
596146814.9628305,52.421327, 13.647815,810404.4156,810401.9831,-0.0988,-2.3254,-0.0083
596146815.0122762,52.424175999999996, 13.646431,810399.4607,810397.0282,-0.0988,-2.3254,-0.0083
596146815.0617216,52.427025, 13.645045999999999,810400.1786,810397.7461,-0.0988,-2.3254,-0.0083
596146815.1111548,52.429873, 13.643661,810404.5871,810402.1546,-0.0988,-2.3254,-0.0083
596146815.160588,52.432721, 13.642277,810405.3585,810402.9260,-0.0988,-2.3254,-0.0083
596146815.2100339,52.43557, 13.640891,810406.2468,810403.8143,-0.0988,-2.3254,-0.0083
596146815.2594666,52.438418, 13.639505999999999,810406.7530,810404.3206,-0.0988,-2.3253,-0.0083
596146815.3088996,52.441266, 13.638121,810404.7031,810402.2707,-0.0988,-2.3253,-0.0083
596146815.358345,52.444115, 13.636735999999999,810403.6581,810401.2257,-0.0988,-2.3253,-0.0083
596146815.4077778,52.446963, 13.635349999999999,810415.7267,810413.2943,-0.0988,-2.3253,-0.0083
596146815.4572105,52.449811, 13.633965,810416.3085,810413.8761,-0.0988,-2.3253,-0.0083
596146815.5066562,52.452659999999995, 13.632577999999999,810416.9852,810414.5528,-0.0989,-2.3253,-0.0082
596146815.5560889,52.455507999999995, 13.631193,810402.6739,810400.2415,-0.0989,-2.3253,-0.0082
596146815.6055346,52.458357, 13.629805999999999,810403.1734,810400.7410,-0.0989,-2.3253,-0.0082
596146815.6549673,52.461205, 13.62842,810407.4404,810405.0080,-0.0989,-2.3253,-0.0082
596146815.7044001,52.464051999999995, 13.627034,810407.8255,810405.3931,-0.0989,-2.3253,-0.0082
596146815.7538455,52.466901, 13.625646999999999,810408.0984,810405.6661,-0.0989,-2.3252,-0.0082
596146815.8032782,52.469749, 13.62426,810407.0065,810404.5742,-0.0989,-2.3252,-0.0082
598479608.9443827,52.334945, 13.696378999999999,810510.0239,810507.6318,-0.0596,-2.3246,-0.0079
598479608.9938283,52.337793999999995, 13.694999,810509.8015,810507.4094,-0.0596,-2.3246,-0.0079
598479609.0432875,52.340644, 13.693619,810506.8177,810504.4256,-0.0596,-2.3246,-0.0079
598479609.0927329,52.343492999999995, 13.692238999999999,810502.4997,810500.1076,-0.0596,-2.3246,-0.0079
598479609.1421785,52.346342, 13.690859999999999,810510.0246,810507.6325,-0.0596,-2.3246,-0.0079
598479609.1916242,52.349191, 13.689478999999999,810508.1655,810505.7734,-0.0597,-2.3246,-0.0079
598479609.2410696,52.352041, 13.688099,810508.8328,810506.4407,-0.0597,-2.3246,-0.0079
598479609.2905152,52.35489, 13.686719,810509.0709,810506.6787,-0.0597,-2.3246,-0.0079
598479609.3399606,52.357738999999995, 13.685338,810507.8587,810505.4665,-0.0597,-2.3246,-0.0079
598479609.3894062,52.360588, 13.683957999999999,810508.1469,810505.7547,-0.0597,-2.3246,-0.0079
598479609.4388642,52.363437999999995, 13.682577,810508.6713,810506.2791,-0.0597,-2.3246,-0.0079
598479609.4883099,52.366287, 13.681196,810509.4893,810507.0971,-0.0597,-2.3246,-0.0079
598479609.5377553,52.369136, 13.679813999999999,810510.0241,810507.6319,-0.0598,-2.3245,-0.0079
598479609.5872009,52.371984999999995, 13.678433,810510.5539,810508.1617,-0.0598,-2.3245,-0.0079
598479609.6366463,52.374834, 13.677052,810511.2332,810508.8410,-0.0598,-2.3245,-0.0079
598479609.6860919,52.377683, 13.67567,810512.0504,810509.6582,-0.0598,-2.3245,-0.0079
598479609.7355373,52.380531999999995, 13.674287999999999,810512.5875,810510.1953,-0.0598,-2.3245,-0.0079
598479609.7849829,52.383381, 13.672906999999999,810513.3542,810510.9619,-0.0598,-2.3245,-0.0079
598479609.8344283,52.38623, 13.671524999999999,810513.9380,810511.5457,-0.0599,-2.3245,-0.0079
598479609.8838739,52.389078999999995, 13.670142,810514.6581,810512.2658,-0.0599,-2.3245,-0.0079
598479609.9333193,52.391928, 13.668759999999999,810516.1082,810513.7159,-0.0599,-2.3245,-0.0079
598479609.9827776,52.394777999999995, 13.667377,810516.5490,810514.1567,-0.0599,-2.3245,-0.0079
598479610.0322347,52.397628, 13.665994,810516.7848,810514.3925,-0.0599,-2.3245,-0.0079
598479610.0816803,52.400476999999995, 13.664610999999999,810517.0715,810514.6792,-0.0599,-2.3245,-0.0079
598479610.1311257,52.403326, 13.663228,810517.7434,810515.3511,-0.0600,-2.3245,-0.0079
598479610.1805718,52.406175, 13.661845,810518.2784,810515.8860,-0.0600,-2.3245,-0.0079
598479610.2300305,52.409023999999995, 13.660461999999999,810518.9305,810516.5381,-0.0600,-2.3245,-0.0079
598479610.2794764,52.411873, 13.659078,810516.3871,810513.9947,-0.0600,-2.3245,-0.0079
598479610.3289351,52.414722999999995, 13.657694,810524.2869,810521.8945,-0.0600,-2.3245,-0.0079
598479610.3783813,52.417572, 13.656310999999999,810525.3422,810522.9498,-0.0601,-2.3245,-0.0079
598479610.42784,52.420421, 13.654926,810528.9181,810526.5257,-0.0601,-2.3245,-0.0079
598479610.4772861,52.423269999999995, 13.653542,810522.1687,810519.7763,-0.0601,-2.3245,-0.0079
598479610.5267448,52.42612, 13.652158,810522.8827,810520.4902,-0.0601,-2.3244,-0.0079
598479610.5761907,52.428968999999995, 13.650774,810523.5534,810521.1609,-0.0601,-2.3244,-0.0079
598479610.6256363,52.431816999999995, 13.649389,810524.0987,810521.7062,-0.0602,-2.3244,-0.0079
598479610.6750946,52.434667, 13.648004,810524.7644,810522.3719,-0.0602,-2.3244,-0.0079
598479610.72454,52.437515999999995, 13.646619,810525.4182,810523.0257,-0.0602,-2.3244,-0.0079
598479610.7739983,52.440365, 13.645233999999999,810526.0060,810523.6135,-0.0602,-2.3244,-0.0079
598479610.8234565,52.443214999999995, 13.643849,810526.7784,810524.3859,-0.0602,-2.3244,-0.0079
598479610.8729022,52.446064, 13.642463999999999,810527.3778,810524.9852,-0.0602,-2.3244,-0.0079
598479610.9223475,52.448912, 13.641078,810528.3346,810525.9420,-0.0603,-2.3244,-0.0079
598479610.9718058,52.451761999999995, 13.639692,810530.9508,810528.5582,-0.0603,-2.3244,-0.0079
598479611.0212514,52.454609999999995, 13.638307,810524.7830,810522.3904,-0.0603,-2.3244,-0.0079
598479611.0707107,52.45746, 13.63692,810543.9820,810541.5894,-0.0603,-2.3244,-0.0079
598479611.120156,52.460308999999995, 13.635534,810544.0725,810541.6799,-0.0604,-2.3244,-0.0079
598479611.1696143,52.463158, 13.634148,810530.2185,810527.8258,-0.0604,-2.3244,-0.0079
598479611.2190597,52.466007, 13.632762,810531.3306,810528.9379,-0.0604,-2.3244,-0.0079
598479611.268518,52.468855999999995, 13.631375,810531.7143,810529.3216,-0.0604,-2.3244,-0.0079
600812412.7419095,52.33248, 13.686568999999999,810691.6287,810689.2978,-0.0346,-2.2876,-0.0086
600812412.7913678,52.335328999999994, 13.685188,810691.2264,810688.8956,-0.0347,-2.2876,-0.0086
600812412.8408387,52.338179999999994, 13.683807,810692.0169,810689.6861,-0.0347,-2.2875,-0.0086
600812412.8902967,52.341029, 13.682424999999999,810693.8538,810691.5230,-0.0347,-2.2875,-0.0086
600812412.939755,52.343879, 13.681044,810691.6581,810689.3273,-0.0347,-2.2875,-0.0086
600812412.9892132,52.346728, 13.679663,810691.7707,810689.4399,-0.0347,-2.2875,-0.0086
600812413.0386727,52.349578, 13.678281,810693.9297,810691.5989,-0.0347,-2.2875,-0.0086
600812413.0881438,52.352427999999996, 13.676898999999999,810691.1962,810688.8655,-0.0347,-2.2874,-0.0086
600812413.1376021,52.355278, 13.675517,810691.7403,810689.4096,-0.0347,-2.2874,-0.0086
600812413.1870604,52.358128, 13.674135,810692.2551,810689.9244,-0.0347,-2.2874,-0.0086
600812413.2365317,52.360977999999996, 13.672752,810692.9329,810690.6022,-0.0347,-2.2873,-0.0086
600812413.2859905,52.363827, 13.67137,810693.5623,810691.2317,-0.0347,-2.2873,-0.0086
600812413.3354492,52.366676999999996, 13.669988,810694.2193,810691.8887,-0.0347,-2.2873,-0.0086
600812413.3849206,52.369527, 13.668604,810697.5947,810695.2641,-0.0347,-2.2872,-0.0086
600812413.4343922,52.372377, 13.667221,810697.0032,810694.6727,-0.0347,-2.2872,-0.0086
600812413.483851,52.375226999999995, 13.665837999999999,810696.7705,810694.4400,-0.0347,-2.2872,-0.0086
600812413.5333099,52.378076, 13.664455,810696.8382,810694.5077,-0.0348,-2.2871,-0.0086
600812413.5827813,52.380927, 13.663072,810697.5002,810695.1697,-0.0348,-2.2871,-0.0086
600812413.6322398,52.383776, 13.661688,810698.0724,810695.7420,-0.0348,-2.2871,-0.0086
600812413.681711,52.386626, 13.660304,810699.0226,810696.6922,-0.0348,-2.2870,-0.0086
600812413.731169,52.389475999999995, 13.65892,810699.2727,810696.9423,-0.0348,-2.2870,-0.0086
600812413.7806401,52.392326, 13.657535999999999,810699.7615,810697.4312,-0.0348,-2.2870,-0.0086
600812413.8300855,52.395174, 13.656153,810700.4551,810698.1248,-0.0348,-2.2869,-0.0086
600812413.8795567,52.398025, 13.654767999999999,810701.1426,810698.8123,-0.0348,-2.2869,-0.0086
600812413.929002,52.400873, 13.653383999999999,810701.7925,810699.4623,-0.0348,-2.2868,-0.0086
600812413.9784732,52.403723, 13.651999,810702.7198,810700.3896,-0.0348,-2.2868,-0.0086
600812414.0279315,52.406572999999995, 13.650615,810703.3789,810701.0487,-0.0348,-2.2868,-0.0086
600812414.0774014,52.409423, 13.649229,810724.0805,810721.7503,-0.0348,-2.2868,-0.0086
600812414.1268597,52.412271999999994, 13.647844,810702.2159,810699.8857,-0.0348,-2.2868,-0.0086
600812414.1763306,52.415122, 13.646459,810702.4522,810700.1220,-0.0348,-2.2868,-0.0086
600812414.2257886,52.417970999999994, 13.645074,810707.0992,810704.7690,-0.0348,-2.2868,-0.0086
600812414.2752469,52.42082, 13.643688,810709.0704,810706.7403,-0.0348,-2.2867,-0.0086
600812414.3247178,52.423669999999994, 13.642303,810709.2170,810706.8869,-0.0348,-2.2867,-0.0086
600812414.374176,52.42652, 13.640917,810708.6772,810706.3471,-0.0348,-2.2867,-0.0086
600812414.4236469,52.42937, 13.639531,810711.8846,810709.5545,-0.0348,-2.2867,-0.0086
600812414.4731181,52.432218999999996, 13.638143999999999,810708.9491,810706.6190,-0.0348,-2.2867,-0.0086
600812414.5225763,52.435069, 13.636757999999999,810709.9714,810707.6413,-0.0349,-2.2867,-0.0085
600812414.5720472,52.437919, 13.635371,810710.5630,810708.2329,-0.0349,-2.2867,-0.0085
600812414.6215181,52.440768, 13.633985,810711.0006,810708.6705,-0.0349,-2.2867,-0.0085
600812414.6709764,52.443618, 13.632598,810711.4406,810709.1105,-0.0349,-2.2867,-0.0085
600812414.7204347,52.446467, 13.631210999999999,810709.5027,810707.1726,-0.0349,-2.2867,-0.0085
600812414.7699058,52.449317, 13.629824,810709.1846,810706.8546,-0.0349,-2.2866,-0.0085
600812414.8193767,52.452166, 13.628437,810709.5855,810707.2555,-0.0349,-2.2866,-0.0085
600812414.868835,52.455016, 13.627049,810709.8970,810707.5670,-0.0349,-2.2866,-0.0085
600812414.9183064,52.457865, 13.625662,810711.0611,810708.7311,-0.0349,-2.2866,-0.0085
600812414.9677777,52.460715, 13.624274,810714.7954,810712.4654,-0.0349,-2.2866,-0.0085
600812415.0172501,52.463564999999996, 13.622886,810715.1924,810712.8624,-0.0349,-2.2866,-0.0085
600812415.066709,52.466414, 13.621497999999999,810715.6654,810713.3354,-0.0349,-2.2866,-0.0085
600812415.1161678,52.469263, 13.620109999999999,810714.9171,810712.5872,-0.0349,-2.2865,-0.0085
603145214.0027192,52.330391999999996, 13.692331,810646.0554,810643.7036,-0.0952,-2.2490,-0.0076
603145214.0521786,52.333242, 13.690951,810645.0921,810642.7403,-0.0952,-2.2490,-0.0076
603145214.1016369,52.336092, 13.689570999999999,810644.6673,810642.3156,-0.0952,-2.2489,-0.0076
603145214.1511078,52.338941999999996, 13.688189999999999,810646.4262,810644.0745,-0.0952,-2.2489,-0.0076
603145214.200566,52.341792, 13.68681,810644.4565,810642.1048,-0.0952,-2.2489,-0.0076
603145214.2500241,52.344642, 13.685429,810646.3492,810643.9975,-0.0952,-2.2489,-0.0076
603145214.2994823,52.347491, 13.684047999999999,810647.5701,810645.2184,-0.0952,-2.2489,-0.0076
603145214.3489411,52.350341, 13.682666999999999,810648.7679,810646.4163,-0.0952,-2.2488,-0.0076
603145214.3983998,52.353190999999995, 13.681286,810648.7654,810646.4138,-0.0952,-2.2488,-0.0076
603145214.4478586,52.356041, 13.679905,810644.4197,810642.0681,-0.0952,-2.2488,-0.0076
603145214.4973302,52.358891, 13.678523,810644.9530,810642.6014,-0.0952,-2.2488,-0.0076
603145214.5467889,52.361740999999995, 13.677142,810645.3790,810643.0275,-0.0952,-2.2487,-0.0076
603145214.5962603,52.364591, 13.675759999999999,810645.9100,810643.5585,-0.0952,-2.2487,-0.0076
603145214.645719,52.367441, 13.674377999999999,810646.5685,810644.2170,-0.0952,-2.2487,-0.0076
603145214.6951778,52.370290999999995, 13.672996,810647.2180,810644.8665,-0.0952,-2.2487,-0.0076
603145214.7446365,52.37314, 13.671612999999999,810648.8057,810646.4543,-0.0952,-2.2486,-0.0076
603145214.7941074,52.375991, 13.670231,810648.7242,810646.3728,-0.0952,-2.2486,-0.0076
603145214.8435657,52.37884, 13.668847999999999,810649.2714,810646.9200,-0.0952,-2.2486,-0.0076
603145214.8930113,52.381688999999994, 13.667466,810649.8747,810647.5233,-0.0952,-2.2486,-0.0076
603145214.9424696,52.384539, 13.666082999999999,810650.5306,810648.1793,-0.0952,-2.2485,-0.0076
603145214.9919279,52.387387999999994, 13.6647,810651.6863,810649.3350,-0.0952,-2.2485,-0.0076
603145215.0413852,52.390238, 13.663317,810652.0695,810649.7182,-0.0952,-2.2485,-0.0076
603145215.0908434,52.393086999999994, 13.661933999999999,810652.4083,810650.0570,-0.0952,-2.2485,-0.0076
603145215.1403143,52.395936999999996, 13.660549999999999,810652.8810,810650.5297,-0.0953,-2.2485,-0.0076
603145215.1897726,52.398787, 13.659167,810653.5381,810651.1868,-0.0953,-2.2484,-0.0076
603145215.2392306,52.401637, 13.657783,810654.0749,810651.7236,-0.0953,-2.2484,-0.0076
603145215.2887015,52.404486999999996, 13.656398999999999,810654.7782,810652.4269,-0.0953,-2.2484,-0.0076
603145215.3381472,52.407334999999996, 13.655016,810655.7261,810653.3748,-0.0953,-2.2484,-0.0076
603145215.3876181,52.410185999999996, 13.653630999999999,810673.8929,810671.5416,-0.0954,-2.2484,-0.0076
603145215.4370763,52.413035, 13.652247,810654.1054,810651.7541,-0.0954,-2.2484,-0.0076
603145215.4865346,52.415884999999996, 13.650862,810662.1956,810659.8443,-0.0954,-2.2484,-0.0076
603145215.5360055,52.418735, 13.649477,810663.9923,810661.6410,-0.0954,-2.2483,-0.0075
603145215.5854638,52.421583999999996, 13.648093,810661.7559,810659.4046,-0.0954,-2.2483,-0.0075
603145215.6349347,52.424434, 13.646707,810659.1392,810656.7879,-0.0955,-2.2483,-0.0075
603145215.6843929,52.427284, 13.645322,810659.6939,810657.3426,-0.0955,-2.2483,-0.0075
603145215.7338512,52.430133, 13.643937,810660.6038,810658.2525,-0.0955,-2.2483,-0.0075
603145215.7833095,52.432981999999996, 13.642552,810661.7317,810659.3804,-0.0955,-2.2483,-0.0075
603145215.8327806,52.435832, 13.641166,810662.5279,810660.1766,-0.0955,-2.2483,-0.0075
603145215.882226,52.438680999999995, 13.639781,810662.7171,810660.3658,-0.0956,-2.2482,-0.0075
603145215.9316969,52.441531, 13.638395,810663.0334,810660.6821,-0.0956,-2.2482,-0.0075
603145215.9811425,52.444379999999995, 13.637008999999999,810663.1488,810660.7975,-0.0956,-2.2482,-0.0075
603145216.0306146,52.44723, 13.635622999999999,810664.7883,810662.4370,-0.0956,-2.2482,-0.0075
603145216.0800607,52.450078, 13.634236999999999,810660.8601,810658.5089,-0.0956,-2.2481,-0.0075
603145216.1295321,52.452928, 13.63285,810661.9887,810659.6375,-0.0956,-2.2481,-0.0075
603145216.1789908,52.455777999999995, 13.631463,810661.9106,810659.5594,-0.0957,-2.2480,-0.0075
603145216.2284496,52.458627, 13.630077,810662.1838,810659.8327,-0.0957,-2.2480,-0.0075
603145216.2779083,52.461476, 13.628689999999999,810665.2425,810662.8914,-0.0957,-2.2479,-0.0075
603145216.3273671,52.464324999999995, 13.627303,810667.1690,810664.8179,-0.0957,-2.2479,-0.0075
603145216.3768258,52.467174, 13.625916,810667.4509,810665.0999,-0.0957,-2.2478,-0.0075
605478011.579262,52.332733, 13.698203999999999,810417.2888,810414.9241,-0.0789,-2.2750,-0.0108
605478011.6287079,52.335583, 13.696824999999999,810417.1139,810414.7492,-0.0789,-2.2750,-0.0108
605478011.6781414,52.338431, 13.695445999999999,810416.4927,810414.1280,-0.0789,-2.2750,-0.0108
605478011.7275872,52.341280999999995, 13.694066999999999,810408.6381,810406.2734,-0.0789,-2.2750,-0.0108
605478011.7770333,52.34413, 13.692687,810409.3586,810406.9939,-0.0789,-2.2749,-0.0108
605478011.8264794,52.346979, 13.691307,810417.7761,810415.4114,-0.0789,-2.2749,-0.0108
605478011.8758998,52.349827, 13.689928,810418.3878,810416.0231,-0.0790,-2.2749,-0.0108
605478011.9253459,52.352677, 13.688547999999999,810420.2128,810417.8481,-0.0790,-2.2749,-0.0108
605478011.9747918,52.355526, 13.687166999999999,810421.2144,810418.8497,-0.0790,-2.2749,-0.0108
605478012.0242374,52.358374999999995, 13.685787,810411.7344,810409.3697,-0.0790,-2.2749,-0.0108
605478012.0736837,52.361224, 13.684406,810412.0327,810409.6681,-0.0789,-2.2749,-0.0108
605478012.1231294,52.364073999999995, 13.683026,810414.3676,810412.0030,-0.0789,-2.2749,-0.0108
605478012.1725748,52.366923, 13.681645,810414.6921,810412.3276,-0.0789,-2.2749,-0.0108
605478012.2220204,52.369772, 13.680264,810415.6766,810413.3121,-0.0788,-2.2749,-0.0108
605478012.2714531,52.37262, 13.678882999999999,810417.0240,810414.6596,-0.0788,-2.2748,-0.0108
605478012.3208988,52.37547, 13.677501999999999,810418.7529,810416.3885,-0.0787,-2.2748,-0.0108
605478012.3703442,52.378319, 13.67612,810418.4515,810416.0872,-0.0787,-2.2748,-0.0108
605478012.4197898,52.381167999999995, 13.674738999999999,810419.1638,810416.7995,-0.0787,-2.2748,-0.0108
605478012.4692352,52.384017, 13.673357,810419.6797,810417.3155,-0.0786,-2.2748,-0.0108
605478012.5186803,52.386866, 13.671975,810420.3298,810417.9656,-0.0786,-2.2748,-0.0108
605478012.568126,52.389714999999995, 13.670593,810422.0542,810419.6901,-0.0785,-2.2748,-0.0108
605478012.6175714,52.392564, 13.669210999999999,810422.8256,810420.4615,-0.0785,-2.2748,-0.0108
605478012.6670041,52.395413, 13.667829,810422.7143,810420.3503,-0.0785,-2.2748,-0.0108
605478012.7164624,52.398261999999995, 13.666445999999999,810423.2447,810420.8807,-0.0784,-2.2748,-0.0108
605478012.765908,52.401112, 13.665063,810423.6391,810421.2752,-0.0784,-2.2747,-0.0108
605478012.8153408,52.40396, 13.663680999999999,810424.0232,810421.6593,-0.0783,-2.2747,-0.0108
605478012.8647861,52.406808999999996, 13.662298,810424.5761,810422.2123,-0.0783,-2.2747,-0.0108
605478012.9142189,52.409656999999996, 13.660915,810423.3147,810420.9509,-0.0783,-2.2747,-0.0108
605478012.9636648,52.412506, 13.659531999999999,810422.5247,810420.1610,-0.0782,-2.2747,-0.0108
605478013.0130966,52.415354, 13.658149,810422.5475,810420.1838,-0.0782,-2.2747,-0.0108
605478013.0625422,52.418203, 13.656765,810423.1374,810420.7737,-0.0782,-2.2747,-0.0108
605478013.1119876,52.421051999999996, 13.655382,810423.8893,810421.5256,-0.0781,-2.2747,-0.0108
605478013.1614332,52.423901, 13.653998,810429.8330,810427.4694,-0.0781,-2.2747,-0.0108
605478013.210866,52.426749, 13.652614,810429.3098,810426.9462,-0.0781,-2.2748,-0.0108
605478013.2602992,52.429598, 13.65123,810429.7796,810427.4160,-0.0780,-2.2748,-0.0108
605478013.3097324,52.432446, 13.649846,810431.5873,810429.2237,-0.0780,-2.2748,-0.0108
605478013.3591785,52.435294999999996, 13.648461999999999,810432.7919,810430.4283,-0.0780,-2.2748,-0.0108
605478013.4086118,52.438143, 13.647077,810433.5771,810431.2136,-0.0780,-2.2748,-0.0108
605478013.4580576,52.440991999999994, 13.645693,810433.7825,810431.4190,-0.0779,-2.2748,-0.0108
605478013.5074909,52.443839999999994, 13.644307999999999,810433.6970,810431.3335,-0.0779,-2.2749,-0.0107
605478013.556937,52.446689, 13.642923,810432.1598,810429.7963,-0.0779,-2.2749,-0.0107
605478013.6063828,52.449538, 13.641537999999999,810429.4586,810427.0951,-0.0778,-2.2749,-0.0107
605478013.6558161,52.452386, 13.640153,810430.0170,810427.6536,-0.0778,-2.2749,-0.0107
605478013.7052488,52.455234, 13.638767,810430.4411,810428.0777,-0.0778,-2.2749,-0.0107
605478013.7546945,52.458082999999995, 13.637381999999999,810431.3721,810429.0087,-0.0777,-2.2749,-0.0107
605478013.8041399,52.460930999999995, 13.635995999999999,810432.3467,810429.9833,-0.0777,-2.2749,-0.0107
605478013.8535726,52.46378, 13.634609999999999,810435.1402,810432.7768,-0.0777,-2.2750,-0.0107
605478013.9030309,52.466629, 13.633224,810436.1096,810433.7463,-0.0777,-2.2750,-0.0107
605478013.9524639,52.469477, 13.631838,810437.2636,810434.9003,-0.0776,-2.2750,-0.0107
607810816.3216171,52.332547999999996, 13.681051,810361.3568,810358.9533,-0.1132,-2.2800,-0.0103
607810816.3710499,52.335395999999996, 13.67967,810364.6272,810362.2237,-0.1132,-2.2800,-0.0103
607810816.4204826,52.338245, 13.678289999999999,810368.1512,810365.7477,-0.1132,-2.2800,-0.0103
607810816.4699156,52.341093, 13.676909,810350.8347,810348.4312,-0.1132,-2.2800,-0.0103
607810816.5193484,52.343942, 13.675528,810367.4011,810364.9977,-0.1131,-2.2801,-0.0102
607810816.5687816,52.34679, 13.674147,810368.7455,810366.3421,-0.1131,-2.2801,-0.0102
607810816.6182277,52.349638999999996, 13.672765,810369.9704,810367.5670,-0.1131,-2.2801,-0.0102
607810816.667661,52.352486999999996, 13.671384,810367.3008,810364.8974,-0.1131,-2.2801,-0.0102
607810816.7170944,52.355335999999994, 13.670003,810367.8857,810365.4823,-0.1131,-2.2801,-0.0102
607810816.7665277,52.358183999999994, 13.668621,810368.5570,810366.1536,-0.1131,-2.2801,-0.0102
607810816.8159609,52.361033, 13.667238999999999,810369.2198,810366.8164,-0.1131,-2.2801,-0.0102
607810816.8654068,52.363882, 13.665856999999999,810369.7600,810367.3566,-0.1131,-2.2801,-0.0102
607810816.91484,52.36673, 13.664475,810371.6570,810369.2536,-0.1131,-2.2801,-0.0102
607810816.964273,52.369578, 13.663093,810371.8789,810369.4755,-0.1131,-2.2801,-0.0102
607810817.0137057,52.372426, 13.66171,810371.7586,810369.3552,-0.1131,-2.2801,-0.0102
607810817.0631397,52.375274999999995, 13.660328,810372.3357,810369.9322,-0.1131,-2.2801,-0.0102
607810817.1125724,52.378122999999995, 13.658945,810373.0094,810370.6059,-0.1131,-2.2802,-0.0102
607810817.1620181,52.380972, 13.657561999999999,810373.6855,810371.2820,-0.1131,-2.2802,-0.0102
607810817.2114635,52.383821, 13.656177999999999,810374.2227,810371.8191,-0.1131,-2.2802,-0.0102
607810817.2608962,52.386669, 13.654795,810374.8793,810372.4757,-0.1131,-2.2803,-0.0102
607810817.310329,52.389517, 13.653412,810375.5561,810373.1525,-0.1131,-2.2803,-0.0102
607810817.3597617,52.392365, 13.652028999999999,810376.0856,810373.6819,-0.1131,-2.2804,-0.0102
607810817.4092071,52.395213999999996, 13.650644999999999,810376.7650,810374.3613,-0.1131,-2.2804,-0.0102
607810817.4586399,52.398061999999996, 13.649261,810377.6186,810375.2148,-0.1131,-2.2804,-0.0102
607810817.5080726,52.400909999999996, 13.647877,810378.3700,810375.9662,-0.1132,-2.2805,-0.0102
607810817.5575054,52.403757999999996, 13.646493,810379.2705,810376.8667,-0.1132,-2.2805,-0.0102
607810817.606951,52.406607, 13.645107999999999,810378.9970,810376.5931,-0.1132,-2.2805,-0.0102
607810817.6563964,52.409456, 13.643723999999999,810378.9572,810376.5533,-0.1132,-2.2806,-0.0102
607810817.7058291,52.412304, 13.642339,810379.6158,810377.2118,-0.1132,-2.2806,-0.0102
607810817.7552748,52.415153, 13.640953999999999,810390.0673,810387.6633,-0.1132,-2.2806,-0.0102
607810817.8047075,52.418001, 13.639569,810384.3304,810381.9264,-0.1132,-2.2807,-0.0102
607810817.8541403,52.420849, 13.638183999999999,810382.7933,810380.3892,-0.1132,-2.2807,-0.0102
607810817.9035859,52.423697999999995, 13.636799,810383.0481,810380.6440,-0.1132,-2.2807,-0.0102
607810817.9530187,52.426545999999995, 13.635413999999999,810383.7598,810381.3556,-0.1132,-2.2808,-0.0102
607810818.0024514,52.429393999999995, 13.634027999999999,810384.4347,810382.0305,-0.1132,-2.2808,-0.0102
607810818.0518961,52.432241999999995, 13.632641999999999,810384.9686,810382.5644,-0.1132,-2.2808,-0.0102
607810818.1013288,52.435089999999995, 13.631257,810385.6606,810383.2564,-0.1132,-2.2808,-0.0102
607810818.150774,52.437939, 13.629869999999999,810386.3258,810383.9216,-0.1132,-2.2808,-0.0102
607810818.200207,52.440787, 13.628484,810386.8684,810384.4642,-0.1132,-2.2809,-0.0102
607810818.2496529,52.443636, 13.627098,810387.5489,810385.1447,-0.1132,-2.2809,-0.0102
607810818.2990863,52.446484, 13.625712,810388.0730,810385.6687,-0.1132,-2.2809,-0.0102
607810818.3485196,52.449332, 13.624324999999999,810388.8228,810386.4185,-0.1132,-2.2809,-0.0102
607810818.3979528,52.452179, 13.622938,810390.2716,810387.8673,-0.1132,-2.2809,-0.0102
607810818.447386,52.455026999999994, 13.621552,810397.9985,810395.5942,-0.1132,-2.2809,-0.0102
607810818.4968321,52.457876, 13.620163999999999,810390.2968,810387.8925,-0.1132,-2.2809,-0.0102
607810818.5462782,52.460725, 13.618777,810391.0288,810388.6245,-0.1131,-2.2810,-0.0102
607810818.5957115,52.463572, 13.617389999999999,810391.4764,810389.0721,-0.1131,-2.2810,-0.0102
607810818.6451571,52.466421, 13.616002,810391.7107,810389.3064,-0.1131,-2.2810,-0.0102
607810818.6945901,52.469269, 13.614614,810391.0736,810388.6693,-0.1131,-2.2810,-0.0102
610143619.7033229,52.332026, 13.683911,810527.4169,810525.0149,-0.1122,-2.2747,-0.0150
610143619.7527683,52.334875, 13.682530999999999,810532.5185,810530.1165,-0.1122,-2.2747,-0.0150
610143619.8022139,52.337723999999994, 13.681151,810533.8825,810531.4806,-0.1122,-2.2747,-0.0150
610143619.8516595,52.340573, 13.67977,810532.9489,810530.5470,-0.1122,-2.2747,-0.0150
610143619.9011049,52.343422, 13.678389,810533.8188,810531.4169,-0.1121,-2.2747,-0.0150
610143619.9505503,52.346270999999994, 13.677009,810534.8322,810532.4304,-0.1121,-2.2747,-0.0150
610143619.999996,52.34912, 13.675628,810538.0346,810535.6328,-0.1121,-2.2747,-0.0150
610143620.0494552,52.351969999999994, 13.674246,810537.7724,810535.3707,-0.1120,-2.2747,-0.0150
610143620.0989006,52.354819, 13.672865,810534.0630,810531.6614,-0.1120,-2.2746,-0.0150
610143620.1483588,52.357668999999994, 13.671482999999998,810534.6348,810532.2333,-0.1119,-2.2746,-0.0150
610143620.1978045,52.360518, 13.670100999999999,810535.3566,810532.9552,-0.1118,-2.2746,-0.0150
610143620.2472498,52.363367, 13.668719,810536.0289,810533.6276,-0.1118,-2.2746,-0.0150
610143620.2966952,52.366215, 13.667337999999999,810537.3976,810534.9964,-0.1117,-2.2745,-0.0150
610143620.3461409,52.369063999999995, 13.665954999999999,810538.9929,810536.5918,-0.1116,-2.2745,-0.0150
610143620.3955991,52.371914, 13.664572999999999,810539.1010,810536.7000,-0.1115,-2.2745,-0.0150
610143620.4450448,52.374762999999994, 13.66319,810538.5463,810536.1454,-0.1115,-2.2744,-0.0150
610143620.4944901,52.377612, 13.661807999999999,810539.1965,810536.7957,-0.1114,-2.2744,-0.0150
610143620.5439358,52.380461, 13.660425,810539.8846,810537.4839,-0.1113,-2.2744,-0.0150
610143620.593394,52.383309999999994, 13.659042,810540.6646,810538.2640,-0.1113,-2.2743,-0.0150
610143620.6428394,52.386159, 13.657658999999999,810541.4509,810539.0504,-0.1112,-2.2743,-0.0150
610143620.6922851,52.389008, 13.656276,810541.7673,810539.3669,-0.1111,-2.2743,-0.0150
610143620.7417312,52.391856999999995, 13.654893,810542.3036,810539.9033,-0.1111,-2.2743,-0.0150
610143620.7911899,52.394706, 13.653509,810542.8503,810540.4501,-0.1110,-2.2742,-0.0150
610143620.840636,52.397555, 13.652125,810543.5428,810541.1427,-0.1109,-2.2742,-0.0150
610143620.8900819,52.400403999999995, 13.650741,810544.3646,810541.9646,-0.1109,-2.2742,-0.0150
610143620.939528,52.403253, 13.649358,810545.7528,810543.3529,-0.1108,-2.2741,-0.0150
610143620.9889741,52.406102, 13.647972999999999,810546.6312,810544.2314,-0.1107,-2.2741,-0.0150
610143621.03842,52.40895, 13.646588999999999,810547.5270,810545.1272,-0.1106,-2.2741,-0.0150
610143621.0878775,52.4118, 13.645204999999999,810546.2705,810543.8707,-0.1106,-2.2742,-0.0150
610143621.1373234,52.414649, 13.64382,810545.0772,810542.6775,-0.1105,-2.2743,-0.0150
610143621.1867816,52.417497999999995, 13.642434999999999,810552.0138,810549.6141,-0.1104,-2.2743,-0.0150
610143621.236227,52.420347, 13.64105,810549.3226,810546.9229,-0.1104,-2.2744,-0.0150
610143621.2856853,52.423196, 13.639664999999999,810549.6886,810547.2889,-0.1103,-2.2744,-0.0150
610143621.3351309,52.426044999999995, 13.63828,810550.1238,810547.7241,-0.1102,-2.2745,-0.0150
610143621.3845763,52.428892999999995, 13.636894999999999,810550.6681,810548.2685,-0.1102,-2.2745,-0.0150
610143621.434022,52.431742, 13.635508999999999,810551.4845,810549.0849,-0.1101,-2.2746,-0.0150
610143621.4834673,52.434591, 13.634124,810552.1828,810549.7832,-0.1100,-2.2746,-0.0150
610143621.5329256,52.437439999999995, 13.632736999999999,810552.6573,810550.2577,-0.1100,-2.2747,-0.0149
610143621.5823712,52.440289, 13.631352,810553.2657,810550.8661,-0.1099,-2.2747,-0.0149
610143621.6318295,52.443138, 13.629964999999999,810553.7821,810551.3826,-0.1098,-2.2748,-0.0149
610143621.6812749,52.445986999999995, 13.628579,810553.5647,810551.1652,-0.1097,-2.2748,-0.0149
610143621.7307205,52.448834999999995, 13.627193,810550.6634,810548.2639,-0.1097,-2.2749,-0.0149
610143621.7801659,52.451684, 13.625805999999999,810551.6452,810549.2457,-0.1096,-2.2750,-0.0149
610143621.8296115,52.454532, 13.624419999999999,810552.0593,810549.6598,-0.1095,-2.2750,-0.0149
610143621.8790696,52.457381999999996, 13.623032,810552.6507,810550.2513,-0.1095,-2.2751,-0.0149
610143621.9285023,52.460229, 13.621646,810557.2751,810554.8757,-0.1094,-2.2751,-0.0149
610143621.9779606,52.463079, 13.620258,810557.5604,810555.1610,-0.1093,-2.2752,-0.0149
610143622.0274198,52.465928, 13.618870999999999,810558.0711,810555.6717,-0.1093,-2.2752,-0.0149
610143622.0768654,52.468776, 13.617483,810557.5547,810555.1554,-0.1092,-2.2752,-0.0149
612476419.7465281,52.330754, 13.691460999999999,810597.4842,810595.0883,-0.0630,-2.3179,-0.0150
612476419.7959864,52.333604, 13.69008,810597.6809,810595.2850,-0.0629,-2.3180,-0.0150
612476419.8454444,52.336453, 13.688699999999999,810599.3064,810596.9105,-0.0629,-2.3180,-0.0150
612476419.8948901,52.339303, 13.68732,810599.0689,810596.6731,-0.0629,-2.3180,-0.0150
612476419.9443483,52.342152, 13.685939,810599.9227,810597.5269,-0.0628,-2.3180,-0.0150
612476419.9938066,52.345002, 13.684557999999999,810600.0182,810597.6224,-0.0628,-2.3180,-0.0150
612476420.0432637,52.347851999999996, 13.683176999999999,810600.1322,810597.7364,-0.0628,-2.3180,-0.0150
612476420.0927091,52.350701, 13.681797,810601.0673,810598.6716,-0.0627,-2.3180,-0.0150
612476420.1421547,52.35355, 13.680416,810602.3364,810599.9408,-0.0627,-2.3179,-0.0150
612476420.191613,52.3564, 13.679034,810596.8665,810594.4709,-0.0627,-2.3179,-0.0150
612476420.2410712,52.359249, 13.677653,810597.4323,810595.0368,-0.0627,-2.3179,-0.0150
612476420.2905421,52.3621, 13.676271,810598.1165,810595.7210,-0.0626,-2.3179,-0.0150
612476420.3399878,52.364948999999996, 13.674888999999999,810598.7789,810596.3835,-0.0626,-2.3179,-0.0150
612476420.3894465,52.367798, 13.673506999999999,810599.4289,810597.0335,-0.0626,-2.3178,-0.0150
612476420.4388926,52.370647, 13.672125,810599.9604,810597.5651,-0.0625,-2.3178,-0.0150
612476420.4883513,52.373497, 13.670743,810601.6108,810599.2155,-0.0625,-2.3178,-0.0150
612476420.5377972,52.376346, 13.669360999999999,810601.3154,810598.9202,-0.0625,-2.3178,-0.0149
612476420.587256,52.379196, 13.667978,810601.9048,810599.5096,-0.0624,-2.3178,-0.0149
612476420.6367021,52.382044, 13.666596,810602.5741,810600.1790,-0.0624,-2.3177,-0.0149
612476420.6861608,52.384893999999996, 13.665213,810603.7338,810601.3388,-0.0624,-2.3177,-0.0149
612476420.7356069,52.387743, 13.663829999999999,810604.6769,810602.2819,-0.0624,-2.3177,-0.0149
612476420.7850654,52.390592, 13.662447,810604.9036,810602.5087,-0.0623,-2.3177,-0.0149
612476420.834511,52.393440999999996, 13.661064,810605.3347,810602.9398,-0.0623,-2.3177,-0.0149
612476420.8839564,52.39629, 13.659680999999999,810605.7362,810603.3414,-0.0623,-2.3176,-0.0149
612476420.9334273,52.399139999999996, 13.658296,810606.3092,810603.9144,-0.0622,-2.3176,-0.0149
612476420.982873,52.401989, 13.656913,810607.0096,810604.6149,-0.0622,-2.3176,-0.0149
612476421.0323312,52.404838999999996, 13.655529,810608.9174,810606.5227,-0.0622,-2.3176,-0.0149
612476421.0817904,52.407688, 13.654145,810610.1222,810607.7274,-0.0622,-2.3177,-0.0149
612476421.1312361,52.410537, 13.652761,810610.7648,810608.3700,-0.0622,-2.3178,-0.0149
612476421.180707,52.413387, 13.651375999999999,810611.5862,810609.1913,-0.0621,-2.3178,-0.0149
612476421.2301524,52.416236, 13.649992,810612.8286,810610.4337,-0.0621,-2.3179,-0.0149
612476421.279598,52.419084999999995, 13.648607,810616.5390,810614.1440,-0.0621,-2.3179,-0.0149
612476421.3290689,52.421935, 13.647222,810615.1450,810612.7500,-0.0621,-2.3180,-0.0149
612476421.3785145,52.424783, 13.645837,810614.9299,810612.5349,-0.0621,-2.3181,-0.0149
612476421.4279854,52.427633, 13.644452,810614.8489,810612.4538,-0.0621,-2.3181,-0.0149
612476421.4774308,52.430482, 13.643066999999999,810616.2485,810613.8534,-0.0621,-2.3182,-0.0149
612476421.526902,52.433332, 13.641681,810617.3181,810614.9229,-0.0620,-2.3182,-0.0149
612476421.5763471,52.436181, 13.640296,810618.1184,810615.7232,-0.0620,-2.3183,-0.0149
612476421.6258054,52.439029999999995, 13.63891,810617.4986,810615.1033,-0.0620,-2.3184,-0.0149
612476421.6752508,52.441879, 13.637523999999999,810615.8105,810613.4152,-0.0620,-2.3184,-0.0149
612476421.724709,52.444728, 13.636137999999999,810616.3550,810613.9596,-0.0620,-2.3185,-0.0149
612476421.7741547,52.447576999999995, 13.634751999999999,810616.9711,810614.5757,-0.0620,-2.3185,-0.0149
612476421.8236256,52.450427, 13.633365,810617.5031,810615.1077,-0.0620,-2.3186,-0.0149
612476421.8730712,52.453275, 13.631979,810620.2922,810617.8967,-0.0619,-2.3186,-0.0149
612476421.9225295,52.456123999999996, 13.630593,810629.8850,810627.4895,-0.0619,-2.3187,-0.0149
612476421.9719877,52.458974, 13.629206,810630.3354,810627.9398,-0.0619,-2.3188,-0.0149
612476422.0214322,52.461822, 13.627818999999999,810619.8033,810617.4077,-0.0619,-2.3188,-0.0149
612476422.0708909,52.464670999999996, 13.626432,810620.1303,810617.7347,-0.0619,-2.3188,-0.0149
612476422.1203496,52.467521, 13.625043999999999,810620.3839,810617.9884,-0.0619,-2.3188,-0.0149
614809219.0106921,52.331095999999995, 13.695637999999999,810436.0370,810433.5454,-0.1628,-2.3109,-0.0179
614809219.0601377,52.333946, 13.694258,810436.2768,810433.7852,-0.1629,-2.3109,-0.0179
614809219.1095834,52.336794999999995, 13.692879,810435.5103,810433.0186,-0.1629,-2.3108,-0.0179
614809219.1590288,52.339644, 13.691498999999999,810436.9333,810434.4416,-0.1630,-2.3108,-0.0179
614809219.2084491,52.342492, 13.690119,810434.8169,810432.3252,-0.1631,-2.3108,-0.0179
614809219.257895,52.345341, 13.688739,810435.2801,810432.7883,-0.1631,-2.3108,-0.0179
614809219.3073411,52.348189999999995, 13.687358,810434.9311,810432.4393,-0.1632,-2.3107,-0.0179
614809219.3567872,52.35104, 13.685977999999999,810435.3621,810432.8703,-0.1632,-2.3107,-0.0179
614809219.4062331,52.353888999999995, 13.684597,810434.5690,810432.0771,-0.1633,-2.3107,-0.0179
614809219.4556792,52.356738, 13.683216,810435.3243,810432.8324,-0.1633,-2.3107,-0.0179
614809219.5051253,52.359587, 13.681835,810434.2620,810431.7700,-0.1634,-2.3106,-0.0179
614809219.5545712,52.362435999999995, 13.680454,810434.8498,810432.3578,-0.1635,-2.3106,-0.0179
614809219.6040173,52.365285, 13.679072999999999,810435.5072,810433.0152,-0.1635,-2.3106,-0.0179
614809219.65345,52.368134, 13.677691999999999,810436.0414,810433.5493,-0.1636,-2.3106,-0.0179
614809219.7028956,52.370982999999995, 13.676309999999999,810437.8201,810435.3280,-0.1636,-2.3105,-0.0179
614809219.7523413,52.373832, 13.674928,810439.7896,810437.2975,-0.1637,-2.3105,-0.0179
614809219.801774,52.37668, 13.673547,810438.0199,810435.5277,-0.1638,-2.3105,-0.0179
614809219.8512194,52.379529, 13.672163999999999,810438.6153,810436.1231,-0.1638,-2.3105,-0.0179
614809219.900665,52.382377999999996, 13.670781999999999,810439.3659,810436.8737,-0.1639,-2.3104,-0.0179
614809219.9501104,52.385227, 13.6694,810440.3336,810437.8413,-0.1639,-2.3104,-0.0179
614809219.9995561,52.388076999999996, 13.668016999999999,810441.2187,810438.7264,-0.1640,-2.3104,-0.0179
614809220.0490131,52.390926, 13.666634,810441.8576,810439.3651,-0.1641,-2.3105,-0.0179
614809220.0984459,52.393774, 13.665251999999999,810442.5109,810440.0183,-0.1642,-2.3105,-0.0179
614809220.1478913,52.396623, 13.663869,810442.9281,810440.4353,-0.1643,-2.3106,-0.0179
614809220.197324,52.399471999999996, 13.662486,810442.9621,810440.4692,-0.1644,-2.3106,-0.0179
614809220.246757,52.402319999999996, 13.661102999999999,810443.5543,810441.0612,-0.1645,-2.3107,-0.0179
614809220.2962024,52.405169, 13.65972,810444.1831,810441.6899,-0.1646,-2.3108,-0.0179
614809220.3456607,52.408018, 13.658336,810444.9597,810442.4663,-0.1647,-2.3108,-0.0179
614809220.3950934,52.410866999999996, 13.656951999999999,810448.2666,810445.7731,-0.1648,-2.3109,-0.0179
614809220.4445262,52.413714999999996, 13.655569,810449.0031,810446.5094,-0.1648,-2.3109,-0.0179
614809220.493959,52.416563, 13.654185,810450.5008,810448.0070,-0.1649,-2.3110,-0.0179
614809220.5434046,52.419411999999994, 13.652801,810453.7603,810451.2663,-0.1650,-2.3111,-0.0179
614809220.59285,52.422261, 13.651416999999999,810447.9070,810445.4129,-0.1651,-2.3111,-0.0179
614809220.6422827,52.425109, 13.650032,810448.2862,810445.7919,-0.1652,-2.3112,-0.0179
614809220.6917155,52.427957, 13.648648,810449.1752,810446.6808,-0.1653,-2.3112,-0.0179
614809220.7411737,52.430806, 13.647262999999999,810449.9980,810447.5034,-0.1654,-2.3113,-0.0179
614809220.7906067,52.433654, 13.645878,810450.6023,810448.1075,-0.1655,-2.3113,-0.0179
614809220.8400395,52.436502, 13.644494,810451.2392,810448.7443,-0.1656,-2.3114,-0.0179
614809220.8894978,52.439352, 13.643108,810451.8543,810449.3592,-0.1657,-2.3115,-0.0179
614809220.938931,52.4422, 13.641722999999999,810452.5005,810450.0053,-0.1658,-2.3115,-0.0179
614809220.9883645,52.445048, 13.640338,810452.9854,810450.4900,-0.1659,-2.3116,-0.0179
614809221.037811,52.447897, 13.638952,810453.3600,810450.8646,-0.1659,-2.3116,-0.0179
614809221.0872574,52.450745999999995, 13.637566,810455.5304,810453.0349,-0.1660,-2.3116,-0.0179
614809221.1367035,52.453593999999995, 13.63618,810467.8583,810465.3628,-0.1661,-2.3115,-0.0179
614809221.1861494,52.456443, 13.634794,810465.4308,810462.9352,-0.1661,-2.3115,-0.0179
614809221.2355828,52.459291, 13.633408,810467.6909,810465.1953,-0.1662,-2.3115,-0.0179
614809221.2850287,52.46214, 13.632021,810470.2048,810467.7091,-0.1663,-2.3115,-0.0179
614809221.3344617,52.464988, 13.630635,810456.5228,810454.0271,-0.1663,-2.3115,-0.0179
614809221.3839073,52.467836, 13.629247999999999,810456.9838,810454.4881,-0.1664,-2.3114,-0.0179
617142018.2471423,52.332034, 13.694752,810281.4084,810278.8243,-0.2526,-2.3147,-0.0169
617142018.2965624,52.334882, 13.693373,810289.9662,810287.3821,-0.2525,-2.3147,-0.0169
617142018.3459952,52.33773, 13.691993,810289.2288,810286.6448,-0.2525,-2.3146,-0.0169
617142018.395428,52.340579, 13.690614,810289.5231,810286.9391,-0.2525,-2.3146,-0.0169
617142018.4448481,52.343427, 13.689235,810289.6207,810287.0368,-0.2525,-2.3146,-0.0169
617142018.4942682,52.346275, 13.687854999999999,810290.5102,810287.9263,-0.2525,-2.3146,-0.0169
617142018.5437009,52.349123, 13.686475,810289.4876,810286.9037,-0.2525,-2.3145,-0.0168
617142018.5931337,52.351971999999996, 13.685094999999999,810289.4980,810286.9142,-0.2525,-2.3145,-0.0168
617142018.6425664,52.354821, 13.683715,810290.4175,810287.8337,-0.2525,-2.3145,-0.0168
617142018.6919866,52.357668, 13.682335,810294.7516,810292.1679,-0.2525,-2.3145,-0.0168
617142018.7414193,52.360516999999994, 13.680954,810289.3444,810286.7607,-0.2525,-2.3144,-0.0168
617142018.7908521,52.363364999999995, 13.679573999999999,810289.8925,810287.3088,-0.2524,-2.3144,-0.0168
617142018.8402848,52.366214, 13.678193,810290.5827,810287.9991,-0.2524,-2.3144,-0.0168
617142018.8897176,52.369063, 13.676812,810291.2257,810288.6421,-0.2524,-2.3144,-0.0168
617142018.9391503,52.371911, 13.675431,810291.7400,810289.1565,-0.2524,-2.3143,-0.0168
617142018.9885831,52.374759999999995, 13.67405,810292.8777,810290.2942,-0.2524,-2.3143,-0.0168
617142019.0380168,52.377607999999995, 13.672668,810293.1381,810290.5545,-0.2524,-2.3143,-0.0168
617142019.0874369,52.380455999999995, 13.671287,810293.7938,810291.2101,-0.2525,-2.3144,-0.0168
617142019.1368697,52.383303999999995, 13.669905,810294.4972,810291.9135,-0.2525,-2.3145,-0.0168
617142019.1863024,52.386153, 13.668522999999999,810295.2154,810292.6316,-0.2525,-2.3145,-0.0168
617142019.2357352,52.389001, 13.667140999999999,810296.4195,810293.8356,-0.2525,-2.3146,-0.0168
617142019.2851679,52.39185, 13.665759,810297.0909,810294.5069,-0.2526,-2.3146,-0.0168
617142019.3346009,52.394698, 13.664377,810297.4140,810294.8299,-0.2526,-2.3147,-0.0168
617142019.3840337,52.397546, 13.662994,810297.5320,810294.9478,-0.2526,-2.3148,-0.0168
617142019.4334664,52.400394999999996, 13.661610999999999,810298.1059,810295.5216,-0.2527,-2.3148,-0.0168
617142019.4828992,52.403242999999996, 13.660229,810298.7536,810296.1692,-0.2527,-2.3149,-0.0168
617142019.5323322,52.406090999999996, 13.658845999999999,810299.4174,810296.8329,-0.2527,-2.3149,-0.0168
617142019.5817528,52.408939, 13.657463,810302.6234,810300.0389,-0.2527,-2.3150,-0.0168
617142019.6311989,52.411787999999994, 13.656079,810303.2679,810300.6833,-0.2528,-2.3151,-0.0168
617142019.6806321,52.414635999999994, 13.654696,810303.8571,810301.2724,-0.2528,-2.3151,-0.0168
617142019.7300527,52.417483999999995, 13.653312999999999,810304.8369,810302.2521,-0.2528,-2.3152,-0.0168
617142019.779486,52.420331999999995, 13.651928999999999,810309.3871,810306.8022,-0.2529,-2.3152,-0.0168
617142019.828932,52.423181, 13.650545,810303.1877,810300.6027,-0.2529,-2.3153,-0.0168
617142019.8783653,52.42603, 13.649161,810303.8335,810301.2484,-0.2529,-2.3154,-0.0168
617142019.9277859,52.428877, 13.647777,810304.4747,810301.8895,-0.2530,-2.3154,-0.0168
617142019.9772186,52.431725, 13.646393,810305.3285,810302.7432,-0.2530,-2.3155,-0.0168
617142020.0266387,52.434573, 13.645009,810306.1532,810303.5679,-0.2530,-2.3155,-0.0168
617142020.076083,52.437422, 13.643623999999999,810306.9610,810304.3757,-0.2530,-2.3155,-0.0168
617142020.1255157,52.44027, 13.642239,810307.5914,810305.0060,-0.2531,-2.3155,-0.0168
617142020.1749358,52.443117, 13.640854,810307.9667,810305.3813,-0.2531,-2.3155,-0.0168
617142020.2243686,52.445966, 13.639469,810308.1812,810305.5958,-0.2531,-2.3155,-0.0168
617142020.2738016,52.448814, 13.638084,810309.8366,810307.2511,-0.2531,-2.3155,-0.0168
617142020.323247,52.451662999999996, 13.636697999999999,810305.0093,810302.4238,-0.2532,-2.3155,-0.0168
617142020.3726671,52.45451, 13.635313,810313.3847,810310.7992,-0.2532,-2.3155,-0.0168
617142020.422087,52.457356999999995, 13.633928,810321.8124,810319.2268,-0.2532,-2.3155,-0.0168
617142020.4715326,52.460206, 13.632541999999999,810323.3321,810320.7465,-0.2532,-2.3155,-0.0168
617142020.5209653,52.463054, 13.631155999999999,810311.0729,810308.4873,-0.2533,-2.3156,-0.0168
617142020.5703852,52.465902, 13.629769999999999,810312.0490,810309.4634,-0.2533,-2.3156,-0.0168
617142020.619818,52.46875, 13.628383,810311.9550,810309.3693,-0.2533,-2.3156,-0.0168
619474814.8073006,52.331198, 13.699354999999999,810381.4913,810378.9626,-0.2282,-2.2833,-0.0172
619474814.8567457,52.334047, 13.697975999999999,810402.4877,810399.9590,-0.2282,-2.2833,-0.0172
619474814.9061913,52.336897, 13.696596999999999,810402.4763,810399.9475,-0.2282,-2.2833,-0.0172
619474814.9556367,52.339746, 13.695217,810400.9116,810398.3828,-0.2283,-2.2833,-0.0172
619474815.0050695,52.342594, 13.693838,810394.6243,810392.0955,-0.2283,-2.2833,-0.0172
619474815.0545013,52.345442999999996, 13.692458,810401.8081,810399.2793,-0.2283,-2.2833,-0.0172
619474815.1039469,52.348292, 13.691078,810401.4772,810398.9485,-0.2282,-2.2833,-0.0172
619474815.1533923,52.351141999999996, 13.689698,810401.2578,810398.7291,-0.2282,-2.2833,-0.0172
619474815.202838,52.353991, 13.688317999999999,810401.2552,810398.7265,-0.2282,-2.2833,-0.0172
619474815.2522833,52.35684, 13.686938,810400.7205,810398.1918,-0.2282,-2.2833,-0.0172
619474815.301729,52.359688999999996, 13.685557,810399.9250,810397.3964,-0.2281,-2.2833,-0.0172
619474815.3511617,52.362538, 13.684177,810400.6584,810398.1298,-0.2281,-2.2833,-0.0172
619474815.4005945,52.365386, 13.682796,810401.2773,810398.7487,-0.2281,-2.2833,-0.0172
619474815.4500272,52.368235, 13.681415999999999,810401.9762,810399.4476,-0.2281,-2.2833,-0.0172
619474815.4994729,52.371083999999996, 13.680034,810402.5541,810400.0255,-0.2281,-2.2833,-0.0172
619474815.5489182,52.373933, 13.678652999999999,810404.6248,810402.0963,-0.2280,-2.2833,-0.0172
619474815.5983639,52.376782, 13.677271999999999,810403.9101,810401.3816,-0.2280,-2.2833,-0.0172
619474815.6478093,52.379630999999996, 13.675889999999999,810404.5250,810401.9965,-0.2280,-2.2833,-0.0172
619474815.6972549,52.382481, 13.674508,810405.1195,810402.5910,-0.2280,-2.2833,-0.0172
619474815.7466881,52.385329, 13.673127,810405.7877,810403.2593,-0.2279,-2.2833,-0.0172
619474815.7961214,52.388177, 13.671745,810406.4923,810403.9639,-0.2279,-2.2833,-0.0172
619474815.8455546,52.391026, 13.670363,810407.9176,810405.3892,-0.2279,-2.2833,-0.0172
619474815.8949878,52.393874, 13.668980999999999,810408.7480,810406.2196,-0.2279,-2.2833,-0.0172
619474815.9444339,52.396722999999994, 13.667599,810409.1336,810406.6053,-0.2278,-2.2833,-0.0172
619474815.9938798,52.399572, 13.666215999999999,810409.1137,810406.5854,-0.2278,-2.2833,-0.0172
619474816.0433261,52.402421999999994, 13.664833,810409.5353,810407.0070,-0.2278,-2.2833,-0.0172
619474816.0927603,52.405269999999994, 13.66345,810410.2363,810407.7080,-0.2277,-2.2833,-0.0172
619474816.1421936,52.408117999999995, 13.662068,810410.8893,810408.3611,-0.2277,-2.2834,-0.0172
619474816.1916261,52.410965999999995, 13.660684999999999,810411.3881,810408.8599,-0.2276,-2.2834,-0.0172
619474816.2410715,52.413815, 13.659301,810408.6996,810406.1714,-0.2276,-2.2834,-0.0172
619474816.2905171,52.416664, 13.657917999999999,810408.7768,810406.2486,-0.2275,-2.2834,-0.0172
619474816.3399498,52.419512999999995, 13.656533999999999,810421.4401,810418.9120,-0.2275,-2.2835,-0.0172
619474816.3893826,52.422360999999995, 13.655151,810422.2847,810419.7566,-0.2274,-2.2835,-0.0172
619474816.4388154,52.425208999999995, 13.653767,810414.6953,810412.1672,-0.2274,-2.2835,-0.0172
619474816.4882481,52.428056999999995, 13.652382999999999,810415.3847,810412.8566,-0.2274,-2.2835,-0.0172
619474816.5376937,52.430906, 13.650998999999999,810416.6837,810414.1557,-0.2273,-2.2836,-0.0171
619474816.5871265,52.433754, 13.649614999999999,810418.1871,810415.6591,-0.2273,-2.2836,-0.0171
619474816.6365592,52.436602, 13.64823,810419.0703,810416.5423,-0.2272,-2.2836,-0.0171
619474816.685992,52.439451, 13.646846,810419.7786,810417.2506,-0.2272,-2.2836,-0.0171
619474816.7354376,52.442299999999996, 13.645461,810419.8493,810417.3214,-0.2271,-2.2837,-0.0171
619474816.784883,52.445147999999996, 13.644076,810419.9217,810417.3938,-0.2271,-2.2837,-0.0171
619474816.8343158,52.447995999999996, 13.642691,810420.4698,810417.9419,-0.2270,-2.2837,-0.0171
619474816.8837612,52.450845, 13.641306,810415.8917,810413.3638,-0.2270,-2.2837,-0.0171
619474816.9332068,52.453694, 13.63992,810416.2816,810413.7538,-0.2270,-2.2838,-0.0171
619474816.9826396,52.456542, 13.638535,810416.9664,810414.4386,-0.2269,-2.2838,-0.0171
619474817.0320842,52.459391, 13.637148999999999,810436.5058,810433.9781,-0.2268,-2.2838,-0.0171
619474817.0815172,52.462239, 13.635762999999999,810437.8415,810435.3138,-0.2268,-2.2838,-0.0171
619474817.1309497,52.465087, 13.634376999999999,810439.3671,810436.8395,-0.2267,-2.2838,-0.0171
619474817.1803951,52.467935999999995, 13.632990999999999,810423.4662,810420.9387,-0.2266,-2.2838,-0.0171
621807615.7218032,52.330262999999995, 13.682193,810621.3070,810618.8642,-0.0980,-2.3318,-0.0130
621807615.7712486,52.333112, 13.680812999999999,810625.1957,810622.7530,-0.0979,-2.3318,-0.0130
621807615.8207068,52.335961999999995, 13.679432,810623.4625,810621.0198,-0.0979,-2.3318,-0.0130
621807615.8701525,52.338811, 13.678051,810626.5733,810624.1306,-0.0979,-2.3318,-0.0130
621807615.9196234,52.341660999999995, 13.676668999999999,810627.0276,810624.5850,-0.0978,-2.3318,-0.0130
621807615.9690816,52.344511, 13.675286999999999,810627.3149,810624.8723,-0.0978,-2.3318,-0.0130
621807616.0185263,52.347359, 13.673905999999999,810627.8887,810625.4461,-0.0978,-2.3318,-0.0130
621807616.0679843,52.350209, 13.672524,810629.3787,810626.9361,-0.0978,-2.3318,-0.0130
621807616.1174426,52.353058999999995, 13.671142,810627.8596,810625.4170,-0.0978,-2.3318,-0.0130
621807616.1669009,52.355908, 13.66976,810628.6604,810626.2178,-0.0978,-2.3318,-0.0130
621807616.2163465,52.358757, 13.668377999999999,810629.2268,810626.7842,-0.0978,-2.3318,-0.0130
621807616.2658179,52.361607, 13.666995,810629.8876,810627.4450,-0.0978,-2.3318,-0.0130
621807616.315264,52.364456, 13.665612999999999,810630.4297,810627.9871,-0.0978,-2.3318,-0.0130
621807616.3647099,52.367304999999995, 13.66423,810631.8782,810629.4356,-0.0978,-2.3318,-0.0130
621807616.4141686,52.370155, 13.662847,810632.7787,810630.3361,-0.0978,-2.3318,-0.0130
621807616.4636273,52.373003999999995, 13.661463999999999,810632.4146,810629.9720,-0.0978,-2.3318,-0.0130
621807616.5130734,52.375853, 13.660081,810633.0197,810630.5771,-0.0978,-2.3319,-0.0129
621807616.5625322,52.378702, 13.658698,810633.7187,810631.2761,-0.0978,-2.3319,-0.0129
621807616.6120036,52.381553, 13.657314,810634.3866,810631.9440,-0.0978,-2.3319,-0.0129
621807616.6614494,52.384401, 13.655930999999999,810634.9967,810632.5541,-0.0978,-2.3319,-0.0129
621807616.7109077,52.387251, 13.654546999999999,810635.5505,810633.1079,-0.0978,-2.3319,-0.0129
621807616.7603531,52.390099, 13.653163,810636.2386,810633.7960,-0.0978,-2.3319,-0.0129
621807616.8098114,52.392948999999994, 13.651779,810636.7809,810634.3383,-0.0978,-2.3319,-0.0129
621807616.859257,52.395796999999995, 13.650395,810637.6084,810635.1658,-0.0978,-2.3319,-0.0129
621807616.9087152,52.398647, 13.649011,810638.3076,810635.8650,-0.0978,-2.3319,-0.0129
621807616.9581735,52.401495999999995, 13.647625999999999,810639.1249,810636.6823,-0.0978,-2.3319,-0.0129
621807617.0076191,52.404345, 13.646241999999999,810640.0312,810637.5886,-0.0978,-2.3319,-0.0129
621807617.0570784,52.407194, 13.644857,810640.8831,810638.4404,-0.0978,-2.3319,-0.0129
621807617.106524,52.410042999999995, 13.643472,810641.4527,810639.0100,-0.0978,-2.3320,-0.0129
621807617.1559949,52.412893, 13.642085999999999,810642.4247,810639.9820,-0.0978,-2.3320,-0.0129
621807617.2054532,52.415741999999995, 13.640701,810643.9895,810641.5467,-0.0979,-2.3320,-0.0129
621807617.2548988,52.418591, 13.639315999999999,810646.4661,810644.0233,-0.0979,-2.3321,-0.0129
621807617.3043697,52.421440999999994, 13.637929999999999,810648.3103,810645.8674,-0.0979,-2.3321,-0.0129
621807617.3538151,52.424288999999995, 13.636543999999999,810643.9328,810641.4899,-0.0979,-2.3321,-0.0129
621807617.4032733,52.427138, 13.635157999999999,810644.5018,810642.0588,-0.0979,-2.3321,-0.0129
621807617.4527316,52.429987999999994, 13.633771999999999,810645.1615,810642.7185,-0.0979,-2.3322,-0.0129
621807617.502177,52.432835999999995, 13.632385999999999,810645.8069,810643.3638,-0.0980,-2.3322,-0.0129
621807617.5516481,52.435686, 13.631,810646.3746,810643.9315,-0.0980,-2.3322,-0.0129
621807617.6011064,52.438534999999995, 13.629612999999999,810647.0360,810644.5929,-0.0980,-2.3323,-0.0129
621807617.6505518,52.441384, 13.628226999999999,810647.7017,810645.2585,-0.0980,-2.3323,-0.0129
621807617.7000229,52.444233999999994, 13.626838999999999,810648.2593,810645.8161,-0.0980,-2.3323,-0.0129
621807617.7494812,52.447083, 13.625452,810648.8891,810646.4458,-0.0980,-2.3323,-0.0129
621807617.7989395,52.449932, 13.624065,810650.1828,810647.7395,-0.0980,-2.3324,-0.0129
621807617.8483977,52.452780999999995, 13.622677999999999,810651.4646,810649.0212,-0.0981,-2.3324,-0.0129
621807617.8978686,52.455631, 13.62129,810654.9774,810652.5340,-0.0981,-2.3324,-0.0129
621807617.9473271,52.458479999999994, 13.619902,810651.0449,810648.6014,-0.0981,-2.3325,-0.0129
621807617.996773,52.461327999999995, 13.618514999999999,810651.6287,810649.1852,-0.0981,-2.3325,-0.0129
621807618.046231,52.464178, 13.617127,810652.1223,810649.6788,-0.0981,-2.3325,-0.0129
621807618.0956895,52.467026999999995, 13.615739,810652.4588,810650.0153,-0.0981,-2.3325,-0.0129
621807618.1451483,52.469876, 13.614351,810652.4343,810649.9908,-0.0981,-2.3325,-0.0129
624140417.763654,52.331168999999996, 13.6846,810627.3780,810624.8936,-0.1827,-2.2904,-0.0112
624140417.8130996,52.334018, 13.683219,810634.2410,810631.7566,-0.1827,-2.2904,-0.0112
624140417.8625579,52.336867999999996, 13.681839,810631.9784,810629.4940,-0.1827,-2.2904,-0.0112
624140417.9120162,52.339718, 13.680458,810634.2253,810631.7410,-0.1827,-2.2904,-0.0112
624140417.9614744,52.342566999999995, 13.679077,810636.2590,810633.7747,-0.1827,-2.2904,-0.0112
624140418.0109453,52.345417999999995, 13.677695,810637.6801,810635.1958,-0.1827,-2.2904,-0.0112
624140418.0604026,52.348267, 13.676314,810636.6370,810634.1528,-0.1827,-2.2904,-0.0112
624140418.1098609,52.351116999999995, 13.674932,810633.9805,810631.4963,-0.1827,-2.2903,-0.0112
624140418.1593063,52.353966, 13.673551,810635.8427,810633.3586,-0.1826,-2.2903,-0.0112
624140418.2087772,52.356815999999995, 13.672169,810636.4724,810633.9884,-0.1826,-2.2902,-0.0112
624140418.2582355,52.359666, 13.670786999999999,810637.2822,810634.7982,-0.1826,-2.2902,-0.0112
624140418.3076811,52.362514999999995, 13.669405,810637.9962,810635.5123,-0.1826,-2.2902,-0.0112
624140418.3571393,52.365364, 13.668023,810639.7648,810637.2809,-0.1826,-2.2901,-0.0112
624140418.4065976,52.368213999999995, 13.666641,810641.2550,810638.7712,-0.1825,-2.2901,-0.0112
624140418.4560685,52.371064, 13.665258,810641.0582,810638.5744,-0.1825,-2.2900,-0.0112
624140418.505527,52.373914, 13.663874999999999,810640.2032,810637.7195,-0.1825,-2.2900,-0.0112
624140418.5549722,52.376763, 13.662493,810640.9123,810638.4287,-0.1825,-2.2900,-0.0112
624140418.6044433,52.379613, 13.661109,810641.5522,810639.0686,-0.1825,-2.2899,-0.0112
624140418.6538887,52.382462, 13.659726,810642.2854,810639.8019,-0.1824,-2.2899,-0.0112
624140418.703347,52.385310999999994, 13.658342999999999,810643.2527,810640.7692,-0.1824,-2.2898,-0.0112
624140418.7528052,52.388161, 13.65696,810643.7911,810641.3077,-0.1824,-2.2898,-0.0112
624140418.8022509,52.391009, 13.655576,810643.3784,810640.8951,-0.1824,-2.2898,-0.0112
624140418.8517218,52.39386, 13.654192,810643.5259,810641.0426,-0.1824,-2.2897,-0.0112
624140418.9011676,52.396708, 13.652809,810645.2771,810642.7939,-0.1823,-2.2897,-0.0112
624140418.9506137,52.399556999999994, 13.651425,810646.5588,810644.0756,-0.1823,-2.2896,-0.0112
624140419.0000851,52.402407, 13.650039999999999,810647.4558,810644.9727,-0.1823,-2.2896,-0.0112
624140419.0495443,52.405257, 13.648655999999999,810648.1665,810645.6834,-0.1823,-2.2896,-0.0112
624140419.0990036,52.408106, 13.647271,810648.5536,810646.0704,-0.1823,-2.2897,-0.0112
624140419.1484623,52.410954999999994, 13.645887,810647.2175,810644.7343,-0.1823,-2.2897,-0.0112
624140419.197921,52.413804999999996, 13.644502,810652.4407,810649.9575,-0.1823,-2.2898,-0.0112
624140419.2473798,52.416653999999994, 13.643117,810653.6914,810651.2081,-0.1823,-2.2898,-0.0112
624140419.2968259,52.419503, 13.641732,810656.2347,810653.7514,-0.1823,-2.2898,-0.0112
624140419.3462842,52.422352, 13.640347,810659.1375,810656.6542,-0.1823,-2.2899,-0.0112
624140419.3957424,52.425202, 13.638961,810651.5464,810649.0630,-0.1823,-2.2899,-0.0112
624140419.445188,52.42805, 13.637576,810652.0763,810649.5929,-0.1823,-2.2900,-0.0112
624140419.4946463,52.430899, 13.63619,810652.9329,810650.4495,-0.1823,-2.2900,-0.0112
624140419.5441046,52.433749, 13.634803999999999,810653.7457,810651.2622,-0.1822,-2.2900,-0.0112
624140419.5935755,52.436599, 13.633417999999999,810654.3467,810651.8632,-0.1822,-2.2901,-0.0112
624140419.6430337,52.439448, 13.632031999999999,810654.9317,810652.4481,-0.1822,-2.2901,-0.0112
624140419.692492,52.442296999999996, 13.630645999999999,810655.2490,810652.7654,-0.1822,-2.2902,-0.0112
624140419.7419503,52.445146, 13.629259,810655.8729,810653.3893,-0.1822,-2.2902,-0.0112
624140419.7913957,52.447995, 13.627873,810657.0003,810654.5166,-0.1822,-2.2902,-0.0112
624140419.8408668,52.450845, 13.626486,810657.9540,810655.4703,-0.1822,-2.2903,-0.0112
624140419.8903248,52.453694, 13.625098999999999,810653.5959,810651.1122,-0.1822,-2.2903,-0.0112
624140419.9397831,52.456542999999996, 13.623712,810654.1104,810651.6266,-0.1822,-2.2904,-0.0112
624140419.9892414,52.459392, 13.622323999999999,810658.5111,810656.0273,-0.1822,-2.2904,-0.0112
624140420.0387111,52.462241999999996, 13.620937,810659.0148,810656.5310,-0.1822,-2.2904,-0.0112
624140420.0881693,52.465091, 13.619549,810659.6710,810657.1873,-0.1822,-2.2903,-0.0112
624140420.137615,52.46794, 13.618162,810659.8293,810657.3457,-0.1822,-2.2903,-0.0112
626473216.5564325,52.332699, 13.68855,810425.7296,810423.3496,-0.0938,-2.2774,-0.0089
626473216.6058784,52.335547999999996, 13.687171,810431.7032,810429.3232,-0.0938,-2.2774,-0.0089
626473216.6553245,52.338398, 13.685791,810430.1527,810427.7727,-0.0938,-2.2774,-0.0089
626473216.7047577,52.341246, 13.684410999999999,810426.1188,810423.7388,-0.0938,-2.2774,-0.0089
626473216.7542038,52.344094999999996, 13.683029999999999,810432.5543,810430.1743,-0.0937,-2.2774,-0.0089
626473216.8036499,52.346945, 13.68165,810432.7849,810430.4049,-0.0937,-2.2774,-0.0089
626473216.8530958,52.349793999999996, 13.680269,810432.6026,810430.2226,-0.0937,-2.2774,-0.0089
626473216.9025292,52.352641999999996, 13.678889,810431.8872,810429.5072,-0.0937,-2.2774,-0.0089
626473216.9519751,52.355491, 13.677508,810432.2648,810429.8848,-0.0937,-2.2774,-0.0089
626473217.001421,52.358340999999996, 13.676127,810432.9665,810430.5865,-0.0937,-2.2774,-0.0089
626473217.0508676,52.36119, 13.674745999999999,810433.6384,810431.2584,-0.0937,-2.2774,-0.0089
626473217.100313,52.364039, 13.673364,810434.2836,810431.9036,-0.0937,-2.2774,-0.0089
626473217.1497586,52.366887999999996, 13.671982999999999,810434.8340,810432.4540,-0.0937,-2.2774,-0.0089
626473217.199204,52.369737, 13.670601,810435.4740,810433.0940,-0.0937,-2.2774,-0.0089
626473217.2486367,52.372585, 13.66922,810437.4040,810435.0240,-0.0937,-2.2774,-0.0089
626473217.2980824,52.375434, 13.667838,810436.7132,810434.3332,-0.0938,-2.2774,-0.0089
626473217.347528,52.378282999999996, 13.666456,810437.3933,810435.0133,-0.0938,-2.2774,-0.0089
626473217.3969734,52.381132, 13.665073,810438.0362,810435.6562,-0.0938,-2.2774,-0.0089
626473217.4464061,52.383981, 13.663691,810438.6262,810436.2462,-0.0938,-2.2774,-0.0089
626473217.4958518,52.386829999999996, 13.662308999999999,810439.5730,810437.1930,-0.0938,-2.2774,-0.0089
626473217.5452971,52.389679, 13.660926,810440.0975,810437.7174,-0.0938,-2.2774,-0.0088
626473217.5947425,52.392528, 13.659543,810440.5078,810438.1277,-0.0938,-2.2774,-0.0088
626473217.6441753,52.395376, 13.658159999999999,810441.1105,810438.7304,-0.0938,-2.2774,-0.0088
626473217.6936083,52.398224, 13.656778,810441.6740,810439.2939,-0.0938,-2.2774,-0.0088
626473217.743041,52.401072, 13.655394999999999,810442.3171,810439.9370,-0.0938,-2.2774,-0.0088
626473217.7924864,52.403921, 13.654010999999999,810443.0916,810440.7115,-0.0939,-2.2774,-0.0088
626473217.8419445,52.406771, 13.652626999999999,810444.2883,810441.9082,-0.0939,-2.2774,-0.0088
626473217.8913772,52.409619, 13.651244,810446.0155,810443.6354,-0.0939,-2.2774,-0.0088
626473217.9408228,52.412468, 13.649859999999999,810446.5534,810444.1733,-0.0939,-2.2774,-0.0088
626473217.9902682,52.415316999999995, 13.648475999999999,810447.6232,810445.2431,-0.0939,-2.2774,-0.0088
626473218.0397129,52.418166, 13.647091,810450.3820,810448.0019,-0.0939,-2.2774,-0.0088
626473218.0891583,52.421014, 13.645707,810452.4929,810450.1128,-0.0939,-2.2774,-0.0088
626473218.138591,52.423863, 13.644323,810447.3127,810444.9325,-0.0939,-2.2774,-0.0088
626473218.1880493,52.426711999999995, 13.642938,810448.1553,810445.7751,-0.0940,-2.2774,-0.0088
626473218.2374823,52.429559999999995, 13.641553,810449.5958,810447.2156,-0.0940,-2.2774,-0.0088
626473218.2869155,52.432407999999995, 13.640169,810453.8066,810451.4264,-0.0940,-2.2774,-0.0088
626473218.3363614,52.435257, 13.638784,810454.6590,810452.2788,-0.0940,-2.2774,-0.0088
626473218.3857949,52.438105, 13.637399,810454.9942,810452.6139,-0.0940,-2.2774,-0.0088
626473218.4352281,52.440953, 13.636014,810451.3884,810449.0081,-0.0940,-2.2774,-0.0088
626473218.4846742,52.443802, 13.634628,810451.7725,810449.3922,-0.0940,-2.2774,-0.0088
626473218.5341201,52.446650999999996, 13.633242,810452.7990,810450.4187,-0.0941,-2.2775,-0.0088
626473218.5835662,52.449498999999996, 13.631855999999999,810453.6106,810451.2303,-0.0941,-2.2775,-0.0088
626473218.6330123,52.452348, 13.630469999999999,810455.2182,810452.8378,-0.0941,-2.2775,-0.0088
626473218.6824453,52.455196, 13.629083999999999,810449.5251,810447.1447,-0.0941,-2.2775,-0.0088
626473218.7318909,52.458045, 13.627697999999999,810450.4125,810448.0321,-0.0941,-2.2775,-0.0088
626473218.7813237,52.460893, 13.626311999999999,810455.2650,810452.8846,-0.0941,-2.2775,-0.0088
626473218.8307688,52.463741, 13.624925,810455.4371,810453.0567,-0.0941,-2.2775,-0.0088
626473218.8802016,52.466589, 13.623539,810455.9249,810453.5444,-0.0942,-2.2775,-0.0088
626473218.9296472,52.469438, 13.622152,810454.9495,810452.5690,-0.0942,-2.2775,-0.0088
628806012.428401,52.332589, 13.694543999999999,810358.3426,810355.9469,-0.0688,-2.3170,-0.0100
628806012.4778464,52.335437999999996, 13.693164999999999,810353.0691,810350.6734,-0.0688,-2.3170,-0.0100
628806012.527292,52.338288, 13.691785999999999,810351.2482,810348.8526,-0.0687,-2.3169,-0.0099
628806012.5767248,52.341136, 13.690406999999999,810349.3389,810346.9433,-0.0687,-2.3169,-0.0099
628806012.6261575,52.343984999999996, 13.689027,810347.5248,810345.1293,-0.0687,-2.3169,-0.0099
628806012.6755903,52.346833999999994, 13.687648,810367.4707,810365.0752,-0.0686,-2.3169,-0.0099
628806012.725023,52.349681999999994, 13.686268,810365.2727,810362.8773,-0.0686,-2.3169,-0.0099
628806012.7744687,52.352532, 13.684887999999999,810365.8746,810363.4792,-0.0686,-2.3169,-0.0099
628806012.8238888,52.355379, 13.683508,810365.1792,810362.7838,-0.0685,-2.3169,-0.0099
628806012.8733215,52.358228, 13.682127999999999,810366.6472,810364.2519,-0.0685,-2.3169,-0.0099
628806012.9227545,52.361076, 13.680748,810367.1843,810364.7890,-0.0685,-2.3169,-0.0099
628806012.972188,52.363924999999995, 13.679367,810367.8723,810365.4771,-0.0684,-2.3169,-0.0099
628806013.0216203,52.366772999999995, 13.677987,810368.5406,810366.1454,-0.0684,-2.3169,-0.0099
628806013.0710661,52.369623, 13.676604999999999,810369.0745,810366.6793,-0.0683,-2.3169,-0.0099
628806013.1204994,52.372471, 13.675225,810369.7059,810367.3108,-0.0683,-2.3170,-0.0099
628806013.1699326,52.375319999999995, 13.673843,810370.4020,810368.0069,-0.0682,-2.3170,-0.0099
628806013.2193532,52.378167, 13.672462999999999,810371.0892,810368.6941,-0.0682,-2.3170,-0.0099
628806013.2687864,52.381015999999995, 13.671081,810371.7511,810369.3561,-0.0681,-2.3170,-0.0099
628806013.3182197,52.383863999999996, 13.669699999999999,810372.2997,810369.9047,-0.0680,-2.3171,-0.0099
628806013.3676524,52.386713, 13.668318,810372.9993,810370.6043,-0.0680,-2.3171,-0.0099
628806013.4170852,52.389561, 13.666936,810375.2869,810372.8920,-0.0679,-2.3171,-0.0099
628806013.4665179,52.392409, 13.665554,810375.1038,810372.7089,-0.0679,-2.3171,-0.0099
628806013.5159636,52.395258999999996, 13.664171999999999,810375.2012,810372.8063,-0.0678,-2.3172,-0.0099
628806013.5653963,52.398106999999996, 13.66279,810375.5274,810373.1325,-0.0678,-2.3172,-0.0099
628806013.6148291,52.400954999999996, 13.661406999999999,810376.1997,810373.8049,-0.0677,-2.3172,-0.0099
628806013.6642618,52.403804, 13.660025,810376.7541,810374.3593,-0.0677,-2.3172,-0.0099
628806013.7137074,52.406653, 13.658641999999999,810377.4341,810375.0393,-0.0676,-2.3173,-0.0099
628806013.7631402,52.409501, 13.657259,810396.7742,810394.3795,-0.0676,-2.3173,-0.0099
628806013.812573,52.412349, 13.655876,810382.0651,810379.6704,-0.0675,-2.3173,-0.0099
628806013.8620057,52.415198, 13.654492,810383.8347,810381.4400,-0.0675,-2.3173,-0.0099
628806013.9114385,52.418046, 13.653108999999999,810386.3288,810383.9341,-0.0674,-2.3174,-0.0099
628806013.9608712,52.420894, 13.651726,810388.0464,810385.6518,-0.0673,-2.3174,-0.0099
628806014.010304,52.423742, 13.650342,810381.1899,810378.7953,-0.0673,-2.3174,-0.0099
628806014.0597506,52.426590999999995, 13.648957999999999,810381.8906,810379.4961,-0.0672,-2.3174,-0.0099
628806014.109196,52.42944, 13.647573999999999,810382.5275,810380.1330,-0.0672,-2.3174,-0.0099
628806014.1586287,52.432288, 13.646189999999999,810383.0964,810380.7020,-0.0671,-2.3174,-0.0099
628806014.2080615,52.435137, 13.644805,810383.7758,810381.3814,-0.0671,-2.3174,-0.0099
628806014.2574942,52.437985, 13.643421,810384.4305,810382.0362,-0.0670,-2.3174,-0.0099
628806014.3069398,52.440833999999995, 13.642036,810384.9907,810382.5965,-0.0670,-2.3174,-0.0099
628806014.3563855,52.443683, 13.640651,810385.6609,810383.2667,-0.0669,-2.3174,-0.0099
628806014.4058182,52.446531, 13.639266,810386.3243,810383.9302,-0.0669,-2.3174,-0.0099
628806014.455251,52.449379, 13.637881,810386.9093,810384.5152,-0.0668,-2.3174,-0.0099
628806014.5046837,52.452227, 13.636496,810383.2220,810380.8280,-0.0668,-2.3173,-0.0098
628806014.5541294,52.455076, 13.63511,810383.5188,810381.1249,-0.0667,-2.3173,-0.0098
628806014.6035624,52.457924, 13.633725,810401.1116,810398.7177,-0.0667,-2.3173,-0.0098
628806014.6529958,52.460772, 13.632339,810401.9532,810399.5594,-0.0666,-2.3173,-0.0098
628806014.7024417,52.463620999999996, 13.630953,810389.9988,810387.6050,-0.0666,-2.3173,-0.0098
628806014.7518878,52.46647, 13.629567,810390.1742,810387.7805,-0.0665,-2.3173,-0.0098
628806014.801321,52.469317999999994, 13.628181,810390.1105,810387.7169,-0.0665,-2.3173,-0.0098
631138814.4992757,52.331078, 13.684469,810566.4704,810564.0719,-0.0517,-2.3392,-0.0077
631138814.5487211,52.333926999999996, 13.683088,810574.5609,810572.1624,-0.0517,-2.3391,-0.0076
631138814.5981667,52.336776, 13.681707,810572.6429,810570.2444,-0.0517,-2.3391,-0.0076
631138814.6476123,52.339625, 13.680325999999999,810573.6652,810571.2668,-0.0517,-2.3391,-0.0076
631138814.6970704,52.342475, 13.678944999999999,810575.9014,810573.5030,-0.0517,-2.3391,-0.0076
631138814.7465286,52.345324999999995, 13.677563,810576.1930,810573.7946,-0.0517,-2.3391,-0.0076
631138814.7959743,52.348172999999996, 13.676181999999999,810576.2140,810573.8156,-0.0516,-2.3391,-0.0076
631138814.8454199,52.351022, 13.6748,810576.3480,810573.9496,-0.0516,-2.3391,-0.0076
631138814.8948653,52.353871, 13.673418,810576.5352,810574.1369,-0.0516,-2.3391,-0.0076
631138814.9443235,52.356721, 13.672035999999999,810577.2204,810574.8221,-0.0516,-2.3391,-0.0076
631138814.9937689,52.35957, 13.670653999999999,810577.8972,810575.4989,-0.0516,-2.3391,-0.0076
631138815.0432155,52.362418999999996, 13.669272,810578.4546,810576.0563,-0.0516,-2.3391,-0.0076
631138815.0926609,52.365268, 13.66789,810579.1044,810576.7061,-0.0516,-2.3391,-0.0076
631138815.1421192,52.368117, 13.666507,810579.7469,810577.3486,-0.0516,-2.3391,-0.0076
631138815.1915774,52.370967, 13.665123999999999,810581.4321,810579.0339,-0.0516,-2.3391,-0.0076
631138815.2410231,52.373815, 13.663741,810581.6911,810579.2929,-0.0516,-2.3391,-0.0076
631138815.2904811,52.376664999999996, 13.662358,810581.8343,810579.4361,-0.0515,-2.3391,-0.0076
631138815.3399267,52.379514, 13.660974999999999,810582.3665,810579.9683,-0.0515,-2.3391,-0.0076
631138815.3893721,52.382363, 13.659592,810583.1160,810580.7178,-0.0515,-2.3391,-0.0076
631138815.4388304,52.385211999999996, 13.658208,810583.8342,810581.4360,-0.0515,-2.3391,-0.0076
631138815.488276,52.388061, 13.656823999999999,810584.2598,810581.8616,-0.0515,-2.3391,-0.0076
631138815.5377343,52.39091, 13.655439999999999,810584.9353,810582.5372,-0.0515,-2.3390,-0.0076
631138815.5871925,52.39376, 13.654055999999999,810585.6150,810583.2169,-0.0515,-2.3390,-0.0076
631138815.6366379,52.396608, 13.652671999999999,810586.1665,810583.7684,-0.0515,-2.3390,-0.0076
631138815.6861091,52.399459, 13.651287,810586.8333,810584.4352,-0.0515,-2.3390,-0.0076
631138815.7355545,52.402307, 13.649903,810588.2380,810585.8399,-0.0515,-2.3390,-0.0076
631138815.785013,52.405156999999996, 13.648518,810589.0755,810586.6774,-0.0514,-2.3390,-0.0076
631138815.8344591,52.408004999999996, 13.647134,810610.8341,810608.4361,-0.0514,-2.3390,-0.0076
631138815.8839178,52.410855, 13.645748999999999,810589.6603,810587.2623,-0.0514,-2.3390,-0.0076
631138815.9333766,52.413703999999996, 13.644363,810591.3728,810588.9748,-0.0514,-2.3390,-0.0076
631138815.9828224,52.416553, 13.642978,810592.2553,810589.8573,-0.0514,-2.3390,-0.0076
631138816.0322809,52.419402, 13.641592999999999,810597.0888,810594.6908,-0.0514,-2.3390,-0.0076
631138816.0817263,52.422250999999996, 13.640207,810598.6462,810596.2482,-0.0514,-2.3390,-0.0076
631138816.131185,52.4251, 13.638822,810599.1472,810596.7491,-0.0514,-2.3391,-0.0076
631138816.1806438,52.427949, 13.637436,810599.8103,810597.4122,-0.0514,-2.3391,-0.0076
631138816.2300894,52.430797999999996, 13.63605,810594.1506,810591.7525,-0.0514,-2.3391,-0.0076
631138816.2795477,52.433647, 13.634663,810594.8474,810592.4493,-0.0514,-2.3391,-0.0076
631138816.3289931,52.436496, 13.633277,810595.4652,810593.0671,-0.0514,-2.3392,-0.0076
631138816.3784513,52.439344999999996, 13.631891,810595.9306,810593.5324,-0.0514,-2.3392,-0.0076
631138816.427897,52.442192999999996, 13.630504,810596.4425,810594.0443,-0.0514,-2.3392,-0.0076
631138816.4773424,52.445042, 13.629118,810597.1307,810594.7325,-0.0514,-2.3392,-0.0076
631138816.5268006,52.447891, 13.627730999999999,810597.8718,810595.4736,-0.0513,-2.3393,-0.0076
631138816.5762589,52.450739999999996, 13.626344,810599.2515,810596.8533,-0.0513,-2.3393,-0.0076
631138816.6257045,52.453589, 13.624956,810594.8199,810592.4216,-0.0513,-2.3393,-0.0076
631138816.6751628,52.456438, 13.623569,810595.4712,810593.0729,-0.0513,-2.3393,-0.0076
631138816.7246208,52.459286999999996, 13.622181,810600.0283,810597.6300,-0.0513,-2.3394,-0.0076
631138816.7740791,52.462136, 13.620792999999999,810600.4488,810598.0505,-0.0513,-2.3394,-0.0076
631138816.8235247,52.464984, 13.619406,810601.0769,810598.6786,-0.0513,-2.3394,-0.0076
631138816.872983,52.467833999999996, 13.618018,810600.5944,810598.1961,-0.0513,-2.3394,-0.0076
633471616.2997632,52.330453999999996, 13.691777,810735.6201,810733.2347,-0.1005,-2.2765,-0.0084
633471616.3492215,52.333304, 13.690396999999999,810735.9782,810733.5928,-0.1005,-2.2765,-0.0084
633471616.3986924,52.336154, 13.689015999999999,810743.3715,810740.9861,-0.1005,-2.2765,-0.0084
633471616.4481635,52.339003999999996, 13.687635,810742.7768,810740.3915,-0.1005,-2.2765,-0.0084
633471616.4976215,52.341854, 13.686254,810743.5194,810741.1341,-0.1005,-2.2765,-0.0084
633471616.5470798,52.344704, 13.684873,810745.0100,810742.6247,-0.1004,-2.2764,-0.0084
633471616.596551,52.347553999999995, 13.683491,810743.7208,810741.3356,-0.1004,-2.2764,-0.0084
633471616.6460092,52.350404, 13.68211,810742.8020,810740.4168,-0.1004,-2.2764,-0.0084
633471616.6954675,52.353252999999995, 13.680729,810742.5098,810740.1246,-0.1004,-2.2764,-0.0084
633471616.7449257,52.356103, 13.679347,810743.4365,810741.0513,-0.1004,-2.2764,-0.0084
633471616.7943966,52.358953, 13.677964999999999,810744.0254,810741.6403,-0.1004,-2.2764,-0.0084
633471616.8438675,52.361802999999995, 13.676582999999999,810744.6916,810742.3065,-0.1003,-2.2763,-0.0084
633471616.8933258,52.364653, 13.675201,810745.2569,810742.8718,-0.1003,-2.2763,-0.0084
633471616.9427841,52.367501999999995, 13.673819,810746.0428,810743.6578,-0.1003,-2.2763,-0.0084
633471616.9922552,52.370352999999994, 13.672436,810748.5640,810746.1790,-0.1003,-2.2763,-0.0084
633471617.0417144,52.373202, 13.671052999999999,810747.3212,810744.9362,-0.1003,-2.2763,-0.0084
633471617.0911858,52.376053, 13.66967,810747.7804,810745.3954,-0.1003,-2.2763,-0.0084
633471617.1406446,52.378902, 13.668287999999999,810748.4767,810746.0917,-0.1002,-2.2764,-0.0084
633471617.1901033,52.381750999999994, 13.666905,810749.1196,810746.7346,-0.1002,-2.2764,-0.0084
633471617.2395749,52.384602, 13.665521,810749.8640,810747.4790,-0.1002,-2.2764,-0.0084
633471617.2890463,52.387451999999996, 13.664138,810751.6951,810749.3101,-0.1002,-2.2764,-0.0084
633471617.338505,52.390301, 13.662754,810752.0142,810749.6292,-0.1002,-2.2764,-0.0084
633471617.3879766,52.393152, 13.66137,810751.6231,810749.2381,-0.1001,-2.2765,-0.0084
633471617.4374354,52.396001, 13.659987,810752.1591,810749.7741,-0.1001,-2.2765,-0.0084
633471617.4869065,52.398851, 13.658602,810752.9277,810750.5427,-0.1001,-2.2765,-0.0084
633471617.5363648,52.4017, 13.657217999999999,810753.6829,810751.2979,-0.1001,-2.2765,-0.0084
633471617.5858359,52.40455, 13.655833999999999,810754.5039,810752.1189,-0.1001,-2.2765,-0.0084
633471617.6352942,52.407399999999996, 13.654449999999999,810736.2902,810733.9052,-0.1000,-2.2766,-0.0084
633471617.684778,52.410250999999995, 13.653065,810752.4916,810750.1066,-0.1000,-2.2766,-0.0084
633471617.7342362,52.4131, 13.651679999999999,810760.0554,810757.6704,-0.1000,-2.2766,-0.0084
633471617.7837071,52.415949999999995, 13.650295,810760.9910,810758.6060,-0.1000,-2.2766,-0.0084
633471617.8331654,52.418799, 13.648909999999999,810763.2714,810760.8864,-0.1000,-2.2766,-0.0084
633471617.8826363,52.421648999999995, 13.647525,810757.9317,810755.5467,-0.0999,-2.2767,-0.0084
633471617.9321074,52.424499, 13.646139,810758.5700,810756.1850,-0.0999,-2.2767,-0.0084
633471617.9815657,52.427349, 13.644753999999999,810759.3639,810756.9789,-0.0999,-2.2767,-0.0084
633471618.0310354,52.430198, 13.643367999999999,810760.3006,810757.9156,-0.0999,-2.2767,-0.0084
633471618.0805063,52.433048, 13.641981999999999,810761.1376,810758.7526,-0.0999,-2.2767,-0.0084
633471618.1299772,52.435897999999995, 13.640595999999999,810761.5033,810759.1184,-0.0999,-2.2767,-0.0084
633471618.1794484,52.438748, 13.639209,810762.0410,810759.6561,-0.0998,-2.2767,-0.0084
633471618.2289193,52.441598, 13.637823,810762.6682,810760.2833,-0.0998,-2.2767,-0.0084
633471618.2783775,52.444447, 13.636436,810762.9514,810760.5665,-0.0998,-2.2766,-0.0084
633471618.3278484,52.447297, 13.63505,810764.3821,810761.9973,-0.0998,-2.2766,-0.0084
633471618.3773193,52.450146999999994, 13.633662999999999,810759.9655,810757.5807,-0.0998,-2.2766,-0.0084
633471618.4267905,52.452996999999996, 13.632276,810760.6991,810758.3143,-0.0998,-2.2766,-0.0084
633471618.4762487,52.455846, 13.630889,810761.0085,810758.6237,-0.0998,-2.2766,-0.0084
633471618.5257196,52.458695999999996, 13.629501,810761.7977,810759.4130,-0.0997,-2.2766,-0.0084
633471618.5751908,52.461546, 13.628114,810766.7062,810764.3215,-0.0997,-2.2766,-0.0084
633471618.624649,52.464394999999996, 13.626726999999999,810766.9484,810764.5637,-0.0997,-2.2766,-0.0084
633471618.67412,52.467245, 13.625338999999999,810767.2151,810764.8304,-0.0997,-2.2766,-0.0084
635804415.7202115,52.332014, 13.696152999999999,810574.2469,810571.8809,-0.0774,-2.2795,-0.0091
635804415.7696695,52.334863, 13.694773999999999,810586.4341,810584.0682,-0.0773,-2.2796,-0.0091
635804415.8191278,52.337713, 13.693394,810585.6588,810583.2930,-0.0771,-2.2796,-0.0091
635804415.8685861,52.340562999999996, 13.692013,810578.6156,810576.2499,-0.0770,-2.2796,-0.0091
635804415.9180443,52.343413, 13.690633,810578.9902,810576.6246,-0.0769,-2.2796,-0.0091
635804415.9674897,52.346261999999996, 13.689252999999999,810579.1899,810576.8244,-0.0768,-2.2796,-0.0091
635804416.0169344,52.349111, 13.687873,810583.8150,810581.4496,-0.0767,-2.2796,-0.0091
635804416.0663927,52.351960999999996, 13.686492,810584.3276,810581.9624,-0.0765,-2.2796,-0.0091
635804416.1158509,52.354811, 13.685111,810580.9563,810578.5912,-0.0764,-2.2796,-0.0091
635804416.1652963,52.357659999999996, 13.683729999999999,810580.9809,810578.6160,-0.0763,-2.2796,-0.0091
635804416.2147546,52.36051, 13.682348999999999,810581.4345,810579.0697,-0.0761,-2.2796,-0.0091
635804416.2642002,52.363358999999996, 13.680968,810584.1215,810581.7568,-0.0760,-2.2796,-0.0091
635804416.3136458,52.366208, 13.679587,810585.8643,810583.4998,-0.0759,-2.2796,-0.0091
635804416.3631041,52.369057, 13.678205,810585.3711,810583.0067,-0.0757,-2.2796,-0.0091
635804416.4125495,52.371905999999996, 13.676822999999999,810586.4742,810584.1100,-0.0756,-2.2796,-0.0091
635804416.4620209,52.374756999999995, 13.675441,810590.0427,810587.6786,-0.0755,-2.2796,-0.0091
635804416.5114667,52.377606, 13.674059,810589.1224,810586.7584,-0.0753,-2.2795,-0.0091
635804416.5609255,52.380455999999995, 13.672677,810589.0461,810586.6823,-0.0752,-2.2795,-0.0091
635804416.6103716,52.383303999999995, 13.671294999999999,810589.6465,810587.2828,-0.0751,-2.2795,-0.0091
635804416.6598303,52.386154, 13.669912,810590.1512,810587.7876,-0.0749,-2.2795,-0.0091
635804416.7092764,52.389002999999995, 13.668529999999999,810591.1475,810588.7841,-0.0748,-2.2795,-0.0091
635804416.7587352,52.391853, 13.667147,810592.2791,810589.9158,-0.0747,-2.2795,-0.0091
635804416.8081813,52.394701999999995, 13.665764,810591.9094,810589.5463,-0.0745,-2.2795,-0.0091
635804416.8576269,52.397551, 13.664380999999999,810592.6957,810590.3327,-0.0744,-2.2795,-0.0091
635804416.9070725,52.400399, 13.662998,810593.3926,810591.0297,-0.0743,-2.2795,-0.0091
635804416.9565308,52.403248999999995, 13.661614,810593.8286,810591.4659,-0.0741,-2.2795,-0.0091
635804417.0059762,52.406098, 13.660231,810594.5247,810592.1621,-0.0740,-2.2795,-0.0091
635804417.0554228,52.408947, 13.658847999999999,810595.0522,810592.6897,-0.0739,-2.2795,-0.0091
635804417.104881,52.411795999999995, 13.657464,810592.5375,810590.1751,-0.0737,-2.2796,-0.0091
635804417.1543393,52.414646, 13.65608,810592.1772,810589.8149,-0.0736,-2.2796,-0.0091
635804417.2037847,52.417494999999995, 13.654696,810592.8605,810590.4983,-0.0735,-2.2796,-0.0091
635804417.253243,52.420344, 13.653310999999999,810593.8262,810591.4641,-0.0733,-2.2796,-0.0091
635804417.3026886,52.423193, 13.651926999999999,810595.4393,810593.0773,-0.0732,-2.2797,-0.0091
635804417.352134,52.426041, 13.650542999999999,810599.0422,810596.6803,-0.0731,-2.2797,-0.0091
635804417.4016051,52.428892, 13.649156999999999,810599.5931,810597.2313,-0.0730,-2.2797,-0.0091
635804417.4510505,52.43174, 13.647772999999999,810600.7653,810598.4036,-0.0728,-2.2797,-0.0091
635804417.5005088,52.43459, 13.646386999999999,810601.4653,810599.1038,-0.0727,-2.2798,-0.0091
635804417.549967,52.437439, 13.645002,810601.9875,810599.6261,-0.0726,-2.2798,-0.0091
635804417.5994253,52.440289, 13.643616999999999,810603.2884,810600.9271,-0.0724,-2.2798,-0.0091
635804417.6488833,52.443138, 13.642230999999999,810603.7037,810601.3425,-0.0723,-2.2798,-0.0091
635804417.698329,52.445986999999995, 13.640846,810602.7504,810600.3893,-0.0722,-2.2798,-0.0091
635804417.7477999,52.448837, 13.639458999999999,810598.8222,810596.4612,-0.0721,-2.2799,-0.0091
635804417.7972455,52.451685, 13.638072999999999,810600.0052,810597.6443,-0.0719,-2.2799,-0.0091
635804417.8467164,52.454535, 13.636687,810600.4972,810598.1364,-0.0718,-2.2799,-0.0091
635804417.896162,52.457384, 13.635301,810601.2081,810598.8474,-0.0717,-2.2799,-0.0091
635804417.9456203,52.460232999999995, 13.633913999999999,810602.0674,810599.7068,-0.0715,-2.2800,-0.0091
635804417.9950657,52.463082, 13.632527999999999,810604.2195,810601.8590,-0.0714,-2.2800,-0.0091
635804418.0445228,52.465931, 13.631141,810606.7033,810604.3429,-0.0713,-2.2800,-0.0091
635804418.093981,52.468779999999995, 13.629754,810606.5755,810604.2152,-0.0712,-2.2800,-0.0091
638137216.7596116,52.330452, 13.678993,810333.2229,810330.8472,-0.0259,-2.3389,-0.0108
638137216.8090448,52.333301, 13.677612,810337.0222,810334.6465,-0.0259,-2.3389,-0.0108
638137216.8584783,52.336149, 13.676231999999999,810336.8813,810334.5056,-0.0259,-2.3389,-0.0108
638137216.9079115,52.338997, 13.67485,810339.5962,810337.2206,-0.0259,-2.3389,-0.0108
638137216.9573448,52.341846, 13.673468999999999,810339.0947,810336.7191,-0.0259,-2.3389,-0.0108
638137217.0067778,52.344694, 13.672087999999999,810338.7567,810336.3811,-0.0259,-2.3389,-0.0108
638137217.0562105,52.347542, 13.670706,810339.1450,810336.7694,-0.0259,-2.3389,-0.0108
638137217.1056437,52.350390999999995, 13.669324999999999,810339.2018,810336.8262,-0.0259,-2.3389,-0.0108
638137217.155077,52.353238999999995, 13.667943,810339.9428,810337.5672,-0.0259,-2.3389,-0.0108
638137217.2045097,52.356086999999995, 13.666561,810340.5311,810338.1555,-0.0259,-2.3390,-0.0108
638137217.2539427,52.358936, 13.665179,810342.2040,810339.8283,-0.0259,-2.3390,-0.0108
638137217.3033881,52.361785, 13.663796,810343.2685,810340.8928,-0.0259,-2.3390,-0.0108
638137217.3528209,52.364633, 13.662414,810343.5789,810341.2032,-0.0259,-2.3390,-0.0108
638137217.4022536,52.367481, 13.661031,810343.6579,810341.2822,-0.0259,-2.3390,-0.0108
638137217.4516866,52.370329, 13.659649,810343.9969,810341.6212,-0.0259,-2.3390,-0.0108
638137217.5011191,52.373177, 13.658266,810344.3544,810341.9787,-0.0258,-2.3391,-0.0108
638137217.5505519,52.376025999999996, 13.656882999999999,810345.0563,810342.6806,-0.0258,-2.3391,-0.0108
638137217.5999973,52.378873999999996, 13.655498999999999,810345.7249,810343.3492,-0.0258,-2.3391,-0.0108
638137217.64943,52.381723, 13.654116,810346.4671,810344.0914,-0.0258,-2.3391,-0.0108
638137217.6988628,52.384571, 13.652731999999999,810346.9195,810344.5438,-0.0258,-2.3391,-0.0108
638137217.7482829,52.387418, 13.651349,810347.6610,810345.2853,-0.0258,-2.3391,-0.0108
638137217.7977283,52.390266999999994, 13.649965,810348.2197,810345.8439,-0.0258,-2.3391,-0.0108
638137217.8471484,52.393114, 13.648581,810348.8662,810346.4904,-0.0258,-2.3392,-0.0108
638137217.8965812,52.395962999999995, 13.647197,810349.5360,810347.1602,-0.0258,-2.3392,-0.0108
638137217.9460139,52.398810999999995, 13.645812999999999,810350.0991,810347.7233,-0.0258,-2.3392,-0.0108
638137217.9954596,52.401658999999995, 13.644428,810350.8974,810348.5216,-0.0258,-2.3392,-0.0108
638137218.0448933,52.404508, 13.643044,810351.5877,810349.2119,-0.0258,-2.3392,-0.0108
638137218.0943387,52.407356, 13.641658999999999,810351.8523,810349.4764,-0.0258,-2.3393,-0.0108
638137218.1437714,52.410204, 13.640274,810352.5344,810350.1585,-0.0258,-2.3393,-0.0108
638137218.1931918,52.413052, 13.638888999999999,810354.0366,810351.6606,-0.0258,-2.3394,-0.0108
638137218.2426245,52.4159, 13.637504,810354.8961,810352.5201,-0.0258,-2.3394,-0.0108
638137218.2920702,52.418748, 13.636118999999999,810354.5415,810352.1654,-0.0258,-2.3395,-0.0108
638137218.3414903,52.421596, 13.634734,810355.2198,810352.8437,-0.0258,-2.3395,-0.0108
638137218.3909357,52.424444, 13.633348,810362.7889,810360.4127,-0.0258,-2.3396,-0.0108
638137218.440356,52.427291999999994, 13.631962,810363.7494,810361.3732,-0.0258,-2.3396,-0.0108
638137218.4898021,52.430139999999994, 13.630576,810364.7406,810362.3644,-0.0258,-2.3396,-0.0108
638137218.5392227,52.432987, 13.62919,810365.4806,810363.1043,-0.0258,-2.3397,-0.0108
638137218.588656,52.435835, 13.627804,810364.9752,810362.5989,-0.0258,-2.3397,-0.0108
638137218.6380892,52.438683, 13.626418,810363.8703,810361.4939,-0.0258,-2.3398,-0.0108
638137218.6875224,52.441531, 13.625031,810360.2873,810357.9109,-0.0258,-2.3398,-0.0108
638137218.7369559,52.444379, 13.623643999999999,810360.1679,810357.7914,-0.0258,-2.3399,-0.0108
638137218.7863765,52.447226, 13.622257999999999,810360.6613,810358.2848,-0.0258,-2.3399,-0.0108
638137218.8358223,52.450075, 13.620871,810361.5495,810359.1729,-0.0258,-2.3400,-0.0108
638137218.885268,52.452923, 13.619482999999999,810363.2864,810360.9098,-0.0258,-2.3400,-0.0108
638137218.9346879,52.455771, 13.618096,810368.5673,810366.1907,-0.0258,-2.3400,-0.0108
638137218.9841208,52.458617999999994, 13.616709,810362.9772,810360.6005,-0.0258,-2.3401,-0.0108
638137219.0335536,52.461465999999994, 13.615321,810363.5798,810361.2031,-0.0258,-2.3401,-0.0108
638137219.0829978,52.464315, 13.613933,810364.1093,810361.7326,-0.0258,-2.3401,-0.0108
638137219.1324306,52.467161999999995, 13.612544999999999,810362.7280,810360.3513,-0.0258,-2.3402,-0.0108
640470021.6448398,52.332218999999995, 13.683187,810374.1932,810371.8106,-0.0617,-2.3057,-0.0151
640470021.6942725,52.335068, 13.681807,810376.7491,810374.3665,-0.0617,-2.3057,-0.0151
640470021.7437053,52.337916, 13.680425999999999,810375.7679,810373.3853,-0.0617,-2.3057,-0.0151
640470021.793138,52.340765, 13.679046,810371.7772,810369.3947,-0.0617,-2.3058,-0.0151
640470021.8425708,52.343613, 13.677665,810369.7605,810367.3780,-0.0617,-2.3058,-0.0151
640470021.8920035,52.346461999999995, 13.676283999999999,810379.9630,810377.5805,-0.0616,-2.3058,-0.0151
640470021.9414365,52.349309999999996, 13.674902999999999,810380.4295,810378.0470,-0.0616,-2.3058,-0.0151
640470021.9908693,52.352157999999996, 13.673522,810380.2701,810377.8876,-0.0616,-2.3058,-0.0151
640470022.0403032,52.355007, 13.672141,810381.0924,810378.7099,-0.0616,-2.3058,-0.0151
640470022.0897367,52.357855, 13.67076,810381.6671,810379.2846,-0.0616,-2.3058,-0.0151
640470022.1391828,52.360704, 13.669378,810382.3213,810379.9389,-0.0616,-2.3057,-0.0151
640470022.188616,52.363552, 13.667995999999999,810382.8729,810380.4905,-0.0616,-2.3057,-0.0151
640470022.2380493,52.366400999999996, 13.666614,810383.5243,810381.1419,-0.0616,-2.3057,-0.0151
640470022.2874827,52.369248999999996, 13.665232,810384.9891,810382.6067,-0.0616,-2.3057,-0.0151
640470022.336916,52.372097, 13.66385,810384.7281,810382.3457,-0.0616,-2.3057,-0.0151
640470022.3863621,52.374945999999994, 13.662467,810385.4347,810383.0524,-0.0616,-2.3056,-0.0151
640470022.4357951,52.377795, 13.661085,810386.1205,810383.7382,-0.0616,-2.3056,-0.0151
640470022.4852278,52.380643, 13.659702,810386.7803,810384.3980,-0.0616,-2.3056,-0.0151
640470022.5346606,52.383491, 13.658318999999999,810387.3256,810384.9433,-0.0616,-2.3056,-0.0151
640470022.5840933,52.386339, 13.656936,810387.9943,810385.6120,-0.0616,-2.3056,-0.0151
640470022.633539,52.389188, 13.655553,810388.6727,810386.2905,-0.0616,-2.3055,-0.0151
640470022.6829841,52.392036999999995, 13.654169,810389.3445,810386.9623,-0.0616,-2.3055,-0.0151
640470022.7324171,52.394884999999995, 13.652785999999999,810389.8846,810387.5024,-0.0616,-2.3055,-0.0151
640470022.7818499,52.397734, 13.651403,810390.5634,810388.1812,-0.0616,-2.3055,-0.0151
640470022.8312953,52.400582, 13.650018999999999,810391.3742,810388.9920,-0.0616,-2.3055,-0.0151
640470022.880728,52.403431, 13.648634999999999,810392.0685,810389.6864,-0.0616,-2.3054,-0.0151
640470022.9301608,52.406279, 13.647250999999999,810392.7375,810390.3554,-0.0616,-2.3054,-0.0151
640470022.9795935,52.409127, 13.645866999999999,810393.7281,810391.3460,-0.0616,-2.3054,-0.0151
640470023.0290508,52.411975999999996, 13.644482,810394.1066,810391.7245,-0.0616,-2.3054,-0.0151
640470023.0784836,52.414823999999996, 13.643097,810396.8363,810394.4541,-0.0616,-2.3055,-0.0151
640470023.1279163,52.417671999999996, 13.641713,810397.2961,810394.9138,-0.0617,-2.3056,-0.0151
640470023.177362,52.420521, 13.640328,810396.0361,810393.6537,-0.0617,-2.3056,-0.0151
640470023.2267947,52.423369, 13.638943,810396.5545,810394.1720,-0.0617,-2.3057,-0.0151
640470023.2762275,52.426217, 13.637557999999999,810396.9175,810394.5350,-0.0617,-2.3058,-0.0151
640470023.3256729,52.429066, 13.636172,810397.5739,810395.1913,-0.0617,-2.3058,-0.0151
640470023.3751059,52.431914, 13.634787,810398.2600,810395.8773,-0.0618,-2.3059,-0.0151
640470023.4245512,52.434763, 13.633401,810398.7989,810396.4161,-0.0618,-2.3060,-0.0151
640470023.473984,52.437611, 13.632014999999999,810399.5459,810397.1630,-0.0618,-2.3060,-0.0151
640470023.5234168,52.440459, 13.63063,810400.1522,810397.7693,-0.0618,-2.3061,-0.0150
640470023.5728624,52.443307, 13.629242999999999,810400.8255,810398.4425,-0.0618,-2.3061,-0.0150
640470023.6222949,52.446155, 13.627856999999999,810401.3568,810398.9737,-0.0618,-2.3062,-0.0150
640470023.6717405,52.449003999999995, 13.626470999999999,810400.0567,810397.6735,-0.0619,-2.3063,-0.0150
640470023.7211738,52.451851999999995, 13.625084,810403.6923,810401.3090,-0.0619,-2.3063,-0.0150
640470023.7706199,52.454699999999995, 13.623697,810399.0296,810396.6463,-0.0619,-2.3064,-0.0150
640470023.8200531,52.457547999999996, 13.622309999999999,810402.4704,810400.0870,-0.0619,-2.3065,-0.0150
640470023.869499,52.460397, 13.620923,810404.3251,810401.9416,-0.0619,-2.3065,-0.0150
640470023.9189451,52.463245, 13.619536,810404.6305,810402.2469,-0.0620,-2.3066,-0.0150
640470023.9683783,52.466093, 13.618148999999999,810405.2464,810402.8628,-0.0620,-2.3067,-0.0150
640470024.0178118,52.468941, 13.616760999999999,810404.5197,810402.1360,-0.0620,-2.3067,-0.0150
642802823.3728662,52.330411, 13.689848999999999,810582.1605,810579.7806,-0.0556,-2.3071,-0.0172
642802823.4223118,52.333259999999996, 13.688469,810582.7871,810580.4072,-0.0556,-2.3071,-0.0172
642802823.47177,52.33611, 13.687088,810583.5818,810581.2020,-0.0555,-2.3071,-0.0172
642802823.521241,52.33896, 13.685706999999999,810584.2933,810581.9135,-0.0554,-2.3072,-0.0172
642802823.5706868,52.341809, 13.684327,810577.7653,810575.3856,-0.0553,-2.3072,-0.0172
642802823.6201329,52.344657999999995, 13.682946999999999,810589.4826,810587.1029,-0.0553,-2.3072,-0.0172
642802823.669579,52.347507, 13.681566,810589.7964,810587.4168,-0.0552,-2.3072,-0.0172
642802823.7190378,52.350356999999995, 13.680185,810590.1537,810587.7741,-0.0551,-2.3073,-0.0172
642802823.7684836,52.353206, 13.678804,810589.9323,810587.5528,-0.0550,-2.3073,-0.0172
642802823.8179297,52.356055, 13.677423,810589.6312,810587.2517,-0.0550,-2.3073,-0.0172
642802823.8673885,52.358905, 13.676041,810590.3149,810587.9355,-0.0549,-2.3073,-0.0172
642802823.9168346,52.361754, 13.67466,810590.8449,810588.4655,-0.0548,-2.3074,-0.0172
642802823.9662805,52.364602999999995, 13.673278,810591.5402,810589.1609,-0.0548,-2.3074,-0.0172
642802824.0157387,52.367453, 13.671895999999998,810592.1925,810589.8132,-0.0547,-2.3074,-0.0172
642802824.065198,52.370301999999995, 13.670513999999999,810592.7073,810590.3280,-0.0547,-2.3074,-0.0172
642802824.1146436,52.373151, 13.669132,810594.6899,810592.3106,-0.0547,-2.3075,-0.0172
642802824.164089,52.376, 13.66775,810594.0613,810591.6820,-0.0546,-2.3075,-0.0172
642802824.2135472,52.37885, 13.666367,810594.7368,810592.3574,-0.0546,-2.3075,-0.0172
642802824.2630055,52.381699, 13.664983999999999,810595.3114,810592.9320,-0.0546,-2.3076,-0.0172
642802824.3124511,52.384547999999995, 13.663602,810595.9775,810593.5981,-0.0546,-2.3076,-0.0172
642802824.3618965,52.387397, 13.662218999999999,810596.8296,810594.4502,-0.0546,-2.3077,-0.0172
642802824.4113677,52.390246999999995, 13.660834999999999,810597.5682,810595.1888,-0.0545,-2.3077,-0.0172
642802824.460813,52.393096, 13.659452,810598.2116,810595.8322,-0.0545,-2.3077,-0.0172
642802824.5102582,52.395945, 13.658069,810598.5580,810596.1785,-0.0545,-2.3078,-0.0172
642802824.5597165,52.398793999999995, 13.656685,810599.2188,810596.8393,-0.0545,-2.3078,-0.0172
642802824.6091747,52.401644, 13.655301,810599.7618,810597.3823,-0.0545,-2.3078,-0.0172
642802824.6586204,52.404492999999995, 13.653917999999999,810601.2405,810598.8610,-0.0544,-2.3079,-0.0172
642802824.7080913,52.407343, 13.652533,810602.3108,810599.9313,-0.0544,-2.3079,-0.0172
642802824.7575366,52.410191999999995, 13.651149,810603.2664,810600.8869,-0.0544,-2.3079,-0.0172
642802824.8069823,52.413039999999995, 13.649764999999999,810604.0106,810601.6311,-0.0544,-2.3080,-0.0172
642802824.8564405,52.41589, 13.64838,810605.0452,810602.6656,-0.0544,-2.3080,-0.0172
642802824.9058859,52.418738999999995, 13.646996,810608.9138,810606.5342,-0.0543,-2.3080,-0.0172
642802824.9553442,52.421588, 13.645610999999999,810610.8914,810608.5118,-0.0543,-2.3081,-0.0172
642802825.0048025,52.424437, 13.644226,810605.0660,810602.6864,-0.0543,-2.3081,-0.0172
642802825.0542598,52.427287, 13.642840999999999,810605.7602,810603.3806,-0.0543,-2.3081,-0.0172
642802825.1037054,52.430135, 13.641456,810610.5358,810608.1562,-0.0543,-2.3081,-0.0172
642802825.1531763,52.432984999999995, 13.64007,810611.2633,810608.8837,-0.0543,-2.3081,-0.0172
642802825.2026219,52.435834, 13.638684,810611.8003,810609.4207,-0.0543,-2.3082,-0.0172
642802825.2520804,52.438683, 13.637298,810610.7432,810608.3636,-0.0542,-2.3082,-0.0172
642802825.3015263,52.441531999999995, 13.635912999999999,810610.1033,810607.7237,-0.0542,-2.3082,-0.0172
642802825.350985,52.444381, 13.634526999999999,810609.5037,810607.1241,-0.0542,-2.3082,-0.0172
642802825.4004312,52.44723, 13.633141,810609.8143,810607.4347,-0.0542,-2.3082,-0.0172
642802825.4498899,52.450078999999995, 13.631753999999999,810610.4899,810608.1103,-0.0542,-2.3082,-0.0172
642802825.4993484,52.452929, 13.630367999999999,810621.7768,810619.3972,-0.0542,-2.3082,-0.0172
642802825.5488071,52.455777999999995, 13.628981,810607.3038,810604.9241,-0.0542,-2.3083,-0.0172
642802825.5982533,52.458625999999995, 13.627594,810622.4810,810620.1013,-0.0542,-2.3083,-0.0172
642802825.647712,52.461476, 13.626206999999999,810612.7499,810610.3702,-0.0542,-2.3083,-0.0172
642802825.6971703,52.464324999999995, 13.62482,810613.2242,810610.8445,-0.0542,-2.3083,-0.0172
642802825.7466159,52.467172999999995, 13.623432999999999,810613.5393,810611.1596,-0.0542,-2.3083,-0.0172
645135622.0759203,52.332155, 13.698663999999999,810591.2282,810588.7196,-0.1954,-2.2915,-0.0216
645135622.1253786,52.335004, 13.697284,810591.4497,810588.9411,-0.1955,-2.2915,-0.0216
645135622.1748369,52.337854, 13.695903,810592.4317,810589.9230,-0.1955,-2.2916,-0.0216
645135622.2242951,52.340703999999995, 13.694523,810592.0380,810589.5293,-0.1955,-2.2916,-0.0216
645135622.2737532,52.343554, 13.693143,810592.3068,810589.7981,-0.1956,-2.2916,-0.0216
645135622.3231988,52.346402999999995, 13.691761999999999,810589.6627,810587.1539,-0.1956,-2.2916,-0.0216
645135622.3726444,52.349252, 13.690382,810588.8129,810586.3041,-0.1956,-2.2916,-0.0216
645135622.4221151,52.352103, 13.689,810591.1488,810588.6399,-0.1957,-2.2916,-0.0216
645135622.4715607,52.354952, 13.687619999999999,810593.7765,810591.2676,-0.1957,-2.2916,-0.0216
645135622.521019,52.357800999999995, 13.686238,810589.1108,810586.6018,-0.1957,-2.2917,-0.0216
645135622.570477,52.360651, 13.684857,810588.2159,810585.7069,-0.1957,-2.2917,-0.0216
645135622.6199226,52.363499999999995, 13.683475999999999,810588.6524,810586.1433,-0.1958,-2.2917,-0.0216
645135622.6693683,52.366349, 13.682094,810589.2164,810586.7073,-0.1958,-2.2917,-0.0216
645135622.7188265,52.369198999999995, 13.680712,810589.9052,810587.3961,-0.1958,-2.2917,-0.0216
645135622.7682726,52.372048, 13.679331,810590.5178,810588.0086,-0.1959,-2.2917,-0.0216
645135622.817744,52.374897999999995, 13.677947999999999,810591.2625,810588.7533,-0.1959,-2.2917,-0.0216
645135622.8671901,52.377747, 13.676566,810591.8222,810589.3129,-0.1959,-2.2918,-0.0216
645135622.9166489,52.380596999999995, 13.675184,810592.4152,810589.9059,-0.1959,-2.2918,-0.0216
645135622.966095,52.383446, 13.673801,810593.1233,810590.6139,-0.1960,-2.2918,-0.0216
645135623.0155535,52.386295, 13.672419,810593.8313,810591.3219,-0.1960,-2.2918,-0.0216
645135623.0649986,52.389143999999995, 13.671035999999999,810594.8425,810592.3330,-0.1960,-2.2919,-0.0216
645135623.1144702,52.391994999999994, 13.669652,810595.9778,810593.4683,-0.1960,-2.2919,-0.0216
645135623.1639159,52.394842999999995, 13.66827,810596.3274,810593.8179,-0.1960,-2.2919,-0.0216
645135623.2133615,52.397692, 13.666887,810597.1805,810594.6709,-0.1960,-2.2920,-0.0216
645135623.2628198,52.400541999999994, 13.665503,810596.8680,810594.3584,-0.1960,-2.2920,-0.0216
645135623.3122652,52.403391, 13.664119999999999,810597.3718,810594.8622,-0.1960,-2.2920,-0.0216
645135623.3617108,52.406239, 13.662735999999999,810598.0458,810595.5361,-0.1960,-2.2921,-0.0216
645135623.4111688,52.409088999999994, 13.661351999999999,810598.5794,810596.0697,-0.1960,-2.2921,-0.0216
645135623.4606271,52.411938, 13.659968,810597.3658,810594.8560,-0.1960,-2.2922,-0.0216
645135623.5100725,52.414787, 13.658584,810603.2858,810600.7760,-0.1961,-2.2922,-0.0215
645135623.5595307,52.417637, 13.6572,810605.0438,810602.5340,-0.1961,-2.2922,-0.0215
645135623.6089764,52.420485, 13.655814999999999,810607.1088,810604.5989,-0.1961,-2.2923,-0.0215
645135623.6584346,52.423334999999994, 13.654430999999999,810604.6926,810602.1827,-0.1961,-2.2923,-0.0215
645135623.7078927,52.426184, 13.653046,810604.5699,810602.0599,-0.1961,-2.2924,-0.0215
645135623.7573383,52.429033, 13.651660999999999,810605.7065,810603.1965,-0.1961,-2.2924,-0.0215
645135623.8068092,52.431883, 13.650274999999999,810605.3770,810602.8670,-0.1961,-2.2924,-0.0215
645135623.8562548,52.434732, 13.64889,810606.3584,810603.8483,-0.1961,-2.2925,-0.0215
645135623.9057257,52.437582, 13.647504,810607.2446,810604.7345,-0.1961,-2.2925,-0.0215
645135623.9551711,52.440431, 13.646118999999999,810607.2079,810604.6977,-0.1961,-2.2926,-0.0215
645135624.0046294,52.443279999999994, 13.644732999999999,810606.9684,810604.4582,-0.1961,-2.2926,-0.0215
645135624.054076,52.446129, 13.643348,810606.9147,810604.4045,-0.1961,-2.2926,-0.0215
645135624.1035342,52.448978, 13.641962,810607.8935,810605.3833,-0.1961,-2.2926,-0.0215
645135624.1529796,52.451826999999994, 13.640576,810610.3691,810607.8589,-0.1961,-2.2927,-0.0215
645135624.2024508,52.454677, 13.639189,810612.2604,810609.7502,-0.1960,-2.2927,-0.0215
645135624.2518961,52.457525, 13.637803,810614.7330,810612.2228,-0.1960,-2.2927,-0.0215
645135624.3013544,52.460373999999995, 13.636415999999999,810622.9708,810620.4606,-0.1960,-2.2927,-0.0215
645135624.3508,52.463223, 13.635029,810608.2317,810605.7215,-0.1960,-2.2927,-0.0215
645135624.4002583,52.466072, 13.633642,810610.1727,810607.6625,-0.1960,-2.2928,-0.0215
645135624.449717,52.468920999999995, 13.632254999999999,810611.1731,810608.6629,-0.1960,-2.2928,-0.0215
647468422.2260704,52.331229, 13.696238999999998,810363.4952,810361.0492,-0.1261,-2.3008,-0.0191
647468422.2755032,52.334078, 13.694859,810374.3913,810371.9453,-0.1261,-2.3008,-0.0191
647468422.3249359,52.336926, 13.69348,810373.8490,810371.4030,-0.1261,-2.3008,-0.0191
647468422.3743813,52.339774999999996, 13.6921,810375.5345,810373.0885,-0.1261,-2.3008,-0.0191
647468422.4238143,52.342624, 13.690719999999999,810376.3336,810373.8876,-0.1261,-2.3008,-0.0191
647468422.473247,52.345472, 13.68934,810373.4477,810371.0017,-0.1261,-2.3008,-0.0191
647468422.5226669,52.34832, 13.687961,810373.4131,810370.9670,-0.1262,-2.3008,-0.0191
647468422.5720997,52.351169, 13.68658,810373.1648,810370.7187,-0.1262,-2.3008,-0.0191
647468422.6215453,52.354017999999996, 13.6852,810377.0869,810374.6408,-0.1262,-2.3008,-0.0191
647468422.6709781,52.356866, 13.683819,810373.1296,810370.6835,-0.1262,-2.3008,-0.0191
647468422.7204108,52.359714999999994, 13.682438999999999,810373.0034,810370.5573,-0.1262,-2.3008,-0.0191
647468422.7698433,52.362562999999994, 13.681058,810372.9371,810370.4910,-0.1262,-2.3008,-0.0191
647468422.8192761,52.365412, 13.679677,810373.5961,810371.1500,-0.1262,-2.3008,-0.0191
647468422.8687088,52.36826, 13.678296,810380.2367,810377.7905,-0.1263,-2.3008,-0.0191
647468422.9181416,52.371109, 13.676914,810378.2851,810375.8389,-0.1263,-2.3008,-0.0191
647468422.9675744,52.373957, 13.675533,810377.8572,810375.4110,-0.1263,-2.3008,-0.0191
647468423.0170083,52.376805, 13.674151,810377.9414,810375.4952,-0.1263,-2.3008,-0.0191
647468423.066441,52.379653999999995, 13.67277,810377.1789,810374.7327,-0.1263,-2.3008,-0.0191
647468423.1158738,52.382501999999995, 13.671387999999999,810377.3658,810374.9195,-0.1263,-2.3009,-0.0191
647468423.1653066,52.385351, 13.670005999999999,810377.5846,810375.1383,-0.1263,-2.3009,-0.0191
647468423.2147393,52.388199, 13.668624,810378.6695,810376.2232,-0.1263,-2.3009,-0.0191
647468423.2641723,52.391047, 13.667240999999999,810379.8726,810377.4262,-0.1264,-2.3009,-0.0191
647468423.3136058,52.393896, 13.665859,810380.1258,810377.6794,-0.1264,-2.3010,-0.0191
647468423.363039,52.396744, 13.664475999999999,810380.2970,810377.8506,-0.1264,-2.3010,-0.0191
647468423.4124722,52.399592, 13.663094,810380.7551,810378.3087,-0.1264,-2.3010,-0.0191
647468423.4619184,52.402440999999996, 13.66171,810381.4193,810378.9728,-0.1264,-2.3010,-0.0191
647468423.5113516,52.40529, 13.660326999999999,810382.0543,810379.6078,-0.1264,-2.3011,-0.0190
647468423.5607848,52.408138, 13.658944,810382.5854,810380.1389,-0.1264,-2.3011,-0.0190
647468423.6102309,52.410987, 13.65756,810379.5493,810377.1027,-0.1264,-2.3011,-0.0190
647468423.6596642,52.413835, 13.656177,810379.8458,810377.3992,-0.1264,-2.3011,-0.0190
647468423.7090969,52.416683, 13.654793,810380.6149,810378.1683,-0.1264,-2.3012,-0.0190
647468423.7585297,52.419531, 13.653409,810381.2390,810378.7923,-0.1265,-2.3012,-0.0190
647468423.8079627,52.42238, 13.652025,810390.0188,810387.5721,-0.1265,-2.3012,-0.0190
647468423.8574209,52.425228999999995, 13.65064,810388.5553,810386.1086,-0.1265,-2.3012,-0.0190
647468423.9068537,52.428076999999995, 13.649256,810390.9688,810388.5221,-0.1265,-2.3013,-0.0190
647468423.9562864,52.430926, 13.647872,810390.2350,810387.7882,-0.1265,-2.3013,-0.0190
647468424.0057192,52.433774, 13.646486999999999,810388.8633,810386.4165,-0.1265,-2.3013,-0.0190
647468424.0551639,52.436622, 13.645102,810389.5402,810387.0934,-0.1265,-2.3013,-0.0190
647468424.1045964,52.439471, 13.643716999999999,810390.7359,810388.2891,-0.1265,-2.3013,-0.0190
647468424.1540291,52.442319, 13.642332,810391.0041,810388.5573,-0.1265,-2.3013,-0.0190
647468424.2034745,52.445167, 13.640946,810391.1187,810388.6719,-0.1265,-2.3013,-0.0190
647468424.2529073,52.448015, 13.639560999999999,810391.4877,810389.0409,-0.1265,-2.3013,-0.0190
647468424.30234,52.450863, 13.638176,810387.3778,810384.9310,-0.1265,-2.3013,-0.0190
647468424.3517857,52.453711999999996, 13.63679,810387.9570,810385.5102,-0.1265,-2.3013,-0.0190
647468424.4012184,52.456559999999996, 13.635404,810388.5096,810386.0628,-0.1265,-2.3013,-0.0190
647468424.4506512,52.459407999999996, 13.634018,810389.1055,810386.6587,-0.1265,-2.3013,-0.0190
647468424.5000966,52.462257, 13.632631,810391.9983,810389.5514,-0.1266,-2.3013,-0.0190
647468424.5495293,52.465104999999994, 13.631245,810394.3392,810391.8923,-0.1266,-2.3013,-0.0190
647468424.598975,52.467954, 13.629857999999999,810394.8404,810392.3935,-0.1266,-2.3013,-0.0190
649801221.2032466,52.3321, 13.693067,810277.3831,810274.9221,-0.1533,-2.2895,-0.0182
649801221.2526667,52.334948, 13.691688,810277.2861,810274.8252,-0.1532,-2.2895,-0.0182
649801221.3020995,52.337796999999995, 13.690308,810262.0504,810259.5896,-0.1532,-2.2895,-0.0182
649801221.3515322,52.340646, 13.688929,810260.2859,810257.8251,-0.1531,-2.2895,-0.0182
649801221.400965,52.343494, 13.687548999999999,810277.0508,810274.5901,-0.1531,-2.2894,-0.0182
649801221.4503851,52.346342, 13.686169999999999,810277.3352,810274.8746,-0.1530,-2.2894,-0.0182
649801221.4998178,52.349191, 13.68479,810277.1709,810274.7103,-0.1530,-2.2894,-0.0182
649801221.5492506,52.352039, 13.683409,810281.1328,810278.6723,-0.1530,-2.2894,-0.0181
649801221.5986834,52.354887999999995, 13.682029,810277.2192,810274.7588,-0.1529,-2.2894,-0.0181
649801221.6481161,52.357735999999996, 13.680648999999999,810276.7020,810274.2417,-0.1529,-2.2893,-0.0181
649801221.697536,52.360583999999996, 13.679267999999999,810276.9224,810274.4621,-0.1528,-2.2893,-0.0181
649801221.746969,52.363433, 13.677888,810277.6167,810275.1565,-0.1528,-2.2893,-0.0181
649801221.7964015,52.366281, 13.676506999999999,810278.1747,810275.7146,-0.1527,-2.2893,-0.0181
649801221.8458343,52.36913, 13.675125999999999,810278.8229,810276.3629,-0.1527,-2.2893,-0.0181
649801221.895267,52.371978, 13.673744,810281.8210,810279.3610,-0.1526,-2.2892,-0.0181
649801221.9446998,52.374826999999996, 13.672362999999999,810280.9041,810278.4442,-0.1526,-2.2892,-0.0181
649801221.9941325,52.377674999999996, 13.670981,810280.7433,810278.2835,-0.1525,-2.2892,-0.0181
649801222.0435643,52.380523999999994, 13.669599999999999,810281.3841,810278.9243,-0.1525,-2.2892,-0.0181
649801222.0929973,52.383371999999994, 13.668218,810282.0760,810279.6162,-0.1524,-2.2893,-0.0181
649801222.1424305,52.386221, 13.666836,810283.1619,810280.7022,-0.1523,-2.2893,-0.0181
649801222.1918638,52.389069, 13.665453999999999,810283.9961,810281.5364,-0.1523,-2.2893,-0.0181
649801222.241297,52.391918, 13.664071999999999,810284.2757,810281.8160,-0.1522,-2.2894,-0.0181
649801222.2907176,52.394765, 13.662688999999999,810284.5165,810282.0568,-0.1522,-2.2894,-0.0181
649801222.3401511,52.397614, 13.661306999999999,810285.2705,810282.8108,-0.1521,-2.2894,-0.0181
649801222.3895714,52.400461, 13.659924,810285.8386,810283.3790,-0.1521,-2.2895,-0.0181
649801222.438992,52.403309, 13.658541999999999,810286.4059,810283.9463,-0.1520,-2.2895,-0.0181
649801222.4884255,52.406157, 13.657159,810288.8590,810286.3994,-0.1520,-2.2895,-0.0181
649801222.5378714,52.409006, 13.655775,810289.8784,810287.4188,-0.1519,-2.2896,-0.0181
649801222.5872915,52.411854, 13.654392,810290.7402,810288.2806,-0.1519,-2.2896,-0.0181
649801222.6367242,52.414702, 13.653008999999999,810292.2776,810289.8181,-0.1518,-2.2896,-0.0181
649801222.686157,52.417550999999996, 13.651625,810293.4679,810291.0084,-0.1517,-2.2897,-0.0181
649801222.7355897,52.420398999999996, 13.650241,810296.8000,810294.3405,-0.1517,-2.2897,-0.0181
649801222.7850096,52.423246, 13.648857999999999,810298.4051,810295.9456,-0.1516,-2.2897,-0.0181
649801222.8344424,52.426095, 13.647473999999999,810292.1506,810289.6911,-0.1516,-2.2898,-0.0181
649801222.8838625,52.428942, 13.64609,810294.8413,810292.3819,-0.1515,-2.2898,-0.0181
649801222.9332952,52.43179, 13.644705,810295.6852,810293.2258,-0.1515,-2.2899,-0.0181
649801222.9827409,52.434639, 13.64332,810296.6959,810294.2365,-0.1514,-2.2899,-0.0181
649801223.0321748,52.437487999999995, 13.641936,810297.3798,810294.9204,-0.1514,-2.2899,-0.0181
649801223.0815947,52.440335, 13.640550999999999,810296.8683,810294.4090,-0.1513,-2.2899,-0.0181
649801223.1310146,52.443182, 13.639166,810295.8244,810293.3651,-0.1512,-2.2899,-0.0181
649801223.1804473,52.446031, 13.637780999999999,810295.9662,810293.5070,-0.1512,-2.2900,-0.0181
649801223.2298801,52.448879, 13.636396,810296.8028,810294.3437,-0.1511,-2.2900,-0.0181
649801223.2793,52.451726, 13.635010999999999,810299.2203,810296.7612,-0.1510,-2.2900,-0.0181
649801223.3287201,52.454572999999996, 13.633626,810300.6921,810298.2331,-0.1510,-2.2900,-0.0181
649801223.3781402,52.457421, 13.63224,810303.2955,810300.8365,-0.1509,-2.2900,-0.0181
649801223.4275856,52.460269999999994, 13.630854,810309.1389,810306.6800,-0.1508,-2.2900,-0.0181
649801223.4770184,52.463117999999994, 13.629468,810298.9097,810296.4508,-0.1508,-2.2900,-0.0181
649801223.5264513,52.465965999999995, 13.628082,810299.6795,810297.2207,-0.1507,-2.2901,-0.0180
649801223.5758841,52.468813999999995, 13.626695,810299.6500,810297.1912,-0.1507,-2.2901,-0.0180
652134017.5786593,52.330298, 13.695812,810455.3022,810452.7973,-0.2055,-2.2847,-0.0146
652134017.6281044,52.333147999999994, 13.694433,810456.3737,810453.8687,-0.2056,-2.2848,-0.0146
652134017.6775501,52.335997, 13.693052999999999,810467.9038,810465.3988,-0.2056,-2.2848,-0.0146
652134017.7269955,52.338846, 13.691673999999999,810466.8553,810464.3502,-0.2056,-2.2848,-0.0146
652134017.7764411,52.341696, 13.690294,810469.6990,810467.1939,-0.2057,-2.2848,-0.0146
652134017.8258741,52.344544, 13.688915,810461.3448,810458.8397,-0.2057,-2.2848,-0.0146
652134017.8753202,52.347393, 13.687534999999999,810467.7628,810465.2576,-0.2057,-2.2849,-0.0146
652134017.9247663,52.350243, 13.686155,810469.8079,810467.3027,-0.2058,-2.2849,-0.0146
652134017.9742122,52.353092, 13.684775,810471.4100,810468.9047,-0.2058,-2.2849,-0.0146
652134018.0236578,52.355940999999994, 13.683394,810463.4332,810460.9279,-0.2058,-2.2849,-0.0146
652134018.0731034,52.35879, 13.682013999999999,810463.5668,810461.0615,-0.2058,-2.2849,-0.0146
652134018.1225493,52.361639999999994, 13.680633,810467.1706,810464.6653,-0.2058,-2.2849,-0.0146
652134018.1719954,52.364489, 13.679252,810467.8942,810465.3889,-0.2058,-2.2849,-0.0146
652134018.2214415,52.367338, 13.677871,810468.5751,810466.0698,-0.2058,-2.2849,-0.0146
652134018.2708869,52.370186999999994, 13.67649,810469.2110,810466.7057,-0.2058,-2.2850,-0.0146
652134018.3203325,52.373036, 13.675108999999999,810469.4012,810466.8959,-0.2058,-2.2850,-0.0146
652134018.3697779,52.375885, 13.673727,810470.5383,810468.0330,-0.2058,-2.2850,-0.0146
652134018.4192235,52.378733999999994, 13.672346,810471.1430,810468.6377,-0.2058,-2.2850,-0.0146
652134018.4686689,52.381583, 13.670964,810471.8212,810469.3159,-0.2058,-2.2850,-0.0146
652134018.5181146,52.384432999999994, 13.669582,810472.4801,810469.9747,-0.2057,-2.2850,-0.0146
652134018.56756,52.387282, 13.668199999999999,810473.3396,810470.8342,-0.2057,-2.2850,-0.0146
652134018.6170053,52.390131, 13.666818,810474.4007,810471.8953,-0.2057,-2.2850,-0.0146
652134018.666451,52.392979999999994, 13.665436,810474.5956,810472.0902,-0.2057,-2.2850,-0.0146
652134018.7158964,52.395829, 13.664053,810474.8789,810472.3735,-0.2057,-2.2850,-0.0146
652134018.7653291,52.398677, 13.662671,810475.5783,810473.0729,-0.2057,-2.2851,-0.0146
652134018.8147745,52.401526, 13.661287999999999,810476.2823,810473.7769,-0.2057,-2.2851,-0.0146
652134018.8642201,52.404374999999995, 13.659905,810476.8085,810474.3031,-0.2057,-2.2851,-0.0146
652134018.9136784,52.407225, 13.658522,810477.5965,810475.0911,-0.2057,-2.2851,-0.0146
652134018.9631238,52.410073999999994, 13.657138999999999,810474.8989,810472.3935,-0.2057,-2.2851,-0.0146
652134019.0125694,52.412921999999995, 13.655755,810475.5381,810473.0327,-0.2057,-2.2851,-0.0146
652134019.0620158,52.415771, 13.654371999999999,810475.9317,810473.4262,-0.2057,-2.2852,-0.0146
652134019.1114614,52.41862, 13.652987999999999,810476.4720,810473.9665,-0.2057,-2.2852,-0.0146
652134019.1609197,52.42147, 13.651603999999999,810476.5877,810474.0821,-0.2057,-2.2853,-0.0146
652134019.210365,52.424319, 13.65022,810481.4001,810478.8945,-0.2057,-2.2854,-0.0146
652134019.2598107,52.427167999999995, 13.648835,810482.0905,810479.5848,-0.2056,-2.2854,-0.0146
652134019.3092561,52.430017, 13.647451,810483.7786,810481.2729,-0.2056,-2.2855,-0.0146
652134019.3587143,52.432866, 13.646066,810484.3908,810481.8850,-0.2056,-2.2856,-0.0146
652134019.40816,52.435714999999995, 13.644682,810484.7627,810482.2569,-0.2056,-2.2856,-0.0146
652134019.4575927,52.438562999999995, 13.643296999999999,810485.2919,810482.7860,-0.2056,-2.2857,-0.0146
652134019.5070512,52.441413, 13.641912,810485.2060,810482.7001,-0.2056,-2.2858,-0.0145
652134019.5564845,52.444261, 13.640526999999999,810485.8613,810483.3553,-0.2056,-2.2858,-0.0145
652134019.6059306,52.447109999999995, 13.639142,810486.4081,810483.9021,-0.2056,-2.2859,-0.0145
652134019.6553764,52.449957999999995, 13.637756999999999,810487.0489,810484.5428,-0.2056,-2.2860,-0.0145
652134019.7048225,52.452807, 13.636370999999999,810483.3505,810480.8444,-0.2056,-2.2860,-0.0145
652134019.7542686,52.455656, 13.634984999999999,810483.7676,810481.2614,-0.2055,-2.2861,-0.0145
652134019.8037019,52.458504, 13.6336,810484.5895,810482.0833,-0.2055,-2.2861,-0.0145
652134019.853148,52.461352999999995, 13.632214,810485.4558,810482.9495,-0.2055,-2.2862,-0.0145
652134019.9025939,52.464200999999996, 13.630828,810487.6814,810485.1751,-0.2055,-2.2863,-0.0145
652134019.9520524,52.467051, 13.629441,810489.7879,810487.2815,-0.2055,-2.2863,-0.0145
652134020.0014851,52.469899, 13.628055,810489.9442,810487.4378,-0.2055,-2.2864,-0.0145
654466820.4431922,52.332736999999995, 13.680128,810673.9633,810671.5930,-0.1056,-2.2541,-0.0106
654466820.492651,52.335587, 13.678747,810680.1371,810677.7668,-0.1056,-2.2541,-0.0106
654466820.5421097,52.338435999999994, 13.677366,810680.6843,810678.3140,-0.1057,-2.2541,-0.0105
654466820.5915685,52.341286, 13.675984999999999,810682.8354,810680.4651,-0.1057,-2.2541,-0.0105
654466820.6410398,52.344136, 13.674603,810683.7619,810681.3916,-0.1057,-2.2540,-0.0105
654466820.6904981,52.346986, 13.673221,810683.6556,810681.2853,-0.1057,-2.2540,-0.0105
654466820.7399564,52.349835999999996, 13.67184,810681.4438,810679.0735,-0.1057,-2.2540,-0.0105
654466820.7894273,52.352686, 13.670456999999999,810683.5413,810681.1711,-0.1057,-2.2540,-0.0105
654466820.8388855,52.355534999999996, 13.669075,810684.2386,810681.8684,-0.1058,-2.2540,-0.0105
654466820.8883438,52.358385, 13.667693,810684.8835,810682.5133,-0.1058,-2.2539,-0.0105
654466820.9378021,52.361235, 13.666310999999999,810686.3183,810683.9481,-0.1058,-2.2539,-0.0105
654466820.987273,52.364084999999996, 13.664928,810686.8754,810684.5052,-0.1058,-2.2539,-0.0105
654466821.03673,52.366934, 13.663546,810685.8949,810683.5246,-0.1058,-2.2539,-0.0105
654466821.0862012,52.369783999999996, 13.662161999999999,810685.2097,810682.8393,-0.1059,-2.2540,-0.0105
654466821.1356595,52.372634, 13.660779,810687.9928,810685.6224,-0.1059,-2.2540,-0.0105
654466821.1851304,52.375484, 13.659396,810688.6939,810686.3234,-0.1060,-2.2540,-0.0105
654466821.2345886,52.378333999999995, 13.658012999999999,810689.2013,810686.8307,-0.1061,-2.2541,-0.0105
654466821.284034,52.381181999999995, 13.65663,810689.8788,810687.5081,-0.1061,-2.2541,-0.0105
654466821.3335049,52.384032, 13.655246,810690.6637,810688.2929,-0.1062,-2.2541,-0.0105
654466821.3829505,52.386880999999995, 13.653863,810690.8514,810688.4805,-0.1062,-2.2542,-0.0105
654466821.4324214,52.389731, 13.652477999999999,810690.1918,810687.8208,-0.1063,-2.2542,-0.0105
654466821.4818671,52.392579999999995, 13.651095,810690.3123,810687.9412,-0.1063,-2.2542,-0.0105
654466821.531338,52.39543, 13.649709999999999,810690.9255,810688.5543,-0.1064,-2.2543,-0.0105
654466821.5807962,52.398278999999995, 13.648325999999999,810693.8147,810691.4435,-0.1064,-2.2543,-0.0105
654466821.6302545,52.401129, 13.646942,810694.8742,810692.5029,-0.1065,-2.2543,-0.0105
654466821.6797128,52.403977999999995, 13.645557,810695.5064,810693.1350,-0.1065,-2.2544,-0.0105
654466821.729171,52.406827, 13.644172,810694.2698,810691.8983,-0.1066,-2.2544,-0.0105
654466821.7786293,52.409676999999995, 13.642787,810695.0553,810692.6837,-0.1067,-2.2544,-0.0105
654466821.8281002,52.412527, 13.641402,810698.7371,810696.3654,-0.1067,-2.2545,-0.0105
654466821.8775585,52.415375999999995, 13.640016999999999,810700.1371,810697.7653,-0.1068,-2.2545,-0.0105
654466821.9270296,52.418226, 13.638631,810702.4458,810700.0739,-0.1068,-2.2545,-0.0105
654466821.9765012,52.421076, 13.637245,810699.0530,810696.6810,-0.1069,-2.2546,-0.0105
654466822.0259607,52.423925, 13.63586,810699.9201,810697.5481,-0.1069,-2.2546,-0.0105
654466822.0754197,52.426775, 13.634473999999999,810700.0735,810697.7015,-0.1070,-2.2546,-0.0105
654466822.1248784,52.429624, 13.633087999999999,810700.5426,810698.1705,-0.1070,-2.2546,-0.0105
654466822.1743371,52.432472999999995, 13.631701999999999,810701.4956,810699.1235,-0.1071,-2.2545,-0.0105
654466822.2237959,52.435322, 13.630315,810702.1915,810699.8194,-0.1071,-2.2545,-0.0105
654466822.2732546,52.438171, 13.628929,810702.8829,810700.5108,-0.1072,-2.2545,-0.0105
654466822.3227262,52.441021, 13.627542,810703.2231,810700.8509,-0.1072,-2.2545,-0.0105
654466822.3721974,52.443870999999994, 13.626154999999999,810702.8345,810700.4623,-0.1073,-2.2545,-0.0105
654466822.4216428,52.44672, 13.624768,810704.4593,810702.0871,-0.1073,-2.2544,-0.0105
654466822.4711139,52.449569, 13.623381,810704.8037,810702.4315,-0.1074,-2.2544,-0.0105
654466822.5205848,52.452419, 13.621993999999999,810701.9994,810699.6271,-0.1074,-2.2544,-0.0104
654466822.5700431,52.455268, 13.620605999999999,810702.2333,810699.8610,-0.1075,-2.2544,-0.0104
654466822.6195014,52.458116999999994, 13.619219,810706.4497,810704.0774,-0.1075,-2.2544,-0.0104
654466822.6689596,52.460967, 13.617830999999999,810707.1635,810704.7912,-0.1076,-2.2543,-0.0104
654466822.7184305,52.463815999999994, 13.616442999999999,810707.6565,810705.2841,-0.1076,-2.2543,-0.0104
654466822.7679017,52.466666, 13.615055,810707.7245,810705.3521,-0.1077,-2.2543,-0.0104
654466822.8173599,52.469514999999994, 13.613667,810707.6733,810705.3009,-0.1077,-2.2543,-0.0104
656799621.1331115,52.330348, 13.686936999999999,810593.2469,810590.7801,-0.1662,-2.2900,-0.0106
656799621.1825697,52.333197999999996, 13.685557,810593.8135,810591.3468,-0.1661,-2.2900,-0.0106
656799621.2320151,52.336047, 13.684177,810602.1165,810599.6498,-0.1661,-2.2900,-0.0106
656799621.2814734,52.338896999999996, 13.682796999999999,810597.0405,810594.5739,-0.1660,-2.2900,-0.0106
656799621.3309445,52.341747999999995, 13.681415,810603.1617,810600.6952,-0.1659,-2.2900,-0.0106
656799621.3803899,52.344597, 13.680035,810603.4999,810601.0335,-0.1658,-2.2900,-0.0106
656799621.4298482,52.347446, 13.678654,810603.6099,810601.1435,-0.1658,-2.2900,-0.0106
656799621.4793065,52.350296, 13.677273,810603.8100,810601.3437,-0.1657,-2.2900,-0.0106
656799621.5287519,52.353145, 13.675892,810604.0274,810601.5612,-0.1656,-2.2900,-0.0106
656799621.5781972,52.355993999999995, 13.674510999999999,810603.7808,810601.3147,-0.1655,-2.2900,-0.0106
656799621.6276555,52.358844, 13.673129,810604.4503,810601.9842,-0.1655,-2.2900,-0.0106
656799621.6771264,52.361694, 13.671747,810605.1421,810602.6761,-0.1654,-2.2900,-0.0106
656799621.7265718,52.364543, 13.670366,810605.8469,810603.3810,-0.1653,-2.2900,-0.0106
656799621.7760174,52.367391999999995, 13.668984,810606.7360,810604.2702,-0.1652,-2.2900,-0.0106
656799621.8254757,52.370242, 13.667601999999999,810608.2744,810605.8086,-0.1652,-2.2900,-0.0106
656799621.8749211,52.373090999999995, 13.66622,810608.2569,810605.7912,-0.1651,-2.2900,-0.0106
656799621.9243793,52.37594, 13.664836999999999,810608.3021,810605.8365,-0.1650,-2.2900,-0.0106
656799621.9738376,52.378789999999995, 13.663454999999999,810608.8565,810606.3910,-0.1649,-2.2900,-0.0106
656799622.0232842,52.381639, 13.662072,810609.5113,810607.0458,-0.1648,-2.2900,-0.0106
656799622.0727425,52.384488, 13.660689,810610.0550,810607.5896,-0.1647,-2.2901,-0.0106
656799622.1222007,52.387338, 13.659305999999999,810610.7257,810608.2603,-0.1646,-2.2901,-0.0106
656799622.1716461,52.390187, 13.657923,810611.3843,810608.9190,-0.1645,-2.2902,-0.0106
656799622.2210922,52.393035, 13.65654,810611.9269,810609.4617,-0.1644,-2.2903,-0.0106
656799622.270551,52.395885, 13.655156999999999,810612.6020,810610.1368,-0.1643,-2.2903,-0.0106
656799622.3199971,52.398734, 13.653773,810613.1418,810610.6767,-0.1642,-2.2904,-0.0106
656799622.3694558,52.401582999999995, 13.652389,810613.7826,810611.3175,-0.1641,-2.2904,-0.0106
656799622.4189146,52.404433, 13.651005,810615.2437,810612.7787,-0.1639,-2.2905,-0.0106
656799622.4683733,52.407281999999995, 13.649621,810616.1676,810613.7027,-0.1638,-2.2906,-0.0106
656799622.5178192,52.410131, 13.648237,810616.4762,810614.0113,-0.1637,-2.2906,-0.0105
656799622.5672779,52.412980999999995, 13.646853,810616.9510,810614.4862,-0.1636,-2.2907,-0.0105
656799622.616724,52.415828999999995, 13.645468,810619.2026,810616.7378,-0.1635,-2.2907,-0.0105
656799622.6661694,52.418678, 13.644084,810622.3584,810619.8937,-0.1634,-2.2908,-0.0105
656799622.7156277,52.421527, 13.642698999999999,810624.3763,810621.9117,-0.1633,-2.2909,-0.0105
656799622.7650733,52.424375999999995, 13.641314,810618.8720,810616.4074,-0.1631,-2.2909,-0.0105
656799622.8145316,52.427225, 13.639928999999999,810619.4787,810617.0142,-0.1630,-2.2910,-0.0105
656799622.863977,52.430074, 13.638544,810620.0831,810617.6186,-0.1629,-2.2910,-0.0105
656799622.9134481,52.432924, 13.637158,810620.9962,810618.5318,-0.1628,-2.2911,-0.0105
656799622.9628935,52.435773, 13.635772999999999,810621.4178,810618.9535,-0.1627,-2.2912,-0.0105
656799623.0123518,52.438621999999995, 13.634387,810621.9880,810619.5237,-0.1626,-2.2912,-0.0105
656799623.0617962,52.441471, 13.633001,810622.5027,810620.0386,-0.1624,-2.2912,-0.0105
656799623.1112542,52.44432, 13.631615,810623.1963,810620.7324,-0.1623,-2.2912,-0.0105
656799623.1607125,52.447168999999995, 13.630229,810623.8009,810621.3371,-0.1621,-2.2911,-0.0105
656799623.2101581,52.450018, 13.628843,810624.6492,810622.1856,-0.1620,-2.2911,-0.0105
656799623.259629,52.452867999999995, 13.627455999999999,810626.8433,810624.3799,-0.1618,-2.2911,-0.0105
656799623.3090744,52.455715999999995, 13.626069999999999,810628.7480,810626.2848,-0.1617,-2.2911,-0.0105
656799623.3585327,52.458566, 13.624683,810635.3311,810632.8680,-0.1615,-2.2911,-0.0105
656799623.4080038,52.461414999999995, 13.623294999999999,810626.2613,810623.7984,-0.1614,-2.2910,-0.0105
656799623.4574492,52.464264, 13.621908,810626.8372,810624.3745,-0.1612,-2.2910,-0.0105
656799623.5069075,52.467113, 13.620521,810627.1373,810624.6747,-0.1611,-2.2910,-0.0105
656799623.5563657,52.469961999999995, 13.619133999999999,810626.6698,810624.2074,-0.1609,-2.2910,-0.0105
659132418.0142267,52.33246, 13.695018999999998,810366.8365,810364.4506,-0.0596,-2.3143,-0.0120
659132418.0636477,52.335308, 13.69364,810376.5247,810374.1389,-0.0596,-2.3143,-0.0120
659132418.1130805,52.338156999999995, 13.692261,810375.7319,810373.3461,-0.0595,-2.3143,-0.0120
659132418.1625259,52.341006, 13.690881,810374.8481,810372.4623,-0.0595,-2.3143,-0.0120
659132418.2119715,52.343855, 13.689501,810376.2038,810373.8181,-0.0595,-2.3143,-0.0120
659132418.2614043,52.346703999999995, 13.688122,810376.6956,810374.3099,-0.0594,-2.3143,-0.0120
659132418.310837,52.349553, 13.686741999999999,810376.1962,810373.8105,-0.0594,-2.3143,-0.0120
659132418.3602571,52.352399999999996, 13.685362,810376.0694,810373.6838,-0.0594,-2.3143,-0.0120
659132418.4096899,52.355249, 13.683981999999999,810376.1311,810373.7455,-0.0594,-2.3143,-0.0120
659132418.4591353,52.358098, 13.682601,810382.1088,810379.7233,-0.0593,-2.3143,-0.0120
659132418.5085809,52.360946999999996, 13.68122,810375.5269,810373.1414,-0.0593,-2.3142,-0.0119
659132418.5580137,52.363796, 13.679839,810376.1542,810373.7687,-0.0593,-2.3142,-0.0119
659132418.6074464,52.366644, 13.678459,810376.8613,810374.4759,-0.0592,-2.3142,-0.0119
659132418.6568792,52.369493, 13.677078,810382.7166,810380.3312,-0.0592,-2.3142,-0.0119
659132418.706312,52.372341, 13.675697,810379.1046,810376.7193,-0.0592,-2.3142,-0.0119
659132418.7557447,52.375189999999996, 13.674315,810380.6058,810378.2205,-0.0591,-2.3142,-0.0119
659132418.8051775,52.378038, 13.672934,810380.1832,810377.7979,-0.0591,-2.3142,-0.0119
659132418.8546102,52.380886, 13.671552,810380.4023,810378.0171,-0.0591,-2.3142,-0.0119
659132418.904043,52.383734999999994, 13.670171,810380.6451,810378.2599,-0.0591,-2.3142,-0.0119
659132418.953476,52.386582999999995, 13.668788999999999,810381.3795,810378.9944,-0.0590,-2.3142,-0.0119
659132419.0029085,52.389430999999995, 13.667406999999999,810382.6895,810380.3044,-0.0590,-2.3142,-0.0119
659132419.0523403,52.39228, 13.666024,810383.0162,810380.6311,-0.0590,-2.3142,-0.0119
659132419.1017735,52.395128, 13.664641999999999,810383.2564,810380.8713,-0.0590,-2.3142,-0.0119
659132419.151207,52.397976, 13.66326,810383.5877,810381.2026,-0.0590,-2.3143,-0.0119
659132419.2006402,52.400825, 13.661876999999999,810384.2859,810381.9008,-0.0590,-2.3143,-0.0119
659132419.2500734,52.403673, 13.660494,810384.9247,810382.5395,-0.0589,-2.3143,-0.0119
659132419.2995195,52.406521999999995, 13.659111,810385.5632,810383.1780,-0.0589,-2.3143,-0.0119
659132419.3489528,52.409369999999996, 13.657727999999999,810386.0817,810383.6965,-0.0589,-2.3143,-0.0119
659132419.398386,52.412219, 13.656345,810390.0540,810387.6688,-0.0589,-2.3144,-0.0119
659132419.4478321,52.415068, 13.654961,810383.6661,810381.2809,-0.0589,-2.3144,-0.0119
659132419.4972651,52.417916, 13.653576999999999,810384.0961,810381.7109,-0.0589,-2.3144,-0.0119
659132419.5466979,52.420764, 13.652192999999999,810394.2279,810391.8427,-0.0589,-2.3144,-0.0119
659132419.5961306,52.423612, 13.65081,810390.6311,810388.2459,-0.0589,-2.3144,-0.0119
659132419.6455634,52.42646, 13.649426,810390.0458,810387.6606,-0.0589,-2.3145,-0.0119
659132419.695009,52.429308999999996, 13.648041,810390.7904,810388.4052,-0.0589,-2.3145,-0.0119
659132419.7444546,52.432158, 13.646656,810392.2869,810389.9017,-0.0589,-2.3145,-0.0119
659132419.7938874,52.435005999999994, 13.645271999999999,810393.3102,810390.9249,-0.0588,-2.3145,-0.0119
659132419.8433201,52.437855, 13.643887,810393.8428,810391.4575,-0.0588,-2.3145,-0.0119
659132419.8927655,52.440703, 13.642501999999999,810394.1938,810391.8085,-0.0588,-2.3146,-0.0119
659132419.9421983,52.443551, 13.641117,810394.5490,810392.1637,-0.0588,-2.3146,-0.0119
659132419.9916308,52.4464, 13.639731999999999,810394.5811,810392.1958,-0.0588,-2.3146,-0.0119
659132420.041065,52.449248, 13.638347,810390.5383,810388.1530,-0.0588,-2.3146,-0.0119
659132420.090523,52.452096999999995, 13.636961,810391.1145,810388.7292,-0.0588,-2.3146,-0.0119
659132420.1399558,52.454944999999995, 13.635575999999999,810391.3906,810389.0054,-0.0588,-2.3146,-0.0119
659132420.1893885,52.457792999999995, 13.63419,810392.2821,810389.8969,-0.0588,-2.3146,-0.0119
659132420.2388341,52.460642, 13.632804,810393.2707,810390.8855,-0.0588,-2.3146,-0.0119
659132420.2882669,52.46349, 13.631418,810396.5669,810394.1817,-0.0587,-2.3146,-0.0119
659132420.337712,52.466339, 13.630030999999999,810398.1148,810395.7296,-0.0587,-2.3146,-0.0119
659132420.387145,52.469187, 13.628644999999999,810398.0936,810395.7085,-0.0587,-2.3146,-0.0119
661465214.1459198,52.331136, 13.681358,810382.8450,810380.4210,-0.0994,-2.3151,-0.0095
661465214.1953526,52.333985, 13.679977,810384.7365,810382.3125,-0.0994,-2.3151,-0.0095
661465214.2447853,52.336833, 13.678595999999999,810382.7416,810380.3176,-0.0994,-2.3151,-0.0095
661465214.2942183,52.339681, 13.677214999999999,810381.4434,810379.0194,-0.0995,-2.3151,-0.0095
661465214.343651,52.342529, 13.675832999999999,810386.7543,810384.3303,-0.0995,-2.3151,-0.0095
661465214.3930838,52.345378, 13.674451999999999,810386.9518,810384.5278,-0.0995,-2.3151,-0.0095
661465214.4425166,52.348226, 13.67307,810387.1793,810384.7553,-0.0995,-2.3151,-0.0095
661465214.4919493,52.351074, 13.671688999999999,810387.0892,810384.6652,-0.0995,-2.3151,-0.0095
661465214.5413821,52.353922, 13.670307,810387.8012,810385.3772,-0.0995,-2.3150,-0.0094
661465214.590828,52.356770999999995, 13.668923999999999,810388.4912,810386.0672,-0.0995,-2.3150,-0.0094
661465214.6402612,52.35962, 13.667542,810389.1407,810386.7167,-0.0995,-2.3150,-0.0094
661465214.6896944,52.362468, 13.66616,810389.8025,810387.3785,-0.0995,-2.3150,-0.0094
661465214.7391276,52.365316, 13.664776999999999,810391.1243,810388.7003,-0.0995,-2.3150,-0.0094
661465214.7885737,52.368165, 13.663394,810391.8802,810389.4562,-0.0996,-2.3150,-0.0094
661465214.838007,52.371013, 13.662011,810391.6817,810389.2577,-0.0996,-2.3150,-0.0094
661465214.8874531,52.373861999999995, 13.660627999999999,810392.3638,810389.9398,-0.0996,-2.3150,-0.0094
661465214.9368863,52.376709999999996, 13.659244999999999,810392.9470,810390.5230,-0.0996,-2.3150,-0.0094
661465214.9863198,52.379557999999996, 13.657860999999999,810393.5952,810391.1712,-0.0996,-2.3150,-0.0094
661465215.0357525,52.382407, 13.656478,810394.2674,810391.8433,-0.0996,-2.3150,-0.0094
661465215.085197,52.385255, 13.655094,810394.9531,810392.5290,-0.0996,-2.3151,-0.0094
661465215.1346297,52.388103, 13.65371,810395.5186,810393.0944,-0.0997,-2.3151,-0.0094
661465215.1840751,52.390952, 13.652325999999999,810396.1783,810393.7540,-0.0997,-2.3152,-0.0094
661465215.2335207,52.393800999999996, 13.650941,810396.8260,810394.4017,-0.0997,-2.3152,-0.0094
661465215.2829535,52.396649, 13.649557,810397.5181,810395.0937,-0.0997,-2.3153,-0.0094
661465215.3323863,52.399497, 13.648173,810398.3001,810395.8756,-0.0997,-2.3153,-0.0094
661465215.3818319,52.402345999999994, 13.646787999999999,810399.0629,810396.6384,-0.0998,-2.3154,-0.0094
661465215.4312646,52.405193999999995, 13.645403,810399.7795,810397.3549,-0.0998,-2.3154,-0.0094
661465215.48071,52.408041999999995, 13.644017999999999,810399.8811,810397.4564,-0.0998,-2.3155,-0.0094
661465215.5301428,52.410889999999995, 13.642633,810401.1128,810398.6881,-0.0998,-2.3155,-0.0094
661465215.5795884,52.413739, 13.641248,810402.9583,810400.5335,-0.0998,-2.3156,-0.0094
661465215.6290338,52.416588, 13.639861999999999,810404.1307,810401.7058,-0.0999,-2.3156,-0.0094
661465215.6784666,52.419436, 13.638477,810404.2784,810401.8535,-0.0999,-2.3157,-0.0094
661465215.7279122,52.422284, 13.637091,810403.0095,810400.5845,-0.0999,-2.3157,-0.0094
661465215.777345,52.425132, 13.635705,810404.2982,810401.8731,-0.0999,-2.3158,-0.0094
661465215.8267903,52.427980999999996, 13.634319,810404.5708,810402.1456,-0.0999,-2.3158,-0.0094
661465215.8762231,52.430828999999996, 13.632933,810405.1932,810402.7680,-0.1000,-2.3159,-0.0094
661465215.9256687,52.433676999999996, 13.631546,810411.0539,810408.6286,-0.1000,-2.3159,-0.0094
661465215.9751141,52.436526, 13.63016,810406.8807,810404.4553,-0.1000,-2.3160,-0.0094
661465216.024548,52.439374, 13.628772999999999,810407.3487,810404.9233,-0.1000,-2.3160,-0.0094
661465216.0739808,52.442222, 13.627386,810407.4533,810405.0279,-0.1000,-2.3160,-0.0094
661465216.1234136,52.445069999999994, 13.626,810408.2017,810405.7763,-0.1000,-2.3160,-0.0094
661465216.172859,52.447917999999994, 13.624611999999999,810409.1036,810406.6782,-0.1000,-2.3160,-0.0094
661465216.222292,52.450765999999994, 13.623225,810405.8162,810403.3908,-0.1000,-2.3160,-0.0094
661465216.2717376,52.453613999999995, 13.621837999999999,810406.1469,810403.7214,-0.1001,-2.3160,-0.0094
661465216.3211834,52.456463, 13.62045,810418.4188,810415.9933,-0.1001,-2.3160,-0.0094
661465216.3706169,52.459311, 13.619062,810411.3343,810408.9088,-0.1001,-2.3160,-0.0094
661465216.4200501,52.462157999999995, 13.617675,810411.8487,810409.4232,-0.1001,-2.3160,-0.0094
661465216.4694963,52.465007, 13.616285999999999,810412.3073,810409.8818,-0.1001,-2.3160,-0.0094
661465216.5189295,52.467855, 13.614898,810411.5077,810409.0822,-0.1001,-2.3161,-0.0093
663798020.7583084,52.330394, 13.677678,810660.3290,810658.0064,-0.0404,-2.2759,-0.0062
663798020.8077667,52.333242999999996, 13.676297,810661.2389,810658.9163,-0.0404,-2.2759,-0.0062
663798020.8572123,52.336092, 13.674916,810660.4925,810658.1699,-0.0404,-2.2759,-0.0062
663798020.9066703,52.338941999999996, 13.673535,810661.7651,810659.4425,-0.0405,-2.2759,-0.0062
663798020.9561415,52.341792, 13.672153,810664.0604,810661.7378,-0.0405,-2.2759,-0.0062
663798021.0055997,52.344642, 13.670772,810664.4527,810662.1301,-0.0405,-2.2759,-0.0062
663798021.0550587,52.347491, 13.66939,810664.5409,810662.2183,-0.0405,-2.2759,-0.0062
663798021.1045043,52.350339999999996, 13.668007999999999,810664.7102,810662.3876,-0.0406,-2.2759,-0.0062
663798021.1539752,52.35319, 13.666625999999999,810665.4332,810663.1106,-0.0406,-2.2759,-0.0062
663798021.2034335,52.35604, 13.665243,810666.0255,810663.7028,-0.0406,-2.2759,-0.0062
663798021.2528918,52.358889, 13.663860999999999,810666.6930,810664.3703,-0.0406,-2.2758,-0.0062
663798021.30235,52.361739, 13.662478,810667.4746,810665.1519,-0.0407,-2.2758,-0.0062
663798021.3518083,52.364588, 13.661095999999999,810668.8315,810666.5088,-0.0407,-2.2758,-0.0062
663798021.4012666,52.367438, 13.659713,810669.7524,810667.4297,-0.0407,-2.2758,-0.0062
663798021.4507377,52.370287999999995, 13.658329,810669.5903,810667.2676,-0.0407,-2.2758,-0.0062
663798021.5001957,52.373138, 13.656946,810669.8835,810667.5607,-0.0408,-2.2758,-0.0062
663798021.5496671,52.375988, 13.655562999999999,810670.4770,810668.1542,-0.0408,-2.2758,-0.0062
663798021.5991259,52.378837, 13.654179,810671.1637,810668.8409,-0.0408,-2.2758,-0.0062
663798021.6485846,52.381687, 13.652795,810671.8069,810669.4841,-0.0408,-2.2758,-0.0062
663798021.6980436,52.384536, 13.651411999999999,810672.3938,810670.0710,-0.0408,-2.2758,-0.0062
663798021.7475023,52.387384999999995, 13.650027999999999,810673.0641,810670.7413,-0.0409,-2.2758,-0.0062
663798021.7969611,52.390235, 13.648643999999999,810673.7066,810671.3838,-0.0409,-2.2757,-0.0062
663798021.8464069,52.393083999999995, 13.64726,810674.3338,810672.0109,-0.0409,-2.2757,-0.0062
663798021.8958786,52.395934, 13.645875,810675.0577,810672.7348,-0.0409,-2.2757,-0.0062
663798021.9453242,52.398782, 13.644490999999999,810675.7464,810673.4235,-0.0410,-2.2757,-0.0062
663798021.9947953,52.401632, 13.643106,810676.4561,810674.1332,-0.0410,-2.2757,-0.0062
663798022.0442398,52.404481, 13.641720999999999,810677.1538,810674.8308,-0.0410,-2.2757,-0.0062
663798022.0937109,52.407331, 13.640336,810677.8788,810675.5558,-0.0411,-2.2758,-0.0062
663798022.1431692,52.41018, 13.638950999999999,810678.2654,810675.9423,-0.0411,-2.2758,-0.0062
663798022.1926274,52.413028999999995, 13.637566,810678.5565,810676.2333,-0.0411,-2.2759,-0.0062
663798022.2420983,52.415879, 13.63618,810679.4529,810677.1296,-0.0411,-2.2759,-0.0062
663798022.291544,52.418727999999994, 13.634794,810680.4768,810678.1535,-0.0412,-2.2760,-0.0062
663798022.3410149,52.421578, 13.633408,810681.1653,810678.8419,-0.0412,-2.2760,-0.0062
663798022.3904731,52.424426999999994, 13.632022,810681.4314,810679.1079,-0.0412,-2.2761,-0.0062
663798022.4399185,52.427276, 13.630637,810682.0999,810679.7763,-0.0413,-2.2761,-0.0062
663798022.4893894,52.430125, 13.629249999999999,810682.6340,810680.3104,-0.0413,-2.2761,-0.0062
663798022.5388474,52.432975, 13.627863999999999,810683.3276,810681.0039,-0.0413,-2.2762,-0.0062
663798022.5883057,52.435824, 13.626477,810683.9724,810681.6486,-0.0414,-2.2762,-0.0062
663798022.6377769,52.438674, 13.62509,810684.6834,810682.3595,-0.0414,-2.2763,-0.0062
663798022.6872478,52.441524, 13.623702999999999,810685.3440,810683.0201,-0.0414,-2.2763,-0.0062
663798022.7366931,52.444371999999994, 13.622316999999999,810685.8587,810683.5347,-0.0414,-2.2764,-0.0062
663798022.7861514,52.447221, 13.62093,810683.9105,810681.5864,-0.0415,-2.2764,-0.0062
663798022.8356225,52.450070999999994, 13.619542,810683.6291,810681.3049,-0.0415,-2.2765,-0.0062
663798022.8850808,52.45292, 13.618153999999999,810684.0278,810681.7036,-0.0415,-2.2765,-0.0062
663798022.9345391,52.455769, 13.616767,810684.7114,810682.3871,-0.0416,-2.2765,-0.0062
663798022.9839971,52.458617999999994, 13.615378999999999,810688.9398,810686.6154,-0.0416,-2.2766,-0.0062
663798023.0334563,52.461467, 13.613990999999999,810689.4528,810687.1284,-0.0416,-2.2766,-0.0062
663798023.0829146,52.464316, 13.612603,810690.0933,810687.7689,-0.0417,-2.2766,-0.0062
663798023.1323857,52.467166, 13.611215,810687.5275,810685.2030,-0.0417,-2.2766,-0.0062
666130822.7417808,52.3315, 13.683052,810754.3375,810752.0095,-0.0453,-2.2732,-0.0095
666130822.791239,52.33435, 13.681671,810755.0485,810752.7205,-0.0453,-2.2732,-0.0095
666130822.8407099,52.337199999999996, 13.680290999999999,810753.1444,810750.8163,-0.0454,-2.2732,-0.0095
666130822.8901808,52.34005, 13.678908999999999,810754.2451,810751.9170,-0.0455,-2.2731,-0.0095
666130822.9396391,52.3429, 13.677527999999999,810754.9114,810752.5833,-0.0455,-2.2731,-0.0095
666130822.9890974,52.345749999999995, 13.676146999999998,810754.5509,810752.2227,-0.0456,-2.2731,-0.0095
666130823.0385821,52.348600999999995, 13.674764999999999,810755.1920,810752.8638,-0.0456,-2.2731,-0.0095
666130823.0880404,52.35145, 13.673383999999999,810755.4174,810753.0891,-0.0457,-2.2731,-0.0095
666130823.1374986,52.354299999999995, 13.672001999999999,810755.6381,810753.3098,-0.0457,-2.2731,-0.0095
666130823.1869695,52.35715, 13.67062,810756.1909,810753.8625,-0.0458,-2.2731,-0.0095
666130823.2364404,52.36, 13.669238,810756.8422,810754.5138,-0.0458,-2.2731,-0.0095
666130823.2858987,52.362849999999995, 13.667855999999999,810757.3909,810755.0624,-0.0459,-2.2732,-0.0095
666130823.3353698,52.3657, 13.666474,810758.1294,810755.8009,-0.0459,-2.2732,-0.0095
666130823.3848407,52.36855, 13.665090999999999,810763.6295,810761.3009,-0.0459,-2.2732,-0.0095
666130823.434299,52.371399999999994, 13.663708999999999,810764.8444,810762.5158,-0.0460,-2.2732,-0.0095
666130823.4837825,52.374251, 13.662325,810759.9267,810757.5980,-0.0460,-2.2732,-0.0095
666130823.5332408,52.3771, 13.660943,810760.6112,810758.2825,-0.0461,-2.2732,-0.0094
666130823.5826991,52.37995, 13.659559999999999,810761.2682,810758.9394,-0.0461,-2.2732,-0.0094
666130823.6321828,52.382801, 13.658176,810761.8185,810759.4897,-0.0462,-2.2732,-0.0094
666130823.6816411,52.38565, 13.656792999999999,810762.5005,810760.1716,-0.0462,-2.2732,-0.0094
666130823.7311249,52.388501, 13.655408999999999,810763.1774,810760.8485,-0.0463,-2.2732,-0.0094
666130823.7805831,52.391349999999996, 13.654024999999999,810763.8243,810761.4953,-0.0463,-2.2733,-0.0094
666130823.830054,52.3942, 13.652641,810764.3648,810762.0358,-0.0463,-2.2733,-0.0094
666130823.8795123,52.39705, 13.651257,810765.0762,810762.7471,-0.0464,-2.2733,-0.0094
666130823.9289834,52.399899999999995, 13.649873,810765.9479,810763.6188,-0.0464,-2.2733,-0.0094
666130823.9784422,52.402749, 13.648489,810766.9547,810764.6255,-0.0465,-2.2733,-0.0094
666130824.0279129,52.405598999999995, 13.647103999999999,810767.9103,810765.5810,-0.0465,-2.2733,-0.0094
666130824.0773711,52.408449, 13.645719999999999,810768.6106,810766.2813,-0.0465,-2.2734,-0.0094
666130824.1268427,52.411299, 13.644335,810768.8805,810766.5511,-0.0466,-2.2735,-0.0094
666130824.1763141,52.414148999999995, 13.642949999999999,810768.3305,810766.0010,-0.0466,-2.2735,-0.0094
666130824.2257857,52.416999, 13.641563999999999,810771.8320,810769.5024,-0.0466,-2.2736,-0.0094
666130824.2752445,52.419847999999995, 13.640179,810770.5935,810768.2638,-0.0467,-2.2737,-0.0094
666130824.3247159,52.422698, 13.638793999999999,810771.0953,810768.7655,-0.0467,-2.2737,-0.0094
666130824.3741872,52.425548, 13.637407999999999,810771.4980,810769.1681,-0.0467,-2.2738,-0.0094
666130824.4236455,52.428397, 13.636023,810772.0411,810769.7111,-0.0468,-2.2739,-0.0094
666130824.4731164,52.431247, 13.634637,810772.5851,810770.2550,-0.0468,-2.2739,-0.0094
666130824.5225875,52.434096999999994, 13.633251,810773.2368,810770.9066,-0.0468,-2.2740,-0.0094
666130824.5720458,52.436946, 13.631865,810773.8976,810771.5673,-0.0468,-2.2740,-0.0094
666130824.6215167,52.439795999999994, 13.630478,810774.4468,810772.1164,-0.0469,-2.2741,-0.0094
666130824.6709876,52.442645999999996, 13.629092,810775.0963,810772.7658,-0.0469,-2.2742,-0.0094
666130824.7204459,52.445495, 13.627704999999999,810775.6438,810773.3132,-0.0469,-2.2742,-0.0094
666130824.769917,52.448344999999996, 13.626318,810776.4016,810774.0709,-0.0470,-2.2743,-0.0094
666130824.8193879,52.451195, 13.624931,810777.9080,810775.5772,-0.0470,-2.2744,-0.0094
666130824.8688588,52.454045, 13.623543999999999,810779.2529,810776.9220,-0.0470,-2.2744,-0.0094
666130824.9183171,52.456894, 13.622157,810777.6105,810775.2796,-0.0471,-2.2745,-0.0094
666130824.967788,52.459744, 13.62077,810778.5979,810776.2669,-0.0471,-2.2746,-0.0094
666130825.0172591,52.462593, 13.619382,810778.9283,810776.5972,-0.0471,-2.2746,-0.0094
666130825.0667312,52.465443, 13.617994,810779.5349,810777.2038,-0.0471,-2.2746,-0.0094
666130825.1161895,52.468292, 13.616605999999999,810779.3296,810776.9984,-0.0471,-2.2746,-0.0094
668463620.000217,52.331253, 13.697149999999999,810489.6077,810487.2305,-0.0592,-2.3075,-0.0105
668463620.0496638,52.334101999999994, 13.695770999999999,810488.6093,810486.2321,-0.0592,-2.3075,-0.0105
668463620.0991092,52.336952, 13.694391,810488.1900,810485.8128,-0.0592,-2.3075,-0.0105
668463620.1485548,52.339800999999994, 13.693011,810480.4146,810478.0373,-0.0593,-2.3075,-0.0105
668463620.1980002,52.34265, 13.691632,810480.9803,810478.6030,-0.0593,-2.3075,-0.0105
668463620.2474458,52.345499, 13.690252,810488.0332,810485.6559,-0.0593,-2.3075,-0.0105
668463620.2968912,52.348349, 13.688870999999999,810487.9990,810485.6217,-0.0593,-2.3075,-0.0105
668463620.3463368,52.351198, 13.687491,810487.3152,810484.9378,-0.0594,-2.3075,-0.0105
668463620.3957696,52.354046, 13.686110999999999,810487.0192,810484.6418,-0.0594,-2.3075,-0.0105
668463620.4452152,52.356894999999994, 13.68473,810486.6789,810484.3015,-0.0594,-2.3075,-0.0105
668463620.4946606,52.359744, 13.683349999999999,810486.5703,810484.1929,-0.0594,-2.3075,-0.0105
668463620.5441189,52.362593999999994, 13.681968,810487.0446,810484.6671,-0.0595,-2.3075,-0.0105
668463620.5935643,52.365443, 13.680587,810487.6815,810485.3040,-0.0595,-2.3075,-0.0105
668463620.6430097,52.368292, 13.679205999999999,810488.3593,810485.9818,-0.0595,-2.3075,-0.0105
668463620.692455,52.371142, 13.677824999999999,810489.4069,810487.0294,-0.0595,-2.3075,-0.0105
668463620.7419133,52.373991, 13.676442999999999,810491.0563,810488.6787,-0.0596,-2.3075,-0.0105
668463620.791359,52.376839999999994, 13.675061,810491.0526,810488.6750,-0.0596,-2.3075,-0.0105
668463620.8408043,52.379689, 13.673679,810491.0670,810488.6894,-0.0596,-2.3075,-0.0105
668463620.89025,52.382538999999994, 13.672296999999999,810491.5972,810489.2196,-0.0596,-2.3075,-0.0105
668463620.9396954,52.385386999999994, 13.670914999999999,810492.0171,810489.6394,-0.0597,-2.3075,-0.0105
668463620.989141,52.388237, 13.669533,810492.8627,810490.4850,-0.0597,-2.3075,-0.0105
668463621.0385854,52.391085, 13.668151,810494.3294,810491.9517,-0.0597,-2.3075,-0.0105
668463621.088031,52.393933999999994, 13.666768,810494.4437,810492.0659,-0.0597,-2.3076,-0.0105
668463621.1374893,52.396784, 13.665384999999999,810494.8605,810492.4827,-0.0598,-2.3076,-0.0105
668463621.1869476,52.399634, 13.664002,810495.1108,810492.7329,-0.0598,-2.3076,-0.0105
668463621.236393,52.402483, 13.662619,810495.6860,810493.3081,-0.0598,-2.3076,-0.0105
668463621.2858386,52.405331999999994, 13.661235999999999,810496.3392,810493.9612,-0.0598,-2.3077,-0.0105
668463621.3352845,52.408181, 13.659851999999999,810496.8924,810494.5144,-0.0598,-2.3077,-0.0105
668463621.3847432,52.41103, 13.658468,810501.0182,810498.6402,-0.0599,-2.3077,-0.0105
668463621.4341893,52.413878999999994, 13.657084999999999,810494.7300,810492.3519,-0.0599,-2.3078,-0.0105
668463621.4836354,52.416728, 13.655700999999999,810494.8111,810492.4330,-0.0599,-2.3078,-0.0105
668463621.5330689,52.419576, 13.654316999999999,810505.4740,810503.0958,-0.0599,-2.3078,-0.0104
668463621.5825148,52.422425, 13.652932999999999,810502.5756,810500.1974,-0.0599,-2.3078,-0.0104
668463621.6319606,52.425273999999995, 13.651549,810500.7686,810498.3903,-0.0600,-2.3079,-0.0104
668463621.6814194,52.428124, 13.650164,810501.3868,810499.0085,-0.0600,-2.3079,-0.0104
668463621.7308652,52.430972, 13.648779999999999,810502.9285,810500.5501,-0.0600,-2.3079,-0.0104
668463621.7803235,52.433822, 13.647395,810504.1250,810501.7466,-0.0600,-2.3080,-0.0104
668463621.8297691,52.436671, 13.646009999999999,810504.8266,810502.4482,-0.0600,-2.3080,-0.0104
668463621.8792019,52.439519, 13.644625,810505.3304,810502.9519,-0.0601,-2.3080,-0.0104
668463621.9286475,52.442367999999995, 13.643239999999999,810505.7181,810503.3396,-0.0601,-2.3081,-0.0104
668463621.9780929,52.445215999999995, 13.641855,810505.7689,810503.3903,-0.0601,-2.3081,-0.0104
668463622.0275385,52.448065, 13.640469,810504.8913,810502.5127,-0.0601,-2.3081,-0.0104
668463622.0769978,52.450914999999995, 13.639083,810501.7798,810499.4012,-0.0601,-2.3081,-0.0104
668463622.1264305,52.453762, 13.637697999999999,810502.1696,810499.7910,-0.0602,-2.3081,-0.0104
668463622.1758888,52.456612, 13.636312,810502.7792,810500.4005,-0.0602,-2.3081,-0.0104
668463622.2253342,52.459461, 13.634924999999999,810503.4089,810501.0302,-0.0602,-2.3081,-0.0104
668463622.2747669,52.462309, 13.63354,810507.0049,810504.6262,-0.0602,-2.3081,-0.0104
668463622.3242252,52.465157999999995, 13.632152999999999,810508.5079,810506.1292,-0.0602,-2.3081,-0.0104
668463622.3736706,52.468007, 13.630766,810509.2855,810506.9068,-0.0602,-2.3081,-0.0104
670796422.9528384,52.332587, 13.682172999999999,810273.1160,810270.7391,-0.0474,-2.3185,-0.0110
670796423.0022712,52.335435, 13.680791999999999,810274.4850,810272.1081,-0.0474,-2.3185,-0.0110
670796423.0517054,52.338283999999994, 13.679411,810274.9031,810272.5262,-0.0474,-2.3185,-0.0110
670796423.1011381,52.341131999999995, 13.678030999999999,810279.1153,810276.7384,-0.0474,-2.3185,-0.0110
670796423.1505709,52.343981, 13.676649999999999,810279.7180,810277.3410,-0.0474,-2.3185,-0.0110
670796423.2000036,52.346829, 13.675269,810280.2496,810277.8726,-0.0474,-2.3185,-0.0110
670796423.2494364,52.349677, 13.673886999999999,810282.2740,810279.8970,-0.0474,-2.3185,-0.0110
670796423.298856,52.352525, 13.672505999999998,810279.3105,810276.9335,-0.0475,-2.3186,-0.0110
670796423.348289,52.355373, 13.671125,810279.9876,810277.6106,-0.0475,-2.3186,-0.0110
670796423.3977089,52.358221, 13.669742999999999,810280.6270,810278.2499,-0.0475,-2.3186,-0.0110
670796423.4471416,52.361069, 13.668362,810281.2142,810278.8371,-0.0475,-2.3186,-0.0110
670796423.4965744,52.363918, 13.666979999999999,810281.8627,810279.4856,-0.0475,-2.3186,-0.0110
670796423.5459945,52.366765, 13.665598,810282.5051,810280.1280,-0.0475,-2.3186,-0.0110
670796423.5954273,52.369614, 13.664214999999999,810283.9966,810281.6195,-0.0475,-2.3186,-0.0110
670796423.6448476,52.372460999999994, 13.662833,810283.5989,810281.2217,-0.0475,-2.3186,-0.0110
670796423.6942804,52.37531, 13.661451,810284.4070,810282.0298,-0.0475,-2.3186,-0.0110
670796423.7437005,52.378156999999995, 13.660067999999999,810284.9731,810282.5959,-0.0475,-2.3186,-0.0110
670796423.7931204,52.381004999999995, 13.658686,810285.6379,810283.2607,-0.0476,-2.3187,-0.0110
670796423.8425405,52.383852, 13.657302999999999,810286.2735,810283.8963,-0.0476,-2.3187,-0.0110
670796423.8919733,52.3867, 13.65592,810286.8433,810284.4660,-0.0476,-2.3187,-0.0110
670796423.941406,52.389548999999995, 13.654536,810287.5229,810285.1456,-0.0476,-2.3187,-0.0110
670796423.9908264,52.392396, 13.653153,810288.1789,810285.8016,-0.0476,-2.3187,-0.0110
670796424.040246,52.395244, 13.651769999999999,810288.7096,810286.3322,-0.0476,-2.3188,-0.0110
670796424.0896792,52.398092, 13.650386,810289.4237,810287.0463,-0.0476,-2.3188,-0.0110
670796424.1390998,52.400939, 13.649002999999999,810290.3386,810287.9611,-0.0476,-2.3189,-0.0110
670796424.1885331,52.403788, 13.647618,810291.1789,810288.8013,-0.0477,-2.3189,-0.0110
670796424.2379537,52.406634999999994, 13.646234,810291.2278,810288.8501,-0.0477,-2.3190,-0.0110
670796424.2873867,52.409482999999994, 13.64485,810291.9992,810289.6215,-0.0477,-2.3191,-0.0110
670796424.3368199,52.412330999999995, 13.643464999999999,810291.1529,810288.7751,-0.0477,-2.3191,-0.0110
670796424.3862405,52.415178999999995, 13.642081,810302.9644,810300.5865,-0.0477,-2.3192,-0.0110
670796424.4356735,52.418026999999995, 13.640696,810301.3313,810298.9533,-0.0477,-2.3193,-0.0110
670796424.4850934,52.420874, 13.639311999999999,810294.7258,810292.3478,-0.0477,-2.3193,-0.0110
670796424.5345135,52.423721, 13.637927,810295.5087,810293.1306,-0.0478,-2.3194,-0.0109
670796424.5839462,52.42657, 13.636541,810296.6088,810294.2306,-0.0478,-2.3195,-0.0109
670796424.633379,52.429418, 13.635155999999998,810297.8843,810295.5060,-0.0478,-2.3195,-0.0109
670796424.682812,52.432266, 13.63377,810298.9113,810296.5330,-0.0478,-2.3196,-0.0109
670796424.7322574,52.435114, 13.632384,810298.7536,810296.3752,-0.0478,-2.3197,-0.0109
670796424.7816775,52.437962, 13.630999,810298.6543,810296.2758,-0.0478,-2.3197,-0.0109
670796424.8310976,52.440808999999994, 13.629612999999999,810299.0434,810296.6649,-0.0478,-2.3198,-0.0109
670796424.880543,52.443658, 13.628226,810299.5946,810297.2160,-0.0479,-2.3198,-0.0109
670796424.9299631,52.446504999999995, 13.62684,810299.9838,810297.6051,-0.0479,-2.3199,-0.0109
670796424.9793959,52.449352999999995, 13.625454,810300.7487,810298.3699,-0.0479,-2.3200,-0.0109
670796425.0288167,52.4522, 13.624067,810310.0642,810307.6854,-0.0479,-2.3200,-0.0109
670796425.0782495,52.455048, 13.622679999999999,810310.4118,810308.0330,-0.0479,-2.3200,-0.0109
670796425.1276822,52.457896, 13.621293,810310.8875,810308.5087,-0.0479,-2.3199,-0.0109
670796425.1771023,52.460743, 13.619907,810302.9782,810300.5994,-0.0480,-2.3199,-0.0109
670796425.2265351,52.463591, 13.618519,810303.3839,810301.0051,-0.0480,-2.3199,-0.0109
670796425.2759678,52.466439, 13.617132,810303.5333,810301.1545,-0.0480,-2.3199,-0.0109
670796425.325388,52.469286, 13.615744,810302.9552,810300.5764,-0.0480,-2.3199,-0.0109
673129227.0534086,52.332418, 13.685462,810429.4289,810427.0180,-0.0961,-2.2964,-0.0184
673129227.1028545,52.335266999999995, 13.684082,810430.6442,810428.2333,-0.0961,-2.2964,-0.0184
673129227.1522999,52.338116, 13.682701,810431.4912,810429.0803,-0.0961,-2.2964,-0.0184
673129227.2017455,52.340965, 13.681320999999999,810432.0599,810429.6490,-0.0961,-2.2964,-0.0184
673129227.2511909,52.343813999999995, 13.67994,810437.1149,810434.7040,-0.0961,-2.2964,-0.0184
673129227.3006365,52.346664, 13.678559,810437.3429,810434.9320,-0.0961,-2.2964,-0.0184
673129227.3500693,52.349512, 13.677178999999999,810436.9011,810434.4902,-0.0961,-2.2964,-0.0184
673129227.399502,52.35236, 13.675797999999999,810436.4276,810434.0167,-0.0961,-2.2964,-0.0184
673129227.4489348,52.355208999999995, 13.674417,810436.7808,810434.3699,-0.0961,-2.2964,-0.0184
673129227.498393,52.358058, 13.673034999999999,810437.4528,810435.0419,-0.0961,-2.2964,-0.0184
673129227.5478258,52.360907, 13.671654,810438.1052,810435.6944,-0.0960,-2.2964,-0.0184
673129227.5972714,52.363755999999995, 13.670271999999999,810438.8124,810436.4016,-0.0960,-2.2964,-0.0184
673129227.6467042,52.366603999999995, 13.668890999999999,810439.5295,810437.1187,-0.0960,-2.2964,-0.0184
673129227.6961367,52.369451999999995, 13.667508999999999,810440.9952,810438.5844,-0.0960,-2.2964,-0.0184
673129227.7455821,52.372301, 13.666127,810441.0672,810438.6564,-0.0960,-2.2964,-0.0184
673129227.7950149,52.37515, 13.664745,810441.4090,810438.9982,-0.0960,-2.2964,-0.0184
673129227.8444476,52.377998, 13.663362999999999,810442.1130,810439.7022,-0.0960,-2.2964,-0.0184
673129227.8938932,52.380846999999996, 13.66198,810442.5562,810440.1454,-0.0960,-2.2964,-0.0184
673129227.9433515,52.383696, 13.660597,810443.2429,810440.8321,-0.0960,-2.2964,-0.0184
673129227.9927843,52.386545, 13.659213999999999,810443.8815,810441.4707,-0.0960,-2.2964,-0.0184
673129228.042218,52.389393, 13.657831,810444.4669,810442.0560,-0.0960,-2.2964,-0.0184
673129228.0916507,52.392241, 13.656448,810445.1130,810442.7021,-0.0960,-2.2965,-0.0184
673129228.1410964,52.395089999999996, 13.655064999999999,810445.8006,810443.3896,-0.0960,-2.2965,-0.0184
673129228.1905291,52.397937999999996, 13.653682,810446.3507,810443.9397,-0.0960,-2.2966,-0.0184
673129228.2399747,52.400787, 13.652298,810447.0473,810444.6362,-0.0960,-2.2966,-0.0184
673129228.2894075,52.403634999999994, 13.650915,810448.1306,810445.7195,-0.0961,-2.2967,-0.0184
673129228.3388402,52.406482999999994, 13.649531,810449.0924,810446.6812,-0.0961,-2.2967,-0.0184
673129228.388299,52.409333, 13.648145999999999,810448.1096,810445.6983,-0.0961,-2.2968,-0.0184
673129228.4377322,52.412181, 13.646761999999999,810447.8569,810445.4456,-0.0961,-2.2968,-0.0184
673129228.4871657,52.415029, 13.645378,810447.3969,810444.9855,-0.0961,-2.2969,-0.0184
673129228.5366116,52.417877999999995, 13.643994,810455.1564,810452.7450,-0.0961,-2.2969,-0.0184
673129228.5860577,52.420727, 13.642609,810452.9837,810450.5722,-0.0961,-2.2970,-0.0184
673129228.6354909,52.423575, 13.641224,810452.4352,810450.0236,-0.0961,-2.2970,-0.0184
673129228.684937,52.426424, 13.639839,810457.3895,810454.9779,-0.0961,-2.2971,-0.0184
673129228.7343831,52.429272, 13.638454,810458.4617,810456.0500,-0.0961,-2.2971,-0.0184
673129228.7838161,52.43212, 13.637068999999999,810459.2468,810456.8351,-0.0962,-2.2972,-0.0184
673129228.8332615,52.434968999999995, 13.635683,810459.9191,810457.5073,-0.0962,-2.2972,-0.0184
673129228.8826942,52.437816999999995, 13.634298,810459.7893,810457.3774,-0.0962,-2.2973,-0.0184
673129228.9321399,52.440666, 13.632912,810458.1798,810455.7679,-0.0962,-2.2973,-0.0184
673129228.9815855,52.443514, 13.631526,810456.8373,810454.4253,-0.0962,-2.2974,-0.0184
673129229.0310309,52.446363, 13.630139999999999,810457.2345,810454.8225,-0.0962,-2.2974,-0.0184
673129229.0804753,52.449211999999996, 13.628753999999999,810467.4357,810465.0237,-0.0962,-2.2974,-0.0184
673129229.1299081,52.452059999999996, 13.627367999999999,810468.0683,810465.6563,-0.0962,-2.2974,-0.0184
673129229.1793535,52.454907999999996, 13.625981,810465.1069,810462.6949,-0.0962,-2.2974,-0.0184
673129229.2287862,52.457755999999996, 13.624595,810468.5033,810466.0913,-0.0962,-2.2974,-0.0184
673129229.2782445,52.460605, 13.623208,810460.1422,810457.7303,-0.0962,-2.2974,-0.0184
673129229.3276901,52.463454, 13.62182,810460.5452,810458.1333,-0.0962,-2.2974,-0.0184
673129229.3771355,52.466302, 13.620433,810460.9121,810458.5002,-0.0962,-2.2974,-0.0184
673129229.4265811,52.469151, 13.619045999999999,810460.1235,810457.7116,-0.0962,-2.2974,-0.0184
675462027.0139997,52.331464, 13.694191,810646.7426,810644.3079,-0.1089,-2.2999,-0.0259
675462027.0634577,52.334314, 13.692810999999999,810655.8593,810653.4245,-0.1090,-2.2999,-0.0259
675462027.1129291,52.337163999999994, 13.691429999999999,810648.2218,810645.7870,-0.1090,-2.2999,-0.0259
675462027.1623874,52.340014, 13.690049,810648.9201,810646.4853,-0.1091,-2.2999,-0.0259
675462027.2118456,52.342864, 13.688668999999999,810649.5570,810647.1221,-0.1091,-2.2999,-0.0259
675462027.2613039,52.345712999999996, 13.687287999999999,810656.0054,810653.5705,-0.1092,-2.2999,-0.0259
675462027.3107622,52.348563, 13.685907,810655.2862,810652.8512,-0.1092,-2.2999,-0.0259
675462027.3602204,52.351413, 13.684526,810655.1137,810652.6787,-0.1093,-2.2999,-0.0259
675462027.4096785,52.354262999999996, 13.683143999999999,810655.1414,810652.7063,-0.1094,-2.2999,-0.0259
675462027.4591494,52.357113, 13.681761999999999,810654.8500,810652.4149,-0.1094,-2.2999,-0.0259
675462027.5086076,52.359963, 13.680380999999999,810655.1167,810652.6815,-0.1095,-2.2998,-0.0258
675462027.5580659,52.362812, 13.678999,810655.7053,810653.2701,-0.1095,-2.2998,-0.0258
675462027.6075242,52.365662, 13.677617,810656.2181,810653.7829,-0.1096,-2.2998,-0.0258
675462027.656995,52.368511999999996, 13.676235,810656.8291,810654.3938,-0.1096,-2.2998,-0.0258
675462027.7064533,52.371362, 13.674852,810659.4980,810657.0627,-0.1097,-2.2998,-0.0258
675462027.7559116,52.374210999999995, 13.67347,810659.5910,810657.1556,-0.1097,-2.2998,-0.0258
675462027.8053699,52.377061, 13.672087,810658.9496,810656.5142,-0.1098,-2.2998,-0.0258
675462027.8548408,52.379911, 13.670703999999999,810659.5985,810657.1630,-0.1098,-2.2998,-0.0258
675462027.904299,52.382760999999995, 13.669322,810660.2784,810657.8429,-0.1099,-2.2998,-0.0258
675462027.9537573,52.38561, 13.667938999999999,810660.9896,810658.5540,-0.1099,-2.2998,-0.0258
675462028.0032282,52.388461, 13.666554999999999,810662.3522,810659.9166,-0.1100,-2.2998,-0.0258
675462028.0526874,52.39131, 13.665172,810662.9919,810660.5562,-0.1101,-2.2999,-0.0258
675462028.1021457,52.39416, 13.663788,810663.1064,810660.6706,-0.1101,-2.2999,-0.0258
675462028.1516039,52.397009, 13.662405,810663.3280,810660.8920,-0.1102,-2.3000,-0.0258
675462028.2010622,52.399859, 13.661021,810663.8984,810661.4623,-0.1103,-2.3000,-0.0258
675462028.2505205,52.402708, 13.659637,810664.5678,810662.1316,-0.1104,-2.3001,-0.0258
675462028.2999914,52.405558, 13.658253,810665.1949,810662.7586,-0.1104,-2.3001,-0.0258
675462028.3494496,52.408407999999994, 13.656868999999999,810668.1955,810665.7591,-0.1105,-2.3001,-0.0258
675462028.3989208,52.411258, 13.655484,810668.9433,810666.5067,-0.1106,-2.3002,-0.0258
675462028.4483795,52.414106999999994, 13.654098999999999,810669.5330,810667.0963,-0.1106,-2.3002,-0.0258
675462028.4978385,52.416957, 13.652714999999999,810673.5583,810671.1215,-0.1107,-2.3003,-0.0258
675462028.5472972,52.419805999999994, 13.65133,810675.3199,810672.8830,-0.1108,-2.3003,-0.0258
675462028.596756,52.422655, 13.649944999999999,810668.9454,810666.5084,-0.1108,-2.3004,-0.0258
675462028.6462147,52.425505, 13.64856,810669.5385,810667.1013,-0.1109,-2.3004,-0.0258
675462028.6956735,52.428354, 13.647174,810670.2160,810667.7787,-0.1110,-2.3005,-0.0258
675462028.7451322,52.431204, 13.645788999999999,810671.3209,810668.8835,-0.1110,-2.3005,-0.0258
675462028.794591,52.434053, 13.644402999999999,810672.5506,810670.1131,-0.1111,-2.3006,-0.0258
675462028.8440621,52.436903, 13.643016999999999,810673.1784,810670.7408,-0.1112,-2.3006,-0.0258
675462028.893533,52.439752999999996, 13.641630999999999,810673.6925,810671.2548,-0.1113,-2.3007,-0.0258
675462028.9429786,52.442602, 13.640245,810674.0568,810671.6189,-0.1113,-2.3007,-0.0258
675462028.9924495,52.445451999999996, 13.638859,810674.4125,810671.9745,-0.1114,-2.3008,-0.0258
675462029.0419066,52.448301, 13.637473,810675.2127,810672.7747,-0.1114,-2.3008,-0.0258
675462029.0913649,52.45115, 13.636085999999999,810670.8550,810668.4170,-0.1115,-2.3008,-0.0258
675462029.1408358,52.454, 13.634699,810671.2313,810668.7932,-0.1116,-2.3007,-0.0258
675462029.1902814,52.456848, 13.633313,810671.9466,810669.5085,-0.1116,-2.3007,-0.0258
675462029.2397523,52.459697999999996, 13.631926,810672.9276,810670.4895,-0.1117,-2.3007,-0.0258
675462029.2892106,52.462547, 13.630538,810675.6365,810673.1984,-0.1117,-2.3007,-0.0258
675462029.3386562,52.465396, 13.629152,810677.8484,810675.4102,-0.1118,-2.3006,-0.0258
675462029.3881271,52.468246, 13.627763999999999,810677.9855,810675.5473,-0.1118,-2.3006,-0.0258
677794828.6082282,52.330515, 13.689378,810555.6637,810553.1509,-0.1753,-2.3105,-0.0270
677794828.6576736,52.333363999999996, 13.687997999999999,810556.1840,810553.6713,-0.1752,-2.3105,-0.0270
677794828.7071319,52.336214, 13.686617,810562.5392,810560.0265,-0.1752,-2.3105,-0.0270
677794828.7565773,52.339062999999996, 13.685236999999999,810565.3211,810562.8085,-0.1751,-2.3105,-0.0270
677794828.8060229,52.341912, 13.683857,810563.4283,810560.9157,-0.1751,-2.3105,-0.0270
677794828.8554685,52.344761, 13.682476,810563.1375,810560.6250,-0.1750,-2.3104,-0.0270
677794828.9049139,52.347611, 13.681096,810564.1996,810561.6872,-0.1750,-2.3104,-0.0270
677794828.9543595,52.35046, 13.679715,810566.9563,810564.4439,-0.1749,-2.3104,-0.0270
677794829.0038178,52.353308999999996, 13.678334,810567.4482,810564.9359,-0.1749,-2.3104,-0.0270
677794829.053262,52.356158, 13.676953,810563.3418,810560.8295,-0.1748,-2.3104,-0.0270
677794829.1027076,52.359007, 13.675571,810564.0134,810561.5012,-0.1748,-2.3104,-0.0270
677794829.1521661,52.361857, 13.67419,810564.5131,810562.0009,-0.1747,-2.3104,-0.0270
677794829.201612,52.364706, 13.672808,810565.1976,810562.6855,-0.1747,-2.3104,-0.0270
677794829.2510707,52.367556, 13.671425999999999,810565.7269,810563.2148,-0.1746,-2.3105,-0.0270
677794829.3005168,52.370405, 13.670043999999999,810566.3056,810563.7936,-0.1746,-2.3105,-0.0270
677794829.349963,52.373253999999996, 13.668662,810568.0736,810565.5616,-0.1745,-2.3105,-0.0270
677794829.3994217,52.376103, 13.66728,810567.6006,810565.0887,-0.1745,-2.3105,-0.0270
677794829.4488676,52.378952, 13.665897999999999,810568.1519,810565.6400,-0.1744,-2.3105,-0.0270
677794829.4983263,52.381802, 13.664515,810568.8428,810566.3309,-0.1744,-2.3105,-0.0270
677794829.5477724,52.384651, 13.663132,810569.5202,810567.0084,-0.1743,-2.3105,-0.0270
677794829.5972183,52.387499999999996, 13.66175,810570.4872,810567.9754,-0.1742,-2.3105,-0.0270
677794829.6466765,52.390349, 13.660366,810571.0451,810568.5334,-0.1742,-2.3105,-0.0270
677794829.6961348,52.393198999999996, 13.658983,810571.3465,810568.8348,-0.1741,-2.3105,-0.0270
677794829.7455804,52.396048, 13.657599999999999,810571.8915,810569.3799,-0.1741,-2.3105,-0.0270
677794829.7950258,52.398897, 13.656215999999999,810572.5648,810570.0532,-0.1740,-2.3106,-0.0270
677794829.844497,52.401747, 13.654831999999999,810573.1700,810570.6585,-0.1740,-2.3106,-0.0270
677794829.8939424,52.404596, 13.653449,810574.5928,810572.0813,-0.1739,-2.3106,-0.0270
677794829.943388,52.407444, 13.652064999999999,810575.9411,810573.4296,-0.1739,-2.3106,-0.0270
677794829.9928463,52.410294, 13.65068,810576.7958,810574.2844,-0.1738,-2.3106,-0.0270
677794830.0422926,52.413143, 13.649296,810577.2786,810574.7672,-0.1738,-2.3106,-0.0270
677794830.0917382,52.415991999999996, 13.647912,810579.1099,810576.5985,-0.1737,-2.3107,-0.0270
677794830.1412091,52.418842, 13.646526999999999,810581.7813,810579.2699,-0.1737,-2.3107,-0.0270
677794830.1906545,52.42169, 13.645142,810583.9462,810581.4348,-0.1736,-2.3108,-0.0270
677794830.2401128,52.42454, 13.643756999999999,810586.0437,810583.5323,-0.1736,-2.3108,-0.0270
677794830.289571,52.427389, 13.642372,810582.4283,810579.9170,-0.1735,-2.3108,-0.0270
677794830.3390164,52.430237999999996, 13.640986999999999,810583.4712,810580.9599,-0.1735,-2.3109,-0.0270
677794830.3884747,52.433087, 13.639602,810584.1463,810581.6350,-0.1734,-2.3109,-0.0270
677794830.4379203,52.435936, 13.638216,810584.5248,810582.0135,-0.1734,-2.3110,-0.0270
677794830.4873786,52.438784999999996, 13.636830999999999,810582.9526,810580.4413,-0.1733,-2.3110,-0.0270
677794830.5368366,52.441635, 13.635444999999999,810582.0980,810579.5867,-0.1733,-2.3110,-0.0270
677794830.586282,52.444483, 13.634058999999999,810582.5652,810580.0539,-0.1732,-2.3111,-0.0270
677794830.6357276,52.447331999999996, 13.632672999999999,810583.0514,810580.5401,-0.1732,-2.3111,-0.0270
677794830.6851859,52.450181, 13.631286999999999,810583.6144,810581.1031,-0.1731,-2.3111,-0.0270
677794830.7346313,52.45303, 13.6299,810594.9236,810592.4123,-0.1731,-2.3112,-0.0270
677794830.7840896,52.455878999999996, 13.628514,810593.6918,810591.1806,-0.1730,-2.3112,-0.0270
677794830.8335478,52.458728, 13.627127,810595.1010,810592.5898,-0.1730,-2.3113,-0.0270
677794830.8829939,52.461577, 13.625739999999999,810585.7380,810583.2268,-0.1729,-2.3113,-0.0270
677794830.9324527,52.464425999999996, 13.624353,810586.1369,810583.6257,-0.1729,-2.3113,-0.0270
677794830.9819114,52.467275, 13.622966,810586.5514,810584.0402,-0.1728,-2.3114,-0.0270
680127627.4819262,52.330746999999995, 13.692727,810280.0280,810277.5570,-0.1337,-2.3094,-0.0279
680127627.5313594,52.333596, 13.691346999999999,810280.5861,810278.1151,-0.1337,-2.3095,-0.0278
680127627.5807927,52.336445, 13.689967999999999,810287.8145,810285.3435,-0.1337,-2.3095,-0.0278
680127627.6302135,52.339293, 13.688588,810288.0106,810285.5396,-0.1337,-2.3095,-0.0278
680127627.6796467,52.342141, 13.687208,810288.0277,810285.5567,-0.1337,-2.3095,-0.0278
680127627.72908,52.344989999999996, 13.685827999999999,810288.2070,810285.7360,-0.1337,-2.3095,-0.0278
680127627.7785132,52.347837999999996, 13.684448,810288.2168,810285.7458,-0.1337,-2.3095,-0.0278
680127627.8279464,52.350687, 13.683067,810288.3289,810285.8579,-0.1337,-2.3095,-0.0278
680127627.8773794,52.353535, 13.681687,810288.3852,810285.9142,-0.1337,-2.3095,-0.0278
680127627.9268122,52.356384, 13.680306,810288.4372,810285.9662,-0.1337,-2.3095,-0.0278
680127627.9762323,52.359232, 13.678925999999999,810288.4487,810285.9777,-0.1337,-2.3095,-0.0278
680127628.025665,52.36208, 13.677544999999999,810288.7101,810286.2391,-0.1337,-2.3095,-0.0278
680127628.0750988,52.364929, 13.676164,810289.3736,810286.9026,-0.1337,-2.3095,-0.0278
680127628.1245315,52.367777, 13.674781999999999,810290.0106,810287.5396,-0.1337,-2.3096,-0.0278
680127628.1739643,52.370625999999994, 13.673401,810290.6199,810288.1489,-0.1336,-2.3096,-0.0278
680127628.2233973,52.373473999999995, 13.672018999999999,810292.9957,810290.5247,-0.1336,-2.3096,-0.0278
680127628.27283,52.376323, 13.670637999999999,810292.4680,810289.9969,-0.1336,-2.3096,-0.0278
680127628.3222628,52.379171, 13.669255999999999,810292.5437,810290.0726,-0.1336,-2.3097,-0.0278
680127628.3716955,52.382019, 13.667874,810293.1600,810290.6889,-0.1336,-2.3097,-0.0278
680127628.4211283,52.384868, 13.666492,810293.9057,810291.4346,-0.1336,-2.3097,-0.0278
680127628.470561,52.387716, 13.665109,810294.9715,810292.5004,-0.1336,-2.3097,-0.0278
680127628.5199938,52.390564999999995, 13.663727,810295.6236,810293.1525,-0.1335,-2.3098,-0.0278
680127628.5694265,52.393412999999995, 13.662344,810296.1339,810293.6628,-0.1335,-2.3098,-0.0278
680127628.6188593,52.396260999999996, 13.660960999999999,810296.3484,810293.8773,-0.1335,-2.3098,-0.0278
680127628.668292,52.39911, 13.659578,810296.8508,810294.3797,-0.1335,-2.3098,-0.0278
680127628.7177248,52.401958, 13.658195,810297.3811,810294.9100,-0.1335,-2.3099,-0.0278
680127628.7671576,52.404806, 13.656811999999999,810298.0656,810295.5944,-0.1335,-2.3099,-0.0278
680127628.8165903,52.407654, 13.655429,810300.8162,810298.3450,-0.1335,-2.3099,-0.0278
680127628.8660233,52.410503, 13.654045,810301.5302,810299.0590,-0.1334,-2.3099,-0.0278
680127628.9154432,52.413349999999994, 13.652662,810302.4285,810299.9573,-0.1334,-2.3100,-0.0278
680127628.9648759,52.416197999999994, 13.651278,810304.4932,810302.0220,-0.1334,-2.3100,-0.0278
680127629.0143077,52.419047, 13.649894,810305.6409,810303.1697,-0.1334,-2.3100,-0.0278
680127629.0637276,52.421893999999995, 13.64851,810308.1705,810305.6993,-0.1334,-2.3100,-0.0278
680127629.1131606,52.424741999999995, 13.647126,810302.4289,810299.9577,-0.1334,-2.3100,-0.0278
680127629.1626067,52.427591, 13.645741,810303.0267,810300.5556,-0.1333,-2.3100,-0.0278
680127629.2120273,52.430439, 13.644357,810303.8491,810301.3780,-0.1333,-2.3100,-0.0278
680127629.2614605,52.433287, 13.642971999999999,810304.9156,810302.4445,-0.1333,-2.3100,-0.0278
680127629.3108811,52.436133999999996, 13.641587999999999,810305.7735,810303.3024,-0.1333,-2.3100,-0.0278
680127629.3603144,52.438983, 13.640201999999999,810306.4523,810303.9812,-0.1333,-2.3100,-0.0278
680127629.409735,52.441829999999996, 13.638817999999999,810306.5658,810304.0948,-0.1332,-2.3100,-0.0278
680127629.4591682,52.444677999999996, 13.637431999999999,810306.8616,810304.3906,-0.1332,-2.3100,-0.0278
680127629.5086017,52.447525999999996, 13.636047,810307.4431,810304.9721,-0.1332,-2.3101,-0.0277
680127629.5580218,52.450374, 13.634661,810309.1818,810306.7108,-0.1332,-2.3101,-0.0277
680127629.6074672,52.453222, 13.633275,810310.9870,810308.5160,-0.1332,-2.3101,-0.0277
680127629.6568999,52.45607, 13.631889,810312.8724,810310.4015,-0.1331,-2.3101,-0.0277
680127629.70632,52.458918, 13.630503,810320.9772,810318.5063,-0.1331,-2.3101,-0.0277
680127629.7557657,52.461766999999995, 13.629116999999999,810323.0352,810320.5643,-0.1331,-2.3101,-0.0277
680127629.8051856,52.464614, 13.627730999999999,810310.2151,810307.7442,-0.1331,-2.3101,-0.0277
680127629.8546183,52.467462, 13.626344,810310.9341,810308.4632,-0.1331,-2.3101,-0.0277
682460424.1534815,52.33698, 13.699147,810283.1285,810280.6588,-0.1667,-2.2860,-0.0170
682460424.2029142,52.339828, 13.697766999999999,810282.3523,810279.8826,-0.1668,-2.2860,-0.0170
682460424.2523472,52.342676999999995, 13.696387999999999,810274.1112,810271.6415,-0.1668,-2.2859,-0.0170
682460424.30178,52.345526, 13.695008,810282.1149,810279.6451,-0.1668,-2.2859,-0.0170
682460424.3511999,52.348374, 13.693629,810282.0345,810279.5647,-0.1669,-2.2859,-0.0170
682460424.4006326,52.351222, 13.692248,810280.7768,810278.3070,-0.1669,-2.2859,-0.0170
682460424.4500654,52.354071, 13.690868,810286.6724,810284.2026,-0.1670,-2.2859,-0.0170
682460424.4994981,52.356919, 13.689487999999999,810287.9034,810285.4336,-0.1670,-2.2859,-0.0170
682460424.5489309,52.359767999999995, 13.688106999999999,810280.1312,810277.6613,-0.1670,-2.2859,-0.0169
682460424.598351,52.362615999999996, 13.686727,810279.9600,810277.4901,-0.1671,-2.2859,-0.0169
682460424.6477838,52.365463999999996, 13.685346,810280.5945,810278.1246,-0.1671,-2.2859,-0.0169
682460424.6972165,52.368313, 13.683964999999999,810281.3830,810278.9131,-0.1672,-2.2859,-0.0169
682460424.7466493,52.371161, 13.682583999999999,810282.6397,810280.1697,-0.1672,-2.2859,-0.0169
682460424.796082,52.37401, 13.681203,810282.7318,810280.2618,-0.1672,-2.2858,-0.0169
682460424.845515,52.376858, 13.679822,810283.1149,810280.6449,-0.1673,-2.2858,-0.0169
682460424.894948,52.379706999999996, 13.67844,810284.4218,810281.9518,-0.1673,-2.2858,-0.0169
682460424.9443679,52.382554, 13.677059,810284.6779,810282.2078,-0.1674,-2.2858,-0.0169
682460424.9938009,52.385403, 13.675676999999999,810285.0451,810282.5750,-0.1674,-2.2858,-0.0169
682460425.0432346,52.388251, 13.674294999999999,810285.6883,810283.2181,-0.1675,-2.2858,-0.0169
682460425.0926678,52.391099999999994, 13.672913,810287.9919,810285.5216,-0.1676,-2.2859,-0.0169
682460425.142101,52.393947999999995, 13.671531,810288.3733,810285.9028,-0.1676,-2.2859,-0.0169
682460425.1915345,52.396797, 13.670148,810288.4312,810285.9606,-0.1677,-2.2860,-0.0169
682460425.2409678,52.399645, 13.668764999999999,810288.8758,810286.4051,-0.1678,-2.2860,-0.0169
682460425.290401,52.402494, 13.667383,810288.9333,810286.4624,-0.1679,-2.2861,-0.0169
682460425.3398342,52.405342, 13.665999999999999,810289.3841,810286.9131,-0.1680,-2.2861,-0.0169
682460425.3892677,52.40819, 13.664617,810290.0669,810287.5958,-0.1681,-2.2862,-0.0169
682460425.4386883,52.411038, 13.663234,810290.6131,810288.1419,-0.1681,-2.2862,-0.0169
682460425.4881213,52.413886, 13.66185,810287.7305,810285.2591,-0.1682,-2.2862,-0.0169
682460425.537554,52.416734999999996, 13.660466999999999,810287.9577,810285.4862,-0.1683,-2.2863,-0.0169
682460425.5869868,52.419582999999996, 13.659082999999999,810288.1668,810285.6952,-0.1684,-2.2863,-0.0169
682460425.6364195,52.422430999999996, 13.657699,810295.9269,810293.4551,-0.1685,-2.2864,-0.0169
682460425.6858523,52.425278999999996, 13.656315999999999,810294.4925,810292.0206,-0.1686,-2.2864,-0.0169
682460425.7352724,52.428126999999996, 13.654931999999999,810295.2795,810292.8075,-0.1686,-2.2865,-0.0169
682460425.7847052,52.430975, 13.653547,810296.7181,810294.2460,-0.1687,-2.2865,-0.0169
682460425.8341379,52.433823, 13.652163,810297.9548,810295.4825,-0.1688,-2.2866,-0.0169
682460425.8835704,52.436671999999994, 13.650779,810298.9560,810296.4836,-0.1689,-2.2866,-0.0169
682460425.9330161,52.439521, 13.649393,810299.4987,810297.0262,-0.1690,-2.2866,-0.0169
682460425.982436,52.442367999999995, 13.648009,810299.8846,810297.4119,-0.1691,-2.2867,-0.0169
682460426.031868,52.445215999999995, 13.646624,810299.9628,810297.4901,-0.1691,-2.2867,-0.0169
682460426.0812879,52.448063999999995, 13.645239,810299.8601,810297.3873,-0.1692,-2.2867,-0.0169
682460426.1307206,52.450911999999995, 13.643854,810295.0962,810292.6234,-0.1693,-2.2867,-0.0169
682460426.1801534,52.453759999999996, 13.642468,810295.5080,810293.0351,-0.1693,-2.2867,-0.0169
682460426.2295735,52.456607, 13.641083,810296.0378,810293.5648,-0.1694,-2.2867,-0.0169
682460426.2790062,52.459455, 13.639697,810296.6945,810294.2215,-0.1695,-2.2866,-0.0169
682460426.328439,52.462303, 13.638311,810298.0966,810295.6235,-0.1695,-2.2866,-0.0169
682460426.3778718,52.465151999999996, 13.636925,810300.6811,810298.2080,-0.1696,-2.2866,-0.0169
682460426.4272919,52.467999, 13.635539,810303.0197,810300.5465,-0.1697,-2.2866,-0.0169
684793223.1258008,52.331179, 13.678930999999999,810573.4293,810570.9297,-0.1787,-2.3017,-0.0192
684793223.1752462,52.334027999999996, 13.67755,810574.6720,810572.1725,-0.1787,-2.3017,-0.0192
684793223.2246919,52.336876999999994, 13.676169,810573.4399,810570.9404,-0.1787,-2.3017,-0.0192
684793223.2741373,52.339726, 13.674788,810578.8938,810576.3943,-0.1787,-2.3016,-0.0192
684793223.3235829,52.342575, 13.673407,810579.3939,810576.8944,-0.1787,-2.3016,-0.0192
684793223.3730412,52.345425, 13.672025,810579.9216,810577.4221,-0.1787,-2.3016,-0.0192
684793223.4224994,52.348273999999996, 13.670643,810581.7121,810579.2126,-0.1787,-2.3016,-0.0192
684793223.4719448,52.351122999999994, 13.669260999999999,810582.0038,810579.5043,-0.1787,-2.3016,-0.0192
684793223.5213904,52.353972, 13.66788,810580.0239,810577.5245,-0.1786,-2.3016,-0.0192
684793223.5708487,52.356822, 13.666497,810580.7088,810578.2094,-0.1786,-2.3016,-0.0192
684793223.6202941,52.359669999999994, 13.665115,810581.2553,810578.7559,-0.1786,-2.3016,-0.0192
684793223.6697397,52.362519, 13.663732999999999,810582.0503,810579.5509,-0.1786,-2.3016,-0.0192
684793223.719198,52.365369, 13.66235,810583.1012,810580.6018,-0.1786,-2.3016,-0.0192
684793223.7686563,52.368218, 13.660967,810583.7339,810581.2345,-0.1786,-2.3015,-0.0192
684793223.8181016,52.371067, 13.659583999999999,810584.1852,810581.6858,-0.1786,-2.3015,-0.0192
684793223.8675599,52.373917, 13.658199999999999,810584.4923,810581.9930,-0.1786,-2.3015,-0.0192
684793223.9170182,52.376765999999996, 13.656817,810585.1746,810582.6753,-0.1786,-2.3015,-0.0192
684793223.9664636,52.379615, 13.655434,810585.8514,810583.3521,-0.1786,-2.3015,-0.0192
684793224.0159206,52.382464, 13.65405,810586.5097,810584.0104,-0.1786,-2.3015,-0.0192
684793224.0653663,52.385313, 13.652666,810587.0767,810584.5773,-0.1786,-2.3016,-0.0192
684793224.1148245,52.388161999999994, 13.651282,810587.7525,810585.2530,-0.1786,-2.3016,-0.0192
684793224.1642828,52.391011999999996, 13.649897999999999,810588.3949,810585.8954,-0.1787,-2.3017,-0.0192
684793224.2137282,52.39386, 13.648513999999999,810588.9767,810586.4771,-0.1787,-2.3017,-0.0192
684793224.2631865,52.39671, 13.647129,810589.6571,810587.1574,-0.1787,-2.3018,-0.0192
684793224.3126321,52.399558999999996, 13.645745,810590.3752,810587.8754,-0.1787,-2.3018,-0.0192
684793224.3620903,52.402407999999994, 13.644359999999999,810591.1747,810588.6749,-0.1787,-2.3019,-0.0192
684793224.411536,52.405257, 13.642975999999999,810591.8667,810589.3668,-0.1788,-2.3020,-0.0192
684793224.460995,52.408106, 13.641589999999999,810592.5185,810590.0185,-0.1788,-2.3020,-0.0192
684793224.5104408,52.410954999999994, 13.640206,810593.0704,810590.5703,-0.1788,-2.3021,-0.0192
684793224.5598996,52.413804, 13.638819999999999,810593.6843,810591.1842,-0.1788,-2.3021,-0.0192
684793224.6093583,52.416653, 13.637433999999999,810594.6732,810592.1730,-0.1788,-2.3022,-0.0192
684793224.658817,52.419503, 13.636049,810595.2933,810592.7930,-0.1789,-2.3022,-0.0192
684793224.7082632,52.422351, 13.634663,810596.1023,810593.6019,-0.1789,-2.3023,-0.0192
684793224.7577219,52.4252, 13.633277,810596.1153,810593.6149,-0.1789,-2.3023,-0.0192
684793224.8071806,52.42805, 13.631891,810596.7023,810594.2018,-0.1789,-2.3024,-0.0192
684793224.8566263,52.430898, 13.630505,810597.3554,810594.8548,-0.1789,-2.3024,-0.0192
684793224.9060845,52.433747, 13.629118,810598.0217,810595.5210,-0.1790,-2.3025,-0.0192
684793224.9555299,52.436595999999994, 13.627732,810598.5815,810596.0808,-0.1790,-2.3026,-0.0192
684793225.004988,52.439445, 13.626344999999999,810599.2687,810596.7679,-0.1790,-2.3026,-0.0192
684793225.0544348,52.442294, 13.624958999999999,810599.9354,810597.4346,-0.1790,-2.3026,-0.0192
684793225.103893,52.445142999999995, 13.623571,810600.6052,810598.1044,-0.1790,-2.3025,-0.0192
684793225.1533513,52.447992, 13.622183999999999,810601.1523,810598.6516,-0.1790,-2.3025,-0.0192
684793225.2028096,52.450841, 13.620797,810602.4421,810599.9414,-0.1790,-2.3025,-0.0192
684793225.252255,52.453689999999995, 13.619409,810603.9922,810601.4915,-0.1791,-2.3025,-0.0192
684793225.301713,52.456539, 13.618022,810603.0978,810600.5971,-0.1791,-2.3024,-0.0192
684793225.3511713,52.459388, 13.616634,810603.4802,810600.9795,-0.1791,-2.3024,-0.0192
684793225.4006166,52.462236, 13.615245999999999,810603.9643,810601.4637,-0.1791,-2.3024,-0.0192
684793225.4500749,52.465084999999995, 13.613857999999999,810604.3720,810601.8714,-0.1791,-2.3024,-0.0192
684793225.4995332,52.467934, 13.61247,810620.6766,810618.1760,-0.1791,-2.3024,-0.0192
687126026.0653017,52.330569, 13.685943,810737.8444,810735.4420,-0.0481,-2.3395,-0.0148
687126026.1147726,52.333419, 13.684562,810738.3951,810735.9927,-0.0481,-2.3395,-0.0148
687126026.1642308,52.336268999999994, 13.683181,810741.7705,810739.3681,-0.0481,-2.3395,-0.0148
687126026.2136891,52.339118, 13.681799999999999,810736.9175,810734.5150,-0.0481,-2.3395,-0.0148
687126026.26316,52.341969, 13.680418999999999,810727.7483,810725.3458,-0.0482,-2.3395,-0.0148
687126026.312618,52.344818, 13.679038,810743.6287,810741.2262,-0.0482,-2.3395,-0.0148
687126026.3620763,52.347668, 13.677655999999999,810743.5202,810741.1177,-0.0482,-2.3395,-0.0148
687126026.4115345,52.350516999999996, 13.676274999999999,810743.8464,810741.4439,-0.0482,-2.3395,-0.0148
687126026.4610181,52.353367999999996, 13.674892999999999,810743.5645,810741.1620,-0.0482,-2.3395,-0.0148
687126026.5104764,52.356218, 13.673511,810744.2651,810741.8625,-0.0482,-2.3396,-0.0148
687126026.5599346,52.359068, 13.672129,810744.9489,810742.5463,-0.0482,-2.3396,-0.0148
687126026.6094055,52.361917999999996, 13.670746,810745.6021,810743.1995,-0.0482,-2.3396,-0.0148
687126026.6588638,52.364767, 13.669364,810746.2672,810743.8646,-0.0482,-2.3396,-0.0148
687126026.708322,52.367616999999996, 13.667981999999999,810746.7943,810744.3917,-0.0482,-2.3396,-0.0148
687126026.7578058,52.370467999999995, 13.666597999999999,810748.6006,810746.1980,-0.0483,-2.3396,-0.0148
687126026.8072641,52.373317, 13.665216,810748.8925,810746.4899,-0.0483,-2.3396,-0.0148
687126026.856735,52.376166999999995, 13.663832,810748.7990,810746.3963,-0.0483,-2.3396,-0.0148
687126026.9062061,52.379017, 13.662448999999999,810749.3845,810746.9818,-0.0483,-2.3396,-0.0148
687126026.9556644,52.381867, 13.661066,810750.0488,810747.6461,-0.0483,-2.3396,-0.0148
687126027.0051353,52.384716999999995, 13.659682,810750.7433,810748.3406,-0.0483,-2.3396,-0.0148
687126027.0545945,52.387567, 13.658299,810752.3948,810749.9920,-0.0483,-2.3396,-0.0148
687126027.1040659,52.390417, 13.656915,810751.9134,810749.5106,-0.0484,-2.3397,-0.0148
687126027.1535246,52.393266, 13.655531,810752.4668,810750.0639,-0.0484,-2.3397,-0.0148
687126027.2029963,52.396116, 13.654145999999999,810753.1506,810750.7477,-0.0484,-2.3398,-0.0148
687126027.252455,52.398965999999994, 13.652762,810753.7790,810751.3760,-0.0484,-2.3398,-0.0148
687126027.3019264,52.401816, 13.651378,810754.6586,810752.2555,-0.0485,-2.3398,-0.0148
687126027.351398,52.404666, 13.649993,810755.7305,810753.3274,-0.0485,-2.3399,-0.0148
687126027.4008694,52.407516, 13.648608,810756.7486,810754.3454,-0.0485,-2.3399,-0.0148
687126027.4503281,52.410365, 13.647222999999999,810757.4426,810755.0394,-0.0485,-2.3400,-0.0148
687126027.4997995,52.413215, 13.645838,810758.6439,810756.2406,-0.0485,-2.3400,-0.0148
687126027.5492706,52.416064999999996, 13.644452999999999,810762.9138,810760.5104,-0.0486,-2.3400,-0.0147
687126027.5987289,52.418914, 13.643068,810763.1467,810760.7433,-0.0486,-2.3401,-0.0147
687126027.6481998,52.421763999999996, 13.641682,810764.1820,810761.7785,-0.0486,-2.3401,-0.0147
687126027.6976581,52.424613, 13.640296999999999,810759.7714,810757.3679,-0.0486,-2.3402,-0.0147
687126027.7471292,52.427462999999996, 13.638911,810760.8109,810758.4073,-0.0487,-2.3402,-0.0147
687126027.7966001,52.430313, 13.637523999999999,810764.0770,810761.6733,-0.0487,-2.3402,-0.0147
687126027.8460584,52.433163, 13.636139,810766.5276,810764.1239,-0.0487,-2.3403,-0.0147
687126027.8955293,52.436012, 13.634751999999999,810767.4157,810765.0119,-0.0487,-2.3403,-0.0147
687126027.9450004,52.438862, 13.633365999999999,810767.1722,810764.7684,-0.0488,-2.3404,-0.0147
687126027.9944587,52.441711, 13.631979,810764.3651,810761.9612,-0.0488,-2.3404,-0.0147
687126028.0439284,52.444561, 13.630592,810764.0471,810761.6432,-0.0488,-2.3404,-0.0147
687126028.0933993,52.447410999999995, 13.629204999999999,810764.6683,810762.2644,-0.0488,-2.3404,-0.0147
687126028.1428702,52.450261, 13.627818,810765.7039,810763.2999,-0.0488,-2.3404,-0.0147
687126028.1923285,52.453109999999995, 13.626431,810768.9231,810766.5191,-0.0489,-2.3404,-0.0147
687126028.2417994,52.45596, 13.625043999999999,810770.3202,810767.9162,-0.0489,-2.3404,-0.0147
687126028.2912705,52.45881, 13.623655999999999,810775.0979,810772.6939,-0.0489,-2.3405,-0.0147
687126028.3407414,52.461659, 13.622268,810767.2248,810764.8207,-0.0489,-2.3405,-0.0147
687126028.3902123,52.464509, 13.62088,810767.6593,810765.2552,-0.0489,-2.3405,-0.0147
687126028.4396834,52.467358999999995, 13.619492,810767.9072,810765.5031,-0.0489,-2.3405,-0.0147
689458824.2700701,52.332015999999996, 13.697536,810518.6050,810516.1885,-0.0888,-2.3175,-0.0102
689458824.319516,52.334865, 13.696156,810530.6817,810528.2652,-0.0888,-2.3175,-0.0102
689458824.3689618,52.337714, 13.694776,810530.2801,810527.8636,-0.0888,-2.3175,-0.0102
689458824.4184079,52.340562999999996, 13.693396,810526.2249,810523.8083,-0.0889,-2.3175,-0.0102
689458824.4678538,52.343412, 13.692015,810529.7830,810527.3664,-0.0889,-2.3175,-0.0102
689458824.5172999,52.346261, 13.690634999999999,810530.9642,810528.5476,-0.0889,-2.3175,-0.0102
689458824.566746,52.349111, 13.689254,810529.8766,810527.4600,-0.0889,-2.3175,-0.0102
689458824.6162047,52.35196, 13.687873,810529.4090,810526.9924,-0.0890,-2.3175,-0.0102
689458824.6656506,52.354808999999996, 13.686491,810534.2092,810531.7925,-0.0890,-2.3175,-0.0102
689458824.715096,52.357658, 13.68511,810528.0599,810525.6432,-0.0890,-2.3175,-0.0102
689458824.7645416,52.360507, 13.683729,810528.5330,810526.1163,-0.0891,-2.3174,-0.0102
689458824.8139873,52.363355999999996, 13.682347,810529.2090,810526.7923,-0.0891,-2.3174,-0.0102
689458824.8634326,52.366205, 13.680966,810529.8726,810527.4559,-0.0891,-2.3174,-0.0102
689458824.9128783,52.369054, 13.679584,810531.1948,810528.7780,-0.0891,-2.3174,-0.0102
689458824.9623237,52.371902999999996, 13.678201999999999,810532.0323,810529.6155,-0.0892,-2.3174,-0.0102
689458825.0117819,52.374753, 13.676819,810532.0344,810529.6176,-0.0892,-2.3174,-0.0102
689458825.0612285,52.377601999999996, 13.675436999999999,810532.3544,810529.9376,-0.0892,-2.3174,-0.0102
689458825.1106739,52.380451, 13.674055,810533.2814,810530.8645,-0.0892,-2.3175,-0.0102
689458825.1601195,52.3833, 13.672671999999999,810533.6687,810531.2518,-0.0892,-2.3175,-0.0102
689458825.2095649,52.386148999999996, 13.671289,810534.2743,810531.8574,-0.0892,-2.3175,-0.0102
689458825.2590232,52.388998, 13.669906,810536.4949,810534.0779,-0.0892,-2.3175,-0.0102
689458825.3084815,52.391847999999996, 13.668522999999999,810537.3486,810534.9316,-0.0892,-2.3176,-0.0102
689458825.3579268,52.394697, 13.66714,810537.3338,810534.9168,-0.0892,-2.3176,-0.0102
689458825.4073725,52.397546, 13.665756,810537.1588,810534.7418,-0.0892,-2.3176,-0.0102
689458825.4568307,52.400394999999996, 13.664373,810537.2317,810534.8146,-0.0892,-2.3176,-0.0102
689458825.5062761,52.403244, 13.662989,810537.8729,810535.4558,-0.0893,-2.3177,-0.0102
689458825.5557218,52.406093, 13.661605,810538.5503,810536.1332,-0.0893,-2.3177,-0.0102
689458825.60518,52.408941999999996, 13.660221,810539.0568,810536.6396,-0.0893,-2.3177,-0.0102
689458825.6546254,52.411791, 13.658837,810543.1255,810540.7083,-0.0893,-2.3177,-0.0102
689458825.704071,52.41464, 13.657452,810536.9958,810534.5786,-0.0893,-2.3178,-0.0102
689458825.7535293,52.417488999999996, 13.656068,810537.1129,810534.6956,-0.0893,-2.3178,-0.0102
689458825.8029747,52.420338, 13.654682999999999,810537.8851,810535.4678,-0.0893,-2.3178,-0.0102
689458825.8524203,52.423187, 13.653298999999999,810542.8836,810540.4663,-0.0893,-2.3178,-0.0102
689458825.9018786,52.426035999999996, 13.651912999999999,810542.9604,810540.5431,-0.0893,-2.3179,-0.0102
689458825.9513245,52.428885, 13.650528,810543.6535,810541.2361,-0.0893,-2.3179,-0.0102
689458826.0007832,52.431734999999996, 13.649142999999999,810545.3840,810542.9666,-0.0893,-2.3179,-0.0102
689458826.0502284,52.434582999999996, 13.647756999999999,810546.5160,810544.0986,-0.0893,-2.3179,-0.0102
689458826.0996866,52.437433, 13.646372,810547.1972,810544.7798,-0.0893,-2.3179,-0.0102
689458826.1491327,52.440281, 13.644986,810547.6732,810545.2558,-0.0893,-2.3179,-0.0102
689458826.1985788,52.44313, 13.6436,810547.9146,810545.4972,-0.0893,-2.3179,-0.0102
689458826.2480376,52.445978999999994, 13.642214,810548.0373,810545.6199,-0.0893,-2.3179,-0.0102
689458826.2974837,52.448828, 13.640827999999999,810549.3349,810546.9175,-0.0893,-2.3179,-0.0102
689458826.3469424,52.451677, 13.639441,810543.8869,810541.4695,-0.0893,-2.3179,-0.0102
689458826.3963878,52.454525999999994, 13.638055,810544.3474,810541.9300,-0.0893,-2.3179,-0.0102
689458826.4458461,52.457375, 13.636668,810564.1408,810561.7234,-0.0893,-2.3179,-0.0102
689458826.4952917,52.460224, 13.635280999999999,810545.7352,810543.3178,-0.0893,-2.3179,-0.0102
689458826.5447371,52.463072, 13.633894999999999,810548.2948,810545.8775,-0.0893,-2.3179,-0.0101
689458826.5941954,52.465922, 13.632506999999999,810550.5715,810548.1542,-0.0893,-2.3179,-0.0101
689458826.643641,52.46877, 13.63112,810551.2042,810548.7869,-0.0893,-2.3179,-0.0101
691791622.7646668,52.330701, 13.697116999999999,810316.0284,810313.7098,-0.0366,-2.2740,-0.0080
691791622.8140869,52.333549, 13.695737999999999,810315.8227,810313.5041,-0.0366,-2.2740,-0.0080
691791622.8635201,52.336397999999996, 13.694358999999999,810315.5921,810313.2735,-0.0366,-2.2740,-0.0080
691791622.9129536,52.339245999999996, 13.692979,810313.8458,810311.5273,-0.0365,-2.2740,-0.0080
691791622.9623868,52.342095, 13.6916,810313.6437,810311.3252,-0.0365,-2.2740,-0.0080
691791623.0118079,52.344943, 13.69022,810315.3789,810313.0604,-0.0365,-2.2740,-0.0080
691791623.0612416,52.347791, 13.688839999999999,810315.3226,810313.0041,-0.0365,-2.2740,-0.0080
691791623.1106749,52.35064, 13.68746,810315.0675,810312.7490,-0.0365,-2.2740,-0.0080
691791623.1601083,52.353488999999996, 13.686079,810315.0287,810312.7102,-0.0365,-2.2740,-0.0080
691791623.2095416,52.356336999999996, 13.684699,810315.2929,810312.9744,-0.0365,-2.2740,-0.0080
691791623.2589746,52.359186, 13.683318,810313.8757,810311.5572,-0.0365,-2.2740,-0.0080
691791623.3083947,52.362033, 13.681937999999999,810314.5089,810312.1904,-0.0365,-2.2740,-0.0080
691791623.3578274,52.364881999999994, 13.680556999999999,810315.1450,810312.8265,-0.0365,-2.2740,-0.0080
691791623.4072602,52.367729999999995, 13.679176,810315.8280,810313.5095,-0.0365,-2.2740,-0.0080
691791623.4566929,52.370579, 13.677793999999999,810316.5210,810314.2025,-0.0365,-2.2740,-0.0080
691791623.5061257,52.373427, 13.676413,810317.8219,810315.5035,-0.0365,-2.2739,-0.0080
691791623.5555584,52.376276, 13.675030999999999,810318.7574,810316.4390,-0.0365,-2.2739,-0.0080
691791623.6049912,52.379124, 13.673649999999999,810318.7701,810316.4517,-0.0365,-2.2739,-0.0080
691791623.6544242,52.381972, 13.672267999999999,810319.1925,810316.8741,-0.0365,-2.2739,-0.0080
691791623.703857,52.384820999999995, 13.670886,810319.6612,810317.3428,-0.0365,-2.2739,-0.0080
691791623.7532897,52.387668999999995, 13.669504,810320.4731,810318.1547,-0.0365,-2.2739,-0.0080
691791623.8027225,52.390518, 13.668121,810321.7686,810319.4502,-0.0365,-2.2739,-0.0080
691791623.8521552,52.393366, 13.666739,810322.1093,810319.7909,-0.0365,-2.2739,-0.0080
691791623.901588,52.396214, 13.665356,810322.6775,810320.3591,-0.0365,-2.2739,-0.0080
691791623.9510207,52.399063, 13.663974,810322.9419,810320.6235,-0.0365,-2.2739,-0.0080
691791624.0004535,52.401911, 13.662590999999999,810323.3325,810321.0141,-0.0365,-2.2739,-0.0080
691791624.049885,52.404759, 13.661208,810324.0194,810321.7010,-0.0365,-2.2739,-0.0080
691791624.0993304,52.407607999999996, 13.659823999999999,810324.5593,810322.2409,-0.0365,-2.2739,-0.0080
691791624.1487634,52.410455999999996, 13.658441,810341.2185,810338.9000,-0.0365,-2.2740,-0.0080
691791624.1981962,52.413305, 13.657057,810329.1330,810326.8145,-0.0365,-2.2740,-0.0080
691791624.2476289,52.416152999999994, 13.655673,810322.7127,810320.3942,-0.0365,-2.2740,-0.0080
691791624.2970617,52.419000999999994, 13.65429,810334.3185,810332.0000,-0.0365,-2.2740,-0.0080
691791624.3464944,52.421848999999995, 13.652906,810330.5143,810328.1957,-0.0365,-2.2740,-0.0080
691791624.3959272,52.424698, 13.651522,810329.5253,810327.2067,-0.0365,-2.2741,-0.0080
691791624.4453728,52.427546, 13.650136999999999,810329.1539,810326.8353,-0.0365,-2.2741,-0.0080
691791624.4948056,52.430395, 13.648752,810330.6082,810328.2896,-0.0365,-2.2741,-0.0080
691791624.544239,52.433243, 13.647368,810331.9081,810329.5894,-0.0366,-2.2741,-0.0080
691791624.5936723,52.436091, 13.645983,810332.6821,810330.3634,-0.0366,-2.2741,-0.0080
691791624.6431181,52.438939999999995, 13.644598,810333.1316,810330.8129,-0.0366,-2.2742,-0.0080
691791624.6925516,52.441787999999995, 13.643213,810333.5862,810331.2675,-0.0366,-2.2742,-0.0080
691791624.7419722,52.444635, 13.641827999999999,810333.6693,810331.3505,-0.0366,-2.2742,-0.0080
691791624.7914054,52.447483999999996, 13.640443,810333.6703,810331.3515,-0.0366,-2.2742,-0.0080
691791624.840826,52.450331, 13.639057,810348.2906,810345.9718,-0.0366,-2.2742,-0.0080
691791624.8902719,52.453179999999996, 13.637671,810348.6797,810346.3609,-0.0366,-2.2743,-0.0080
691791624.9397049,52.456027999999996, 13.636286,810348.7934,810346.4745,-0.0366,-2.2743,-0.0080
691791624.9891505,52.458877, 13.634898999999999,810331.3527,810329.0338,-0.0366,-2.2743,-0.0080
691791625.0385833,52.461724999999994, 13.633512999999999,810335.0591,810332.7402,-0.0366,-2.2743,-0.0080
691791625.0880148,52.464572999999994, 13.632126999999999,810336.8082,810334.4893,-0.0366,-2.2743,-0.0080
691791625.1374605,52.467420999999995, 13.63074,810337.3428,810335.0239,-0.0367,-2.2743,-0.0080
694124424.5565002,52.331663, 13.681744,810487.1608,810484.7705,-0.0962,-2.2845,-0.0095
694124424.6059585,52.334513, 13.680361999999999,810492.7609,810490.3707,-0.0961,-2.2845,-0.0095
694124424.6554036,52.337362, 13.678980999999999,810493.2947,810490.9045,-0.0961,-2.2845,-0.0095
694124424.7048492,52.340211, 13.6776,810494.4240,810492.0339,-0.0961,-2.2845,-0.0095
694124424.7542951,52.343059999999994, 13.676217999999999,810494.9829,810492.5928,-0.0960,-2.2845,-0.0095
694124424.8037412,52.345909, 13.674837,810494.9428,810492.5527,-0.0960,-2.2845,-0.0095
694124424.8531873,52.348758, 13.673454999999999,810495.2437,810492.8537,-0.0960,-2.2845,-0.0095
694124424.9026332,52.351606999999994, 13.672073,810495.2964,810492.9064,-0.0960,-2.2845,-0.0095
694124424.9520793,52.354456, 13.670691,810495.9338,810493.5439,-0.0959,-2.2845,-0.0095
694124425.0015383,52.357305, 13.669309,810496.6098,810494.2199,-0.0959,-2.2845,-0.0095
694124425.0509722,52.360153, 13.667926999999999,810497.1756,810494.7857,-0.0959,-2.2845,-0.0095
694124425.1004183,52.363001999999994, 13.666544,810497.8483,810495.4584,-0.0958,-2.2845,-0.0095
694124425.1498644,52.365851, 13.665161999999999,810498.6097,810496.2199,-0.0958,-2.2846,-0.0095
694124425.1993227,52.368700999999994, 13.663777999999999,810499.9694,810497.5796,-0.0957,-2.2846,-0.0095
694124425.2487683,52.37155, 13.662395,810500.3442,810497.9544,-0.0957,-2.2846,-0.0095
694124425.2982137,52.374399, 13.661012,810500.4039,810498.0141,-0.0957,-2.2846,-0.0095
694124425.3476593,52.377247, 13.659628999999999,810501.0923,810498.7025,-0.0956,-2.2846,-0.0095
694124425.3971047,52.380095999999995, 13.658246,810501.7665,810499.3768,-0.0956,-2.2847,-0.0095
694124425.4465504,52.382945, 13.656861999999999,810502.3098,810499.9201,-0.0955,-2.2847,-0.0095
694124425.4960086,52.385794, 13.655477999999999,810502.9993,810500.6096,-0.0955,-2.2847,-0.0095
694124425.545454,52.388642999999995, 13.654093999999999,810503.6748,810501.2851,-0.0955,-2.2847,-0.0095
694124425.5948868,52.391490999999995, 13.652711,810504.3323,810501.9426,-0.0954,-2.2847,-0.0095
694124425.644345,52.394341, 13.651326,810504.9838,810502.5942,-0.0954,-2.2848,-0.0095
694124425.6937907,52.397189, 13.649942,810505.7796,810503.3900,-0.0953,-2.2848,-0.0095
694124425.7432361,52.400037999999995, 13.648556999999998,810506.6694,810504.2798,-0.0953,-2.2848,-0.0095
694124425.7926817,52.402887, 13.647172999999999,810507.4054,810505.0158,-0.0953,-2.2848,-0.0095
694124425.8421271,52.405736, 13.645788,810508.3137,810505.9241,-0.0952,-2.2848,-0.0095
694124425.8915725,52.408584, 13.644402999999999,810509.0734,810506.6839,-0.0952,-2.2849,-0.0095
694124425.9410052,52.411432, 13.643018999999999,810509.8227,810507.4332,-0.0951,-2.2849,-0.0095
694124425.9904635,52.414280999999995, 13.641632999999999,810510.8349,810508.4454,-0.0951,-2.2849,-0.0095
694124426.0398953,52.417128999999996, 13.640248,810512.4508,810510.0613,-0.0951,-2.2849,-0.0095
694124426.0893536,52.419979, 13.638862,810511.3206,810508.9311,-0.0950,-2.2849,-0.0095
694124426.1387863,52.422827, 13.637476999999999,810511.8408,810509.4514,-0.0950,-2.2850,-0.0095
694124426.1882446,52.425675999999996, 13.636090999999999,810512.0497,810509.6603,-0.0949,-2.2850,-0.0095
694124426.23769,52.428523999999996, 13.634704999999999,810512.6253,810510.2359,-0.0949,-2.2850,-0.0095
694124426.2871356,52.431373, 13.633319,810513.3058,810510.9164,-0.0949,-2.2850,-0.0095
694124426.3365939,52.434222, 13.631931999999999,810513.9703,810511.5810,-0.0948,-2.2850,-0.0095
694124426.3860266,52.43707, 13.630545999999999,810514.6478,810512.2585,-0.0948,-2.2851,-0.0095
694124426.4354851,52.439918999999996, 13.629159,810515.2059,810512.8166,-0.0948,-2.2851,-0.0095
694124426.4849184,52.442766999999996, 13.627773,810515.8767,810513.4874,-0.0947,-2.2851,-0.0095
694124426.5343771,52.445616, 13.626384999999999,810516.5394,810514.1502,-0.0947,-2.2851,-0.0094
694124426.5838232,52.448465, 13.624998,810517.2897,810514.9005,-0.0946,-2.2851,-0.0094
694124426.6332693,52.451313, 13.623610999999999,810518.4435,810516.0543,-0.0946,-2.2852,-0.0094
694124426.682728,52.454162999999994, 13.622223,810514.3542,810511.9650,-0.0946,-2.2852,-0.0094
694124426.7321613,52.45701, 13.620835999999999,810515.0169,810512.6278,-0.0945,-2.2852,-0.0094
694124426.7816074,52.459858999999994, 13.619449,810519.3976,810517.0085,-0.0945,-2.2852,-0.0094
694124426.8310533,52.462706999999995, 13.618060999999999,810519.9780,810517.5889,-0.0944,-2.2852,-0.0094
694124426.8805115,52.465556, 13.616672999999999,810520.5104,810518.1213,-0.0944,-2.2853,-0.0094
694124426.9299443,52.468404, 13.615285,810518.7881,810516.3991,-0.0944,-2.2853,-0.0094
696457229.0260115,52.331731999999995, 13.680074,810506.3504,810503.9317,-0.0743,-2.3343,-0.0101
696457229.0754569,52.334581, 13.678692999999999,810509.4873,810507.0686,-0.0743,-2.3343,-0.0101
696457229.1249022,52.33743, 13.677313,810508.2871,810505.8684,-0.0743,-2.3343,-0.0101
696457229.1743479,52.340278999999995, 13.675932,810511.1598,810508.7411,-0.0743,-2.3343,-0.0101
696457229.2237933,52.343128, 13.674552,810511.8570,810509.4383,-0.0743,-2.3343,-0.0101
696457229.2732389,52.345977, 13.673171,810512.2743,810509.8556,-0.0743,-2.3343,-0.0101
696457229.3226843,52.348825999999995, 13.67179,810512.2085,810509.7898,-0.0743,-2.3343,-0.0101
696457229.3721426,52.351676, 13.670408,810512.3674,810509.9487,-0.0743,-2.3343,-0.0101
696457229.4215882,52.354524999999995, 13.669027,810513.0429,810510.6242,-0.0743,-2.3343,-0.0101
696457229.4710336,52.357374, 13.667645,810513.7169,810511.2982,-0.0743,-2.3343,-0.0101
696457229.5204792,52.360223, 13.666264,810514.2755,810511.8568,-0.0744,-2.3342,-0.0101
696457229.5699246,52.363071999999995, 13.664881999999999,810514.9192,810512.5005,-0.0744,-2.3342,-0.0101
696457229.6193702,52.365921, 13.663499999999999,810515.9716,810513.5529,-0.0744,-2.3342,-0.0101
696457229.6688159,52.36877, 13.662118,810516.7982,810514.3795,-0.0744,-2.3342,-0.0101
696457229.7182741,52.371618999999995, 13.660734999999999,810517.0995,810514.6808,-0.0744,-2.3342,-0.0101
696457229.76772,52.374468, 13.659353,810517.5071,810515.0884,-0.0744,-2.3342,-0.0101
696457229.8171659,52.377317, 13.657969999999999,810518.0474,810515.6287,-0.0744,-2.3342,-0.0101
696457229.866612,52.380165999999996, 13.656588,810518.7020,810516.2833,-0.0744,-2.3342,-0.0101
696457229.9160707,52.383016, 13.655204999999999,810519.3562,810516.9375,-0.0744,-2.3342,-0.0101
696457229.9655168,52.385864999999995, 13.653822,810519.9269,810517.5082,-0.0744,-2.3342,-0.0101
696457230.0149751,52.388714, 13.652438,810520.5999,810518.1812,-0.0744,-2.3342,-0.0101
696457230.0644205,52.391563, 13.651055,810521.2467,810518.8279,-0.0744,-2.3343,-0.0101
696457230.1138663,52.394411999999996, 13.649671,810521.9165,810519.4977,-0.0744,-2.3343,-0.0101
696457230.1633251,52.397262, 13.648287,810522.6032,810520.1843,-0.0744,-2.3344,-0.0101
696457230.2127705,52.40011, 13.646904,810523.2331,810520.8142,-0.0744,-2.3344,-0.0101
696457230.2622161,52.402958999999996, 13.64552,810524.2089,810521.7899,-0.0744,-2.3345,-0.0101
696457230.3116744,52.405809, 13.644134999999999,810525.1058,810522.6868,-0.0744,-2.3345,-0.0101
696457230.3611071,52.408657, 13.642750999999999,810525.6215,810523.2024,-0.0744,-2.3346,-0.0101
696457230.4105527,52.411505, 13.641366999999999,810525.4543,810523.0351,-0.0744,-2.3347,-0.0101
696457230.460011,52.414355, 13.639982,810524.7338,810522.3146,-0.0744,-2.3347,-0.0101
696457230.5094564,52.417204, 13.638598,810527.9838,810525.5645,-0.0745,-2.3348,-0.0100
696457230.5589147,52.420052999999996, 13.637212,810527.9645,810525.5452,-0.0745,-2.3348,-0.0100
696457230.6083603,52.422902, 13.635826999999999,810528.6759,810526.2565,-0.0745,-2.3349,-0.0100
696457230.6578183,52.425751, 13.634442,810528.8778,810526.4584,-0.0745,-2.3349,-0.0100
696457230.707264,52.428599999999996, 13.633056999999999,810529.4710,810527.0515,-0.0745,-2.3350,-0.0100
696457230.7567093,52.431447999999996, 13.631670999999999,810530.1240,810527.7045,-0.0745,-2.3350,-0.0100
696457230.806155,52.434297, 13.630286,810530.7930,810528.3734,-0.0745,-2.3351,-0.0100
696457230.8556004,52.437146, 13.6289,810531.3413,810528.9217,-0.0745,-2.3351,-0.0100
696457230.9050586,52.439994999999996, 13.627514,810531.9977,810529.5780,-0.0745,-2.3352,-0.0100
696457230.9545043,52.442844, 13.626128,810532.6455,810530.2258,-0.0745,-2.3352,-0.0100
696457231.0039623,52.445693, 13.624741,810532.6355,810530.2157,-0.0745,-2.3353,-0.0100
696457231.0533962,52.448541, 13.623355,810531.4385,810529.0187,-0.0745,-2.3353,-0.0100
696457231.1028545,52.451389999999996, 13.621967999999999,810530.5855,810528.1658,-0.0745,-2.3352,-0.0100
696457231.1522999,52.454239, 13.620581999999999,810530.8976,810528.4779,-0.0745,-2.3352,-0.0100
696457231.2017455,52.457086999999994, 13.619195,810535.4557,810533.0360,-0.0745,-2.3352,-0.0100
696457231.2512038,52.459937, 13.617808,810536.2007,810533.7811,-0.0745,-2.3351,-0.0100
696457231.3006492,52.462785, 13.616420999999999,810536.6917,810534.2721,-0.0745,-2.3351,-0.0100
696457231.3501074,52.465633999999994, 13.615032999999999,810537.0977,810534.6781,-0.0745,-2.3351,-0.0100
696457231.3995657,52.468484, 13.613645,810535.7946,810533.3750,-0.0745,-2.3351,-0.0100
698790026.4964914,52.332611, 13.6959,810522.5523,810520.2146,-0.0651,-2.2617,-0.0110
698790026.5459242,52.33546, 13.694521,810522.2552,810519.9175,-0.0651,-2.2616,-0.0109
698790026.5953696,52.338308999999995, 13.693140999999999,810521.4040,810519.0663,-0.0651,-2.2616,-0.0109
698790026.6448152,52.341158, 13.691761999999999,810514.6518,810512.3141,-0.0651,-2.2616,-0.0109
698790026.6942606,52.344007, 13.690382,810515.1638,810512.8261,-0.0651,-2.2616,-0.0109
698790026.7437062,52.346855999999995, 13.689001,810515.8540,810513.5163,-0.0651,-2.2616,-0.0109
698790026.7931519,52.349705, 13.687621,810520.2734,810517.9357,-0.0652,-2.2616,-0.0109
698790026.8425972,52.352554999999995, 13.686240999999999,810521.1686,810518.8309,-0.0652,-2.2616,-0.0109
698790026.8920429,52.355404, 13.684859999999999,810521.2539,810518.9162,-0.0652,-2.2616,-0.0109
698790026.9414883,52.358253, 13.683479,810521.0830,810518.7453,-0.0652,-2.2616,-0.0109
698790026.9909337,52.361101999999995, 13.682098,810521.0532,810518.7155,-0.0652,-2.2616,-0.0109
698790027.0403802,52.363951, 13.680717,810521.4642,810519.1265,-0.0652,-2.2616,-0.0109
698790027.0898256,52.3668, 13.679336,810521.9964,810519.6587,-0.0652,-2.2616,-0.0109
698790027.1392713,52.369648999999995, 13.677954999999999,810522.3159,810519.9782,-0.0652,-2.2616,-0.0109
698790027.1887167,52.372498, 13.676573,810525.2410,810522.9033,-0.0652,-2.2616,-0.0109
698790027.2381623,52.375347, 13.675192,810526.4701,810524.1324,-0.0652,-2.2616,-0.0109
698790027.2876205,52.378197, 13.67381,810525.3265,810522.9888,-0.0652,-2.2616,-0.0109
698790027.3370659,52.381046, 13.672428,810525.3576,810523.0199,-0.0652,-2.2616,-0.0109
698790027.3865116,52.383894999999995, 13.671045999999999,810525.8118,810523.4741,-0.0652,-2.2616,-0.0109
698790027.435957,52.386744, 13.669663,810526.4463,810524.1086,-0.0652,-2.2616,-0.0109
698790027.4854026,52.389593, 13.668280999999999,810527.6597,810525.3220,-0.0652,-2.2616,-0.0109
698790027.534848,52.392441999999996, 13.666898,810528.2165,810525.8789,-0.0652,-2.2615,-0.0109
698790027.5843062,52.395291, 13.665515,810528.5253,810526.1877,-0.0652,-2.2615,-0.0109
698790027.6337645,52.398140999999995, 13.664131999999999,810528.9099,810526.5723,-0.0652,-2.2615,-0.0109
698790027.6832101,52.40099, 13.662749,810529.4994,810527.1618,-0.0652,-2.2615,-0.0109
698790027.732656,52.403839, 13.661366,810530.1699,810527.8323,-0.0652,-2.2615,-0.0109
698790027.7821021,52.406687999999995, 13.659982999999999,810530.8321,810528.4945,-0.0652,-2.2615,-0.0109
698790027.8315609,52.409538, 13.658598999999999,810528.3321,810525.9945,-0.0652,-2.2615,-0.0109
698790027.881007,52.412386, 13.657214999999999,810528.9831,810526.6455,-0.0652,-2.2615,-0.0109
698790027.9304528,52.415234999999996, 13.655831,810529.2509,810526.9133,-0.0652,-2.2615,-0.0109
698790027.9799116,52.418085, 13.654447,810529.5368,810527.1992,-0.0652,-2.2615,-0.0109
698790028.0293574,52.420933999999995, 13.653063,810530.3614,810528.0238,-0.0652,-2.2615,-0.0109
698790028.0788152,52.423783, 13.651677999999999,810535.9140,810533.5763,-0.0652,-2.2616,-0.0109
698790028.1282611,52.426632, 13.650293999999999,810536.0909,810533.7532,-0.0652,-2.2616,-0.0109
698790028.1777194,52.429482, 13.648909,810535.9577,810533.6199,-0.0652,-2.2617,-0.0109
698790028.227165,52.43233, 13.647525,810537.0921,810534.7543,-0.0652,-2.2617,-0.0109
698790028.2766104,52.435179, 13.646139999999999,810538.3954,810536.0576,-0.0652,-2.2618,-0.0109
698790028.3260686,52.438029, 13.644753999999999,810539.4759,810537.1380,-0.0652,-2.2618,-0.0109
698790028.3755014,52.440877, 13.643369999999999,810539.9046,810537.5667,-0.0652,-2.2619,-0.0109
698790028.424947,52.443725, 13.641983999999999,810540.0820,810537.7440,-0.0652,-2.2619,-0.0109
698790028.4744053,52.446574999999996, 13.640599,810539.9458,810537.6078,-0.0652,-2.2620,-0.0109
698790028.5238507,52.449422999999996, 13.639213,810535.7003,810533.3622,-0.0651,-2.2620,-0.0109
698790028.573309,52.452273, 13.637827,810536.5001,810534.1620,-0.0651,-2.2621,-0.0109
698790028.6227546,52.455121, 13.636441,810536.8519,810534.5137,-0.0651,-2.2621,-0.0109
698790028.6722128,52.457971, 13.635055,810537.6774,810535.3392,-0.0651,-2.2622,-0.0109
698790028.7216582,52.460819, 13.633668,810538.7081,810536.3699,-0.0651,-2.2622,-0.0109
698790028.7711165,52.463668999999996, 13.632282,810541.1712,810538.8329,-0.0651,-2.2623,-0.0109
698790028.8205619,52.466516999999996, 13.630894999999999,810543.4703,810541.1320,-0.0651,-2.2623,-0.0109
698790028.8700202,52.469367, 13.629508,810543.2512,810540.9128,-0.0651,-2.2624,-0.0109
701122826.5391083,52.330113, 13.679611,810545.9178,810543.5210,-0.0257,-2.3503,-0.0208
701122826.5885541,52.332961999999995, 13.67823,810547.8620,810545.4652,-0.0257,-2.3503,-0.0208
701122826.6379998,52.335811, 13.676848999999999,810547.7342,810545.3374,-0.0257,-2.3503,-0.0208
701122826.6874454,52.33866, 13.675469,810550.8872,810548.4904,-0.0257,-2.3503,-0.0208
701122826.7369037,52.34151, 13.674087,810551.3059,810548.9091,-0.0257,-2.3503,-0.0208
701122826.7863619,52.344359, 13.672704999999999,810551.4726,810549.0758,-0.0257,-2.3503,-0.0208
701122826.8358073,52.347207999999995, 13.671324,810551.7389,810549.3421,-0.0257,-2.3503,-0.0208
701122826.885253,52.350057, 13.669943,810551.9086,810549.5118,-0.0257,-2.3503,-0.0208
701122826.9346983,52.352906, 13.668560999999999,810552.4493,810550.0525,-0.0257,-2.3503,-0.0208
701122826.9841566,52.355756, 13.667178999999999,810553.1309,810550.7341,-0.0257,-2.3503,-0.0208
701122827.033601,52.358605, 13.665797,810553.8349,810551.4381,-0.0257,-2.3503,-0.0208
701122827.0830464,52.361453, 13.664415,810555.0024,810552.6055,-0.0257,-2.3504,-0.0208
701122827.1324921,52.364301999999995, 13.663032,810556.0993,810553.7024,-0.0257,-2.3504,-0.0208
701122827.1819501,52.367152, 13.661648999999999,810556.2095,810553.8126,-0.0257,-2.3504,-0.0208
701122827.2314084,52.370000999999995, 13.660267,810556.5675,810554.1705,-0.0257,-2.3505,-0.0208
701122827.280854,52.37285, 13.658883999999999,810557.0763,810554.6793,-0.0257,-2.3505,-0.0208
701122827.3302994,52.375699, 13.657501,810557.7115,810555.3145,-0.0257,-2.3505,-0.0208
701122827.3797576,52.378549, 13.656117,810558.4269,810556.0298,-0.0257,-2.3506,-0.0208
701122827.4292033,52.381397, 13.654734,810558.7851,810556.3880,-0.0257,-2.3506,-0.0208
701122827.4786613,52.384246999999995, 13.653350999999999,810559.4554,810557.0583,-0.0257,-2.3506,-0.0208
701122827.5281069,52.387096, 13.651966999999999,810560.0957,810557.6985,-0.0257,-2.3507,-0.0208
701122827.5775526,52.389944, 13.650583,810560.6518,810558.2546,-0.0257,-2.3507,-0.0208
701122827.6270108,52.392793999999995, 13.649199,810561.2999,810558.9027,-0.0257,-2.3507,-0.0208
701122827.6764691,52.395643, 13.647815,810561.9980,810559.6007,-0.0257,-2.3508,-0.0208
701122827.7259145,52.398492, 13.646431,810562.5569,810560.1596,-0.0257,-2.3508,-0.0208
701122827.7753727,52.401342, 13.645045999999999,810563.3656,810560.9683,-0.0257,-2.3508,-0.0208
701122827.8248184,52.40419, 13.643661999999999,810564.1189,810561.7215,-0.0257,-2.3509,-0.0208
701122827.8742769,52.407039999999995, 13.642277,810564.4033,810562.0059,-0.0257,-2.3509,-0.0208
701122827.9237227,52.409887999999995, 13.640892,810565.4902,810563.0928,-0.0257,-2.3509,-0.0208
701122827.9731815,52.412738, 13.639507,810566.2951,810563.8976,-0.0257,-2.3510,-0.0208
701122828.0226281,52.415586, 13.638122,810566.4667,810564.0692,-0.0257,-2.3510,-0.0208
701122828.0720747,52.418434999999995, 13.636737,810567.2478,810564.8502,-0.0257,-2.3511,-0.0208
701122828.1215208,52.421284, 13.635351,810567.8955,810565.4979,-0.0257,-2.3511,-0.0208
701122828.1709669,52.424132, 13.633966,810569.2092,810566.8116,-0.0257,-2.3511,-0.0208
701122828.2204256,52.426981999999995, 13.632579999999999,810573.3137,810570.9160,-0.0257,-2.3512,-0.0208
701122828.2698843,52.429831, 13.631193999999999,810576.8414,810574.4437,-0.0257,-2.3512,-0.0208
701122828.31933,52.43268, 13.629807999999999,810577.6956,810575.2979,-0.0257,-2.3512,-0.0208
701122828.3687882,52.435528999999995, 13.628421,810578.3403,810575.9425,-0.0257,-2.3513,-0.0208
701122828.4182336,52.438376999999996, 13.627035,810578.6208,810576.2230,-0.0257,-2.3513,-0.0208
701122828.4676919,52.441227, 13.625648,810580.8358,810578.4380,-0.0257,-2.3513,-0.0208
701122828.5171375,52.444075, 13.624262,810572.3924,810569.9945,-0.0258,-2.3514,-0.0207
701122828.5665832,52.446923999999996, 13.622874999999999,810573.2988,810570.9009,-0.0258,-2.3514,-0.0207
701122828.6160414,52.449773, 13.621488,810572.6928,810570.2949,-0.0258,-2.3514,-0.0207
701122828.6654868,52.452621, 13.620101,810570.3965,810567.9985,-0.0258,-2.3515,-0.0207
701122828.7149451,52.45547, 13.618713,810571.1744,810568.7764,-0.0258,-2.3515,-0.0207
701122828.7644033,52.45832, 13.617326,810575.5769,810573.1789,-0.0258,-2.3515,-0.0207
701122828.8138614,52.461169, 13.615938,810576.2387,810573.8406,-0.0258,-2.3516,-0.0207
701122828.8633068,52.464017, 13.61455,810576.7232,810574.3251,-0.0258,-2.3516,-0.0207
701122828.912765,52.466865999999996, 13.613161999999999,810575.4715,810573.0734,-0.0258,-2.3516,-0.0207
701122828.9622233,52.469715, 13.611773999999999,810576.2266,810573.8284,-0.0258,-2.3517,-0.0207
703455628.3795984,52.332347, 13.689865999999999,810541.6689,810539.2603,-0.0434,-2.3409,-0.0242
703455628.4290571,52.335195999999996, 13.688485,810541.9145,810539.5059,-0.0434,-2.3409,-0.0242
703455628.478503,52.338046, 13.687104999999999,810542.5759,810540.1673,-0.0434,-2.3409,-0.0242
703455628.5279491,52.340894999999996, 13.685723999999999,810543.7698,810541.3613,-0.0434,-2.3410,-0.0242
703455628.5773952,52.343744, 13.684344,810542.8051,810540.3966,-0.0434,-2.3410,-0.0242
703455628.6268408,52.346593, 13.682962999999999,810543.0309,810540.6224,-0.0433,-2.3410,-0.0242
703455628.6762862,52.349441999999996, 13.681581999999999,810544.0142,810541.6057,-0.0433,-2.3410,-0.0242
703455628.7257318,52.352291, 13.680200999999999,810545.4438,810543.0353,-0.0433,-2.3410,-0.0242
703455628.7751772,52.35514, 13.67882,810541.6187,810539.2102,-0.0433,-2.3410,-0.0242
703455628.8246229,52.357988999999996, 13.677437999999999,810541.8837,810539.4752,-0.0433,-2.3410,-0.0242
703455628.8740811,52.360838, 13.676055999999999,810542.5471,810540.1386,-0.0433,-2.3411,-0.0242
703455628.9235394,52.363687999999996, 13.674674,810543.0805,810540.6720,-0.0432,-2.3411,-0.0242
703455628.972985,52.366537, 13.673292,810543.7637,810541.3552,-0.0432,-2.3411,-0.0242
703455629.0224304,52.369386, 13.671909999999999,810544.4022,810541.9937,-0.0432,-2.3411,-0.0242
703455629.0718749,52.372234999999996, 13.670528,810546.5795,810544.1709,-0.0432,-2.3412,-0.0242
703455629.1213329,52.375085, 13.669144999999999,810545.8107,810543.4020,-0.0432,-2.3413,-0.0242
703455629.1707785,52.377933, 13.667762999999999,810546.3097,810543.9010,-0.0432,-2.3413,-0.0242
703455629.2202239,52.380781999999996, 13.66638,810546.9707,810544.5619,-0.0432,-2.3414,-0.0242
703455629.2696695,52.383631, 13.664997,810547.6668,810545.2579,-0.0432,-2.3415,-0.0242
703455629.3191149,52.38648, 13.663613999999999,810549.1351,810546.7262,-0.0432,-2.3415,-0.0242
703455629.3685732,52.38933, 13.662231,810549.3440,810546.9350,-0.0432,-2.3416,-0.0242
703455629.4180188,52.392177999999994, 13.660848,810549.7752,810547.3662,-0.0432,-2.3416,-0.0242
703455629.4674642,52.395027, 13.659464,810550.2167,810547.8076,-0.0432,-2.3417,-0.0242
703455629.5169225,52.397877, 13.65808,810550.7445,810548.3353,-0.0433,-2.3418,-0.0241
703455629.5663681,52.400726, 13.656697,810551.2795,810548.8703,-0.0433,-2.3418,-0.0241
703455629.6158135,52.403574, 13.655313,810551.9250,810549.5157,-0.0433,-2.3419,-0.0241
703455629.6652718,52.406423999999994, 13.653927999999999,810553.1023,810550.6929,-0.0433,-2.3420,-0.0241
703455629.7147174,52.409273, 13.652543999999999,810574.4306,810572.0212,-0.0433,-2.3420,-0.0241
703455629.7641628,52.412121, 13.651159999999999,810555.9020,810553.4925,-0.0433,-2.3421,-0.0241
703455629.813621,52.414970999999994, 13.649775,810556.8030,810554.3934,-0.0433,-2.3422,-0.0241
703455629.8630667,52.41782, 13.648391,810559.8032,810557.3936,-0.0433,-2.3422,-0.0241
703455629.9125254,52.420669, 13.647005,810562.1889,810559.7792,-0.0433,-2.3423,-0.0241
703455629.9619715,52.423517999999994, 13.645621,810556.5169,810554.1071,-0.0433,-2.3424,-0.0241
703455630.0114307,52.426367, 13.644235,810557.0992,810554.6894,-0.0433,-2.3424,-0.0241
703455630.0608771,52.429216, 13.64285,810561.9257,810559.5159,-0.0433,-2.3424,-0.0241
703455630.1103232,52.432064999999994, 13.641464,810562.6854,810560.2755,-0.0433,-2.3424,-0.0241
703455630.1597819,52.434914, 13.640079,810563.2467,810560.8368,-0.0433,-2.3425,-0.0241
703455630.209228,52.437763, 13.638693,810563.4252,810561.0153,-0.0433,-2.3425,-0.0241
703455630.2586868,52.440611999999994, 13.637307,810562.7034,810560.2935,-0.0433,-2.3425,-0.0241
703455630.3081324,52.443461, 13.635921,810561.2722,810558.8622,-0.0433,-2.3425,-0.0241
703455630.3575907,52.44631, 13.634533999999999,810561.4647,810559.0547,-0.0433,-2.3425,-0.0241
703455630.4070363,52.449158, 13.633148,810561.9065,810559.4965,-0.0433,-2.3426,-0.0241
703455630.4564946,52.452008, 13.631761,810558.4663,810556.0563,-0.0433,-2.3426,-0.0241
703455630.5059402,52.454856, 13.630374,810558.6901,810556.2800,-0.0434,-2.3426,-0.0241
703455630.5553856,52.457705, 13.628988,810574.3817,810571.9716,-0.0434,-2.3426,-0.0241
703455630.6048439,52.460553999999995, 13.627600999999999,810564.1087,810561.6986,-0.0434,-2.3426,-0.0241
703455630.6542895,52.463401999999995, 13.626213,810564.7250,810562.3149,-0.0434,-2.3427,-0.0241
703455630.7037477,52.466252, 13.624825999999999,810565.0511,810562.6409,-0.0434,-2.3427,-0.0241
703455630.7532063,52.469100999999995, 13.623438,810563.9315,810561.5213,-0.0434,-2.3427,-0.0241
705788428.9753814,52.330779, 13.694072,810440.3207,810437.8737,-0.1067,-2.3059,-0.0344
705788429.0248258,52.333628, 13.692692,810462.4431,810459.9961,-0.1067,-2.3059,-0.0344
705788429.0742712,52.336478, 13.691312,810448.5537,810446.1067,-0.1067,-2.3059,-0.0344
705788429.1237168,52.339327, 13.689931999999999,810446.5620,810444.1150,-0.1067,-2.3059,-0.0344
705788429.1731622,52.342175999999995, 13.688552,810444.6251,810442.1781,-0.1067,-2.3059,-0.0344
705788429.2226079,52.345025, 13.687171,810462.5090,810460.0620,-0.1067,-2.3059,-0.0344
705788429.2720532,52.347874, 13.685791,810462.4356,810459.9886,-0.1067,-2.3059,-0.0344
705788429.3214989,52.350722999999995, 13.68441,810465.6572,810463.2102,-0.1067,-2.3059,-0.0344
705788429.3709445,52.353573, 13.683029,810466.6137,810464.1667,-0.1067,-2.3059,-0.0344
705788429.4203899,52.356421999999995, 13.681648,810466.7356,810464.2886,-0.1067,-2.3059,-0.0344
705788429.4698355,52.359271, 13.680266999999999,810461.9853,810459.5383,-0.1067,-2.3059,-0.0344
705788429.5192809,52.36212, 13.678885,810462.6386,810460.1917,-0.1067,-2.3058,-0.0344
705788429.5687268,52.364968999999995, 13.677503999999999,810463.2931,810460.8462,-0.1067,-2.3058,-0.0344
705788429.6181726,52.367818, 13.676122,810463.8617,810461.4148,-0.1067,-2.3058,-0.0344
705788429.6676188,52.370667, 13.67474,810464.4092,810461.9623,-0.1067,-2.3058,-0.0344
705788429.7170649,52.373515999999995, 13.673357999999999,810467.1592,810464.7123,-0.1067,-2.3058,-0.0344
705788429.7665236,52.376366, 13.671975999999999,810465.4834,810463.0365,-0.1067,-2.3058,-0.0344
705788429.8159568,52.379214, 13.670594,810466.4396,810463.9927,-0.1067,-2.3058,-0.0344
705788429.8654029,52.382062999999995, 13.669212,810467.1322,810464.6853,-0.1067,-2.3058,-0.0344
705788429.9148617,52.384913, 13.667829,810467.9118,810465.4649,-0.1067,-2.3058,-0.0344
705788429.9642949,52.387761, 13.666445999999999,810469.0695,810466.6226,-0.1067,-2.3058,-0.0344
705788430.0137405,52.390609999999995, 13.665064,810469.7699,810467.3230,-0.1067,-2.3058,-0.0344
705788430.0631742,52.393457999999995, 13.663680999999999,810469.9426,810467.4958,-0.1067,-2.3058,-0.0344
705788430.1126199,52.396307, 13.662298,810470.1235,810467.6767,-0.1067,-2.3057,-0.0344
705788430.1620653,52.399156, 13.660914,810470.8192,810468.3724,-0.1067,-2.3057,-0.0344
705788430.2115109,52.402004999999996, 13.659531,810471.3787,810468.9320,-0.1066,-2.3057,-0.0344
705788430.2609437,52.404852999999996, 13.658147999999999,810472.0228,810469.5761,-0.1066,-2.3057,-0.0344
705788430.310389,52.407702, 13.656763999999999,810473.8894,810471.4428,-0.1066,-2.3056,-0.0344
705788430.3598347,52.410551, 13.65538,810475.8949,810473.4483,-0.1066,-2.3056,-0.0344
705788430.4092929,52.413399999999996, 13.653996,810476.5865,810474.1400,-0.1066,-2.3056,-0.0344
705788430.4587383,52.416249, 13.652610999999998,810477.9766,810475.5301,-0.1066,-2.3056,-0.0344
705788430.5081711,52.419097, 13.651226999999999,810481.1791,810478.7327,-0.1065,-2.3055,-0.0343
705788430.5576293,52.421946999999996, 13.649842999999999,810483.4292,810480.9828,-0.1065,-2.3055,-0.0343
705788430.6070621,52.424794999999996, 13.648458,810476.2885,810473.8421,-0.1065,-2.3055,-0.0343
705788430.6565077,52.427644, 13.647072999999999,810476.9820,810474.5357,-0.1065,-2.3055,-0.0343
705788430.7059531,52.430492, 13.645688,810477.7705,810475.3242,-0.1065,-2.3054,-0.0343
705788430.7553856,52.433341, 13.644304,810479.0019,810476.5557,-0.1065,-2.3054,-0.0343
705788430.8048313,52.436189, 13.642918,810479.7991,810477.3529,-0.1065,-2.3054,-0.0343
705788430.8542895,52.439039, 13.641532999999999,810480.2564,810477.8103,-0.1064,-2.3054,-0.0343
705788430.9037223,52.441886999999994, 13.640146999999999,810480.7562,810478.3101,-0.1064,-2.3053,-0.0343
705788430.9531806,52.444736, 13.638760999999999,810481.1883,810478.7423,-0.1064,-2.3053,-0.0343
705788431.0026133,52.447584, 13.637376,810481.8793,810479.4333,-0.1064,-2.3053,-0.0343
705788431.0520706,52.450433, 13.635988999999999,810494.6986,810492.2526,-0.1064,-2.3053,-0.0343
705788431.1015034,52.453281, 13.634604,810495.1933,810492.7472,-0.1064,-2.3054,-0.0343
705788431.1509616,52.456131, 13.633217,810495.7446,810493.2985,-0.1064,-2.3054,-0.0343
705788431.2003944,52.458979, 13.631831,810495.8020,810493.3559,-0.1064,-2.3055,-0.0343
705788431.2498529,52.461828, 13.630443999999999,810497.5172,810495.0710,-0.1064,-2.3055,-0.0343
705788431.2992861,52.464676, 13.629057,810484.6849,810482.2387,-0.1063,-2.3056,-0.0343
705788431.3487322,52.467524, 13.62767,810484.9130,810482.4668,-0.1063,-2.3056,-0.0343
708121228.0105064,52.33025, 13.697039,810418.9515,810416.4377,-0.1709,-2.3015,-0.0414
708121228.0599401,52.333099, 13.69566,810397.9461,810395.4323,-0.1709,-2.3015,-0.0414
708121228.109386,52.335947999999995, 13.69428,810396.2797,810393.7660,-0.1708,-2.3015,-0.0414
708121228.1588194,52.338795999999995, 13.692900999999999,810401.8366,810399.3229,-0.1708,-2.3015,-0.0414
708121228.2082527,52.341645, 13.691521,810399.9069,810397.3933,-0.1707,-2.3015,-0.0414
708121228.2576988,52.344494, 13.690140999999999,810418.3483,810415.8347,-0.1707,-2.3015,-0.0414
708121228.3071444,52.347342999999995, 13.688761,810418.4694,810415.9558,-0.1707,-2.3015,-0.0414
708121228.3565898,52.350193, 13.68738,810417.9826,810415.4691,-0.1706,-2.3015,-0.0414
708121228.4060354,52.353041999999995, 13.685998999999999,810418.2239,810415.7104,-0.1706,-2.3015,-0.0414
708121228.4554682,52.355889999999995, 13.684619,810423.5248,810421.0114,-0.1705,-2.3015,-0.0414
708121228.5049009,52.358739, 13.683238,810416.9797,810414.4663,-0.1705,-2.3016,-0.0413
708121228.5543466,52.361588, 13.681856999999999,810417.6870,810415.1736,-0.1705,-2.3016,-0.0413
708121228.6037793,52.364436, 13.680475999999999,810418.2512,810415.7379,-0.1704,-2.3016,-0.0413
708121228.6532121,52.367284999999995, 13.679095,810418.9296,810416.4163,-0.1704,-2.3016,-0.0413
708121228.7026703,52.370135, 13.677712999999999,810419.5697,810417.0565,-0.1703,-2.3016,-0.0413
708121228.7521031,52.372983, 13.676331999999999,810422.7767,810420.2635,-0.1703,-2.3016,-0.0413
708121228.8015358,52.375831, 13.674951,810420.7994,810418.2862,-0.1703,-2.3016,-0.0413
708121228.8509812,52.378679999999996, 13.673568999999999,810421.4715,810418.9584,-0.1702,-2.3016,-0.0413
708121228.900414,52.381529, 13.672187,810422.1335,810419.6204,-0.1702,-2.3016,-0.0413
708121228.9498594,52.384378, 13.670803999999999,810422.6798,810420.1668,-0.1701,-2.3016,-0.0413
708121228.9992921,52.387226, 13.669421999999999,810423.5369,810421.0239,-0.1701,-2.3016,-0.0413
708121229.0487368,52.390074999999996, 13.66804,810424.8768,810422.3638,-0.1701,-2.3016,-0.0413
708121229.0981822,52.392924, 13.666656999999999,810425.2562,810422.7432,-0.1700,-2.3017,-0.0413
708121229.147615,52.395772, 13.665275,810426.1021,810423.5891,-0.1700,-2.3017,-0.0413
708121229.1970477,52.39862, 13.663891999999999,810425.9809,810423.4680,-0.1699,-2.3017,-0.0413
708121229.2464933,52.401469, 13.662509,810426.5551,810424.0422,-0.1699,-2.3018,-0.0413
708121229.295939,52.404317999999996, 13.661125,810427.1178,810424.6049,-0.1698,-2.3018,-0.0413
708121229.345372,52.407167, 13.659742,810427.7570,810425.2441,-0.1698,-2.3018,-0.0413
708121229.3948047,52.410014999999994, 13.658358999999999,810431.3505,810428.8376,-0.1697,-2.3019,-0.0413
708121229.4442375,52.412862999999994, 13.656975,810431.9690,810429.4561,-0.1697,-2.3019,-0.0413
708121229.4936957,52.415713, 13.655591,810432.6973,810430.1844,-0.1696,-2.3019,-0.0413
708121229.5431285,52.418561, 13.654207,810435.7833,810433.2705,-0.1696,-2.3020,-0.0413
708121229.592562,52.421409, 13.652823,810438.0465,810435.5337,-0.1695,-2.3020,-0.0413
708121229.6419952,52.424257, 13.651439,810431.5350,810429.0222,-0.1695,-2.3020,-0.0413
708121229.691441,52.427105999999995, 13.650055,810432.0658,810429.5530,-0.1694,-2.3021,-0.0413
708121229.7408745,52.429953999999995, 13.64867,810432.7634,810430.2506,-0.1694,-2.3021,-0.0413
708121229.7903204,52.432803, 13.647285,810433.4331,810430.9203,-0.1693,-2.3022,-0.0413
708121229.8397536,52.435651, 13.645900999999999,810434.1182,810431.6055,-0.1693,-2.3022,-0.0413
708121229.8891869,52.438499, 13.644516,810434.8880,810432.3753,-0.1692,-2.3022,-0.0413
708121229.938633,52.441348, 13.64313,810435.9083,810433.3956,-0.1692,-2.3023,-0.0413
708121229.988066,52.444196, 13.641745,810436.1281,810433.6154,-0.1691,-2.3023,-0.0413
708121230.0375113,52.447044999999996, 13.64036,810436.6397,810434.1270,-0.1691,-2.3023,-0.0413
708121230.0869453,52.449892999999996, 13.638974,810437.1082,810434.5956,-0.1690,-2.3023,-0.0413
708121230.136378,52.452740999999996, 13.637589,810451.4374,810448.9249,-0.1689,-2.3023,-0.0413
708121230.1858361,52.45559, 13.636201999999999,810444.8948,810442.3823,-0.1689,-2.3023,-0.0413
708121230.2352691,52.458438, 13.634815999999999,810445.8116,810443.2992,-0.1688,-2.3023,-0.0413
708121230.2847018,52.461285999999994, 13.633429999999999,810438.2394,810435.7270,-0.1688,-2.3023,-0.0413
708121230.3341472,52.464135, 13.632043999999999,810439.6232,810437.1109,-0.1687,-2.3023,-0.0413
708121230.38358,52.466983, 13.630657,810440.4308,810437.9185,-0.1687,-2.3023,-0.0413
708121230.4330256,52.469832, 13.629271,810440.1618,810437.6496,-0.1686,-2.3023,-0.0413
710454027.122374,52.331179, 13.695094,810450.7152,810448.2273,-0.1359,-2.3105,-0.0416
710454027.1718194,52.334029, 13.693715,810450.5494,810448.0614,-0.1359,-2.3105,-0.0416
710454027.2212651,52.336878, 13.692335,810450.4113,810447.9232,-0.1360,-2.3105,-0.0416
710454027.2707107,52.339726999999996, 13.690956,810446.3387,810443.8506,-0.1361,-2.3105,-0.0416
710454027.3201561,52.342576, 13.689575999999999,810450.1135,810447.6253,-0.1361,-2.3105,-0.0416
710454027.3695889,52.345425, 13.688196,810450.8023,810448.3141,-0.1362,-2.3105,-0.0416
710454027.4190347,52.348273999999996, 13.686815999999999,810450.5393,810448.0510,-0.1363,-2.3105,-0.0416
710454027.4684808,52.351122999999994, 13.685435,810450.3431,810447.8547,-0.1364,-2.3105,-0.0416
710454027.5179267,52.353972999999996, 13.684054999999999,810450.5845,810448.0961,-0.1364,-2.3104,-0.0415
710454027.5673728,52.356822, 13.682673999999999,810455.5298,810453.0413,-0.1365,-2.3104,-0.0415
710454027.6168189,52.359671, 13.681294,810449.8847,810447.3962,-0.1366,-2.3104,-0.0415
710454027.6662648,52.362519999999996, 13.679912999999999,810450.5200,810448.0314,-0.1366,-2.3104,-0.0415
710454027.7157109,52.365369, 13.678531,810451.1360,810448.6473,-0.1367,-2.3104,-0.0415
710454027.765157,52.368218, 13.67715,810451.7444,810449.2557,-0.1368,-2.3104,-0.0415
710454027.8146029,52.371068, 13.675768999999999,810452.4042,810449.9154,-0.1368,-2.3104,-0.0415
710454027.8640485,52.373917, 13.674387,810455.1719,810452.6831,-0.1369,-2.3104,-0.0415
710454027.9134939,52.376765999999996, 13.673005999999999,810453.8199,810451.3310,-0.1370,-2.3104,-0.0415
710454027.9629395,52.379615, 13.671624,810454.5160,810452.0270,-0.1370,-2.3104,-0.0415
710454028.0123851,52.382464, 13.670242,810455.0629,810452.5739,-0.1371,-2.3104,-0.0415
710454028.0618315,52.385313, 13.668859999999999,810455.7693,810453.2802,-0.1372,-2.3104,-0.0415
710454028.1112771,52.388161999999994, 13.667477,810456.7183,810454.2291,-0.1372,-2.3105,-0.0415
710454028.1607225,52.391011, 13.666094999999999,810457.6290,810455.1397,-0.1373,-2.3105,-0.0415
710454028.2101681,52.39386, 13.664712,810458.0712,810455.5818,-0.1374,-2.3105,-0.0415
710454028.2596135,52.396708999999994, 13.66333,810458.3398,810455.8503,-0.1374,-2.3106,-0.0415
710454028.3090718,52.399558999999996, 13.661945999999999,810458.7200,810456.2304,-0.1375,-2.3106,-0.0415
710454028.3585174,52.402407999999994, 13.660563,810459.3790,810456.8894,-0.1375,-2.3106,-0.0415
710454028.4079628,52.405257, 13.65918,810459.9375,810457.4478,-0.1376,-2.3106,-0.0415
710454028.4573956,52.408105, 13.657796999999999,810463.2284,810460.7386,-0.1376,-2.3107,-0.0415
710454028.5068283,52.410953, 13.656414,810463.8401,810461.3502,-0.1377,-2.3107,-0.0415
710454028.5562739,52.413802, 13.65503,810464.8103,810462.3203,-0.1378,-2.3107,-0.0415
710454028.605732,52.416652, 13.653646,810465.7640,810463.2739,-0.1378,-2.3108,-0.0415
710454028.6551647,52.4195, 13.652263,810469.9228,810467.4326,-0.1379,-2.3108,-0.0415
710454028.7046101,52.422349, 13.650877999999999,810463.7166,810461.2263,-0.1379,-2.3108,-0.0415
710454028.7540429,52.425197, 13.649495,810464.4158,810461.9254,-0.1380,-2.3109,-0.0415
710454028.8035011,52.428045999999995, 13.648109999999999,810465.0292,810462.5388,-0.1381,-2.3109,-0.0415
710454028.8529468,52.430895, 13.646725,810466.2455,810463.7550,-0.1381,-2.3109,-0.0415
710454028.9023795,52.433743, 13.645341,810467.2488,810464.7582,-0.1382,-2.3109,-0.0415
710454028.9518249,52.436592, 13.643956,810467.9213,810465.4306,-0.1382,-2.3110,-0.0415
710454029.0012832,52.439442, 13.642571,810468.5374,810466.0466,-0.1383,-2.3110,-0.0415
710454029.050715,52.44229, 13.641186,810468.9376,810466.4467,-0.1384,-2.3110,-0.0415
710454029.1001735,52.445139, 13.6398,810469.2074,810466.7165,-0.1384,-2.3110,-0.0415
710454029.149607,52.447987, 13.638415,810469.6743,810467.1833,-0.1385,-2.3110,-0.0415
710454029.1990528,52.450835999999995, 13.637029,810483.2243,810480.7333,-0.1385,-2.3110,-0.0415
710454029.2484989,52.453685, 13.635644,810483.6706,810481.1795,-0.1386,-2.3110,-0.0415
710454029.297945,52.456534, 13.634257999999999,810484.2300,810481.7389,-0.1386,-2.3110,-0.0415
710454029.3473909,52.459382, 13.632871999999999,810484.0205,810481.5293,-0.1387,-2.3110,-0.0415
710454029.396837,52.462230999999996, 13.631485,810471.2452,810468.7540,-0.1387,-2.3110,-0.0415
710454029.4462702,52.465078999999996, 13.630099,810472.4733,810469.9820,-0.1388,-2.3110,-0.0415
710454029.4957163,52.467928, 13.628713,810473.1201,810470.6288,-0.1388,-2.3110,-0.0415
712786823.718962,52.330757, 13.699973,810506.8655,810504.3915,-0.1407,-2.3029,-0.0304
712786823.7683947,52.333605, 13.698594,810506.3797,810503.9058,-0.1407,-2.3029,-0.0304
712786823.8178403,52.336453999999996, 13.697215,810506.3918,810503.9179,-0.1407,-2.3029,-0.0304
712786823.867286,52.339304, 13.695834999999999,810487.0410,810484.5671,-0.1406,-2.3029,-0.0304
712786823.9167314,52.342152999999996, 13.694455999999999,810497.8168,810495.3429,-0.1406,-2.3029,-0.0304
712786823.966177,52.345002, 13.693076,810505.5981,810503.1242,-0.1406,-2.3029,-0.0304
712786824.0156224,52.347851, 13.691695999999999,810505.2124,810502.7385,-0.1406,-2.3029,-0.0304
712786824.065067,52.350699999999996, 13.690316,810505.0517,810502.5777,-0.1407,-2.3029,-0.0304
712786824.1145124,52.35355, 13.688936,810510.8872,810508.4131,-0.1408,-2.3029,-0.0304
712786824.1639452,52.356398, 13.687555999999999,810511.0401,810508.5659,-0.1409,-2.3029,-0.0304
712786824.2134035,52.359248, 13.686174999999999,810503.5250,810501.0507,-0.1410,-2.3029,-0.0304
712786824.2628362,52.362096, 13.684795,810504.1956,810501.7211,-0.1411,-2.3029,-0.0304
712786824.3122945,52.364945999999996, 13.683413999999999,810504.8805,810502.4059,-0.1412,-2.3029,-0.0304
712786824.3617272,52.367795, 13.682032999999999,810505.5360,810503.0613,-0.1413,-2.3029,-0.0304
712786824.4111855,52.370644, 13.680651,810506.1666,810503.6918,-0.1414,-2.3029,-0.0304
712786824.4606309,52.373494, 13.679269999999999,810510.0304,810507.5555,-0.1415,-2.3029,-0.0304
712786824.5100765,52.376343, 13.677888999999999,810507.3988,810504.9238,-0.1416,-2.3030,-0.0304
712786824.5595348,52.379193, 13.676506999999999,810508.0615,810505.5864,-0.1417,-2.3030,-0.0304
712786824.6089804,52.382042, 13.675125,810508.6380,810506.1628,-0.1418,-2.3030,-0.0304
712786824.6584258,52.384890999999996, 13.673743,810509.2956,810506.8203,-0.1419,-2.3030,-0.0304
712786824.7078712,52.38774, 13.672360999999999,810509.9533,810507.4779,-0.1420,-2.3030,-0.0304
712786824.7573166,52.390589, 13.670978999999999,810511.7256,810509.2501,-0.1421,-2.3030,-0.0304
712786824.8067622,52.393437999999996, 13.669597,810512.5878,810510.1122,-0.1422,-2.3030,-0.0304
712786824.8562081,52.396287, 13.668213999999999,810513.2101,810510.7344,-0.1423,-2.3030,-0.0304
712786824.9056542,52.399136, 13.666832,810513.5405,810511.0647,-0.1424,-2.3030,-0.0304
712786824.9551129,52.401984999999996, 13.665448,810513.0650,810510.5891,-0.1425,-2.3030,-0.0304
712786825.0045595,52.404834, 13.664066,810513.7395,810511.2635,-0.1426,-2.3030,-0.0304
712786825.0540061,52.407683, 13.662682,810514.2903,810511.8141,-0.1428,-2.3031,-0.0304
712786825.1034646,52.410533, 13.661299,810514.9092,810512.4328,-0.1429,-2.3031,-0.0304
712786825.1529107,52.413382, 13.659915,810519.0312,810516.5546,-0.1431,-2.3032,-0.0304
712786825.2023566,52.416230999999996, 13.658532,810520.2791,810517.8023,-0.1432,-2.3032,-0.0304
712786825.2518027,52.41908, 13.657148,810522.8602,810520.3832,-0.1434,-2.3033,-0.0304
712786825.301261,52.421929, 13.655764,810526.5983,810524.1211,-0.1435,-2.3034,-0.0304
712786825.3507063,52.424777999999996, 13.65438,810518.1290,810515.6516,-0.1437,-2.3034,-0.0304
712786825.400152,52.427627, 13.652996,810518.7020,810516.2244,-0.1438,-2.3035,-0.0304
712786825.4496102,52.430476999999996, 13.651610999999999,810519.3813,810516.9035,-0.1439,-2.3035,-0.0304
712786825.4990685,52.433326, 13.650226,810520.0491,810517.5711,-0.1441,-2.3036,-0.0304
712786825.5485139,52.436175, 13.648842,810520.7001,810518.2219,-0.1442,-2.3037,-0.0303
712786825.5979595,52.439023999999996, 13.647457,810521.2743,810518.7958,-0.1444,-2.3037,-0.0303
712786825.6474178,52.441873, 13.646072,810521.9277,810519.4490,-0.1445,-2.3038,-0.0303
712786825.6968632,52.444722, 13.644687,810522.5744,810520.0955,-0.1447,-2.3038,-0.0303
712786825.7463214,52.447572, 13.643301,810523.1236,810520.6445,-0.1448,-2.3039,-0.0303
712786825.7957671,52.45042, 13.641916,810523.6580,810521.1787,-0.1450,-2.3040,-0.0303
712786825.8452125,52.453269, 13.64053,810527.7289,810525.2494,-0.1451,-2.3040,-0.0303
712786825.8946707,52.456119, 13.639144,810535.2577,810532.7780,-0.1453,-2.3041,-0.0303
712786825.9441161,52.458966999999994, 13.637758,810539.7906,810537.3107,-0.1454,-2.3041,-0.0303
712786825.9935744,52.461816999999996, 13.636372,810540.8402,810538.3601,-0.1456,-2.3042,-0.0303
712786826.0430188,52.464665, 13.634986,810542.8048,810540.3246,-0.1457,-2.3042,-0.0303
712786826.0924771,52.467515, 13.633599,810527.1252,810524.6450,-0.1458,-2.3042,-0.0303
715119621.2025743,52.332389, 13.678841,810495.8590,810493.3814,-0.1425,-2.3107,-0.0244
715119621.2520199,52.335238, 13.67746,810496.5240,810494.0464,-0.1425,-2.3107,-0.0244
715119621.3014655,52.338086999999994, 13.676079,810489.6403,810487.1627,-0.1426,-2.3107,-0.0244
715119621.3509109,52.340936, 13.674698,810487.7931,810485.3155,-0.1426,-2.3107,-0.0244
715119621.4003565,52.343785, 13.673316,810485.9981,810483.5204,-0.1426,-2.3107,-0.0244
715119621.4498148,52.346635, 13.671934,810500.6129,810498.1352,-0.1426,-2.3107,-0.0244
715119621.4992602,52.349484, 13.670553,810501.1136,810498.6359,-0.1426,-2.3107,-0.0244
715119621.5487058,52.352332999999994, 13.669170999999999,810501.3622,810498.8845,-0.1427,-2.3106,-0.0244
715119621.5981386,52.355180999999995, 13.667788999999999,810502.0432,810499.5655,-0.1427,-2.3106,-0.0244
715119621.6475968,52.358031, 13.666407,810502.7182,810500.2404,-0.1427,-2.3106,-0.0244
715119621.6970425,52.360879, 13.665023999999999,810503.2748,810500.7970,-0.1427,-2.3106,-0.0244
715119621.7464879,52.363727999999995, 13.663642,810504.1576,810501.6798,-0.1428,-2.3106,-0.0244
715119621.7959206,52.366575999999995, 13.66226,810505.5635,810503.0857,-0.1428,-2.3106,-0.0244
715119621.8453662,52.369425, 13.660877,810505.6880,810503.2102,-0.1428,-2.3106,-0.0244
715119621.8948247,52.372274999999995, 13.659493999999999,810505.8214,810503.3435,-0.1428,-2.3106,-0.0244
715119621.9442708,52.375124, 13.658109999999999,810506.4716,810503.9937,-0.1429,-2.3106,-0.0244
715119621.9937167,52.377973, 13.656727,810507.1392,810504.6613,-0.1429,-2.3106,-0.0244
715119622.0431633,52.380821, 13.655344,810507.6890,810505.2110,-0.1429,-2.3106,-0.0244
715119622.0926099,52.383669999999995, 13.65396,810508.3466,810505.8686,-0.1430,-2.3107,-0.0244
715119622.1420431,52.386517999999995, 13.652576999999999,810509.0234,810506.5453,-0.1430,-2.3107,-0.0244
715119622.1914892,52.389367, 13.651193,810509.5583,810507.0801,-0.1431,-2.3107,-0.0244
715119622.240948,52.392216999999995, 13.649809,810510.2318,810507.7535,-0.1431,-2.3108,-0.0244
715119622.2903812,52.395064999999995, 13.648425,810510.9036,810508.4253,-0.1432,-2.3108,-0.0244
715119622.3398392,52.397914, 13.647039999999999,810511.5845,810509.1061,-0.1432,-2.3108,-0.0244
715119622.3892846,52.400763, 13.645655999999999,810512.1929,810509.7144,-0.1433,-2.3109,-0.0244
715119622.4387176,52.403611, 13.644271999999999,810513.0350,810510.5564,-0.1433,-2.3109,-0.0244
715119622.4881759,52.406459999999996, 13.642885999999999,810513.9455,810511.4669,-0.1433,-2.3109,-0.0244
715119622.5376086,52.409307999999996, 13.641502,810514.4157,810511.9370,-0.1434,-2.3110,-0.0243
715119622.5870669,52.412158, 13.640115999999999,810515.8597,810513.3809,-0.1434,-2.3110,-0.0243
715119622.6364996,52.415005, 13.638732,810516.7091,810514.2302,-0.1435,-2.3110,-0.0243
715119622.6859579,52.417854999999996, 13.637345999999999,810519.2327,810516.7538,-0.1435,-2.3111,-0.0243
715119622.7353907,52.420702999999996, 13.635961,810516.7887,810514.3097,-0.1436,-2.3111,-0.0243
715119622.7848489,52.423552, 13.634575,810517.6862,810515.2071,-0.1436,-2.3111,-0.0243
715119622.8342817,52.4264, 13.633189,810517.9495,810515.4703,-0.1437,-2.3112,-0.0243
715119622.88374,52.429249, 13.631803,810518.4353,810515.9561,-0.1437,-2.3112,-0.0243
715119622.9331853,52.432097999999996, 13.630417,810519.1089,810516.6296,-0.1437,-2.3113,-0.0243
715119622.982631,52.434946, 13.629031,810519.6856,810517.2062,-0.1438,-2.3113,-0.0243
715119623.032088,52.437796, 13.627644,810520.2984,810517.8190,-0.1438,-2.3113,-0.0243
715119623.0815208,52.440642999999994, 13.626258,810520.9737,810518.4942,-0.1439,-2.3113,-0.0243
715119623.1309664,52.443492, 13.624870999999999,810521.5288,810519.0493,-0.1439,-2.3113,-0.0243
715119623.1804247,52.446341, 13.623484,810522.1739,810519.6943,-0.1439,-2.3113,-0.0243
715119623.2298574,52.449189, 13.622097,810522.8460,810520.3664,-0.1440,-2.3113,-0.0243
715119623.2793155,52.452037999999995, 13.620709999999999,810524.6162,810522.1365,-0.1440,-2.3114,-0.0243
715119623.3287611,52.454885999999995, 13.619321999999999,810526.6760,810524.1963,-0.1441,-2.3114,-0.0243
715119623.3782065,52.457735, 13.617935,810524.4876,810522.0078,-0.1441,-2.3114,-0.0243
715119623.4276648,52.460584, 13.616546999999999,810524.9967,810522.5169,-0.1441,-2.3114,-0.0243
715119623.4770975,52.463432, 13.615159,810525.4806,810523.0007,-0.1442,-2.3114,-0.0243
715119623.5265431,52.46628, 13.613771,810525.9673,810523.4874,-0.1442,-2.3114,-0.0243
715119623.5759888,52.469128999999995, 13.612383,810525.3044,810522.8244,-0.1443,-2.3114,-0.0243
717452424.0808506,52.331832, 13.684463,810474.4473,810472.0075,-0.1347,-2.2864,-0.0187
717452424.1302962,52.334680999999996, 13.683081999999999,810475.0211,810472.5813,-0.1347,-2.2864,-0.0187
717452424.1797416,52.33753, 13.681702,810477.0281,810474.5883,-0.1347,-2.2864,-0.0187
717452424.2291873,52.340379, 13.680321,810479.2145,810476.7747,-0.1347,-2.2864,-0.0187
717452424.2786326,52.343227999999996, 13.678939999999999,810479.9754,810477.5356,-0.1347,-2.2864,-0.0187
717452424.3280783,52.346077, 13.677558999999999,810480.0599,810477.6201,-0.1347,-2.2864,-0.0187
717452424.3775237,52.348926999999996, 13.676177,810480.1491,810477.7093,-0.1347,-2.2864,-0.0187
717452424.4269693,52.351776, 13.674795999999999,810480.1926,810477.7528,-0.1347,-2.2864,-0.0187
717452424.476402,52.354624, 13.673414999999999,810480.4914,810478.0516,-0.1347,-2.2864,-0.0187
717452424.5258477,52.357473, 13.672032999999999,810481.1666,810478.7269,-0.1346,-2.2864,-0.0187
717452424.5752804,52.360321, 13.670651,810481.7227,810479.2830,-0.1346,-2.2864,-0.0187
717452424.6247387,52.363170999999994, 13.669269,810482.3992,810479.9595,-0.1346,-2.2864,-0.0187
717452424.6741843,52.36602, 13.667886999999999,810483.0188,810480.5791,-0.1346,-2.2864,-0.0187
717452424.7236304,52.368869, 13.666504,810483.9198,810481.4801,-0.1346,-2.2864,-0.0187
717452424.7730637,52.371717, 13.665122,810484.9293,810482.4896,-0.1346,-2.2864,-0.0187
717452424.8225098,52.374565999999994, 13.663739999999999,810484.9479,810482.5082,-0.1346,-2.2864,-0.0187
717452424.8719559,52.377415, 13.662357,810485.5781,810483.1384,-0.1346,-2.2864,-0.0187
717452424.9214017,52.380264, 13.660974,810486.1594,810483.7197,-0.1346,-2.2864,-0.0187
717452424.970835,52.383112, 13.659590999999999,810486.8494,810484.4097,-0.1346,-2.2864,-0.0187
717452425.0202808,52.385960999999995, 13.658208,810487.5001,810485.0604,-0.1346,-2.2864,-0.0187
717452425.0697386,52.38881, 13.656823999999999,810488.0303,810485.5905,-0.1346,-2.2865,-0.0187
717452425.1191843,52.391659, 13.655439999999999,810488.7067,810486.2669,-0.1346,-2.2865,-0.0187
717452425.168617,52.394507, 13.654057,810489.3670,810486.9272,-0.1346,-2.2866,-0.0187
717452425.2180626,52.397355999999995, 13.652673,810489.9054,810487.4655,-0.1346,-2.2866,-0.0187
717452425.267508,52.400205, 13.651289,810490.5693,810488.1294,-0.1346,-2.2867,-0.0187
717452425.3169408,52.403053, 13.649904999999999,810491.8948,810489.4548,-0.1346,-2.2867,-0.0187
717452425.3663864,52.405901, 13.648520999999999,810492.7388,810490.2988,-0.1346,-2.2868,-0.0187
717452425.415832,52.40875, 13.647136999999999,810493.6882,810491.2482,-0.1346,-2.2868,-0.0187
717452425.4652648,52.411598, 13.645752,810494.3119,810491.8718,-0.1346,-2.2869,-0.0187
717452425.5147231,52.414448, 13.644366999999999,810495.7276,810493.2875,-0.1345,-2.2869,-0.0186
717452425.5641558,52.417296, 13.642983,810498.0880,810495.6478,-0.1345,-2.2870,-0.0186
717452425.6136014,52.420144, 13.641598,810500.7809,810498.3407,-0.1345,-2.2870,-0.0186
717452425.6630471,52.422993, 13.640212,810502.9431,810500.5029,-0.1345,-2.2871,-0.0186
717452425.7124925,52.425841999999996, 13.638827,810503.3221,810500.8818,-0.1345,-2.2871,-0.0186
717452425.7619379,52.428689999999996, 13.637440999999999,810496.9325,810494.4922,-0.1345,-2.2872,-0.0186
717452425.8113835,52.431539, 13.636056,810497.8033,810495.3630,-0.1345,-2.2872,-0.0186
717452425.8608289,52.434388, 13.63467,810498.3962,810495.9558,-0.1345,-2.2873,-0.0186
717452425.9102614,52.437235, 13.633284,810498.9824,810496.5420,-0.1345,-2.2873,-0.0186
717452425.9597197,52.440084999999996, 13.631898,810499.5082,810497.0677,-0.1345,-2.2874,-0.0186
717452426.0091653,52.442933, 13.630511,810499.9991,810497.5586,-0.1345,-2.2874,-0.0186
717452426.0586119,52.445781999999994, 13.629125,810500.6579,810498.2175,-0.1345,-2.2874,-0.0186
717452426.1080575,52.448631, 13.627737999999999,810501.2249,810498.7845,-0.1345,-2.2873,-0.0186
717452426.1575031,52.451479, 13.626351999999999,810502.9806,810500.5402,-0.1344,-2.2873,-0.0186
717452426.2069614,52.454328, 13.624963999999999,810511.7529,810509.3126,-0.1344,-2.2873,-0.0186
717452426.2563939,52.457176, 13.623578,810511.9153,810509.4750,-0.1344,-2.2873,-0.0186
717452426.3058393,52.460024999999995, 13.62219,810503.5997,810501.1595,-0.1344,-2.2872,-0.0186
717452426.3552852,52.462872999999995, 13.620802999999999,810503.9226,810501.4824,-0.1344,-2.2872,-0.0186
717452426.4047184,52.465720999999995, 13.619416,810504.4500,810502.0099,-0.1343,-2.2872,-0.0186
717452426.4541645,52.468568999999995, 13.618027999999999,810504.3267,810501.8866,-0.1343,-2.2872,-0.0186
719785223.4246752,52.330585, 13.692378999999999,810494.9660,810492.5080,-0.1342,-2.3023,-0.0215
719785223.4741209,52.333434, 13.690999,810494.8875,810492.4296,-0.1342,-2.3023,-0.0215
719785223.523566,52.336282999999995, 13.689618999999999,810494.5264,810492.0685,-0.1342,-2.3022,-0.0214
719785223.5730114,52.339132, 13.688238,810475.5961,810473.1383,-0.1342,-2.3022,-0.0214
719785223.622457,52.341981999999994, 13.686857999999999,810473.6854,810471.2276,-0.1341,-2.3022,-0.0214
719785223.6719024,52.344831, 13.685476999999999,810494.9452,810492.4874,-0.1341,-2.3022,-0.0214
719785223.721348,52.34768, 13.684097,810494.9382,810492.4805,-0.1341,-2.3022,-0.0214
719785223.7707934,52.350528999999995, 13.682716,810494.7888,810492.3311,-0.1340,-2.3022,-0.0214
719785223.8202391,52.353378, 13.681334999999999,810494.8970,810492.4394,-0.1340,-2.3022,-0.0214
719785223.8696847,52.356227, 13.679953,810494.3790,810491.9214,-0.1340,-2.3022,-0.0214
719785223.9191301,52.359075999999995, 13.678571999999999,810494.9975,810492.5399,-0.1339,-2.3022,-0.0214
719785223.9685757,52.361925, 13.677190999999999,810495.6775,810493.2200,-0.1339,-2.3022,-0.0214
719785224.0180202,52.364774, 13.675809,810496.2361,810493.7786,-0.1339,-2.3022,-0.0214
719785224.0674658,52.367622999999995, 13.674427,810496.8924,810494.4349,-0.1339,-2.3022,-0.0214
719785224.116924,52.370473, 13.673045,810497.4043,810494.9468,-0.1339,-2.3022,-0.0214
719785224.1663702,52.373321999999995, 13.671662999999999,810498.0673,810495.6098,-0.1339,-2.3023,-0.0214
719785224.2158163,52.376171, 13.67028,810498.7668,810496.3093,-0.1339,-2.3023,-0.0214
719785224.2652624,52.37902, 13.668897999999999,810499.4529,810496.9953,-0.1339,-2.3023,-0.0214
719785224.3147082,52.381868999999995, 13.667515,810500.1210,810497.6634,-0.1339,-2.3023,-0.0214
719785224.3641543,52.384718, 13.666132999999999,810500.8301,810498.3725,-0.1339,-2.3023,-0.0214
719785224.4136004,52.387566, 13.66475,810501.9690,810499.5114,-0.1339,-2.3024,-0.0214
719785224.463059,52.390415999999995, 13.663366,810502.2856,810499.8280,-0.1339,-2.3024,-0.0214
719785224.5125048,52.393265, 13.661983,810502.6017,810500.1441,-0.1338,-2.3024,-0.0213
719785224.5619507,52.396114, 13.660599999999999,810503.1717,810500.7141,-0.1338,-2.3024,-0.0213
719785224.611409,52.398964, 13.659215999999999,810503.9082,810501.4506,-0.1338,-2.3024,-0.0213
719785224.6608546,52.401812, 13.657833,810504.5832,810502.1256,-0.1338,-2.3025,-0.0213
719785224.7102873,52.40466, 13.656448999999999,810505.2266,810502.7690,-0.1338,-2.3025,-0.0213
719785224.759733,52.407509, 13.655064999999999,810505.7003,810503.2426,-0.1338,-2.3025,-0.0213
719785224.809191,52.410359, 13.653680999999999,810508.5554,810506.0977,-0.1338,-2.3025,-0.0213
719785224.858624,52.413207, 13.652296999999999,810509.2499,810506.7922,-0.1338,-2.3025,-0.0213
719785224.9080694,52.416056, 13.650913,810510.6649,810508.2072,-0.1338,-2.3026,-0.0213
719785224.9575276,52.418904999999995, 13.649528,810513.3583,810510.9006,-0.1338,-2.3026,-0.0213
719785225.0069733,52.421754, 13.648143,810508.7937,810506.3360,-0.1338,-2.3026,-0.0213
719785225.056407,52.424602, 13.646758,810509.5287,810507.0710,-0.1338,-2.3026,-0.0213
719785225.1058652,52.427451, 13.645373,810510.2207,810507.7630,-0.1338,-2.3026,-0.0213
719785225.155298,52.430299, 13.643988,810510.8956,810508.4379,-0.1338,-2.3026,-0.0213
719785225.204756,52.433149, 13.642603,810511.4692,810509.0115,-0.1338,-2.3026,-0.0213
719785225.2541888,52.435997, 13.641217999999999,810512.1299,810509.6722,-0.1338,-2.3026,-0.0213
719785225.3036344,52.438845, 13.639832,810512.7903,810510.3326,-0.1338,-2.3026,-0.0213
719785225.3530798,52.441694, 13.638446,810513.4354,810510.9777,-0.1338,-2.3026,-0.0213
719785225.4025381,52.444542999999996, 13.63706,810514.0047,810511.5470,-0.1338,-2.3026,-0.0213
719785225.4519837,52.447392, 13.635674,810514.6581,810512.2004,-0.1338,-2.3026,-0.0213
719785225.5014291,52.450241, 13.634288,810515.1705,810512.7129,-0.1337,-2.3026,-0.0213
719785225.5508747,52.453089, 13.632900999999999,810511.4471,810508.9895,-0.1337,-2.3026,-0.0213
719785225.6003201,52.455937999999996, 13.631515,810512.0171,810509.5595,-0.1337,-2.3026,-0.0213
719785225.6497657,52.458785999999996, 13.630128,810512.6365,810510.1789,-0.1337,-2.3026,-0.0213
719785225.699224,52.461636, 13.628741,810517.5037,810515.0461,-0.1337,-2.3026,-0.0213
719785225.7486567,52.464484, 13.627353999999999,810517.9957,810515.5381,-0.1337,-2.3026,-0.0213
719785225.798115,52.467332999999996, 13.625967,810518.3589,810515.9013,-0.1337,-2.3026,-0.0213
722118020.3067002,52.331824, 13.698017,810552.3078,810549.9746,-0.0295,-2.2931,-0.0106
722118020.3561461,52.334674, 13.696636999999999,810531.5209,810529.1877,-0.0295,-2.2931,-0.0106
722118020.4055922,52.337523, 13.695257999999999,810529.5063,810527.1731,-0.0295,-2.2931,-0.0106
722118020.4550383,52.340371999999995, 13.693878,810527.6273,810525.2941,-0.0295,-2.2931,-0.0106
722118020.5044842,52.343221, 13.692497999999999,810544.4354,810542.1022,-0.0295,-2.2932,-0.0105
722118020.5539303,52.34607, 13.691118,810551.4979,810549.1647,-0.0295,-2.2932,-0.0105
722118020.6033764,52.34892, 13.689738,810548.8582,810546.5250,-0.0295,-2.2932,-0.0105
722118020.6528218,52.351769, 13.688357,810550.2771,810547.9439,-0.0295,-2.2932,-0.0105
722118020.7022674,52.354617999999995, 13.686976999999999,810549.6831,810547.3499,-0.0295,-2.2932,-0.0105
722118020.7517128,52.357467, 13.685595999999999,810549.1292,810546.7959,-0.0296,-2.2932,-0.0105
722118020.8011584,52.360316, 13.684215,810550.0616,810547.7283,-0.0296,-2.2932,-0.0105
722118020.8506167,52.363166, 13.682834,810550.7585,810548.4252,-0.0296,-2.2932,-0.0105
722118020.9000623,52.366015, 13.681452,810551.4275,810549.0942,-0.0296,-2.2932,-0.0105
722118020.9495206,52.368865, 13.680071,810552.0831,810549.7498,-0.0296,-2.2932,-0.0105
722118020.998966,52.371714, 13.678688999999999,810552.6135,810550.2802,-0.0296,-2.2932,-0.0105
722118021.0484126,52.374562999999995, 13.677308,810553.1595,810550.8261,-0.0296,-2.2933,-0.0105
722118021.097858,52.377412, 13.675925999999999,810553.9807,810551.6472,-0.0296,-2.2933,-0.0105
722118021.1473033,52.380261, 13.674544,810554.5377,810552.2041,-0.0297,-2.2934,-0.0105
722118021.196749,52.383109999999995, 13.673162,810555.2048,810552.8711,-0.0297,-2.2935,-0.0105
722118021.2462072,52.385959, 13.671778999999999,810555.8535,810553.5198,-0.0297,-2.2935,-0.0105
722118021.2956526,52.388808, 13.670397,810556.3848,810554.0510,-0.0297,-2.2936,-0.0105
722118021.3451109,52.391658, 13.669013999999999,810557.9839,810555.6500,-0.0298,-2.2936,-0.0105
722118021.3945565,52.394507, 13.667631,810558.3095,810555.9755,-0.0298,-2.2937,-0.0105
722118021.4440019,52.397355999999995, 13.666248999999999,810558.5986,810556.2645,-0.0298,-2.2938,-0.0105
722118021.4934475,52.400205, 13.664866,810558.9640,810556.6298,-0.0298,-2.2938,-0.0105
722118021.5429058,52.403054, 13.663482,810559.6454,810557.3111,-0.0299,-2.2939,-0.0105
722118021.5923638,52.405904, 13.662099,810560.3220,810557.9876,-0.0299,-2.2940,-0.0105
722118021.6418095,52.408753, 13.660715,810560.8570,810558.5225,-0.0299,-2.2940,-0.0105
722118021.6912677,52.411601999999995, 13.659331,810544.7778,810542.4433,-0.0299,-2.2941,-0.0105
722118021.740726,52.414452, 13.657947,810545.1192,810542.7846,-0.0300,-2.2942,-0.0105
722118021.7901716,52.417300999999995, 13.656563,810567.0904,810564.7557,-0.0300,-2.2942,-0.0105
722118021.839617,52.420148999999995, 13.655178999999999,810570.3101,810567.9753,-0.0300,-2.2943,-0.0105
722118021.8890755,52.422999, 13.653794999999999,810572.9610,810570.6261,-0.0300,-2.2944,-0.0105
722118021.9385214,52.425847999999995, 13.65241,810564.7960,810562.4610,-0.0301,-2.2944,-0.0105
722118021.9879804,52.428697, 13.651024999999999,810565.8870,810563.5519,-0.0301,-2.2945,-0.0105
722118022.0374258,52.431546, 13.649640999999999,810567.6209,810565.2858,-0.0301,-2.2945,-0.0105
722118022.0868714,52.434394999999995, 13.648256,810568.2624,810565.9273,-0.0301,-2.2945,-0.0105
722118022.1363301,52.437244, 13.646870999999999,810568.7194,810566.3843,-0.0302,-2.2945,-0.0105
722118022.1857889,52.440093999999995, 13.645484999999999,810569.3350,810566.9999,-0.0302,-2.2944,-0.0105
722118022.235235,52.442941999999995, 13.6441,810569.1359,810566.8008,-0.0302,-2.2944,-0.0105
722118022.2846937,52.445792, 13.642714,810569.2263,810566.8912,-0.0302,-2.2944,-0.0105
722118022.3341393,52.44864, 13.641328999999999,810569.8497,810567.5146,-0.0302,-2.2944,-0.0105
722118022.3835976,52.45149, 13.639942,810572.9675,810570.6324,-0.0303,-2.2944,-0.0105
722118022.433043,52.454338, 13.638556999999999,810574.6753,810572.3402,-0.0303,-2.2944,-0.0105
722118022.4825013,52.457187999999995, 13.63717,810576.4373,810574.1022,-0.0303,-2.2944,-0.0105
722118022.5319469,52.460035999999995, 13.635784,810585.5358,810583.2007,-0.0303,-2.2943,-0.0104
722118022.5814052,52.462886, 13.634397,810587.6387,810585.3036,-0.0303,-2.2943,-0.0104
722118022.6308506,52.465734, 13.633011,810572.9517,810570.6166,-0.0304,-2.2943,-0.0104
722118022.6803088,52.468584, 13.631623999999999,810573.7123,810571.3772,-0.0304,-2.2943,-0.0104
724450819.5626516,52.331067, 13.682285,810585.3424,810583.0022,-0.0370,-2.2913,-0.0119
724450819.6120973,52.333915999999995, 13.680904,810585.9851,810583.6449,-0.0370,-2.2913,-0.0119
724450819.6615427,52.336765, 13.679523,810586.9990,810584.6587,-0.0371,-2.2913,-0.0119
724450819.7109883,52.339614, 13.678142,810585.7658,810583.4255,-0.0371,-2.2912,-0.0119
724450819.7604342,52.342462999999995, 13.676760999999999,810585.8459,810583.5056,-0.0372,-2.2912,-0.0119
724450819.8098929,52.345312, 13.675379,810585.9297,810583.5894,-0.0372,-2.2912,-0.0119
724450819.859339,52.348161, 13.673998,810586.1931,810583.8528,-0.0373,-2.2912,-0.0119
724450819.9087977,52.351011, 13.672616,810586.3694,810584.0290,-0.0373,-2.2911,-0.0119
724450819.9582436,52.35386, 13.671234,810586.5471,810584.2067,-0.0374,-2.2911,-0.0119
724450820.0077021,52.356708999999995, 13.669851,810587.2468,810584.9064,-0.0374,-2.2911,-0.0119
724450820.0571601,52.359559, 13.668469,810587.7815,810585.4410,-0.0375,-2.2911,-0.0119
724450820.106606,52.362407999999995, 13.667086,810588.5155,810586.1749,-0.0375,-2.2912,-0.0119
724450820.1560521,52.365257, 13.665704,810589.3749,810587.0342,-0.0376,-2.2912,-0.0119
724450820.2055104,52.368106, 13.664321,810590.5821,810588.2413,-0.0377,-2.2912,-0.0119
724450820.2549558,52.370954999999995, 13.662937999999999,810591.1065,810588.7656,-0.0378,-2.2912,-0.0119
724450820.3044014,52.373804, 13.661555,810591.0444,810588.7034,-0.0378,-2.2913,-0.0119
724450820.3538597,52.376653, 13.660172,810591.6917,810589.3506,-0.0379,-2.2913,-0.0119
724450820.4033179,52.379503, 13.658788,810592.2363,810589.8951,-0.0380,-2.2913,-0.0119
724450820.4527633,52.382351, 13.657404999999999,810592.9316,810590.5903,-0.0380,-2.2913,-0.0119
724450820.5022216,52.385200999999995, 13.656020999999999,810593.4261,810591.0847,-0.0381,-2.2914,-0.0119
724450820.5516672,52.388048999999995, 13.654637,810594.1173,810591.7759,-0.0382,-2.2914,-0.0119
724450820.6011255,52.390899, 13.653253,810594.7853,810592.4438,-0.0382,-2.2914,-0.0119
724450820.6505709,52.393747999999995, 13.651869,810595.4642,810593.1226,-0.0383,-2.2914,-0.0119
724450820.7000291,52.396597, 13.650485,810596.1695,810593.8278,-0.0384,-2.2915,-0.0119
724450820.7494745,52.399446, 13.649099999999999,810596.9549,810594.6131,-0.0384,-2.2915,-0.0119
724450820.7989328,52.402294999999995, 13.647715999999999,810597.9830,810595.6411,-0.0385,-2.2915,-0.0119
724450820.8483784,52.405144, 13.646331,810598.8137,810596.4717,-0.0386,-2.2915,-0.0119
724450820.8978238,52.407992, 13.644946,810599.4761,810597.1340,-0.0387,-2.2915,-0.0119
724450820.9472821,52.410841999999995, 13.643561,810600.1935,810597.8513,-0.0387,-2.2916,-0.0119
724450820.9967403,52.413691, 13.642176,810601.2207,810598.8784,-0.0388,-2.2916,-0.0119
724450821.0461867,52.41654, 13.640791,810603.4561,810601.1137,-0.0389,-2.2916,-0.0119
724450821.095645,52.419388999999995, 13.639405,810602.8975,810600.5550,-0.0389,-2.2917,-0.0119
724450821.1450906,52.422236999999996, 13.638019,810602.2680,810599.9254,-0.0390,-2.2917,-0.0119
724450821.1945488,52.425087, 13.636633,810602.4805,810600.1378,-0.0391,-2.2917,-0.0119
724450821.2439942,52.427935, 13.635247999999999,810602.9681,810600.6253,-0.0391,-2.2917,-0.0119
724450821.2934525,52.430783999999996, 13.633861,810603.6492,810601.3063,-0.0392,-2.2918,-0.0119
724450821.3428981,52.433633, 13.632475,810604.1924,810601.8494,-0.0393,-2.2918,-0.0119
724450821.3923564,52.436482, 13.631089,810604.8712,810602.5282,-0.0393,-2.2918,-0.0119
724450821.4418149,52.439330999999996, 13.629702,810605.5385,810603.1954,-0.0394,-2.2919,-0.0119
724450821.4912736,52.442181, 13.628314999999999,810606.2123,810603.8691,-0.0395,-2.2919,-0.0119
724450821.5407197,52.445029, 13.626928,810606.7864,810604.4431,-0.0396,-2.2919,-0.0118
724450821.5901785,52.447877999999996, 13.625541,810607.4226,810605.0792,-0.0396,-2.2920,-0.0118
724450821.6396372,52.450727, 13.624153,810608.8572,810606.5137,-0.0397,-2.2920,-0.0118
724450821.689096,52.453576999999996, 13.622765999999999,810610.3947,810608.0511,-0.0398,-2.2920,-0.0118
724450821.7385547,52.456426, 13.621378,810613.0654,810610.7217,-0.0398,-2.2920,-0.0118
724450821.7880135,52.459275, 13.61999,810609.5823,810607.2385,-0.0399,-2.2921,-0.0118
724450821.8374596,52.462123, 13.618603,810610.2128,810607.8689,-0.0400,-2.2921,-0.0118
724450821.8869178,52.464971999999996, 13.617215,810610.6843,810608.3403,-0.0400,-2.2921,-0.0118
724450821.9363761,52.467821, 13.615826,810610.4966,810608.1525,-0.0401,-2.2922,-0.0118
726783621.7615926,52.330093999999995, 13.69051,810553.8655,810551.4739,-0.0877,-2.2922,-0.0118
726783621.811038,52.332943, 13.689129999999999,810555.8599,810553.4684,-0.0876,-2.2921,-0.0118
726783621.8604841,52.335792, 13.687749,810562.6949,810560.3034,-0.0876,-2.2921,-0.0118
726783621.9099302,52.338640999999996, 13.686369,810561.6891,810559.2977,-0.0875,-2.2921,-0.0118
726783621.9593761,52.34149, 13.684987999999999,810557.3492,810554.9579,-0.0874,-2.2920,-0.0118
726783622.0088356,52.344339999999995, 13.683606999999999,810563.7068,810561.3156,-0.0874,-2.2920,-0.0118
726783622.0582819,52.347189, 13.682226,810563.7541,810561.3630,-0.0873,-2.2920,-0.0118
726783622.107728,52.350038, 13.680845,810562.0986,810559.7075,-0.0873,-2.2920,-0.0118
726783622.1571741,52.352886999999996, 13.679464,810562.0811,810559.6901,-0.0872,-2.2920,-0.0118
726783622.20662,52.355736, 13.678082,810563.2089,810560.8180,-0.0872,-2.2920,-0.0118
726783622.2560658,52.358585, 13.676701,810563.8578,810561.4669,-0.0871,-2.2919,-0.0118
726783622.3055241,52.361435, 13.675319,810564.4245,810562.0337,-0.0871,-2.2919,-0.0118
726783622.3549695,52.364284, 13.673936999999999,810565.0611,810562.6704,-0.0870,-2.2919,-0.0118
726783622.4044151,52.367132999999995, 13.672555,810565.7172,810563.3265,-0.0870,-2.2919,-0.0118
726783622.4538605,52.369982, 13.671173,810566.3445,810563.9539,-0.0869,-2.2919,-0.0118
726783622.5033188,52.372831, 13.669789999999999,810568.5351,810566.1446,-0.0869,-2.2919,-0.0117
726783622.552777,52.375681, 13.668407,810567.6216,810565.2311,-0.0868,-2.2919,-0.0117
726783622.6022227,52.37853, 13.667024,810568.2897,810565.8993,-0.0868,-2.2919,-0.0117
726783622.6516681,52.381378, 13.665642,810568.9168,810566.5264,-0.0867,-2.2919,-0.0117
726783622.7011263,52.384228, 13.664258,810569.6063,810567.2160,-0.0867,-2.2919,-0.0117
726783622.7505722,52.387077, 13.662875,810570.5394,810568.1492,-0.0866,-2.2918,-0.0117
726783622.8000176,52.389925999999996, 13.661491999999999,810571.0716,810568.6814,-0.0866,-2.2918,-0.0117
726783622.8494759,52.392775, 13.660108,810571.3903,810569.0002,-0.0866,-2.2918,-0.0117
726783622.8989341,52.395624999999995, 13.658724,810572.0356,810569.6456,-0.0865,-2.2918,-0.0117
726783622.9483795,52.398472999999996, 13.657340999999999,810572.5951,810570.2051,-0.0865,-2.2918,-0.0117
726783622.9978507,52.401323999999995, 13.655956,810573.2577,810570.8678,-0.0864,-2.2918,-0.0117
726783623.0472949,52.404171999999996, 13.654572,810573.8970,810571.5071,-0.0864,-2.2918,-0.0117
726783623.0967405,52.407021, 13.653188,810557.3000,810554.9101,-0.0863,-2.2919,-0.0117
726783623.1461987,52.409870999999995, 13.651803,810572.1133,810569.7234,-0.0863,-2.2919,-0.0117
726783623.1956441,52.412718999999996, 13.650419,810572.8258,810570.4359,-0.0862,-2.2920,-0.0117
726783623.2451024,52.415569, 13.649033999999999,810573.0169,810570.6270,-0.0862,-2.2920,-0.0117
726783623.294548,52.418417, 13.647649,810574.0663,810571.6764,-0.0861,-2.2921,-0.0117
726783623.3440063,52.421267, 13.646263999999999,810574.4874,810572.0975,-0.0861,-2.2921,-0.0117
726783623.3934517,52.424115, 13.644879,810578.3251,810575.9352,-0.0860,-2.2922,-0.0117
726783623.44291,52.426964999999996, 13.643493,810578.9147,810576.5248,-0.0860,-2.2922,-0.0117
726783623.4923556,52.429812999999996, 13.642107999999999,810579.5776,810577.1877,-0.0860,-2.2922,-0.0117
726783623.5418141,52.432663, 13.640722,810580.2441,810577.8542,-0.0859,-2.2923,-0.0117
726783623.5912602,52.435511, 13.639337,810580.8018,810578.4119,-0.0859,-2.2923,-0.0117
726783623.6407189,52.438361, 13.63795,810581.4792,810579.0893,-0.0858,-2.2924,-0.0117
726783623.690165,52.441209, 13.636564,810582.1367,810579.7468,-0.0858,-2.2924,-0.0117
726783623.7396109,52.444058, 13.635178,810582.7725,810580.3826,-0.0857,-2.2925,-0.0117
726783623.7890699,52.446906999999996, 13.633792,810583.3410,810580.9511,-0.0857,-2.2925,-0.0117
726783623.8385286,52.449756, 13.632404999999999,810583.9021,810581.5122,-0.0856,-2.2926,-0.0117
726783623.8879745,52.452605, 13.631018,810580.4718,810578.0819,-0.0856,-2.2926,-0.0117
726783623.9374332,52.455453999999996, 13.629631,810580.8121,810578.4222,-0.0856,-2.2926,-0.0117
726783623.9868915,52.458303, 13.628243999999999,810581.5389,810579.1490,-0.0855,-2.2927,-0.0117
726783624.0363369,52.461152, 13.626857,810584.7266,810582.3368,-0.0855,-2.2927,-0.0117
726783624.0857961,52.464000999999996, 13.625468999999999,810586.5911,810584.2014,-0.0854,-2.2926,-0.0117
726783624.1352417,52.46685, 13.624082,810586.9994,810584.6098,-0.0853,-2.2926,-0.0117
726783624.1847,52.469699, 13.622694,810586.0952,810583.7057,-0.0853,-2.2926,-0.0117
729116423.6763594,52.330309, 13.688652999999999,810513.2230,810510.7909,-0.0544,-2.3619,-0.0158
729116423.725805,52.333158, 13.687273,810513.8099,810511.3778,-0.0544,-2.3619,-0.0158
729116423.7752504,52.336006999999995, 13.685893,810519.7811,810517.3490,-0.0544,-2.3619,-0.0158
729116423.8246961,52.338856, 13.684512999999999,810521.5243,810519.0922,-0.0544,-2.3619,-0.0158
729116423.8741415,52.341705, 13.683133,810519.7099,810517.2778,-0.0544,-2.3619,-0.0158
729116423.9235871,52.344555, 13.681752999999999,810520.0608,810517.6287,-0.0544,-2.3619,-0.0158
729116423.9730327,52.347404, 13.680373,810520.1025,810517.6704,-0.0544,-2.3619,-0.0158
729116424.0224781,52.350252999999995, 13.678992,810520.3262,810517.8941,-0.0544,-2.3619,-0.0158
729116424.0719247,52.353102, 13.677612,810520.3847,810517.9526,-0.0544,-2.3619,-0.0158
729116424.1213701,52.355951, 13.676231,810520.0326,810517.6005,-0.0544,-2.3619,-0.0158
729116424.1708157,52.358799999999995, 13.67485,810520.7606,810518.3285,-0.0544,-2.3619,-0.0158
729116424.2202611,52.361649, 13.673468999999999,810521.4222,810518.9901,-0.0544,-2.3619,-0.0158
729116424.2697065,52.364498, 13.672087,810521.9772,810519.5452,-0.0544,-2.3619,-0.0158
729116424.3191521,52.367346999999995, 13.670706,810522.6338,810520.2018,-0.0544,-2.3619,-0.0158
729116424.3685975,52.370196, 13.669324,810524.8146,810522.3826,-0.0544,-2.3619,-0.0158
729116424.4180431,52.373045, 13.667943,810525.2400,810522.8080,-0.0544,-2.3619,-0.0158
729116424.4674885,52.375893999999995, 13.666561,810524.5657,810522.1337,-0.0544,-2.3619,-0.0158
729116424.5169468,52.378744, 13.665178,810525.1948,810522.7628,-0.0543,-2.3619,-0.0157
729116424.5663924,52.381592999999995, 13.663796,810525.8520,810523.4200,-0.0543,-2.3619,-0.0157
729116424.6158378,52.384442, 13.662414,810526.4517,810524.0197,-0.0543,-2.3619,-0.0157
729116424.6652834,52.387291, 13.661031,810527.3548,810524.9228,-0.0543,-2.3619,-0.0157
729116424.7147288,52.390139999999995, 13.659649,810527.9342,810525.5022,-0.0543,-2.3619,-0.0157
729116424.7641745,52.392989, 13.658266,810528.4705,810526.0386,-0.0543,-2.3619,-0.0157
729116424.8136327,52.395838, 13.656882999999999,810528.9770,810526.5451,-0.0543,-2.3619,-0.0157
729116424.8630784,52.398686999999995, 13.655498999999999,810529.6683,810527.2364,-0.0543,-2.3619,-0.0157
729116424.912524,52.401536, 13.654116,810530.3136,810527.8817,-0.0543,-2.3619,-0.0157
729116424.9619701,52.404385, 13.652733,810531.3581,810528.9262,-0.0543,-2.3619,-0.0157
729116425.0114279,52.407235, 13.651349,810532.3258,810529.8939,-0.0543,-2.3619,-0.0157
729116425.0608737,52.410083, 13.649965,810533.7790,810531.3471,-0.0543,-2.3619,-0.0157
729116425.1103196,52.412932, 13.648581,810534.6343,810532.2023,-0.0543,-2.3620,-0.0157
729116425.1597657,52.415780999999996, 13.647197,810535.6100,810533.1780,-0.0543,-2.3620,-0.0157
729116425.2092245,52.418631, 13.645812999999999,810539.2707,810536.8387,-0.0543,-2.3620,-0.0157
729116425.2586706,52.421479999999995, 13.644428,810540.5881,810538.1561,-0.0543,-2.3621,-0.0157
729116425.3081164,52.424327999999996, 13.643044,810535.2955,810532.8634,-0.0543,-2.3621,-0.0157
729116425.3575747,52.427178, 13.641658999999999,810535.9326,810533.5005,-0.0543,-2.3622,-0.0157
729116425.4070203,52.430026999999995, 13.640274,810536.4983,810534.0662,-0.0543,-2.3622,-0.0157
729116425.4564786,52.432876, 13.638888999999999,810537.1611,810534.7290,-0.0543,-2.3622,-0.0157
729116425.505924,52.435725, 13.637504,810537.8129,810535.3807,-0.0542,-2.3623,-0.0156
729116425.5553696,52.438573, 13.636118999999999,810538.3661,810535.9339,-0.0542,-2.3623,-0.0156
729116425.6048279,52.441423, 13.634732999999999,810539.0386,810536.6064,-0.0542,-2.3623,-0.0156
729116425.6542606,52.444271, 13.633348,810539.7207,810537.2885,-0.0542,-2.3624,-0.0156
729116425.7037189,52.44712, 13.631962,810540.3960,810537.9637,-0.0542,-2.3624,-0.0156
729116425.7531645,52.449968999999996, 13.630576,810541.0035,810538.5712,-0.0542,-2.3624,-0.0156
729116425.8026228,52.452818, 13.629189,810543.4199,810540.9876,-0.0542,-2.3625,-0.0156
729116425.8520682,52.455667, 13.627803,810544.7992,810542.3669,-0.0542,-2.3625,-0.0156
729116425.9015265,52.458515999999996, 13.626417,810549.7520,810547.3196,-0.0542,-2.3625,-0.0156
729116425.9509592,52.461363999999996, 13.625031,810543.2141,810540.7817,-0.0542,-2.3626,-0.0156
729116426.0004175,52.464213, 13.623643999999999,810543.4832,810541.0508,-0.0542,-2.3626,-0.0156
729116426.0498638,52.467062, 13.622257,810543.8990,810541.4666,-0.0542,-2.3626,-0.0156
729116426.0993221,52.469910999999996, 13.62087,810543.4207,810540.9883,-0.0542,-2.3626,-0.0156
731449221.8238859,52.33065, 13.679032,810541.8617,810539.5183,-0.0444,-2.2714,-0.0276
731449221.8733442,52.333498999999996, 13.677651,810542.9891,810540.6458,-0.0443,-2.2714,-0.0276
731449221.9227896,52.336348, 13.676269999999999,810542.9973,810540.6541,-0.0442,-2.2714,-0.0276
731449221.9722352,52.339197, 13.674888999999999,810537.1844,810534.8412,-0.0441,-2.2714,-0.0276
731449222.0216808,52.342045999999996, 13.673506999999999,810534.7710,810532.4279,-0.0441,-2.2714,-0.0276
731449222.0711377,52.344896, 13.672125,810546.9992,810544.6562,-0.0440,-2.2714,-0.0276
731449222.1205833,52.347744999999996, 13.670744,810547.2866,810544.9436,-0.0440,-2.2714,-0.0276
731449222.1700287,52.350594, 13.669362,810547.4964,810545.1535,-0.0439,-2.2714,-0.0276
731449222.2194743,52.353442, 13.66798,810548.2096,810545.8668,-0.0439,-2.2714,-0.0276
731449222.2689326,52.356291999999996, 13.666597,810549.0365,810546.6937,-0.0438,-2.2714,-0.0276
731449222.3183908,52.359142, 13.665213999999999,810549.5963,810547.2536,-0.0438,-2.2714,-0.0276
731449222.3678362,52.36199, 13.663832,810550.2414,810547.8987,-0.0437,-2.2714,-0.0276
731449222.4172816,52.364838999999996, 13.662448999999999,810551.4498,810549.1072,-0.0437,-2.2714,-0.0276
731449222.4667399,52.367689, 13.661066,810552.0258,810549.6833,-0.0436,-2.2714,-0.0276
731449222.5161855,52.370537999999996, 13.659683,810552.3548,810550.0123,-0.0436,-2.2713,-0.0275
731449222.5656309,52.373385999999996, 13.658299999999999,810552.6761,810550.3337,-0.0435,-2.2713,-0.0275
731449222.6150892,52.376236, 13.656917,810553.3747,810551.0323,-0.0435,-2.2713,-0.0275
731449222.6645348,52.379084999999996, 13.655533,810554.0385,810551.6962,-0.0434,-2.2713,-0.0275
731449222.7139802,52.381933, 13.65415,810554.7057,810552.3635,-0.0434,-2.2713,-0.0275
731449222.7634385,52.384783, 13.652766,810555.2639,810552.9217,-0.0433,-2.2713,-0.0275
731449222.8128841,52.387631, 13.651382,810555.9384,810553.5963,-0.0433,-2.2713,-0.0275
731449222.8623424,52.390480999999994, 13.649998,810556.5860,810554.2439,-0.0432,-2.2713,-0.0275
731449222.911788,52.39333, 13.648613,810557.2614,810554.9194,-0.0432,-2.2713,-0.0275
731449222.9612467,52.396179, 13.647229,810557.8206,810555.4787,-0.0431,-2.2713,-0.0275
731449223.0106936,52.399027999999994, 13.645843999999999,810558.5213,810556.1794,-0.0431,-2.2713,-0.0275
731449223.0601397,52.401875999999994, 13.644459999999999,810559.2775,810556.9356,-0.0431,-2.2714,-0.0275
731449223.1095858,52.404725, 13.643075,810560.0060,810557.6641,-0.0430,-2.2714,-0.0275
731449223.1590319,52.407574, 13.641689999999999,810560.5799,810558.2379,-0.0430,-2.2715,-0.0275
731449223.2084906,52.410422999999994, 13.640303999999999,810561.1675,810558.8255,-0.0430,-2.2715,-0.0275
731449223.2579365,52.413272, 13.638919,810560.1566,810557.8146,-0.0429,-2.2716,-0.0275
731449223.3073952,52.416121, 13.637533999999999,810563.6256,810561.2836,-0.0429,-2.2716,-0.0275
731449223.3568411,52.418969999999995, 13.636147999999999,810563.3238,810560.9818,-0.0429,-2.2717,-0.0275
731449223.4062991,52.421819, 13.634762,810563.9624,810561.6203,-0.0429,-2.2717,-0.0275
731449223.4557574,52.424668, 13.633376,810564.2661,810561.9240,-0.0428,-2.2718,-0.0275
731449223.5052028,52.427516999999995, 13.63199,810564.8295,810562.4874,-0.0428,-2.2718,-0.0275
731449223.554661,52.430366, 13.630602999999999,810565.3736,810563.0315,-0.0428,-2.2719,-0.0275
731449223.6041069,52.433215, 13.629216999999999,810566.1528,810563.8107,-0.0427,-2.2719,-0.0275
731449223.6535523,52.436063, 13.627830999999999,810566.7049,810564.3627,-0.0427,-2.2720,-0.0275
731449223.7030106,52.438911999999995, 13.626444,810567.3883,810565.0461,-0.0427,-2.2720,-0.0275
731449223.7524436,52.441759999999995, 13.625057,810568.0429,810565.7007,-0.0426,-2.2721,-0.0275
731449223.8019016,52.444609, 13.623669999999999,810568.5907,810566.2485,-0.0426,-2.2721,-0.0275
731449223.8513598,52.447458, 13.622283,810569.2499,810566.9077,-0.0426,-2.2722,-0.0275
731449223.9008055,52.450306999999995, 13.620896,810569.9425,810567.6002,-0.0426,-2.2722,-0.0275
731449223.9502637,52.453156, 13.619508,810557.5595,810555.2172,-0.0425,-2.2723,-0.0275
731449223.9997218,52.456005, 13.61812,810570.2185,810567.8762,-0.0425,-2.2723,-0.0275
731449224.0491664,52.458853, 13.616733,810571.6187,810569.2764,-0.0425,-2.2723,-0.0275
731449224.0986118,52.461701999999995, 13.615345,810572.1164,810569.7742,-0.0424,-2.2723,-0.0275
731449224.1480701,52.464551, 13.613956,810572.7401,810570.3979,-0.0424,-2.2723,-0.0275
731449224.1975284,52.4674, 13.612568,810570.2835,810567.9414,-0.0424,-2.2723,-0.0275
733782026.0977004,52.331305, 13.68414,810607.7186,810605.3229,-0.0372,-2.3274,-0.0311
733782026.1471715,52.334156, 13.682758999999999,810608.3911,810605.9955,-0.0372,-2.3274,-0.0311
733782026.1966295,52.337005, 13.681377999999999,810610.3167,810607.9211,-0.0371,-2.3274,-0.0311
733782026.2460878,52.339855, 13.679997,810614.9498,810612.5543,-0.0371,-2.3274,-0.0311
733782026.2955334,52.342704, 13.678616,810614.0288,810611.6333,-0.0370,-2.3273,-0.0311
733782026.3449788,52.345552999999995, 13.677235,810613.4665,810611.0711,-0.0370,-2.3273,-0.0311
733782026.3944371,52.348403, 13.675854,810613.9020,810611.5066,-0.0369,-2.3273,-0.0311
733782026.443908,52.351253, 13.674472,810616.6046,810614.2093,-0.0369,-2.3273,-0.0311
733782026.4933536,52.354102, 13.67309,810614.2202,810611.8249,-0.0369,-2.3273,-0.0311
733782026.5428119,52.356952, 13.671709,810613.8337,810611.4385,-0.0368,-2.3273,-0.0311
733782026.5922573,52.359801, 13.670326999999999,810615.9320,810613.5369,-0.0368,-2.3273,-0.0311
733782026.6417155,52.362649999999995, 13.668944999999999,810616.6328,810614.2377,-0.0367,-2.3273,-0.0311
733782026.6911738,52.3655, 13.667563,810617.2786,810614.8836,-0.0367,-2.3273,-0.0311
733782026.740632,52.368348999999995, 13.666179999999999,810617.6556,810615.2606,-0.0366,-2.3273,-0.0311
733782026.7900777,52.371198, 13.664798,810617.9521,810615.5572,-0.0366,-2.3272,-0.0311
733782026.8395486,52.374049, 13.663414999999999,810618.6203,810616.2254,-0.0365,-2.3272,-0.0311
733782026.8889942,52.376897, 13.662032,810619.4284,810617.0336,-0.0365,-2.3272,-0.0311
733782026.9384403,52.379746, 13.660649,810620.1969,810617.8021,-0.0365,-2.3272,-0.0311
733782026.9878991,52.382596, 13.659265999999999,810620.7727,810618.3780,-0.0364,-2.3272,-0.0311
733782027.0373445,52.385444, 13.657883,810621.4769,810619.0822,-0.0364,-2.3273,-0.0311
733782027.0868027,52.388293999999995, 13.6565,810628.5232,810626.1284,-0.0363,-2.3273,-0.0311
733782027.1362615,52.391144, 13.655116,810628.2716,810625.8768,-0.0363,-2.3274,-0.0311
733782027.1857202,52.393992999999995, 13.653732,810622.0437,810619.6489,-0.0363,-2.3275,-0.0311
733782027.2351663,52.396842, 13.652348,810623.6174,810621.2225,-0.0362,-2.3276,-0.0311
733782027.284625,52.399691, 13.650964,810624.5801,810622.1852,-0.0362,-2.3276,-0.0311
733782027.3340707,52.402539999999995, 13.64958,810625.4148,810623.0199,-0.0361,-2.3277,-0.0311
733782027.383529,52.405389, 13.648195999999999,810626.4319,810624.0369,-0.0361,-2.3278,-0.0311
733782027.4329743,52.408238, 13.646811999999999,810625.2448,810622.8498,-0.0361,-2.3278,-0.0311
733782027.4824326,52.411086999999995, 13.645427,810627.0239,810624.6289,-0.0360,-2.3279,-0.0311
733782027.5318909,52.413937, 13.644041999999999,810629.0598,810626.6647,-0.0360,-2.3280,-0.0311
733782027.5813491,52.416785999999995, 13.642657,810631.2766,810628.8815,-0.0359,-2.3281,-0.0311
733782027.6308074,52.419635, 13.641271999999999,810633.6231,810631.2280,-0.0359,-2.3281,-0.0311
733782027.680253,52.422484, 13.639887,810634.7800,810632.3848,-0.0359,-2.3282,-0.0311
733782027.7297113,52.425332999999995, 13.638501,810630.8548,810628.4596,-0.0358,-2.3283,-0.0311
733782027.7791567,52.428182, 13.637115999999999,810635.6970,810633.3018,-0.0358,-2.3284,-0.0311
733782027.828615,52.431031, 13.635729999999999,810635.4682,810633.0729,-0.0357,-2.3284,-0.0311
733782027.8780732,52.433881, 13.634343999999999,810638.4120,810636.0167,-0.0357,-2.3285,-0.0311
733782027.9275188,52.436729, 13.632959,810638.3094,810635.9141,-0.0357,-2.3286,-0.0311
733782027.9769897,52.439578999999995, 13.631572,810636.8688,810634.4734,-0.0356,-2.3287,-0.0311
733782028.0264361,52.442428, 13.630186,810635.4834,810633.0880,-0.0356,-2.3287,-0.0311
733782028.0758944,52.445277, 13.628798999999999,810634.7453,810632.3499,-0.0355,-2.3287,-0.0311
733782028.1253653,52.448127, 13.627412,810635.3427,810632.9474,-0.0355,-2.3288,-0.0311
733782028.1748109,52.450975, 13.626026,810636.8289,810634.4336,-0.0354,-2.3288,-0.0311
733782028.2242692,52.453824, 13.624639,810638.1957,810635.8004,-0.0354,-2.3288,-0.0311
733782028.2737277,52.456674, 13.623251999999999,810632.8616,810630.4664,-0.0353,-2.3288,-0.0311
733782028.323173,52.459522, 13.621865,810637.4073,810635.0121,-0.0353,-2.3288,-0.0311
733782028.3726313,52.462371, 13.620477,810637.7193,810635.3241,-0.0352,-2.3288,-0.0311
733782028.4220896,52.465219999999995, 13.61909,810638.3665,810635.9714,-0.0352,-2.3289,-0.0311
733782028.4715352,52.468069, 13.617702,810638.3107,810635.9156,-0.0351,-2.3289,-0.0311
736114826.7519238,52.33032, 13.690868,810561.3368,810558.9214,-0.0818,-2.3060,-0.0276
736114826.8013821,52.333169999999996, 13.689487999999999,810562.3974,810559.9821,-0.0817,-2.3060,-0.0276
736114826.8508277,52.33602, 13.688108,810568.9189,810566.5036,-0.0817,-2.3060,-0.0276
736114826.900286,52.338868999999995, 13.686727999999999,810564.0837,810561.6685,-0.0816,-2.3060,-0.0276
736114826.9497442,52.341719, 13.685347,810564.1681,810561.7529,-0.0816,-2.3060,-0.0276
736114826.9991896,52.344567999999995, 13.683966999999999,810569.7288,810567.3137,-0.0815,-2.3060,-0.0276
736114827.048634,52.347417, 13.682585999999999,810568.7819,810566.3669,-0.0814,-2.3060,-0.0276
736114827.0980923,52.350266999999995, 13.681204999999999,810567.9595,810565.5446,-0.0813,-2.3060,-0.0276
736114827.1475377,52.353116, 13.679825,810568.1144,810565.6996,-0.0813,-2.3059,-0.0276
736114827.1969965,52.355965999999995, 13.678443,810569.2509,810566.8362,-0.0812,-2.3059,-0.0276
736114827.2464423,52.358815, 13.677062,810569.9507,810567.5361,-0.0811,-2.3059,-0.0276
736114827.2959011,52.361664999999995, 13.675680999999999,810570.6161,810568.2016,-0.0810,-2.3059,-0.0276
736114827.3453472,52.364514, 13.674299,810571.1757,810568.7613,-0.0809,-2.3059,-0.0276
736114827.3947933,52.367363, 13.672918,810571.8264,810569.4121,-0.0809,-2.3058,-0.0276
736114827.444252,52.370213, 13.671536,810572.3452,810569.9310,-0.0808,-2.3058,-0.0276
736114827.4936979,52.373062, 13.670154,810574.4474,810572.0333,-0.0807,-2.3058,-0.0276
736114827.5431569,52.375910999999995, 13.668771999999999,810573.6841,810571.2701,-0.0806,-2.3058,-0.0275
736114827.5926027,52.37876, 13.66739,810574.3669,810571.9530,-0.0806,-2.3058,-0.0275
736114827.6420486,52.381609, 13.666006999999999,810574.9244,810572.5106,-0.0805,-2.3057,-0.0275
736114827.6915069,52.384459, 13.664625,810575.7433,810573.3297,-0.0804,-2.3057,-0.0275
736114827.7409651,52.387308, 13.663241999999999,810577.0728,810574.6593,-0.0803,-2.3057,-0.0275
736114827.7904105,52.390156999999995, 13.661859,810577.2816,810574.8682,-0.0802,-2.3057,-0.0275
736114827.8398688,52.393007, 13.660476,810577.7205,810575.3072,-0.0802,-2.3057,-0.0275
736114827.889327,52.395855999999995, 13.659092,810578.2042,810575.7910,-0.0801,-2.3056,-0.0275
736114827.9387727,52.398705, 13.657708999999999,810578.6754,810576.2623,-0.0800,-2.3056,-0.0275
736114827.9882181,52.401554, 13.656326,810579.3323,810576.9193,-0.0799,-2.3056,-0.0275
736114828.0376773,52.404404, 13.654942,810580.6244,810578.2114,-0.0798,-2.3056,-0.0275
736114828.0871229,52.407253, 13.653557999999999,810582.1973,810579.7843,-0.0798,-2.3057,-0.0275
736114828.1365683,52.410101, 13.652175,810583.2309,810580.8179,-0.0797,-2.3058,-0.0275
736114828.1860266,52.412951, 13.650789999999999,810584.0278,810581.6148,-0.0796,-2.3058,-0.0275
736114828.2354848,52.4158, 13.649405999999999,810585.2423,810582.8293,-0.0796,-2.3059,-0.0275
736114828.2849302,52.418648999999995, 13.648022,810588.5800,810586.1671,-0.0795,-2.3060,-0.0275
736114828.3344014,52.421499, 13.646637,810590.4503,810588.0374,-0.0794,-2.3060,-0.0275
736114828.3838468,52.424347999999995, 13.645252,810584.2256,810581.8127,-0.0794,-2.3061,-0.0275
736114828.4332922,52.427197, 13.643867,810584.9835,810582.5706,-0.0793,-2.3062,-0.0275
736114828.4827504,52.430046, 13.642482,810585.6711,810583.2582,-0.0792,-2.3062,-0.0275
736114828.532196,52.432894999999995, 13.641097,810586.3158,810583.9029,-0.0792,-2.3063,-0.0274
736114828.581667,52.435745, 13.639711,810587.0559,810584.6430,-0.0791,-2.3064,-0.0274
736114828.6311126,52.438593999999995, 13.638326,810587.5308,810585.1179,-0.0790,-2.3064,-0.0274
736114828.6805708,52.441443, 13.63694,810588.0596,810585.6467,-0.0789,-2.3065,-0.0274
736114828.7300162,52.444292, 13.635555,810588.7084,810586.2955,-0.0789,-2.3065,-0.0274
736114828.7794745,52.447140999999995, 13.634169,810589.3510,810586.9382,-0.0788,-2.3066,-0.0274
736114828.8289201,52.44999, 13.632783,810589.9838,810587.5710,-0.0787,-2.3067,-0.0274
736114828.8783782,52.452839, 13.631395999999999,810592.6344,810590.2216,-0.0787,-2.3067,-0.0274
736114828.927824,52.455687, 13.630009999999999,810594.3629,810591.9501,-0.0786,-2.3068,-0.0274
736114828.9772828,52.458537, 13.628623,810601.3392,810598.9264,-0.0785,-2.3069,-0.0274
736114829.026741,52.461386, 13.627237,810591.7912,810589.3784,-0.0785,-2.3069,-0.0274
736114829.0761867,52.464234999999995, 13.62585,810592.6068,810590.1941,-0.0784,-2.3069,-0.0274
736114829.1256454,52.467084, 13.624462999999999,810592.9106,810590.4980,-0.0783,-2.3069,-0.0274
736114829.1751041,52.469933, 13.623075,810592.1573,810589.7448,-0.0782,-2.3069,-0.0274
738447626.1641722,52.330079999999995, 13.691879,810415.1071,810412.6668,-0.0734,-2.3273,-0.0396
738447626.2136176,52.332929, 13.690498999999999,810415.7633,810413.3230,-0.0734,-2.3273,-0.0396
738447626.2630632,52.335778, 13.689119999999999,810425.0991,810422.6589,-0.0734,-2.3272,-0.0396
738447626.3125091,52.338628, 13.68774,810424.7444,810422.3042,-0.0734,-2.3272,-0.0396
738447626.3619425,52.341476, 13.686361,810425.1767,810422.7365,-0.0734,-2.3272,-0.0396
738447626.4113884,52.344325999999995, 13.684980999999999,810423.0266,810420.5864,-0.0733,-2.3272,-0.0396
738447626.4608219,52.347173999999995, 13.683601,810422.7067,810420.2666,-0.0733,-2.3272,-0.0396
738447626.5102677,52.350023, 13.682221,810423.3065,810420.8664,-0.0733,-2.3272,-0.0396
738447626.5597138,52.352872999999995, 13.68084,810426.7821,810424.3420,-0.0733,-2.3272,-0.0396
738447626.60916,52.355722, 13.679459999999999,810423.6680,810421.2280,-0.0733,-2.3272,-0.0396
738447626.6586058,52.358571, 13.678078999999999,810423.3717,810420.9317,-0.0732,-2.3272,-0.0396
738447626.7080517,52.361419999999995, 13.676698,810424.0381,810421.5981,-0.0732,-2.3272,-0.0396
738447626.7574973,52.364269, 13.675317,810424.5121,810422.0722,-0.0732,-2.3271,-0.0396
738447626.8069427,52.367118999999995, 13.673936,810425.1249,810422.6850,-0.0732,-2.3271,-0.0396
738447626.8563883,52.369968, 13.672554,810425.6169,810423.1770,-0.0732,-2.3271,-0.0396
738447626.905834,52.372817, 13.671173,810427.5043,810425.0644,-0.0731,-2.3271,-0.0396
738447626.9552796,52.375665999999995, 13.669791,810427.8595,810425.4197,-0.0731,-2.3271,-0.0396
738447627.0047252,52.378515, 13.66841,810427.8970,810425.4572,-0.0731,-2.3271,-0.0396
738447627.0541694,52.381364, 13.667028,810428.2614,810425.8215,-0.0731,-2.3272,-0.0396
738447627.1036022,52.384212999999995, 13.665645999999999,810428.9882,810426.5483,-0.0731,-2.3272,-0.0396
738447627.1530478,52.387062, 13.664264,810430.3459,810427.9059,-0.0731,-2.3273,-0.0396
738447627.2024932,52.389911, 13.662880999999999,810430.7471,810428.3070,-0.0731,-2.3274,-0.0396
738447627.2519388,52.392759999999996, 13.661499,810430.7510,810428.3109,-0.0731,-2.3274,-0.0396
738447627.3013716,52.395607999999996, 13.660115999999999,810431.2884,810428.8482,-0.0731,-2.3275,-0.0396
738447627.350817,52.398457, 13.658733999999999,810431.9701,810429.5298,-0.0731,-2.3276,-0.0396
738447627.4002626,52.401306, 13.65735,810432.5168,810430.0765,-0.0731,-2.3276,-0.0396
738447627.4496953,52.404154, 13.655968,810433.1870,810430.7466,-0.0731,-2.3277,-0.0396
738447627.4991536,52.407004, 13.654584,810435.0977,810432.6573,-0.0731,-2.3277,-0.0396
738447627.5485864,52.409852, 13.653201,810436.2977,810433.8572,-0.0732,-2.3278,-0.0395
738447627.5980318,52.412701, 13.651817,810437.1645,810434.7239,-0.0732,-2.3279,-0.0395
738447627.6474645,52.415549, 13.650433999999999,810438.6369,810436.1963,-0.0732,-2.3279,-0.0395
738447627.6968973,52.418397, 13.649049999999999,810441.3753,810438.9346,-0.0732,-2.3280,-0.0395
738447627.7463429,52.421246, 13.647666,810443.6021,810441.1613,-0.0732,-2.3281,-0.0395
738447627.7957885,52.424094999999994, 13.646282,810439.8495,810437.4087,-0.0732,-2.3281,-0.0395
738447627.8452213,52.426942999999994, 13.644898,810441.4305,810438.9896,-0.0732,-2.3282,-0.0395
738447627.894654,52.429792, 13.643514,810442.0995,810439.6585,-0.0732,-2.3283,-0.0395
738447627.9441123,52.432641, 13.642128999999999,810442.7371,810440.2961,-0.0732,-2.3283,-0.0395
738447627.9935455,52.435489, 13.640744,810443.2062,810440.7651,-0.0732,-2.3284,-0.0395
738447628.0429921,52.438337999999995, 13.639358999999999,810443.0292,810440.5881,-0.0732,-2.3284,-0.0395
738447628.0924385,52.441187, 13.637974,810442.1684,810439.7273,-0.0732,-2.3284,-0.0395
738447628.1418717,52.444035, 13.636588999999999,810442.1184,810439.6773,-0.0732,-2.3284,-0.0395
738447628.1913178,52.446884, 13.635204,810442.6714,810440.2303,-0.0732,-2.3284,-0.0395
738447628.2407637,52.449732999999995, 13.633818,810443.7548,810441.3137,-0.0732,-2.3284,-0.0395
738447628.2902098,52.452582, 13.632432999999999,810455.2540,810452.8130,-0.0732,-2.3283,-0.0395
738447628.339643,52.45543, 13.631046999999999,810439.8839,810437.4429,-0.0732,-2.3283,-0.0395
738447628.3890762,52.458278, 13.629660999999999,810454.2782,810451.8372,-0.0732,-2.3283,-0.0395
738447628.4385219,52.461126, 13.628274999999999,810457.1831,810454.7421,-0.0732,-2.3283,-0.0395
738447628.4879546,52.463974, 13.626889,810445.7532,810443.3122,-0.0732,-2.3283,-0.0395
738447628.5374,52.466823, 13.625503,810446.1193,810443.6783,-0.0732,-2.3283,-0.0395
738447628.5868328,52.469671, 13.624115999999999,810445.1267,810442.6857,-0.0732,-2.3283,-0.0395
740780422.6970003,52.331697, 13.697548,810371.4052,810368.8219,-0.2349,-2.2968,-0.0517
740780422.746433,52.334545999999996, 13.696169,810372.5063,810369.9230,-0.2348,-2.2968,-0.0517
740780422.7958658,52.337395, 13.69479,810373.5346,810370.9514,-0.2347,-2.2967,-0.0517
740780422.8453112,52.340244, 13.69341,810373.4555,810370.8724,-0.2347,-2.2967,-0.0517
740780422.8947439,52.343092, 13.692031,810374.2222,810371.6392,-0.2346,-2.2967,-0.0517
740780422.9441895,52.345942, 13.690650999999999,810372.0477,810369.4647,-0.2346,-2.2967,-0.0517
740780422.9936094,52.34879, 13.689271999999999,810370.9252,810368.3423,-0.2345,-2.2967,-0.0517
740780423.0430539,52.351639, 13.687890999999999,810371.3130,810368.7302,-0.2344,-2.2967,-0.0517
740780423.0924866,52.354487, 13.686511,810375.7639,810373.1811,-0.2344,-2.2967,-0.0517
740780423.1419194,52.357336, 13.685131,810371.2667,810368.6840,-0.2343,-2.2967,-0.0517
740780423.191365,52.360184999999994, 13.68375,810370.4380,810367.8553,-0.2342,-2.2967,-0.0517
740780423.2407978,52.363034, 13.682369999999999,810371.3058,810368.7232,-0.2342,-2.2967,-0.0517
740780423.2902305,52.365882, 13.680988999999999,810372.0185,810369.4360,-0.2341,-2.2968,-0.0517
740780423.3396633,52.368731, 13.679608,810372.7884,810370.2059,-0.2340,-2.2968,-0.0517
740780423.389096,52.371579, 13.678227,810374.8108,810372.2284,-0.2340,-2.2968,-0.0517
740780423.4385288,52.374427, 13.676846,810374.0346,810371.4523,-0.2339,-2.2968,-0.0517
740780423.4879494,52.377275, 13.675464999999999,810374.4302,810371.8479,-0.2338,-2.2968,-0.0517
740780423.5373826,52.380123999999995, 13.674083999999999,810375.0009,810372.4187,-0.2337,-2.2968,-0.0516
740780423.5868287,52.382973, 13.672702,810376.0524,810373.4703,-0.2337,-2.2968,-0.0516
740780423.6362619,52.385821, 13.67132,810376.6593,810374.0772,-0.2336,-2.2968,-0.0516
740780423.6856952,52.38867, 13.669938,810378.3953,810375.8133,-0.2335,-2.2968,-0.0516
740780423.7351286,52.391518, 13.668555999999999,810379.5734,810376.9915,-0.2335,-2.2968,-0.0516
740780423.7845619,52.394366, 13.667174,810379.2035,810376.6216,-0.2334,-2.2969,-0.0516
740780423.8339951,52.397214999999996, 13.665792,810379.7117,810377.1299,-0.2333,-2.2969,-0.0516
740780423.8834283,52.400062999999996, 13.664409,810379.8579,810377.2761,-0.2333,-2.2969,-0.0516
740780423.9328611,52.402910999999996, 13.663027,810380.7265,810378.1448,-0.2332,-2.2969,-0.0516
740780423.9823065,52.405761, 13.661643999999999,810380.7382,810378.1566,-0.2331,-2.2969,-0.0516
740780424.0317395,52.408609, 13.660261,810381.4215,810378.8399,-0.2331,-2.2969,-0.0516
740780424.0811858,52.411457999999996, 13.658876999999999,810384.6355,810382.0539,-0.2330,-2.2970,-0.0516
740780424.1306186,52.414305999999996, 13.657494,810385.4560,810382.8744,-0.2330,-2.2971,-0.0516
740780424.1800513,52.417154, 13.656111,810379.2973,810376.7157,-0.2329,-2.2971,-0.0516
740780424.2294843,52.420002999999994, 13.654727,810379.7826,810377.2010,-0.2328,-2.2972,-0.0516
740780424.2789171,52.422850999999994, 13.653343,810387.6900,810385.1084,-0.2328,-2.2973,-0.0516
740780424.3283498,52.425698999999994, 13.651959999999999,810385.3096,810382.7280,-0.2327,-2.2973,-0.0516
740780424.3777952,52.428548, 13.650575,810386.6107,810384.0291,-0.2327,-2.2974,-0.0516
740780424.427228,52.431396, 13.649191,810389.3460,810386.7644,-0.2326,-2.2975,-0.0516
740780424.4766607,52.434244, 13.647807,810390.0461,810387.4645,-0.2326,-2.2975,-0.0516
740780424.5260935,52.437092, 13.646422,810390.7407,810388.1590,-0.2325,-2.2976,-0.0515
740780424.5755391,52.439941, 13.645036999999999,810391.0708,810388.4891,-0.2325,-2.2976,-0.0515
740780424.6249845,52.442789999999995, 13.643652,810389.1858,810386.6041,-0.2324,-2.2977,-0.0515
740780424.6744173,52.445637999999995, 13.642266999999999,810389.4592,810386.8775,-0.2324,-2.2978,-0.0515
740780424.72385,52.448485999999995, 13.640882,810386.0154,810383.4337,-0.2323,-2.2978,-0.0515
740780424.7732954,52.451335, 13.639496999999999,810386.2471,810383.6654,-0.2322,-2.2979,-0.0515
740780424.8227282,52.454183, 13.638110999999999,810386.6940,810384.1123,-0.2322,-2.2980,-0.0515
740780424.8721609,52.457031, 13.636726,810387.3468,810384.7651,-0.2321,-2.2980,-0.0515
740780424.9216065,52.45988, 13.63534,810387.9570,810385.3753,-0.2321,-2.2981,-0.0515
740780424.9710519,52.462728999999996, 13.633954,810390.8353,810388.2536,-0.2320,-2.2982,-0.0515
740780425.0204837,52.465576999999996, 13.632568,810392.5756,810389.9939,-0.2320,-2.2982,-0.0515
740780425.0699294,52.468426, 13.631181,810393.9827,810391.4011,-0.2319,-2.2982,-0.0515
743113220.2210557,52.331030999999996, 13.695703,810483.4640,810480.9691,-0.1606,-2.2877,-0.0466
743113220.2705011,52.333881, 13.694324,810483.6290,810481.1340,-0.1607,-2.2877,-0.0466
743113220.3199339,52.336729, 13.692945,810483.2660,810480.7709,-0.1608,-2.2877,-0.0466
743113220.3693795,52.339579, 13.691564999999999,810484.6686,810482.1735,-0.1608,-2.2877,-0.0466
743113220.4188249,52.342428, 13.690185999999999,810486.1873,810483.6921,-0.1609,-2.2877,-0.0466
743113220.4682705,52.345276999999996, 13.688806,810483.8022,810481.3070,-0.1609,-2.2877,-0.0466
743113220.5177159,52.348126, 13.687425999999999,810482.2831,810479.7878,-0.1610,-2.2878,-0.0465
743113220.5671616,52.350975, 13.686046,810483.0993,810480.6040,-0.1610,-2.2878,-0.0465
743113220.6166072,52.353825, 13.684664999999999,810482.7291,810480.2337,-0.1611,-2.2878,-0.0465
743113220.6660526,52.356674, 13.683285,810482.7642,810480.2688,-0.1611,-2.2878,-0.0465
743113220.7154982,52.359522999999996, 13.681904,810482.6101,810480.1146,-0.1612,-2.2878,-0.0465
743113220.7649436,52.362372, 13.680524,810482.7309,810480.2354,-0.1612,-2.2878,-0.0465
743113220.8143892,52.365221, 13.679143,810483.2713,810480.7757,-0.1613,-2.2878,-0.0465
743113220.8638353,52.368069999999996, 13.677762,810483.8487,810481.3530,-0.1614,-2.2878,-0.0465
743113220.9132812,52.37092, 13.67638,810484.5332,810482.0375,-0.1614,-2.2878,-0.0465
743113220.9627273,52.373768999999996, 13.674999,810487.2154,810484.7196,-0.1615,-2.2878,-0.0465
743113221.0121739,52.376618, 13.673618,810487.1016,810484.6058,-0.1615,-2.2878,-0.0465
743113221.0616202,52.379467, 13.672236,810486.9499,810484.4539,-0.1616,-2.2879,-0.0465
743113221.1110663,52.382315999999996, 13.670853999999999,810487.0742,810484.5780,-0.1617,-2.2879,-0.0465
743113221.1605251,52.385166, 13.669471999999999,810487.7856,810485.2893,-0.1618,-2.2880,-0.0465
743113221.2099712,52.388014999999996, 13.66809,810488.7166,810486.2201,-0.1619,-2.2880,-0.0465
743113221.2594168,52.390864, 13.666706999999999,810489.5368,810487.0402,-0.1620,-2.2881,-0.0465
743113221.3088624,52.393713, 13.665325,810490.0070,810487.5102,-0.1621,-2.2881,-0.0465
743113221.3582952,52.396561, 13.663943,810490.2254,810487.7285,-0.1623,-2.2882,-0.0465
743113221.4077408,52.399409999999996, 13.66256,810490.8276,810488.3305,-0.1624,-2.2882,-0.0465
743113221.4571862,52.402259, 13.661176999999999,810491.5260,810489.0287,-0.1625,-2.2883,-0.0465
743113221.5066319,52.405108, 13.659794,810492.1484,810489.6510,-0.1626,-2.2884,-0.0465
743113221.5560901,52.407958, 13.658411,810492.8198,810490.3222,-0.1627,-2.2884,-0.0465
743113221.6055353,52.410807, 13.657027,810490.1213,810487.6236,-0.1628,-2.2885,-0.0465
743113221.6549809,52.413655999999996, 13.655643999999999,810490.3722,810487.8743,-0.1629,-2.2885,-0.0465
743113221.7044263,52.416505, 13.654259999999999,810490.9446,810488.4465,-0.1630,-2.2886,-0.0465
743113221.7538846,52.419354, 13.652876,810491.6137,810489.1155,-0.1631,-2.2886,-0.0465
743113221.8033304,52.422202999999996, 13.651492,810498.7140,810496.2156,-0.1632,-2.2887,-0.0465
743113221.8527758,52.425052, 13.650108,810498.7865,810496.2880,-0.1633,-2.2887,-0.0465
743113221.9022212,52.427901, 13.648724,810499.4217,810496.9230,-0.1634,-2.2888,-0.0465
743113221.9516795,52.430749999999996, 13.647338999999999,810498.3895,810495.8907,-0.1635,-2.2888,-0.0465
743113222.0011251,52.433599, 13.645954999999999,810499.5766,810497.0776,-0.1636,-2.2889,-0.0465
743113222.0505695,52.436448, 13.64457,810500.4481,810497.9490,-0.1637,-2.2889,-0.0465
743113222.1000278,52.439298, 13.643184999999999,810500.9168,810498.4176,-0.1638,-2.2889,-0.0465
743113222.1494734,52.442146, 13.6418,810501.3504,810498.8511,-0.1639,-2.2889,-0.0465
743113222.1989188,52.444995, 13.640414999999999,810501.4875,810498.9881,-0.1639,-2.2889,-0.0465
743113222.2483771,52.447845, 13.639028999999999,810502.0290,810499.5295,-0.1640,-2.2889,-0.0465
743113222.2978227,52.450693, 13.637644,810503.9759,810501.4763,-0.1641,-2.2890,-0.0465
743113222.3472681,52.453542, 13.636258,810498.3768,810495.8771,-0.1642,-2.2890,-0.0465
743113222.3967264,52.456392, 13.634872,810510.9036,810508.4038,-0.1643,-2.2890,-0.0465
743113222.446172,52.459239999999994, 13.633486,810499.5269,810497.0271,-0.1644,-2.2890,-0.0465
743113222.4956303,52.462089999999996, 13.6321,810518.2203,810515.7204,-0.1644,-2.2890,-0.0465
743113222.5450759,52.464938, 13.630714,810503.3464,810500.8464,-0.1645,-2.2890,-0.0465
743113222.5945346,52.467788, 13.629327,810505.2724,810502.7723,-0.1646,-2.2890,-0.0465
745446015.261117,52.332479, 13.698411,810573.7844,810571.1496,-0.2871,-2.3043,-0.0434
745446015.3105752,52.335328, 13.697030999999999,810560.5935,810557.9587,-0.2871,-2.3043,-0.0434
745446015.3600335,52.338178, 13.695651999999999,810584.3180,810581.6832,-0.2871,-2.3043,-0.0434
745446015.4094918,52.341027999999994, 13.694272,810582.1002,810579.4654,-0.2871,-2.3043,-0.0434
745446015.45895,52.343878, 13.692891999999999,810583.9643,810581.3295,-0.2871,-2.3043,-0.0434
745446015.5084083,52.346728, 13.691512,810584.3268,810581.6919,-0.2872,-2.3043,-0.0434
745446015.5578666,52.349578, 13.690132,810583.7803,810581.1454,-0.2872,-2.3043,-0.0434
745446015.6073248,52.352427999999996, 13.688752,810583.6378,810581.0029,-0.2872,-2.3043,-0.0434
745446015.6567829,52.355278, 13.687370999999999,810583.8388,810581.2039,-0.2872,-2.3043,-0.0434
745446015.706229,52.358126999999996, 13.685991,810590.1225,810587.4876,-0.2872,-2.3043,-0.0434
745446015.7556751,52.360976, 13.68461,810582.8369,810580.2020,-0.2872,-2.3043,-0.0434
745446015.8051338,52.363825999999996, 13.68323,810583.5383,810580.9034,-0.2872,-2.3043,-0.0434
745446015.8545797,52.366675, 13.681849,810584.2112,810581.5763,-0.2872,-2.3043,-0.0434
745446015.9040258,52.369524, 13.680468,810584.7593,810582.1244,-0.2872,-2.3043,-0.0434
745446015.9534719,52.372372999999996, 13.679086999999999,810588.9175,810586.2826,-0.2872,-2.3043,-0.0434
745446016.002943,52.375223999999996, 13.677705,810586.1146,810583.4797,-0.2872,-2.3043,-0.0434
745446016.0524008,52.378074, 13.676323,810586.7758,810584.1409,-0.2872,-2.3043,-0.0434
745446016.1018467,52.380922999999996, 13.674942,810587.3366,810584.7017,-0.2872,-2.3044,-0.0434
745446016.151305,52.383772, 13.67356,810588.0020,810585.3671,-0.2872,-2.3044,-0.0434
745446016.2007506,52.386621, 13.672177999999999,810588.6460,810586.0110,-0.2872,-2.3044,-0.0434
745446016.250196,52.389469999999996, 13.670796,810589.8956,810587.2606,-0.2871,-2.3045,-0.0434
745446016.2996542,52.39232, 13.669414,810591.3612,810588.7262,-0.2871,-2.3045,-0.0434
745446016.3490999,52.395168999999996, 13.668031,810591.3984,810588.7634,-0.2871,-2.3045,-0.0434
745446016.3985581,52.398019, 13.666649,810591.6328,810588.9978,-0.2871,-2.3045,-0.0434
745446016.4480035,52.400867999999996, 13.665265999999999,810591.7650,810589.1300,-0.2871,-2.3046,-0.0434
745446016.4974618,52.403717, 13.663883,810592.4325,810589.7975,-0.2871,-2.3046,-0.0434
745446016.5469074,52.406566, 13.6625,810593.1192,810590.4841,-0.2871,-2.3046,-0.0433
745446016.5963783,52.409416, 13.661116,810593.6362,810591.0011,-0.2871,-2.3047,-0.0433
745446016.6458366,52.412265999999995, 13.659733,810597.8035,810595.1684,-0.2871,-2.3047,-0.0433
745446016.695282,52.415115, 13.658349999999999,810598.4987,810595.8636,-0.2871,-2.3047,-0.0433
745446016.7447402,52.417964999999995, 13.656965999999999,810600.4803,810597.8452,-0.2871,-2.3047,-0.0433
745446016.7941985,52.420814, 13.655581999999999,810604.2566,810601.6215,-0.2870,-2.3048,-0.0433
745446016.8436441,52.423663, 13.654198,810596.7559,810594.1207,-0.2870,-2.3048,-0.0433
745446016.8931022,52.426511999999995, 13.652814,810597.4273,810594.7921,-0.2870,-2.3048,-0.0433
745446016.9425604,52.429362, 13.651429,810598.1026,810595.4674,-0.2870,-2.3049,-0.0433
745446016.9920061,52.432210999999995, 13.650044999999999,810598.7974,810596.1622,-0.2870,-2.3049,-0.0433
745446017.0414524,52.43506, 13.648660999999999,810599.4611,810596.8259,-0.2870,-2.3049,-0.0433
745446017.0909107,52.437909, 13.647276,810600.1088,810597.4737,-0.2869,-2.3049,-0.0433
745446017.1403689,52.440759, 13.645890999999999,810600.6753,810598.0402,-0.2869,-2.3049,-0.0433
745446017.1898272,52.443608, 13.644506,810601.3475,810598.7124,-0.2869,-2.3049,-0.0433
745446017.2392855,52.446456999999995, 13.64312,810601.9868,810599.3518,-0.2869,-2.3049,-0.0433
745446017.2887311,52.449306, 13.641734999999999,810602.5131,810599.8781,-0.2868,-2.3049,-0.0433
745446017.3381894,52.452155999999995, 13.64035,810618.0583,810615.4233,-0.2868,-2.3049,-0.0433
745446017.3876352,52.455003999999995, 13.638964,810618.4271,810615.7922,-0.2868,-2.3049,-0.0433
745446017.437094,52.457854, 13.637578,810618.4002,810615.7653,-0.2867,-2.3049,-0.0433
745446017.4865527,52.460702999999995, 13.636192,810618.8499,810616.2150,-0.2867,-2.3049,-0.0433
745446017.5360115,52.463553, 13.634806,810621.1770,810618.5422,-0.2867,-2.3049,-0.0432
745446017.5854702,52.466401999999995, 13.633419,810605.7161,810603.0813,-0.2866,-2.3049,-0.0432
745446017.634929,52.469251, 13.632033,810605.7395,810603.1047,-0.2866,-2.3049,-0.0432
747778819.405098,52.330526, 13.677643,810639.3266,810636.8581,-0.1362,-2.2937,-0.0387
747778819.4545565,52.333375, 13.676262,810639.7346,810637.2660,-0.1362,-2.2937,-0.0387
747778819.5040274,52.336225999999996, 13.67488,810627.9631,810625.4945,-0.1363,-2.2937,-0.0386
747778819.5534856,52.339075, 13.673499,810633.6653,810631.1967,-0.1363,-2.2937,-0.0386
747778819.6029439,52.341924999999996, 13.672118,810631.7674,810629.2987,-0.1363,-2.2937,-0.0386
747778819.6523893,52.344774, 13.670736,810629.8596,810627.3909,-0.1364,-2.2937,-0.0386
747778819.7018602,52.347623999999996, 13.669354,810644.8362,810642.3675,-0.1364,-2.2937,-0.0386
747778819.7513182,52.350474, 13.667971999999999,810645.2287,810642.7599,-0.1364,-2.2937,-0.0386
747778819.8007638,52.353322999999996, 13.66659,810645.6634,810643.1946,-0.1365,-2.2937,-0.0386
747778819.8502221,52.356172, 13.665208,810646.4704,810644.0016,-0.1365,-2.2937,-0.0386
747778819.899693,52.359021999999996, 13.663825,810647.0103,810644.5415,-0.1365,-2.2937,-0.0386
747778819.9491384,52.361871, 13.662443,810647.6441,810645.1752,-0.1366,-2.2937,-0.0386
747778819.998584,52.36472, 13.661061,810648.8253,810646.3564,-0.1366,-2.2937,-0.0386
747778820.048054,52.36757, 13.659678,810649.3068,810646.8378,-0.1367,-2.2938,-0.0386
747778820.0974996,52.370419, 13.658294999999999,810649.6806,810647.2115,-0.1367,-2.2938,-0.0386
747778820.1469579,52.373267999999996, 13.656912,810650.0912,810647.6219,-0.1368,-2.2939,-0.0386
747778820.1964161,52.376118, 13.655527999999999,810650.7829,810648.3135,-0.1369,-2.2939,-0.0386
747778820.2458744,52.378966999999996, 13.654145,810651.4502,810648.9807,-0.1369,-2.2940,-0.0386
747778820.2953327,52.381817, 13.652761,810652.0895,810649.6199,-0.1370,-2.2940,-0.0386
747778820.3447781,52.384665, 13.651378,810652.6663,810650.1965,-0.1371,-2.2941,-0.0386
747778820.3942363,52.387515, 13.649994,810653.3194,810650.8495,-0.1372,-2.2941,-0.0386
747778820.4436822,52.390363, 13.64861,810653.9841,810651.5141,-0.1372,-2.2942,-0.0386
747778820.4931409,52.393212999999996, 13.647226,810654.5392,810652.0691,-0.1373,-2.2942,-0.0386
747778820.5425997,52.396062, 13.645842,810655.1927,810652.7224,-0.1374,-2.2943,-0.0386
747778820.5920587,52.398911999999996, 13.644457,810655.7221,810653.2517,-0.1374,-2.2944,-0.0386
747778820.6415174,52.401761, 13.643072,810656.5615,810654.0910,-0.1375,-2.2944,-0.0386
747778820.6909759,52.40461, 13.641688,810657.1625,810654.6919,-0.1376,-2.2945,-0.0386
747778820.7404346,52.40746, 13.640303,810657.9977,810655.5269,-0.1376,-2.2945,-0.0386
747778820.7898934,52.410309, 13.638917,810658.6802,810656.2093,-0.1377,-2.2946,-0.0386
747778820.8393393,52.413157999999996, 13.637532,810660.0933,810657.6223,-0.1378,-2.2946,-0.0386
747778820.8888104,52.416008, 13.636147,810660.4443,810657.9732,-0.1378,-2.2947,-0.0386
747778820.9382558,52.418856, 13.634761,810660.6471,810658.1759,-0.1379,-2.2947,-0.0386
747778820.987714,52.421704999999996, 13.633376,810661.2842,810658.8128,-0.1380,-2.2948,-0.0386
747778821.0371735,52.424555, 13.63199,810661.4997,810659.0283,-0.1380,-2.2948,-0.0386
747778821.0866315,52.427403999999996, 13.630604,810662.0516,810659.5801,-0.1381,-2.2948,-0.0386
747778821.1361024,52.430254, 13.629216999999999,810662.7159,810660.2444,-0.1382,-2.2947,-0.0386
747778821.1855481,52.433102, 13.627830999999999,810663.3769,810660.9054,-0.1382,-2.2947,-0.0386
747778821.2350063,52.435950999999996, 13.626444999999999,810663.9155,810661.4439,-0.1383,-2.2947,-0.0386
747778821.2844646,52.438801, 13.625058,810664.5978,810662.1262,-0.1384,-2.2947,-0.0386
747778821.3339229,52.441649999999996, 13.623671,810665.1324,810662.6607,-0.1384,-2.2947,-0.0386
747778821.3833683,52.444497999999996, 13.622285,810665.8022,810663.3305,-0.1385,-2.2946,-0.0386
747778821.4328394,52.447348, 13.620897,810666.4556,810663.9839,-0.1386,-2.2946,-0.0386
747778821.4822974,52.450196999999996, 13.61951,810674.0033,810671.5315,-0.1386,-2.2946,-0.0386
747778821.531743,52.453044999999996, 13.618122999999999,810671.8923,810669.4205,-0.1387,-2.2946,-0.0385
747778821.5812013,52.455895, 13.616735,810674.4233,810671.9514,-0.1388,-2.2946,-0.0385
747778821.6306596,52.458743999999996, 13.615347,810668.7242,810666.2523,-0.1388,-2.2945,-0.0385
747778821.6801176,52.461593, 13.613959999999999,810669.2537,810666.7818,-0.1389,-2.2945,-0.0385
747778821.7295759,52.464442, 13.612572,810679.1841,810676.7121,-0.1389,-2.2945,-0.0385
747778821.7790341,52.467290999999996, 13.611182999999999,810683.7775,810681.3055,-0.1390,-2.2945,-0.0385
750111619.9322026,52.331042, 13.68727,810454.0403,810451.5743,-0.1210,-2.3221,-0.0229
750111619.981648,52.333890999999994, 13.685889999999999,810454.6841,810452.2181,-0.1210,-2.3221,-0.0229
750111620.0310924,52.33674, 13.684509,810448.6421,810446.1761,-0.1210,-2.3221,-0.0229
750111620.0805378,52.339589, 13.683129,810447.3899,810444.9239,-0.1210,-2.3221,-0.0229
750111620.1299834,52.342439, 13.681747999999999,810445.4918,810443.0258,-0.1210,-2.3221,-0.0229
750111620.1794288,52.345288, 13.680366999999999,810460.4940,810458.0280,-0.1210,-2.3221,-0.0229
750111620.2288744,52.348136999999994, 13.678986,810460.3388,810457.8728,-0.1210,-2.3221,-0.0229
750111620.2783198,52.350986, 13.677605,810460.6404,810458.1744,-0.1210,-2.3221,-0.0229
750111620.3277528,52.353834, 13.676224,810460.3614,810457.8954,-0.1210,-2.3221,-0.0229
750111620.3771982,52.356683, 13.674843,810461.0699,810458.6039,-0.1210,-2.3221,-0.0229
750111620.4266565,52.359533, 13.673461,810461.7492,810459.2832,-0.1210,-2.3221,-0.0229
750111620.4761024,52.362382, 13.672079,810462.3989,810459.9329,-0.1210,-2.3221,-0.0229
750111620.5255356,52.36523, 13.670698,810462.9524,810460.4864,-0.1209,-2.3222,-0.0229
750111620.5749817,52.368078999999994, 13.669316,810463.5972,810461.1312,-0.1209,-2.3222,-0.0229
750111620.6244278,52.370928, 13.667933999999999,810465.7284,810463.2624,-0.1209,-2.3222,-0.0229
750111620.673861,52.373777, 13.666552,810465.0082,810462.5422,-0.1209,-2.3222,-0.0229
750111620.7233071,52.376625999999995, 13.665168999999999,810465.4977,810463.0317,-0.1209,-2.3222,-0.0229
750111620.7727404,52.379473999999995, 13.663787,810466.1496,810463.6836,-0.1209,-2.3222,-0.0229
750111620.8221865,52.382323, 13.662403999999999,810466.7068,810464.2408,-0.1209,-2.3222,-0.0229
750111620.871645,52.385172999999995, 13.661021,810467.3698,810464.9038,-0.1209,-2.3222,-0.0229
750111620.9210906,52.388022, 13.659638,810468.0094,810465.5434,-0.1209,-2.3222,-0.0229
750111620.9705234,52.39087, 13.658254999999999,810468.6974,810466.2314,-0.1209,-2.3222,-0.0229
750111621.019969,52.393719, 13.656872,810469.2294,810466.7634,-0.1209,-2.3222,-0.0229
750111621.0694153,52.396567, 13.655488,810469.9004,810467.4343,-0.1209,-2.3223,-0.0229
750111621.118861,52.399415999999995, 13.654105,810470.4481,810467.9819,-0.1209,-2.3223,-0.0229
750111621.1682937,52.402263999999995, 13.652721,810471.0600,810468.5937,-0.1210,-2.3224,-0.0229
750111621.2177391,52.405113, 13.651337,810472.3580,810469.8917,-0.1210,-2.3224,-0.0229
750111621.2671974,52.407962999999995, 13.649953,810473.5145,810471.0481,-0.1210,-2.3225,-0.0229
750111621.3166304,52.410810999999995, 13.648569,810474.4419,810471.9754,-0.1210,-2.3225,-0.0229
750111621.3660631,52.413658999999996, 13.647184999999999,810475.9538,810473.4873,-0.1210,-2.3226,-0.0229
750111621.4155211,52.416508, 13.6458,810477.7436,810475.2770,-0.1211,-2.3227,-0.0229
750111621.4649537,52.419356, 13.644414999999999,810479.7864,810477.3197,-0.1211,-2.3227,-0.0229
750111621.5143993,52.422205, 13.643030999999999,810481.4092,810478.9424,-0.1211,-2.3228,-0.0229
750111621.5638447,52.425053999999996, 13.641646,810476.0785,810473.6117,-0.1211,-2.3228,-0.0229
750111621.6132774,52.427901999999996, 13.640260999999999,810476.7524,810474.2855,-0.1211,-2.3229,-0.0229
750111621.6627357,52.430751, 13.638874999999999,810477.3866,810474.9196,-0.1212,-2.3229,-0.0229
750111621.7121685,52.433599, 13.63749,810478.2681,810475.8010,-0.1212,-2.3230,-0.0229
750111621.7616141,52.436448, 13.636104,810478.8722,810476.4051,-0.1212,-2.3230,-0.0229
750111621.8110595,52.439296999999996, 13.634718999999999,810479.4769,810477.0097,-0.1212,-2.3231,-0.0229
750111621.8605051,52.442145, 13.633332999999999,810480.0937,810477.6264,-0.1212,-2.3231,-0.0229
750111621.9099507,52.444993999999994, 13.631946,810480.5133,810478.0459,-0.1213,-2.3232,-0.0229
750111621.9593961,52.447843, 13.63056,810481.3833,810478.9159,-0.1213,-2.3233,-0.0229
750111622.0088408,52.450691, 13.629173999999999,810491.8584,810489.3909,-0.1213,-2.3233,-0.0229
750111622.0582736,52.453539, 13.627787999999999,810477.9912,810475.5237,-0.1213,-2.3233,-0.0229
750111622.107719,52.456388, 13.626401,810478.6310,810476.1635,-0.1213,-2.3233,-0.0229
750111622.1571774,52.459236999999995, 13.625014,810483.3153,810480.8478,-0.1213,-2.3233,-0.0229
750111622.2066109,52.462084999999995, 13.623626999999999,810483.7731,810481.3056,-0.1213,-2.3233,-0.0229
750111622.2560568,52.464932999999995, 13.62224,810484.2262,810481.7587,-0.1214,-2.3233,-0.0229
750111622.3055029,52.467782, 13.620852999999999,810484.1618,810481.6943,-0.1214,-2.3233,-0.0229
750111619.9324572,52.331056999999994, 13.687263,810454.0420,810451.5760,-0.1210,-2.3221,-0.0229
750111619.9819026,52.333906, 13.685882999999999,810454.6859,810452.2199,-0.1210,-2.3221,-0.0229
750111620.031347,52.336755, 13.684502,810448.6687,810446.2027,-0.1210,-2.3221,-0.0229
750111620.0807924,52.339603999999994, 13.683122,810447.3840,810444.9180,-0.1210,-2.3221,-0.0229
750111620.130238,52.342453, 13.681740999999999,810445.4858,810443.0198,-0.1210,-2.3221,-0.0229
750111620.1796837,52.345302999999994, 13.680359999999999,810460.4875,810458.0215,-0.1210,-2.3221,-0.0229
750111620.2291291,52.348152, 13.678979,810460.3399,810457.8739,-0.1210,-2.3221,-0.0229
750111620.2785618,52.351, 13.677598999999999,810460.6402,810458.1742,-0.1210,-2.3221,-0.0229
750111620.3280075,52.353849, 13.676217,810460.3632,810457.8972,-0.1210,-2.3221,-0.0229
750111620.3774529,52.356697999999994, 13.674835999999999,810461.0718,810458.6058,-0.1210,-2.3221,-0.0229
750111620.4268985,52.359547, 13.673454,810461.7507,810459.2847,-0.1210,-2.3221,-0.0229
750111620.476357,52.362396999999994, 13.672072,810462.4011,810459.9351,-0.1210,-2.3221,-0.0229
750111620.5257902,52.365244999999994, 13.670691,810462.9525,810460.4865,-0.1209,-2.3222,-0.0229
750111620.5752363,52.368094, 13.669309,810463.5992,810461.1332,-0.1209,-2.3222,-0.0229
750111620.6246696,52.370943, 13.667926999999999,810465.7230,810463.2570,-0.1209,-2.3222,-0.0229
750111620.6741157,52.373791999999995, 13.666545,810465.0075,810462.5415,-0.1209,-2.3222,-0.0229
750111620.7235489,52.376639999999995, 13.665163,810465.4993,810463.0333,-0.1209,-2.3222,-0.0229
750111620.772995,52.379489, 13.66378,810466.1517,810463.6857,-0.1209,-2.3222,-0.0229
750111620.8224411,52.382338, 13.662396999999999,810466.7087,810464.2427,-0.1209,-2.3222,-0.0229
750111620.8718743,52.385186, 13.661014999999999,810467.3712,810464.9052,-0.1209,-2.3222,-0.0229
750111620.9213326,52.388036, 13.659631,810468.0125,810465.5465,-0.1209,-2.3222,-0.0229
750111620.970778,52.390885, 13.658247999999999,810468.6974,810466.2314,-0.1209,-2.3222,-0.0229
750111621.020211,52.393733, 13.656865,810469.2311,810466.7651,-0.1209,-2.3222,-0.0229
750111621.0696447,52.396581, 13.655482,810469.9023,810467.4362,-0.1209,-2.3223,-0.0229
750111621.1190901,52.399429999999995, 13.654098,810470.4491,810467.9829,-0.1209,-2.3223,-0.0229
750111621.1685357,52.402279, 13.652714,810471.0612,810468.5949,-0.1210,-2.3224,-0.0229
750111621.2179685,52.405127, 13.651330999999999,810472.3631,810469.8968,-0.1210,-2.3224,-0.0229
750111621.2674139,52.407975, 13.649947,810473.5215,810471.0551,-0.1210,-2.3225,-0.0229
750111621.3168721,52.410824999999996, 13.648562,810474.4434,810471.9769,-0.1210,-2.3225,-0.0229
750111621.3663049,52.413672999999996, 13.647178,810475.9578,810473.4913,-0.1210,-2.3226,-0.0229
750111621.4157505,52.416522, 13.645793,810477.7548,810475.2882,-0.1211,-2.3227,-0.0229
750111621.4651957,52.419371, 13.644409,810479.7971,810477.3304,-0.1211,-2.3227,-0.0229
750111621.5146284,52.422219, 13.643023999999999,810481.4149,810478.9481,-0.1211,-2.3228,-0.0229
750111621.5640867,52.425067999999996, 13.641639,810476.0805,810473.6137,-0.1211,-2.3228,-0.0229
750111621.6135194,52.427915999999996, 13.640253999999999,810476.7541,810474.2872,-0.1211,-2.3229,-0.0229
750111621.662965,52.430765, 13.638869,810477.3899,810474.9229,-0.1212,-2.3229,-0.0229
750111621.7124233,52.433614, 13.637483,810478.2721,810475.8050,-0.1212,-2.3230,-0.0229
750111621.7618561,52.436462, 13.636097999999999,810478.8748,810476.4077,-0.1212,-2.3230,-0.0229
750111621.8113143,52.439312, 13.634711,810479.4798,810477.0126,-0.1212,-2.3231,-0.0229
750111621.8607471,52.442159, 13.633325999999999,810480.0971,810477.6298,-0.1212,-2.3231,-0.0229
750111621.9102054,52.445009, 13.631939,810480.5218,810478.0544,-0.1213,-2.3232,-0.0229
750111621.9596381,52.447857, 13.630554,810481.3786,810478.9112,-0.1213,-2.3233,-0.0229
750111622.0090954,52.450706, 13.629166999999999,810491.8614,810489.3939,-0.1213,-2.3233,-0.0229
750111622.0585282,52.453554, 13.627780999999999,810477.9925,810475.5250,-0.1213,-2.3233,-0.0229
750111622.1079738,52.456402999999995, 13.626394,810478.6349,810476.1674,-0.1213,-2.3233,-0.0229
750111622.1574068,52.45925, 13.625007,810483.3214,810480.8539,-0.1213,-2.3233,-0.0229
750111622.2068527,52.462098999999995, 13.623619999999999,810483.7741,810481.3066,-0.1213,-2.3233,-0.0229
750111622.2562988,52.464948, 13.622233,810484.2261,810481.7586,-0.1214,-2.3233,-0.0229
750111622.3057449,52.467796, 13.620846,810484.1579,810481.6904,-0.1214,-2.3233,-0.0229
750111619.9325209,52.33106, 13.687261,810454.0424,810451.5751,-0.1179,-2.3230,-0.0263
750111619.9819665,52.333909, 13.685881,810454.6864,810452.2193,-0.1178,-2.3230,-0.0263
750111620.0314107,52.336759, 13.6845,810448.6753,810446.2082,-0.1178,-2.3230,-0.0263
750111620.0808563,52.339608, 13.683119999999999,810447.3821,810444.9151,-0.1177,-2.3230,-0.0263
750111620.1303017,52.342456999999996, 13.681738999999999,810445.3927,810442.9258,-0.1176,-2.3230,-0.0263
750111620.17976,52.345307, 13.680358,810460.4822,810458.0154,-0.1175,-2.3230,-0.0263
750111620.2292056,52.348155999999996, 13.678977,810460.3404,810457.8736,-0.1175,-2.3230,-0.0263
750111620.2786384,52.351003999999996, 13.677596,810460.6398,810458.1731,-0.1174,-2.3230,-0.0263
750111620.3280966,52.353854, 13.676215,810460.3618,810457.8952,-0.1173,-2.3230,-0.0263
750111620.377542,52.356702999999996, 13.674833,810461.0724,810458.6059,-0.1172,-2.3230,-0.0263
750111620.4269876,52.359552, 13.673452,810461.7513,810459.2848,-0.1172,-2.3230,-0.0263
750111620.4764333,52.362401, 13.67207,810462.4018,810459.9354,-0.1171,-2.3230,-0.0263
750111620.5258794,52.365249999999996, 13.670688,810462.9530,810460.4867,-0.1170,-2.3230,-0.0263
750111620.5753255,52.368099, 13.669305999999999,810463.5999,810461.1337,-0.1169,-2.3230,-0.0263
750111620.6247587,52.370947, 13.667924,810465.7207,810463.2545,-0.1169,-2.3230,-0.0263
750111620.6742048,52.373796, 13.666542,810465.0071,810462.5410,-0.1168,-2.3230,-0.0263
750111620.7236507,52.376644999999996, 13.66516,810465.5000,810463.0340,-0.1167,-2.3230,-0.0263
750111620.7730842,52.379494, 13.663777,810466.1524,810463.6865,-0.1166,-2.3230,-0.0263
750111620.8225429,52.382343, 13.662393999999999,810466.6968,810464.2309,-0.1166,-2.3230,-0.0263
750111620.8719761,52.385191999999996, 13.661012,810467.3719,810464.9061,-0.1165,-2.3230,-0.0263
750111620.9214218,52.38804, 13.659628999999999,810468.0136,810465.5479,-0.1164,-2.3230,-0.0263
750111620.9708545,52.390888999999994, 13.658246,810468.6976,810466.2320,-0.1163,-2.3230,-0.0263
750111621.0203128,52.393738, 13.656861999999999,810469.2318,810466.7662,-0.1163,-2.3230,-0.0263
750111621.0697591,52.396587, 13.655479,810469.9032,810467.4376,-0.1162,-2.3231,-0.0263
750111621.1191921,52.399435, 13.654095,810470.4496,810467.9840,-0.1162,-2.3231,-0.0263
750111621.1686375,52.402283999999995, 13.652711,810471.0622,810468.5966,-0.1161,-2.3232,-0.0263
750111621.2180831,52.405133, 13.651328,810472.3651,810469.8995,-0.1161,-2.3233,-0.0263
750111621.2675285,52.407982, 13.649942999999999,810473.5250,810471.0593,-0.1161,-2.3233,-0.0263
750111621.3169613,52.41083, 13.64856,810474.4448,810471.9791,-0.1160,-2.3234,-0.0263
750111621.3664196,52.413678999999995, 13.647174999999999,810475.9638,810473.4981,-0.1160,-2.3234,-0.0263
750111621.4158652,52.416528, 13.64579,810477.7606,810475.2949,-0.1159,-2.3235,-0.0263
750111621.4652977,52.419376, 13.644406,810479.8026,810477.3369,-0.1159,-2.3236,-0.0263
750111621.5147431,52.422225, 13.643021,810481.4159,810478.9502,-0.1158,-2.3236,-0.0262
750111621.5641887,52.425073999999995, 13.641636,810476.0789,810473.6132,-0.1158,-2.3237,-0.0262
750111621.6136341,52.427921999999995, 13.640251,810476.7549,810474.2892,-0.1157,-2.3237,-0.0262
750111621.6630924,52.430772, 13.638865,810477.3915,810474.9258,-0.1157,-2.3238,-0.0262
750111621.7125251,52.43362, 13.63748,810478.2723,810475.8066,-0.1157,-2.3239,-0.0262
750111621.7619705,52.436468, 13.636094,810478.8758,810476.4100,-0.1156,-2.3239,-0.0262
750111621.8114161,52.439316999999996, 13.634708,810479.4807,810477.0149,-0.1156,-2.3240,-0.0262
750111621.8608618,52.442166, 13.633322999999999,810480.0985,810477.6327,-0.1155,-2.3240,-0.0262
750111621.9103072,52.445014, 13.631936,810480.5249,810478.0591,-0.1155,-2.3241,-0.0262
750111621.9597528,52.447863, 13.63055,810481.3791,810478.9133,-0.1154,-2.3242,-0.0262
750111622.0091972,52.450711999999996, 13.629164,810491.8623,810489.3965,-0.1154,-2.3242,-0.0262
750111622.0586555,52.453561, 13.627777,810477.9931,810475.5274,-0.1153,-2.3242,-0.0262
750111622.1080883,52.456409, 13.626391,810478.6366,810476.1709,-0.1153,-2.3242,-0.0262
750111622.1575468,52.459258, 13.625003,810483.3244,810480.8588,-0.1152,-2.3242,-0.0262
750111622.20698,52.462106, 13.623617,810483.7745,810481.3090,-0.1151,-2.3242,-0.0262
750111622.2564261,52.464954999999996, 13.62223,810484.2268,810481.7613,-0.1151,-2.3242,-0.0262
750111622.3058722,52.467802999999996, 13.620842,810484.1552,810481.6898,-0.1150,-2.3242,-0.0262
752444419.1871958,52.332423, 13.689036,810377.6176,810375.2832,-0.0900,-2.2294,-0.0150
752444419.2366285,52.335271999999996, 13.687655999999999,810384.2250,810381.8907,-0.0900,-2.2294,-0.0150
752444419.2860613,52.338119999999996, 13.686276999999999,810385.0638,810382.7295,-0.0899,-2.2293,-0.0150
752444419.3354812,52.340968, 13.684897999999999,810384.7165,810382.3823,-0.0899,-2.2293,-0.0150
752444419.3849268,52.343816999999994, 13.683517,810384.5081,810382.1739,-0.0899,-2.2293,-0.0150
752444419.4343722,52.346667, 13.682136999999999,810384.5115,810382.1773,-0.0898,-2.2293,-0.0150
752444419.483805,52.349515, 13.680757,810384.5856,810382.2515,-0.0898,-2.2293,-0.0150
752444419.5332377,52.352363999999994, 13.679376999999999,810384.9467,810382.6126,-0.0898,-2.2293,-0.0150
752444419.5826833,52.355213, 13.677996,810384.4550,810382.1210,-0.0898,-2.2293,-0.0150
752444419.6321161,52.358061, 13.676615,810385.1228,810382.7888,-0.0897,-2.2293,-0.0150
752444419.6815615,52.36091, 13.675234,810385.6735,810383.3395,-0.0897,-2.2293,-0.0150
752444419.7309942,52.363758999999995, 13.673853999999999,810386.3624,810384.0285,-0.0897,-2.2293,-0.0150
752444419.7804272,52.366606999999995, 13.672473,810388.1068,810385.7729,-0.0896,-2.2292,-0.0150
752444419.82986,52.369456, 13.671090999999999,810389.4158,810387.0820,-0.0896,-2.2292,-0.0150
752444419.8792927,52.372304, 13.66971,810389.3672,810387.0334,-0.0896,-2.2292,-0.0150
752444419.9287255,52.375153, 13.668329,810389.0933,810386.7595,-0.0895,-2.2292,-0.0150
752444419.9781582,52.378001, 13.666946999999999,810389.6315,810387.2978,-0.0895,-2.2292,-0.0150
752444420.0275922,52.380849, 13.665564999999999,810390.7499,810388.4162,-0.0895,-2.2292,-0.0150
752444420.0770254,52.383697999999995, 13.664183,810392.0653,810389.7315,-0.0895,-2.2293,-0.0150
752444420.1264589,52.386545999999996, 13.662801,810393.0410,810390.7072,-0.0895,-2.2293,-0.0150
752444420.1758921,52.389393999999996, 13.661418999999999,810395.6937,810393.3599,-0.0895,-2.2293,-0.0150
752444420.2253382,52.392243, 13.660036,810392.7200,810390.3861,-0.0895,-2.2294,-0.0150
752444420.2747715,52.395092, 13.658653999999999,810393.3172,810390.9833,-0.0895,-2.2294,-0.0150
752444420.3242047,52.39794, 13.657271,810394.0063,810391.6723,-0.0895,-2.2295,-0.0150
752444420.3736379,52.400788, 13.655888,810394.5814,810392.2474,-0.0895,-2.2295,-0.0150
752444420.4230714,52.403636999999996, 13.654506,810395.4477,810393.1137,-0.0895,-2.2295,-0.0150
752444420.4725041,52.406484999999996, 13.653122,810396.1729,810393.8388,-0.0895,-2.2296,-0.0150
752444420.5219369,52.409333, 13.651739,810380.7084,810378.3743,-0.0895,-2.2296,-0.0150
752444420.5713825,52.412181999999994, 13.650355,810394.1208,810391.7866,-0.0895,-2.2297,-0.0150
752444420.6208279,52.415031, 13.648971,810394.3057,810391.9715,-0.0895,-2.2297,-0.0150
752444420.6702609,52.417879, 13.647587999999999,810395.2740,810392.9398,-0.0895,-2.2297,-0.0150
752444420.7196937,52.420727, 13.646204,810403.9266,810401.5923,-0.0895,-2.2298,-0.0150
752444420.7691264,52.423576, 13.64482,810399.6646,810397.3303,-0.0895,-2.2298,-0.0150
752444420.8185718,52.426424, 13.643435,810400.4723,810398.1379,-0.0895,-2.2299,-0.0150
752444420.8680046,52.429272999999995, 13.642050999999999,810401.2929,810398.9585,-0.0895,-2.2299,-0.0150
752444420.9174376,52.432120999999995, 13.640666999999999,810405.9048,810403.5704,-0.0895,-2.2299,-0.0150
752444420.966883,52.43497, 13.639282,810406.8127,810404.4782,-0.0895,-2.2300,-0.0150
752444421.0163283,52.437818, 13.637896,810403.1430,810400.8085,-0.0895,-2.2300,-0.0150
752444421.0657599,52.440666, 13.636512,810403.8556,810401.5211,-0.0895,-2.2300,-0.0150
752444421.1152055,52.443515, 13.635126,810404.1329,810401.7985,-0.0895,-2.2300,-0.0150
752444421.1646509,52.446363999999996, 13.633740999999999,810404.5596,810402.2252,-0.0895,-2.2300,-0.0150
752444421.2140837,52.449211999999996, 13.632354999999999,810400.9212,810398.5868,-0.0894,-2.2300,-0.0150
752444421.2635293,52.452061, 13.630968999999999,810401.8406,810399.5063,-0.0894,-2.2299,-0.0150
752444421.312962,52.454909, 13.629584,810401.9955,810399.6612,-0.0894,-2.2299,-0.0150
752444421.3623948,52.457757, 13.628198,810402.8170,810400.4827,-0.0894,-2.2299,-0.0150
752444421.4118404,52.460605, 13.626811,810407.6604,810405.3261,-0.0894,-2.2299,-0.0150
752444421.4612732,52.463452999999994, 13.625425,810408.1117,810405.7775,-0.0894,-2.2299,-0.0150
752444421.5107186,52.466302, 13.624039,810408.5558,810406.2216,-0.0893,-2.2299,-0.0149
752444421.5601642,52.469151, 13.622651999999999,810407.3862,810405.0520,-0.0893,-2.2299,-0.0149
752444419.1871829,52.332422, 13.689036,810377.6175,810375.2831,-0.0900,-2.2294,-0.0150
752444419.2366157,52.335271, 13.687657,810384.2244,810381.8901,-0.0900,-2.2294,-0.0150
752444419.2860613,52.338119999999996, 13.686276999999999,810385.0613,810382.7270,-0.0899,-2.2293,-0.0150
752444419.3355067,52.340968999999994, 13.684897,810384.7153,810382.3811,-0.0899,-2.2293,-0.0150
752444419.3849394,52.343818, 13.683517,810384.5075,810382.1733,-0.0899,-2.2293,-0.0150
752444419.4343722,52.346666, 13.682136999999999,810384.5112,810382.1770,-0.0898,-2.2293,-0.0150
752444419.4838178,52.349515999999994, 13.680757,810384.5854,810382.2513,-0.0898,-2.2293,-0.0150
752444419.5332506,52.352363999999994, 13.679376,810384.9465,810382.6124,-0.0898,-2.2293,-0.0150
752444419.582696,52.355213, 13.677996,810384.4550,810382.1210,-0.0898,-2.2293,-0.0150
752444419.6321287,52.358062, 13.676615,810385.1229,810382.7889,-0.0897,-2.2293,-0.0150
752444419.6815743,52.360910999999994, 13.675234,810385.6736,810383.3396,-0.0897,-2.2293,-0.0150
752444419.7310071,52.36376, 13.673853,810386.3626,810384.0287,-0.0897,-2.2293,-0.0150
752444419.7804525,52.366609, 13.672471999999999,810388.1080,810385.7741,-0.0896,-2.2292,-0.0150
752444419.8298855,52.369457, 13.671090999999999,810389.4154,810387.0816,-0.0896,-2.2292,-0.0150
752444419.8793182,52.372305, 13.66971,810389.3667,810387.0329,-0.0896,-2.2292,-0.0150
752444419.928751,52.375153999999995, 13.668327999999999,810389.0932,810386.7594,-0.0895,-2.2292,-0.0150
752444419.9781837,52.378001999999995, 13.666946,810389.6317,810387.2980,-0.0895,-2.2292,-0.0150
752444420.0276177,52.380851, 13.665564999999999,810390.7509,810388.4172,-0.0895,-2.2292,-0.0150
752444420.0770509,52.383699, 13.664183,810392.0657,810389.7319,-0.0895,-2.2293,-0.0150
752444420.126497,52.386548, 13.662799999999999,810393.0407,810390.7069,-0.0895,-2.2293,-0.0150
752444420.1759303,52.389396, 13.661418,810395.6937,810393.3599,-0.0895,-2.2293,-0.0150
752444420.2253635,52.392244999999996, 13.660036,810392.7204,810390.3865,-0.0895,-2.2294,-0.0150
752444420.274797,52.395092999999996, 13.658653,810393.3158,810390.9819,-0.0895,-2.2294,-0.0150
752444420.3242302,52.397940999999996, 13.657271,810394.0066,810391.6726,-0.0895,-2.2295,-0.0150
752444420.3736634,52.40079, 13.655888,810394.5815,810392.2475,-0.0895,-2.2295,-0.0150
752444420.4230969,52.403638, 13.654504999999999,810395.4482,810393.1142,-0.0895,-2.2295,-0.0150
752444420.4725296,52.406486, 13.653122,810396.1731,810393.8390,-0.0895,-2.2296,-0.0150
752444420.5219753,52.409335, 13.651738,810380.7084,810378.3743,-0.0895,-2.2296,-0.0150
752444420.5714207,52.412183999999996, 13.650354,810394.1212,810391.7870,-0.0895,-2.2297,-0.0150
752444420.6208534,52.415032, 13.648971,810394.3059,810391.9717,-0.0895,-2.2297,-0.0150
752444420.6702862,52.41788, 13.647587,810395.2750,810392.9408,-0.0895,-2.2297,-0.0150
752444420.7197318,52.420728999999994, 13.646203,810403.9247,810401.5904,-0.0895,-2.2298,-0.0150
752444420.7691772,52.423578, 13.644817999999999,810399.6654,810397.3311,-0.0895,-2.2298,-0.0150
752444420.8186102,52.426426, 13.643434,810400.4731,810398.1387,-0.0895,-2.2299,-0.0150
752444420.868043,52.429275, 13.64205,810401.2939,810398.9595,-0.0895,-2.2299,-0.0150
752444420.9174757,52.432123, 13.640666,810405.9043,810403.5699,-0.0895,-2.2299,-0.0150
752444420.9669211,52.434971999999995, 13.639280999999999,810406.8122,810404.4777,-0.0895,-2.2300,-0.0150
752444421.0163538,52.437819999999995, 13.637896,810403.1435,810400.8090,-0.0895,-2.2300,-0.0150
752444421.0657854,52.440667999999995, 13.636510999999999,810403.8556,810401.5211,-0.0895,-2.2300,-0.0150
752444421.1152437,52.443517, 13.635124999999999,810404.1372,810401.8028,-0.0895,-2.2300,-0.0150
752444421.1646764,52.446365, 13.63374,810404.5605,810402.2261,-0.0895,-2.2300,-0.0150
752444421.2141092,52.449213, 13.632354,810400.9220,810398.5876,-0.0894,-2.2300,-0.0150
752444421.2635548,52.452062, 13.630968999999999,810401.8408,810399.5065,-0.0894,-2.2299,-0.0150
752444421.3129876,52.45491, 13.629583,810401.9959,810399.6616,-0.0894,-2.2299,-0.0150
752444421.362433,52.457758999999996, 13.628197,810402.8174,810400.4831,-0.0894,-2.2299,-0.0150
752444421.4118657,52.460606999999996, 13.626811,810407.6606,810405.3263,-0.0894,-2.2299,-0.0150
752444421.4612987,52.463454999999996, 13.625425,810408.1118,810405.7776,-0.0894,-2.2299,-0.0150
752444421.510757,52.466304, 13.624037999999999,810408.5560,810406.2218,-0.0893,-2.2299,-0.0149
752444421.5601897,52.469152, 13.622651,810407.3865,810405.0523,-0.0893,-2.2299,-0.0149
752444419.1870301,52.332412999999995, 13.689039999999999,810377.6154,810375.2642,-0.1048,-2.2305,-0.0160
752444419.2364757,52.335263, 13.68766,810384.2277,810381.8765,-0.1048,-2.2305,-0.0160
752444419.2859211,52.338111999999995, 13.68628,810385.0483,810382.6971,-0.1047,-2.2305,-0.0160
752444419.3353539,52.340959999999995, 13.684901,810384.7309,810382.3797,-0.1047,-2.2305,-0.0160
752444419.3847995,52.34381, 13.68352,810384.5085,810382.1573,-0.1047,-2.2305,-0.0160
752444419.4342322,52.346658, 13.682141,810384.5114,810382.1602,-0.1047,-2.2305,-0.0160
752444419.4836521,52.349506, 13.680760999999999,810384.5853,810382.2341,-0.1047,-2.2305,-0.0160
752444419.5330849,52.352354, 13.679381,810384.9462,810382.5951,-0.1047,-2.2304,-0.0160
752444419.5825176,52.355202999999996, 13.677999999999999,810384.4532,810382.1021,-0.1047,-2.2304,-0.0160
752444419.6319633,52.358052, 13.676618999999999,810385.1215,810382.7704,-0.1047,-2.2304,-0.0160
752444419.681396,52.360901, 13.675239,810385.6793,810383.3282,-0.1047,-2.2304,-0.0160
752444419.7308288,52.363749, 13.673858,810386.3601,810384.0090,-0.1047,-2.2304,-0.0160
752444419.7802615,52.366597, 13.672476999999999,810388.0978,810385.7467,-0.1046,-2.2304,-0.0160
752444419.8297071,52.369447, 13.671095,810389.4167,810387.0656,-0.1046,-2.2304,-0.0160
752444419.8791399,52.372295, 13.669713999999999,810389.3678,810387.0168,-0.1046,-2.2304,-0.0160
752444419.9285727,52.375142999999994, 13.668332999999999,810389.0927,810386.7417,-0.1046,-2.2304,-0.0160
752444419.9780183,52.377992, 13.666951,810389.6297,810387.2787,-0.1046,-2.2304,-0.0160
752444420.0274522,52.380841, 13.665569,810390.7460,810388.3950,-0.1046,-2.2304,-0.0160
752444420.0768855,52.383689, 13.664187,810392.0621,810389.7110,-0.1046,-2.2305,-0.0160
752444420.1263187,52.386537999999994, 13.662804999999999,810393.0390,810390.6879,-0.1046,-2.2305,-0.0160
752444420.1757522,52.389385999999995, 13.661423,810395.6940,810393.3428,-0.1046,-2.2306,-0.0160
752444420.2251854,52.392233999999995, 13.660039999999999,810392.7177,810390.3665,-0.1046,-2.2306,-0.0160
752444420.2746315,52.395083, 13.658657,810393.3157,810390.9645,-0.1046,-2.2306,-0.0160
752444420.3240647,52.397932, 13.657274999999998,810394.0052,810391.6539,-0.1046,-2.2307,-0.0160
752444420.373498,52.40078, 13.655892,810394.5814,810392.2301,-0.1046,-2.2307,-0.0160
752444420.4229312,52.403628, 13.654509,810395.4451,810393.0937,-0.1046,-2.2308,-0.0160
752444420.4723768,52.406476999999995, 13.653125999999999,810396.1723,810393.8209,-0.1046,-2.2308,-0.0160
752444420.5218096,52.409324999999995, 13.651741999999999,810380.7084,810378.3569,-0.1047,-2.2309,-0.0159
752444420.5712423,52.412174, 13.650359,810394.1192,810391.7677,-0.1047,-2.2309,-0.0159
752444420.6206751,52.415022, 13.648975,810394.3040,810391.9524,-0.1047,-2.2310,-0.0159
752444420.6701207,52.417871, 13.647591,810395.2690,810392.9174,-0.1047,-2.2310,-0.0159
752444420.7195663,52.420719999999996, 13.646206999999999,810403.9355,810401.5839,-0.1047,-2.2310,-0.0159
752444420.7689991,52.423567999999996, 13.644822999999999,810399.6624,810397.3107,-0.1047,-2.2311,-0.0159
752444420.8184319,52.426415999999996, 13.643438999999999,810400.4694,810398.1177,-0.1047,-2.2311,-0.0159
752444420.8678646,52.429263999999996, 13.642055,810401.2896,810398.9378,-0.1047,-2.2312,-0.0159
752444420.91731,52.432113, 13.64067,810405.8887,810403.5369,-0.1047,-2.2312,-0.0159
752444420.9667556,52.434962, 13.639285,810406.8143,810404.4624,-0.1047,-2.2313,-0.0159
752444421.0161884,52.43781, 13.6379,810403.1411,810400.7892,-0.1047,-2.2313,-0.0159
752444421.0656326,52.440659, 13.636515,810403.8544,810401.5025,-0.1047,-2.2313,-0.0159
752444421.1150782,52.443507, 13.635129,810404.1328,810401.7809,-0.1047,-2.2313,-0.0159
752444421.164511,52.446355, 13.633744,810404.5549,810402.2030,-0.1047,-2.2313,-0.0159
752444421.2139692,52.449205, 13.632358,810400.9181,810398.5662,-0.1047,-2.2313,-0.0159
752444421.263402,52.452053, 13.630972,810401.8398,810399.4879,-0.1047,-2.2313,-0.0159
752444421.3128347,52.454901, 13.629586999999999,810401.9935,810399.6416,-0.1047,-2.2313,-0.0159
752444421.3622801,52.45775, 13.628200999999999,810402.8162,810400.4643,-0.1047,-2.2313,-0.0159
752444421.4117131,52.460598, 13.626814999999999,810407.6593,810405.3074,-0.1047,-2.2313,-0.0159
752444421.4611585,52.463446, 13.625428,810408.1124,810405.7605,-0.1047,-2.2313,-0.0159
752444421.5106041,52.466294999999995, 13.624041,810408.5554,810406.2035,-0.1047,-2.2313,-0.0159
752444421.5600369,52.469142999999995, 13.622655,810407.3883,810405.0364,-0.1047,-2.2313,-0.0159
754777216.2582777,52.331925999999996, 13.679625999999999,810536.0778,810533.7387,-0.0347,-2.2849,-0.0195
754777216.3077359,52.334776, 13.678244,810540.9358,810538.5967,-0.0347,-2.2849,-0.0195
754777216.3571942,52.337624999999996, 13.676862999999999,810542.3888,810540.0497,-0.0347,-2.2849,-0.0195
754777216.4066396,52.340474, 13.675481,810541.3154,810538.9764,-0.0346,-2.2849,-0.0195
754777216.456085,52.343323, 13.6741,810541.6818,810539.3428,-0.0346,-2.2849,-0.0195
754777216.5055306,52.346171999999996, 13.672718,810541.7357,810539.3967,-0.0346,-2.2850,-0.0194
754777216.5549889,52.349022, 13.671336,810542.2720,810539.9330,-0.0346,-2.2850,-0.0194
754777216.6044343,52.351870999999996, 13.669953999999999,810542.3893,810540.0503,-0.0346,-2.2850,-0.0194
754777216.6538799,52.354718999999996, 13.668572,810542.9973,810540.6584,-0.0345,-2.2850,-0.0194
754777216.7033253,52.357568, 13.667188999999999,810543.5273,810541.1884,-0.0345,-2.2850,-0.0194
754777216.7527835,52.360417999999996, 13.665806,810544.1810,810541.8421,-0.0345,-2.2850,-0.0194
754777216.8022292,52.363267, 13.664423999999999,810545.2514,810542.9125,-0.0345,-2.2850,-0.0194
754777216.8516746,52.366115, 13.663041,810546.0903,810543.7514,-0.0345,-2.2850,-0.0194
754777216.9011328,52.368964999999996, 13.661658,810546.7178,810544.3790,-0.0344,-2.2850,-0.0194
754777216.9505785,52.371814, 13.660274999999999,810546.8147,810544.4759,-0.0344,-2.2850,-0.0194
754777217.0000241,52.374663, 13.658890999999999,810547.4563,810545.1175,-0.0344,-2.2850,-0.0194
754777217.0494816,52.377511999999996, 13.657508,810548.0073,810545.6684,-0.0344,-2.2851,-0.0194
754777217.0989275,52.380361, 13.656124,810548.7018,810546.3628,-0.0345,-2.2851,-0.0194
754777217.1483862,52.38321, 13.654739999999999,810549.3520,810547.0130,-0.0345,-2.2852,-0.0194
754777217.1978323,52.386058999999996, 13.653355999999999,810550.0048,810547.6657,-0.0345,-2.2852,-0.0194
754777217.2472782,52.388908, 13.651971999999999,810550.6974,810548.3582,-0.0345,-2.2853,-0.0194
754777217.2967243,52.391756, 13.650587999999999,810551.2632,810548.9239,-0.0346,-2.2853,-0.0194
754777217.3461831,52.394605999999996, 13.649203,810551.9498,810549.6104,-0.0346,-2.2854,-0.0194
754777217.3956292,52.397455, 13.647819,810552.7797,810550.4403,-0.0346,-2.2854,-0.0194
754777217.4450877,52.400304, 13.646434,810553.5947,810551.2552,-0.0347,-2.2855,-0.0194
754777217.4945333,52.403152999999996, 13.645049,810554.4999,810552.1603,-0.0347,-2.2855,-0.0194
754777217.5439916,52.406002, 13.643664,810555.1413,810552.8016,-0.0347,-2.2856,-0.0193
754777217.5934498,52.408851, 13.642279,810555.7545,810553.4148,-0.0348,-2.2857,-0.0193
754777217.6428952,52.411699999999996, 13.640893,810557.0269,810554.6871,-0.0348,-2.2857,-0.0193
754777217.6923409,52.414547999999996, 13.639508,810558.2493,810555.9094,-0.0348,-2.2858,-0.0193
754777217.7417862,52.417397, 13.638123,810560.7588,810558.4188,-0.0348,-2.2858,-0.0193
754777217.7912445,52.420246, 13.636735999999999,810558.3743,810556.0342,-0.0349,-2.2859,-0.0193
754777217.8406775,52.423094, 13.635351,810558.8389,810556.4988,-0.0349,-2.2859,-0.0193
754777217.8901355,52.425943, 13.633965,810559.0805,810556.7403,-0.0349,-2.2860,-0.0193
754777217.9395683,52.428791, 13.632579,810559.6370,810557.2967,-0.0350,-2.2860,-0.0193
754777217.9890265,52.431639999999994, 13.631191999999999,810560.4663,810558.1259,-0.0350,-2.2861,-0.0193
754777218.0384836,52.43449, 13.629805999999999,810561.1045,810558.7641,-0.0350,-2.2861,-0.0193
754777218.0879292,52.437338, 13.628419,810562.8256,810560.4852,-0.0350,-2.2861,-0.0193
754777218.1373746,52.440186999999995, 13.627032,810562.2769,810559.9364,-0.0351,-2.2861,-0.0193
754777218.1868329,52.443036, 13.625644999999999,810562.8950,810560.5545,-0.0351,-2.2861,-0.0193
754777218.2362657,52.445882999999995, 13.624258,810563.4382,810561.0977,-0.0351,-2.2861,-0.0193
754777218.2857239,52.448733, 13.622871,810564.1252,810561.7847,-0.0351,-2.2861,-0.0193
754777218.3351822,52.451581999999995, 13.621483,810565.5297,810563.1892,-0.0351,-2.2861,-0.0193
754777218.3846405,52.454431, 13.620095,810567.3064,810564.9658,-0.0352,-2.2861,-0.0193
754777218.4340861,52.457279, 13.618708,810565.7262,810563.3856,-0.0352,-2.2861,-0.0193
754777218.4835443,52.460128, 13.61732,810566.4391,810564.0985,-0.0352,-2.2861,-0.0193
754777218.5330026,52.462976999999995, 13.615931,810566.9318,810564.5912,-0.0352,-2.2862,-0.0192
754777218.5824482,52.465826, 13.614543,810567.4706,810565.1300,-0.0352,-2.2862,-0.0192
754777218.6319065,52.468675, 13.613154999999999,810566.4886,810564.1479,-0.0353,-2.2862,-0.0192
754777216.2581885,52.331922, 13.679628,810536.0771,810533.7380,-0.0347,-2.2849,-0.0195
754777216.3076339,52.334770999999996, 13.678246999999999,810540.9386,810538.5995,-0.0347,-2.2849,-0.0195
754777216.3570795,52.33762, 13.676865999999999,810542.3884,810540.0493,-0.0347,-2.2849,-0.0195
754777216.4065249,52.340469, 13.675483999999999,810541.3150,810538.9760,-0.0346,-2.2849,-0.0195
754777216.4559705,52.343317, 13.674102999999999,810541.6813,810539.3423,-0.0346,-2.2849,-0.0195
754777216.5054159,52.346166, 13.672721,810541.7352,810539.3962,-0.0346,-2.2850,-0.0194
754777216.5548742,52.349016, 13.671339,810542.2710,810539.9320,-0.0346,-2.2850,-0.0194
754777216.6043196,52.351865, 13.669957,810542.3892,810540.0502,-0.0346,-2.2850,-0.0194
754777216.6537652,52.354713999999994, 13.668574,810542.9966,810540.6577,-0.0345,-2.2850,-0.0194
754777216.7032235,52.357563, 13.667192,810543.5269,810541.1880,-0.0345,-2.2850,-0.0194
754777216.7526691,52.360412, 13.665809,810544.1796,810541.8407,-0.0345,-2.2850,-0.0194
754777216.8021145,52.363260999999994, 13.664427,810545.2491,810542.9102,-0.0345,-2.2850,-0.0194
754777216.8515601,52.36611, 13.663044,810546.0879,810543.7490,-0.0345,-2.2850,-0.0194
754777216.9010184,52.368959, 13.661660999999999,810546.7170,810544.3782,-0.0344,-2.2850,-0.0194
754777216.9504638,52.371807999999994, 13.660276999999999,810546.8146,810544.4758,-0.0344,-2.2850,-0.0194
754777216.9999094,52.374657, 13.658894,810547.4553,810545.1165,-0.0344,-2.2850,-0.0194
754777217.049367,52.377506, 13.657511,810548.1012,810545.7623,-0.0344,-2.2851,-0.0194
754777217.0988128,52.380354999999994, 13.656127,810548.7915,810546.4525,-0.0345,-2.2851,-0.0194
754777217.1482716,52.383205, 13.654743,810549.3513,810547.0123,-0.0345,-2.2852,-0.0194
754777217.1977177,52.386053, 13.653359,810550.0037,810547.6646,-0.0345,-2.2852,-0.0194
754777217.2471638,52.388901999999995, 13.651975,810550.6964,810548.3572,-0.0345,-2.2853,-0.0194
754777217.2966225,52.391751, 13.650590999999999,810551.2624,810548.9231,-0.0346,-2.2853,-0.0194
754777217.3460684,52.3946, 13.649206,810551.9490,810549.6096,-0.0346,-2.2854,-0.0194
754777217.3955271,52.39745, 13.647820999999999,810552.6822,810550.3428,-0.0346,-2.2854,-0.0194
754777217.4449604,52.400296999999995, 13.646436999999999,810553.5932,810551.2537,-0.0347,-2.2855,-0.0194
754777217.4944186,52.403147, 13.645052,810554.4987,810552.1591,-0.0347,-2.2855,-0.0194
754777217.5438643,52.405995, 13.643666999999999,810555.1396,810552.7999,-0.0347,-2.2856,-0.0193
754777217.5933225,52.408845, 13.642282,810555.7526,810553.4129,-0.0348,-2.2857,-0.0193
754777217.6427679,52.411693, 13.640896999999999,810557.0229,810554.6831,-0.0348,-2.2857,-0.0193
754777217.6922262,52.414542999999995, 13.639510999999999,810558.2423,810555.9024,-0.0348,-2.2858,-0.0193
754777217.7416589,52.417390999999995, 13.638126,810560.7564,810558.4164,-0.0348,-2.2858,-0.0193
754777217.7911172,52.42024, 13.63674,810558.3730,810556.0329,-0.0349,-2.2859,-0.0193
754777217.84055,52.423088, 13.635354,810558.8381,810556.4980,-0.0349,-2.2859,-0.0193
754777217.8900082,52.425937, 13.633968,810559.0791,810556.7389,-0.0349,-2.2860,-0.0193
754777217.9394665,52.428785999999995, 13.632582,810559.6359,810557.2956,-0.0350,-2.2860,-0.0193
754777217.9889121,52.431635, 13.631195,810560.4651,810558.1247,-0.0350,-2.2861,-0.0193
754777218.0383689,52.434484, 13.629809,810561.1032,810558.7628,-0.0350,-2.2861,-0.0193
754777218.0878146,52.437332, 13.628421999999999,810562.8205,810560.4801,-0.0350,-2.2861,-0.0193
754777218.13726,52.440180999999995, 13.627035,810562.2779,810559.9374,-0.0351,-2.2861,-0.0193
754777218.1867182,52.44303, 13.625648,810562.8939,810560.5534,-0.0351,-2.2861,-0.0193
754777218.2361639,52.445878, 13.624260999999999,810563.4377,810561.0972,-0.0351,-2.2861,-0.0193
754777218.2856221,52.448727999999996, 13.622873,810564.1239,810561.7834,-0.0351,-2.2861,-0.0193
754777218.3350804,52.451577, 13.621485999999999,810565.5268,810563.1863,-0.0351,-2.2861,-0.0193
754777218.3845387,52.454426, 13.620097999999999,810567.3019,810564.9613,-0.0352,-2.2861,-0.0193
754777218.4339843,52.457274, 13.61871,810565.7248,810563.3842,-0.0352,-2.2861,-0.0193
754777218.4834299,52.460122999999996, 13.617322,810566.4385,810564.0979,-0.0352,-2.2861,-0.0193
754777218.5328882,52.462972, 13.615934,810566.9308,810564.5902,-0.0352,-2.2862,-0.0192
754777218.5823464,52.465821, 13.614545999999999,810567.4705,810565.1299,-0.0352,-2.2862,-0.0192
754777218.6317792,52.468668, 13.613157999999999,810566.4871,810564.1464,-0.0353,-2.2862,-0.0192
754777216.2576919,52.331894, 13.679641,810536.0727,810533.7407,-0.0342,-2.2850,-0.0128
754777216.3071373,52.334742999999996, 13.67826,810540.9490,810538.6171,-0.0342,-2.2850,-0.0128
754777216.3565829,52.337592, 13.676879,810542.3861,810540.0542,-0.0341,-2.2850,-0.0128
754777216.4060409,52.340441, 13.675497,810541.3135,810538.9817,-0.0341,-2.2850,-0.0128
754777216.4554992,52.343291, 13.674114999999999,810541.6793,810539.3475,-0.0340,-2.2850,-0.0128
754777216.5049448,52.34614, 13.672734,810541.7333,810539.4016,-0.0340,-2.2850,-0.0127
754777216.5543902,52.348988999999996, 13.671351999999999,810542.2674,810539.9357,-0.0340,-2.2850,-0.0127
754777216.6038358,52.351838, 13.66997,810542.4581,810540.1264,-0.0339,-2.2850,-0.0127
754777216.6532941,52.354687, 13.668586999999999,810542.9938,810540.6622,-0.0339,-2.2850,-0.0127
754777216.7027395,52.357535999999996, 13.667205,810543.5242,810541.1926,-0.0338,-2.2850,-0.0127
754777216.7521851,52.360385, 13.665821999999999,810544.1736,810541.8421,-0.0338,-2.2850,-0.0127
754777216.8016305,52.363234, 13.664439999999999,810545.2390,810542.9075,-0.0338,-2.2850,-0.0127
754777216.8510888,52.366082999999996, 13.663057,810546.0777,810543.7463,-0.0337,-2.2850,-0.0127
754777216.9005218,52.368930999999996, 13.661674,810546.7139,810544.3825,-0.0337,-2.2850,-0.0127
754777216.9499671,52.37178, 13.660290999999999,810546.8140,810544.4827,-0.0336,-2.2850,-0.0127
754777216.9994254,52.374629999999996, 13.658907,810547.4512,810545.1199,-0.0336,-2.2850,-0.0127
754777217.0488706,52.377477999999996, 13.657523999999999,810548.0040,810545.6726,-0.0336,-2.2851,-0.0127
754777217.0983291,52.380328, 13.656139999999999,810548.6930,810546.3616,-0.0336,-2.2851,-0.0127
754777217.1477752,52.383176999999996, 13.654755999999999,810549.3481,810547.0166,-0.0336,-2.2852,-0.0127
754777217.1972213,52.386025, 13.653373,810549.9991,810547.6675,-0.0336,-2.2852,-0.0127
754777217.2466671,52.388873999999994, 13.651988999999999,810550.6808,810548.3492,-0.0336,-2.2853,-0.0127
754777217.2961133,52.391723, 13.650604,810551.2659,810548.9342,-0.0337,-2.2853,-0.0127
754777217.3455594,52.394571, 13.64922,810551.9455,810549.6138,-0.0337,-2.2854,-0.0127
754777217.3950181,52.397420999999994, 13.647834999999999,810552.6783,810550.3465,-0.0337,-2.2854,-0.0127
754777217.4444637,52.40027, 13.646450999999999,810553.5877,810551.2558,-0.0337,-2.2855,-0.0127
754777217.493922,52.403119, 13.645066,810554.4933,810552.1614,-0.0337,-2.2855,-0.0127
754777217.5433674,52.405967999999994, 13.643680999999999,810555.1329,810552.8009,-0.0337,-2.2856,-0.0127
754777217.5928257,52.408817, 13.642294999999999,810555.7449,810553.4128,-0.0337,-2.2857,-0.0127
754777217.6422713,52.411665, 13.64091,810557.0034,810554.6713,-0.0337,-2.2857,-0.0127
754777217.6917169,52.414514, 13.639524999999999,810558.2182,810555.8860,-0.0337,-2.2858,-0.0127
754777217.7411623,52.417362999999995, 13.638138999999999,810560.7511,810558.4188,-0.0337,-2.2858,-0.0127
754777217.7906079,52.420210999999995, 13.636754,810558.3680,810556.0357,-0.0338,-2.2859,-0.0127
754777217.8400662,52.42306, 13.635366999999999,810558.8356,810556.5032,-0.0338,-2.2859,-0.0127
754777217.889499,52.425908, 13.633982,810559.0740,810556.7415,-0.0338,-2.2860,-0.0127
754777217.9389572,52.428757999999995, 13.632595,810559.6305,810557.2980,-0.0338,-2.2860,-0.0127
754777217.9884026,52.431605999999995, 13.631209,810560.4572,810558.1246,-0.0338,-2.2861,-0.0127
754777218.0378468,52.434453999999995, 13.629823,810561.0979,810558.7653,-0.0338,-2.2861,-0.0127
754777218.0873051,52.437304, 13.628435999999999,810562.8025,810560.4699,-0.0338,-2.2861,-0.0127
754777218.1367507,52.440152, 13.627049,810562.2771,810559.9445,-0.0338,-2.2861,-0.0127
754777218.1861961,52.443000999999995, 13.625662,810562.8893,810560.5567,-0.0338,-2.2861,-0.0127
754777218.2356544,52.44585, 13.624274999999999,810563.4353,810561.1027,-0.0338,-2.2861,-0.0127
754777218.2851126,52.448699, 13.622886999999999,810564.1180,810561.7854,-0.0338,-2.2861,-0.0127
754777218.3345454,52.451547, 13.6215,810565.5117,810563.1791,-0.0338,-2.2861,-0.0127
754777218.3840036,52.454395999999996, 13.620111999999999,810567.2788,810564.9462,-0.0338,-2.2861,-0.0127
754777218.4334495,52.457243999999996, 13.618725,810565.7180,810563.3854,-0.0338,-2.2861,-0.0127
754777218.4828949,52.460091999999996, 13.617337,810566.4367,810564.1041,-0.0338,-2.2861,-0.0127
754777218.5323405,52.462941, 13.615948999999999,810566.9259,810564.5932,-0.0339,-2.2862,-0.0126
754777218.5817988,52.46579, 13.614561,810567.4692,810565.1365,-0.0339,-2.2862,-0.0126
754777218.631257,52.468638999999996, 13.613171999999999,810566.4813,810564.1486,-0.0339,-2.2862,-0.0126
757110021.2748151,52.330099, 13.681541999999999,810732.2434,810729.8630,-0.0784,-2.2913,-0.0107
757110021.3242733,52.332947999999995, 13.680161,810732.9204,810730.5399,-0.0785,-2.2913,-0.0107
757110021.3737442,52.335798999999994, 13.67878,810735.0416,810732.6611,-0.0786,-2.2913,-0.0107
757110021.4232025,52.338648, 13.677398,810734.9914,810732.6108,-0.0787,-2.2912,-0.0107
757110021.4726608,52.341497999999994, 13.676017,810739.0372,810736.6566,-0.0788,-2.2912,-0.0107
757110021.5221319,52.344348, 13.674634999999999,810739.8586,810737.4779,-0.0788,-2.2912,-0.0106
757110021.5716028,52.347198, 13.673252999999999,810739.8576,810737.4769,-0.0789,-2.2912,-0.0106
757110021.6210611,52.350048, 13.671871,810738.4336,810736.0528,-0.0790,-2.2912,-0.0106
757110021.670532,52.352897999999996, 13.670489,810739.2432,810736.8624,-0.0791,-2.2911,-0.0106
757110021.7200029,52.355748, 13.669106999999999,810740.0269,810737.6460,-0.0792,-2.2911,-0.0106
757110021.7694612,52.358598, 13.667724,810740.6820,810738.3011,-0.0792,-2.2911,-0.0106
757110021.8189323,52.361447999999996, 13.666342,810741.7022,810739.3212,-0.0793,-2.2911,-0.0106
757110021.868391,52.364298, 13.664959,810743.1982,810740.8171,-0.0794,-2.2911,-0.0106
757110021.9178627,52.367148, 13.663575999999999,810744.9349,810742.5538,-0.0795,-2.2910,-0.0106
757110021.9673214,52.369997, 13.662193,810743.2304,810740.8492,-0.0795,-2.2910,-0.0106
757110022.0167806,52.372847, 13.66081,810743.7774,810741.3962,-0.0796,-2.2910,-0.0106
757110022.0662527,52.375696999999995, 13.659426,810744.4929,810742.1116,-0.0797,-2.2910,-0.0106
757110022.1157241,52.378547, 13.658043,810745.0971,810742.7157,-0.0797,-2.2911,-0.0106
757110022.1651955,52.381397, 13.656659,810745.9192,810743.5377,-0.0798,-2.2911,-0.0106
757110022.2146542,52.384246999999995, 13.655275,810746.6026,810744.2210,-0.0799,-2.2912,-0.0106
757110022.2641253,52.387097, 13.653891,810747.2668,810744.8851,-0.0799,-2.2912,-0.0106
757110022.3135836,52.389945999999995, 13.652507,810746.4690,810744.0872,-0.0800,-2.2912,-0.0106
757110022.3630545,52.392796, 13.651123,810746.6756,810744.2937,-0.0800,-2.2913,-0.0106
757110022.4125128,52.395644999999995, 13.649738,810748.3156,810745.9336,-0.0801,-2.2913,-0.0106
757110022.4619839,52.398495, 13.648354,810749.8454,810747.4633,-0.0802,-2.2913,-0.0106
757110022.5114422,52.401345, 13.646968999999999,810750.8321,810748.4499,-0.0802,-2.2914,-0.0106
757110022.5609131,52.404194999999994, 13.645584,810751.6970,810749.3147,-0.0803,-2.2914,-0.0106
757110022.6103714,52.407044, 13.644198999999999,810750.6042,810748.2218,-0.0803,-2.2914,-0.0106
757110022.6598423,52.409893999999994, 13.642814,810751.9241,810749.5416,-0.0804,-2.2915,-0.0106
757110022.7093134,52.412743999999996, 13.641428,810755.2861,810752.9036,-0.0805,-2.2915,-0.0106
757110022.7587717,52.415592999999994, 13.640042999999999,810756.5918,810754.2092,-0.0805,-2.2915,-0.0106
757110022.8082426,52.418442999999996, 13.638657,810758.5784,810756.1957,-0.0806,-2.2916,-0.0106
757110022.8577135,52.421293, 13.637271,810754.9235,810752.5407,-0.0806,-2.2916,-0.0106
757110022.9071717,52.424141999999996, 13.635886,810755.7758,810753.3929,-0.0807,-2.2916,-0.0106
757110022.95663,52.426991, 13.6345,810755.9507,810753.5677,-0.0807,-2.2917,-0.0106
757110023.0061009,52.429840999999996, 13.633113,810756.6977,810754.3146,-0.0808,-2.2917,-0.0106
757110023.0555706,52.432691, 13.631727,810757.4493,810755.0662,-0.0809,-2.2917,-0.0106
757110023.1050289,52.435539999999996, 13.630339999999999,810758.1729,810755.7897,-0.0809,-2.2917,-0.0106
757110023.1545,52.43839, 13.628953,810758.8385,810756.4553,-0.0810,-2.2917,-0.0106
757110023.2039709,52.44124, 13.627566,810759.2643,810756.8810,-0.0810,-2.2917,-0.0106
757110023.2534292,52.444089, 13.62618,810759.3279,810756.9446,-0.0811,-2.2916,-0.0106
757110023.3029001,52.446939, 13.624792,810760.7508,810758.3675,-0.0811,-2.2916,-0.0106
757110023.3523583,52.449788, 13.623405,810761.6964,810759.3130,-0.0812,-2.2916,-0.0106
757110023.4018295,52.452636999999996, 13.622017999999999,810762.7061,810760.3227,-0.0812,-2.2916,-0.0106
757110023.4513004,52.455487, 13.62063,810758.2071,810755.8236,-0.0813,-2.2916,-0.0106
757110023.5007715,52.458337, 13.619242,810762.6372,810760.2537,-0.0814,-2.2916,-0.0105
757110023.5502429,52.461186999999995, 13.617854,810763.2036,810760.8201,-0.0814,-2.2916,-0.0105
757110023.5997143,52.464036, 13.616465,810763.7046,810761.3210,-0.0815,-2.2916,-0.0105
757110023.649173,52.466885, 13.615077,810764.0076,810761.6240,-0.0815,-2.2916,-0.0105
757110023.6986446,52.469735, 13.613688999999999,810763.3064,810760.9227,-0.0816,-2.2916,-0.0105
757110021.2751589,52.330118999999996, 13.681531999999999,810732.2462,810729.8658,-0.0784,-2.2913,-0.0107
757110021.3246171,52.332968, 13.680150999999999,810732.9229,810730.5424,-0.0785,-2.2913,-0.0107
757110021.374088,52.335819, 13.67877,810735.0310,810732.6505,-0.0786,-2.2913,-0.0107
757110021.4235463,52.338668, 13.677389,810735.0035,810732.6229,-0.0787,-2.2912,-0.0107
757110021.4730046,52.341518, 13.676007,810739.0513,810736.6707,-0.0788,-2.2912,-0.0107
757110021.5224757,52.344367999999996, 13.674624999999999,810739.8652,810737.4845,-0.0788,-2.2912,-0.0106
757110021.5719466,52.347218, 13.673243,810739.8276,810737.4469,-0.0789,-2.2912,-0.0106
757110021.6214049,52.350068, 13.671861999999999,810738.4617,810736.0809,-0.0790,-2.2912,-0.0106
757110021.670876,52.352917999999995, 13.670479,810739.2483,810736.8675,-0.0791,-2.2911,-0.0106
757110021.7203467,52.355768, 13.669096999999999,810740.0290,810737.6481,-0.0792,-2.2911,-0.0106
757110021.769805,52.358618, 13.667715,810740.6859,810738.3050,-0.0792,-2.2911,-0.0106
757110021.8192761,52.361467999999995, 13.666331999999999,810741.7055,810739.3245,-0.0793,-2.2911,-0.0106
757110021.8687348,52.364317, 13.664949,810743.2038,810740.8227,-0.0794,-2.2911,-0.0106
757110021.9182062,52.367168, 13.663566,810744.9517,810742.5706,-0.0795,-2.2910,-0.0106
757110021.967665,52.370017, 13.662182999999999,810743.2131,810740.8319,-0.0795,-2.2910,-0.0106
757110022.0171244,52.372867, 13.6608,810743.7818,810741.4006,-0.0796,-2.2910,-0.0106
757110022.0665963,52.375716999999995, 13.659417,810744.4953,810742.1140,-0.0797,-2.2910,-0.0106
757110022.1160676,52.378567, 13.658033,810745.1026,810742.7212,-0.0797,-2.2911,-0.0106
757110022.1655264,52.381415999999994, 13.656649,810745.9226,810743.5411,-0.0798,-2.2911,-0.0106
757110022.214998,52.384266, 13.655265,810746.6070,810744.2254,-0.0799,-2.2912,-0.0106
757110022.2644691,52.387116, 13.653881,810747.2701,810744.8884,-0.0799,-2.2912,-0.0106
757110022.3139274,52.389966, 13.652496999999999,810746.4632,810744.0814,-0.0800,-2.2912,-0.0106
757110022.3633986,52.392815999999996, 13.651112999999999,810746.6805,810744.2986,-0.0800,-2.2913,-0.0106
757110022.4128568,52.395665, 13.649728999999999,810748.3370,810745.9550,-0.0801,-2.2913,-0.0106
757110022.4623277,52.398514999999996, 13.648344,810749.8593,810747.4772,-0.0802,-2.2913,-0.0106
757110022.511786,52.401364, 13.646958999999999,810750.8384,810748.4562,-0.0802,-2.2914,-0.0106
757110022.5612569,52.404213999999996, 13.645574,810751.6948,810749.3125,-0.0803,-2.2914,-0.0106
757110022.6107152,52.407064, 13.644188999999999,810750.6020,810748.2196,-0.0803,-2.2914,-0.0106
757110022.6601863,52.409914, 13.642804,810751.9493,810749.5668,-0.0804,-2.2915,-0.0106
757110022.7096572,52.412763999999996, 13.641418999999999,810755.2918,810752.9093,-0.0805,-2.2915,-0.0106
757110022.7591155,52.415613, 13.640032999999999,810756.6074,810754.2248,-0.0805,-2.2915,-0.0106
757110022.8085864,52.418462999999996, 13.638646999999999,810758.5927,810756.2100,-0.0806,-2.2916,-0.0106
757110022.8580446,52.421312, 13.637262,810754.9283,810752.5455,-0.0806,-2.2916,-0.0106
757110022.9075155,52.424161999999995, 13.635876,810755.7753,810753.3924,-0.0807,-2.2916,-0.0106
757110022.9569738,52.427011, 13.63449,810755.9552,810753.5722,-0.0807,-2.2917,-0.0106
757110023.0064447,52.429860999999995, 13.633103,810756.7013,810754.3182,-0.0808,-2.2917,-0.0106
757110023.0559146,52.432711, 13.631717,810757.4534,810755.0703,-0.0809,-2.2917,-0.0106
757110023.1053727,52.435559999999995, 13.630331,810758.1775,810755.7943,-0.0809,-2.2917,-0.0106
757110023.1548438,52.43841, 13.628943999999999,810758.8438,810756.4606,-0.0810,-2.2917,-0.0106
757110023.2043147,52.44126, 13.627557,810759.2596,810756.8763,-0.0810,-2.2917,-0.0106
757110023.2537858,52.444109, 13.626168999999999,810759.3430,810756.9597,-0.0811,-2.2916,-0.0106
757110023.3032568,52.446959, 13.624782,810760.7563,810758.3730,-0.0811,-2.2916,-0.0106
757110023.352715,52.449808, 13.623394999999999,810761.7026,810759.3192,-0.0812,-2.2916,-0.0106
757110023.4021859,52.452658, 13.622007,810762.7126,810760.3292,-0.0812,-2.2916,-0.0106
757110023.451657,52.455507999999995, 13.620619999999999,810758.2195,810755.8360,-0.0813,-2.2916,-0.0106
757110023.501128,52.458357, 13.619232,810762.5433,810760.1598,-0.0814,-2.2916,-0.0105
757110023.5505738,52.461206, 13.617844,810763.2050,810760.8215,-0.0814,-2.2916,-0.0105
757110023.6000452,52.464054999999995, 13.616456,810763.7075,810761.3239,-0.0815,-2.2916,-0.0105
757110023.6495168,52.466905, 13.615067999999999,810764.0042,810761.6206,-0.0815,-2.2916,-0.0105
757110023.6989882,52.469755, 13.613679,810763.3101,810760.9264,-0.0816,-2.2916,-0.0105
757110021.2747769,52.330096999999995, 13.681543,810732.2430,810729.8681,-0.0722,-2.2919,-0.0108
757110021.3242352,52.332946, 13.680162,810732.9202,810730.5452,-0.0723,-2.2919,-0.0108
757110021.3737061,52.335797, 13.678780999999999,810735.0433,810732.6683,-0.0724,-2.2919,-0.0108
757110021.4231644,52.338646, 13.677399,810734.9896,810732.6145,-0.0725,-2.2918,-0.0108
757110021.4726226,52.341496, 13.676018,810739.0355,810736.6603,-0.0726,-2.2918,-0.0108
757110021.5220935,52.344345999999994, 13.674636,810739.8583,810737.4831,-0.0726,-2.2918,-0.0108
757110021.5715647,52.347196, 13.673254,810739.8619,810737.4866,-0.0727,-2.2918,-0.0108
757110021.6210229,52.350046, 13.671871999999999,810738.4332,810736.0579,-0.0728,-2.2918,-0.0108
757110021.6704812,52.352895, 13.67049,810739.2426,810736.8672,-0.0729,-2.2917,-0.0108
757110021.7199519,52.355745999999996, 13.669108,810740.0266,810737.6511,-0.0730,-2.2917,-0.0108
757110021.7694101,52.358595, 13.667726,810740.6814,810738.3059,-0.0730,-2.2917,-0.0108
757110021.8188813,52.361444999999996, 13.666343,810741.7019,810739.3263,-0.0731,-2.2917,-0.0108
757110021.86834,52.364295, 13.664959999999999,810743.1977,810740.8221,-0.0732,-2.2917,-0.0108
757110021.9178116,52.367145, 13.663577,810744.9328,810742.5571,-0.0733,-2.2916,-0.0108
757110021.9672704,52.369994, 13.662194,810743.2340,810740.8582,-0.0733,-2.2916,-0.0108
757110022.0167296,52.372844, 13.660810999999999,810743.7768,810741.4010,-0.0734,-2.2916,-0.0108
757110022.066189,52.375693, 13.659428,810744.4925,810742.1166,-0.0735,-2.2916,-0.0108
757110022.1156604,52.378543, 13.658043999999999,810745.0962,810742.7202,-0.0736,-2.2917,-0.0108
757110022.1651192,52.381392999999996, 13.656661,810745.9185,810743.5424,-0.0736,-2.2917,-0.0108
757110022.2145905,52.384243, 13.655277,810746.6017,810744.2255,-0.0737,-2.2918,-0.0108
757110022.2640617,52.387093, 13.653893,810747.2662,810744.8899,-0.0738,-2.2918,-0.0108
757110022.31352,52.389942, 13.652509,810746.4702,810744.0938,-0.0738,-2.2918,-0.0108
757110022.3629909,52.392792, 13.651124,810746.6754,810744.2989,-0.0739,-2.2919,-0.0108
757110022.4124491,52.395641999999995, 13.64974,810748.2437,810745.8671,-0.0740,-2.2919,-0.0108
757110022.4619203,52.398492, 13.648354999999999,810749.8429,810747.4662,-0.0740,-2.2919,-0.0108
757110022.5113785,52.401340999999995, 13.646970999999999,810750.8309,810748.4541,-0.0741,-2.2920,-0.0107
757110022.5608494,52.404191, 13.645586,810751.6974,810749.3205,-0.0742,-2.2920,-0.0107
757110022.6103077,52.407039999999995, 13.644200999999999,810750.6045,810748.2275,-0.0743,-2.2920,-0.0107
757110022.6597786,52.40989, 13.642816,810751.9195,810749.5424,-0.0743,-2.2921,-0.0107
757110022.7092497,52.41274, 13.64143,810755.2843,810752.9071,-0.0744,-2.2921,-0.0107
757110022.7587078,52.415589, 13.640044999999999,810756.5891,810754.2118,-0.0745,-2.2921,-0.0107
757110022.8081789,52.418439, 13.638658999999999,810758.5807,810756.2033,-0.0745,-2.2922,-0.0107
757110022.8576372,52.421288, 13.637272999999999,810754.9224,810752.5449,-0.0746,-2.2922,-0.0107
757110022.9071081,52.424138, 13.635886999999999,810755.7758,810753.3982,-0.0747,-2.2922,-0.0107
757110022.9565663,52.426987999999994, 13.634501,810755.9497,810753.5720,-0.0747,-2.2923,-0.0107
757110023.0060372,52.429837, 13.633115,810756.6968,810754.3190,-0.0748,-2.2923,-0.0107
757110023.055507,52.432686999999994, 13.631727999999999,810757.4486,810755.0708,-0.0749,-2.2923,-0.0107
757110023.1049652,52.435536, 13.630341999999999,810758.1718,810755.7939,-0.0749,-2.2923,-0.0107
757110023.1544363,52.438385999999994, 13.628955,810758.8373,810756.4594,-0.0750,-2.2923,-0.0107
757110023.2039073,52.441235999999996, 13.627568,810759.2664,810756.8884,-0.0750,-2.2922,-0.0107
757110023.2533782,52.444086, 13.626180999999999,810759.3229,810756.9449,-0.0751,-2.2922,-0.0107
757110023.3028493,52.446936, 13.624794,810760.7503,810758.3723,-0.0751,-2.2922,-0.0107
757110023.3523076,52.449785, 13.623406,810761.6955,810759.3174,-0.0752,-2.2922,-0.0107
757110023.4017785,52.452633999999996, 13.622019,810762.7051,810760.3270,-0.0752,-2.2922,-0.0107
757110023.4512496,52.455484, 13.620631,810758.2051,810755.8269,-0.0753,-2.2922,-0.0107
757110023.5007205,52.458334, 13.619242999999999,810762.6366,810760.2584,-0.0754,-2.2921,-0.0107
757110023.5501919,52.461183999999996, 13.617854999999999,810763.2034,810760.8252,-0.0754,-2.2921,-0.0107
757110023.5996506,52.464033, 13.616467,810763.7041,810761.3258,-0.0755,-2.2921,-0.0107
757110023.649122,52.466882, 13.615079,810764.0081,810761.6298,-0.0755,-2.2921,-0.0107
757110023.6985936,52.469732, 13.61369,810763.3058,810760.9274,-0.0756,-2.2921,-0.0107
759442821.073709,52.331776999999995, 13.694569999999999,810629.1362,810626.7521,-0.0743,-2.2980,-0.0118
759442821.1231675,52.334627, 13.693188999999999,810629.8189,810627.4348,-0.0743,-2.2980,-0.0118
759442821.1726384,52.337478, 13.691808,810630.3754,810627.9914,-0.0743,-2.2979,-0.0118
759442821.2220967,52.340326999999995, 13.690427,810631.0680,810628.6841,-0.0743,-2.2979,-0.0118
759442821.271555,52.343177, 13.689046,810631.5853,810629.2014,-0.0742,-2.2979,-0.0118
759442821.3210006,52.346025999999995, 13.687664999999999,810632.4128,810630.0290,-0.0742,-2.2978,-0.0118
759442821.3704588,52.348876, 13.686283999999999,810634.9733,810632.5895,-0.0742,-2.2978,-0.0118
759442821.4199171,52.351724999999995, 13.684903,810637.4691,810635.0854,-0.0742,-2.2977,-0.0118
759442821.469388,52.354575999999994, 13.683520999999999,810636.8881,810634.5045,-0.0742,-2.2977,-0.0118
759442821.5188463,52.357425, 13.682139,810637.1736,810634.7900,-0.0742,-2.2976,-0.0117
759442821.5683043,52.360274999999994, 13.680757,810637.3451,810634.9616,-0.0742,-2.2976,-0.0117
759442821.6177499,52.363124, 13.679374999999999,810637.9409,810635.5574,-0.0742,-2.2975,-0.0117
759442821.6672208,52.365973999999994, 13.677992999999999,810638.5306,810636.1472,-0.0742,-2.2975,-0.0117
759442821.7166791,52.368824, 13.676611,810639.4104,810637.0271,-0.0742,-2.2975,-0.0117
759442821.7661374,52.371672999999994, 13.675227999999999,810642.1587,810639.7754,-0.0741,-2.2974,-0.0117
759442821.8155828,52.374522, 13.673846,810643.2457,810640.8625,-0.0741,-2.2974,-0.0117
759442821.8650539,52.377373, 13.672462999999999,810642.7696,810640.3864,-0.0741,-2.2973,-0.0117
759442821.9144995,52.380221, 13.67108,810642.5221,810640.1390,-0.0741,-2.2973,-0.0117
759442821.9639578,52.383071, 13.669697,810642.5581,810640.1751,-0.0741,-2.2972,-0.0117
759442822.0134287,52.385920999999996, 13.668313,810643.0642,810640.6812,-0.0741,-2.2972,-0.0117
759442822.062886,52.388771, 13.666929999999999,810643.9991,810641.6161,-0.0741,-2.2972,-0.0117
759442822.1123316,52.391619, 13.665547,810644.6749,810642.2918,-0.0741,-2.2973,-0.0117
759442822.1618025,52.39447, 13.664162999999999,810645.1223,810642.7392,-0.0741,-2.2973,-0.0117
759442822.2112479,52.397318, 13.662778999999999,810645.6057,810643.2226,-0.0741,-2.2973,-0.0117
759442822.2607062,52.400168, 13.661394999999999,810646.1063,810643.7231,-0.0741,-2.2974,-0.0117
759442822.3101773,52.403017999999996, 13.660010999999999,810646.7404,810644.3572,-0.0741,-2.2974,-0.0117
759442822.3596227,52.405867, 13.658627,810647.4269,810645.0436,-0.0741,-2.2975,-0.0117
759442822.4090941,52.408716999999996, 13.657242,810648.1143,810645.7310,-0.0741,-2.2975,-0.0117
759442822.4585402,52.411564999999996, 13.655857999999998,810651.6670,810649.2837,-0.0741,-2.2975,-0.0117
759442822.5079987,52.414415, 13.654473,810645.5081,810643.1247,-0.0741,-2.2976,-0.0117
759442822.5574574,52.417263999999996, 13.653087999999999,810645.9423,810643.5589,-0.0741,-2.2976,-0.0117
759442822.6069162,52.420114, 13.651703,810655.5064,810653.1230,-0.0741,-2.2976,-0.0117
759442822.6563749,52.422962999999996, 13.650317999999999,810652.5577,810650.1742,-0.0741,-2.2977,-0.0117
759442822.7058465,52.425813, 13.648931999999999,810652.6428,810650.2593,-0.0741,-2.2977,-0.0117
759442822.7552924,52.428661999999996, 13.647547,810653.3201,810650.9366,-0.0741,-2.2977,-0.0117
759442822.804764,52.431512, 13.646161,810654.0952,810651.7116,-0.0741,-2.2978,-0.0117
759442822.8542094,52.43436, 13.644775,810655.0795,810652.6959,-0.0741,-2.2978,-0.0117
759442822.9036806,52.43721, 13.643388999999999,810655.6887,810653.3051,-0.0741,-2.2978,-0.0117
759442822.9531388,52.440059999999995, 13.642002999999999,810656.0933,810653.7096,-0.0741,-2.2979,-0.0117
759442823.0025842,52.442907999999996, 13.640616999999999,810656.4146,810654.0309,-0.0741,-2.2979,-0.0117
759442823.0520434,52.445757, 13.63923,810656.7357,810654.3521,-0.0741,-2.2979,-0.0117
759442823.1015017,52.448606999999996, 13.637844,810657.0662,810654.6826,-0.0741,-2.2978,-0.0117
759442823.1509726,52.451457, 13.636457,810653.0639,810650.6804,-0.0741,-2.2978,-0.0117
759442823.2004182,52.454305, 13.635069999999999,810653.5003,810651.1169,-0.0740,-2.2977,-0.0117
759442823.2498765,52.457153999999996, 13.633683,810654.2104,810651.8270,-0.0740,-2.2977,-0.0117
759442823.2993474,52.460004, 13.632295,810655.0612,810652.6779,-0.0740,-2.2976,-0.0117
759442823.3488057,52.462852999999996, 13.630908,810659.4988,810657.1156,-0.0740,-2.2976,-0.0117
759442823.3982513,52.465702, 13.629520999999999,810659.9541,810657.5709,-0.0740,-2.2975,-0.0117
759442823.4477222,52.468551999999995, 13.628133,810659.8555,810657.4724,-0.0740,-2.2975,-0.0117
759442821.0738618,52.331786, 13.694564999999999,810629.1447,810626.7606,-0.0743,-2.2980,-0.0118
759442821.123333,52.334637, 13.693183999999999,810629.8208,810627.4367,-0.0743,-2.2980,-0.0118
759442821.1727912,52.337486, 13.691804,810630.3765,810627.9925,-0.0743,-2.2979,-0.0118
759442821.2222495,52.340336, 13.690423,810631.0690,810628.6851,-0.0743,-2.2979,-0.0118
759442821.2717078,52.343185999999996, 13.689041999999999,810631.5863,810629.2024,-0.0742,-2.2979,-0.0118
759442821.3211534,52.346035, 13.687660999999999,810632.4242,810630.0404,-0.0742,-2.2978,-0.0118
759442821.3706117,52.348884999999996, 13.68628,810634.9815,810632.5977,-0.0742,-2.2978,-0.0118
759442821.4200699,52.351734, 13.684897999999999,810637.4712,810635.0875,-0.0742,-2.2977,-0.0118
759442821.4695408,52.354585, 13.683516,810636.8822,810634.4986,-0.0742,-2.2977,-0.0118
759442821.5189991,52.357434, 13.682134999999999,810637.1747,810634.7911,-0.0742,-2.2976,-0.0117
759442821.5684571,52.360284, 13.680753,810637.3468,810634.9633,-0.0742,-2.2976,-0.0117
759442821.6179028,52.363133, 13.679371,810637.9420,810635.5585,-0.0742,-2.2975,-0.0117
759442821.6673737,52.365983, 13.677989,810638.5322,810636.1488,-0.0742,-2.2975,-0.0117
759442821.7168319,52.368832999999995, 13.676606,810639.4163,810637.0330,-0.0742,-2.2975,-0.0117
759442821.7662902,52.371682, 13.675224,810642.1619,810639.7786,-0.0741,-2.2974,-0.0117
759442821.8157482,52.374531999999995, 13.673841,810643.2488,810640.8656,-0.0741,-2.2974,-0.0117
759442821.8652196,52.377382, 13.672457999999999,810642.7715,810640.3883,-0.0741,-2.2973,-0.0117
759442821.914665,52.380230999999995, 13.671075,810642.5224,810640.1393,-0.0741,-2.2973,-0.0117
759442821.9641232,52.38308, 13.669692,810642.5590,810640.1760,-0.0741,-2.2972,-0.0117
759442822.0135942,52.385931, 13.668308999999999,810643.0656,810640.6826,-0.0741,-2.2972,-0.0117
759442822.0630515,52.38878, 13.666924999999999,810644.0016,810641.6186,-0.0741,-2.2972,-0.0117
759442822.1125097,52.39163, 13.665541999999999,810644.6759,810642.2928,-0.0741,-2.2973,-0.0117
759442822.161968,52.394479, 13.664157999999999,810645.1233,810642.7402,-0.0741,-2.2973,-0.0117
759442822.2114136,52.397327999999995, 13.662775,810645.5991,810643.2160,-0.0741,-2.2973,-0.0117
759442822.2608719,52.400177, 13.661391,810646.1102,810643.7270,-0.0741,-2.2974,-0.0117
759442822.3103302,52.403026999999994, 13.660006,810646.7416,810644.3584,-0.0741,-2.2974,-0.0117
759442822.3597755,52.405874999999995, 13.658622,810647.4283,810645.0450,-0.0741,-2.2975,-0.0117
759442822.4092469,52.408725999999994, 13.657238,810648.1156,810645.7323,-0.0741,-2.2975,-0.0117
759442822.458693,52.411573999999995, 13.655852999999999,810651.6691,810649.2858,-0.0741,-2.2975,-0.0117
759442822.5081515,52.414424, 13.654468999999999,810645.5071,810643.1237,-0.0741,-2.2976,-0.0117
759442822.5576103,52.417272999999994, 13.653084,810645.9433,810643.5599,-0.0741,-2.2976,-0.0117
759442822.607069,52.420122, 13.651698999999999,810655.5024,810653.1190,-0.0741,-2.2976,-0.0117
759442822.6565278,52.422971999999994, 13.650312999999999,810652.5606,810650.1771,-0.0741,-2.2977,-0.0117
759442822.7059991,52.425822, 13.648928,810652.6407,810650.2572,-0.0741,-2.2977,-0.0117
759442822.7554452,52.428670999999994, 13.647542,810653.3350,810650.9515,-0.0741,-2.2977,-0.0117
759442822.8049169,52.431521, 13.646156,810654.0991,810651.7155,-0.0741,-2.2978,-0.0117
759442822.8543622,52.434369, 13.644770999999999,810655.0815,810652.6979,-0.0741,-2.2978,-0.0117
759442822.9038205,52.437217999999994, 13.643384999999999,810655.6894,810653.3058,-0.0741,-2.2978,-0.0117
759442822.9532788,52.440068, 13.641999,810656.0942,810653.7105,-0.0741,-2.2979,-0.0117
759442823.0027244,52.442916, 13.640613,810656.4155,810654.0318,-0.0741,-2.2979,-0.0117
759442823.0521836,52.445766, 13.639225999999999,810656.7358,810654.3522,-0.0741,-2.2979,-0.0117
759442823.1016419,52.448615, 13.637839999999999,810657.1118,810654.7282,-0.0741,-2.2978,-0.0117
759442823.1511128,52.451465, 13.636453,810653.0669,810650.6834,-0.0741,-2.2978,-0.0117
759442823.2005584,52.454313, 13.635066,810653.5015,810651.1181,-0.0740,-2.2977,-0.0117
759442823.2500165,52.457162, 13.633678999999999,810654.2130,810651.8296,-0.0740,-2.2977,-0.0117
759442823.2994876,52.460012, 13.632290999999999,810655.0651,810652.6818,-0.0740,-2.2976,-0.0117
759442823.3489459,52.462861, 13.630904,810659.5026,810657.1194,-0.0740,-2.2976,-0.0117
759442823.3983912,52.465709999999994, 13.629517,810659.9543,810657.5711,-0.0740,-2.2975,-0.0117
759442823.4478621,52.46856, 13.628129,810659.8535,810657.4704,-0.0740,-2.2975,-0.0117
759442821.0735817,52.33177, 13.694574,810629.1289,810626.7543,-0.0650,-2.2969,-0.0127
759442821.1230528,52.33462, 13.693192999999999,810629.8177,810627.4431,-0.0650,-2.2969,-0.0127
759442821.1725111,52.337469999999996, 13.691811999999999,810630.3744,810627.9999,-0.0650,-2.2968,-0.0127
759442821.2219694,52.34032, 13.690431,810631.0671,810628.6926,-0.0650,-2.2968,-0.0127
759442821.271415,52.343168999999996, 13.689051,810631.5847,810629.2103,-0.0650,-2.2968,-0.0127
759442821.3208733,52.346019, 13.687669,810632.4034,810630.0290,-0.0650,-2.2967,-0.0127
759442821.3703315,52.348867999999996, 13.686288,810634.9667,810632.5924,-0.0650,-2.2967,-0.0127
759442821.4197898,52.351718, 13.684906999999999,810637.4671,810635.0928,-0.0650,-2.2966,-0.0127
759442821.4692607,52.354568, 13.683525,810636.8917,810634.5175,-0.0650,-2.2966,-0.0127
759442821.518719,52.357417999999996, 13.682143,810637.1737,810634.7995,-0.0650,-2.2965,-0.0126
759442821.568177,52.360268, 13.680760999999999,810637.3466,810634.9725,-0.0650,-2.2965,-0.0126
759442821.6176353,52.363116999999995, 13.679378999999999,810638.0301,810635.6560,-0.0650,-2.2964,-0.0126
759442821.6671062,52.365967999999995, 13.677997,810638.5294,810636.1554,-0.0650,-2.2964,-0.0126
759442821.7165644,52.368817, 13.676613999999999,810639.4059,810637.0319,-0.0650,-2.2964,-0.0126
759442821.7660098,52.371666, 13.675232,810642.1561,810639.7822,-0.0650,-2.2963,-0.0126
759442821.8154681,52.374516, 13.673848999999999,810643.2434,810640.8695,-0.0650,-2.2963,-0.0126
759442821.8649395,52.377365999999995, 13.672466,810642.7685,810640.3947,-0.0650,-2.2962,-0.0126
759442821.9143848,52.380215, 13.671083999999999,810642.5215,810640.1477,-0.0650,-2.2962,-0.0126
759442821.9638302,52.383063, 13.669701,810642.5574,810640.1837,-0.0650,-2.2961,-0.0126
759442822.0133014,52.385914, 13.668317,810643.0626,810640.6889,-0.0650,-2.2961,-0.0126
759442822.0627587,52.388763, 13.666934,810643.9972,810641.6234,-0.0650,-2.2961,-0.0126
759442822.112217,52.391613, 13.66555,810644.6741,810642.3003,-0.0650,-2.2962,-0.0126
759442822.1616752,52.394462, 13.664166999999999,810645.1215,810642.7477,-0.0650,-2.2962,-0.0126
759442822.2111206,52.397310999999995, 13.662783,810645.6050,810643.2311,-0.0650,-2.2962,-0.0126
759442822.2605917,52.400161, 13.661399,810646.1061,810643.7322,-0.0651,-2.2963,-0.0126
759442822.3100371,52.403009999999995, 13.660015,810646.7393,810644.3654,-0.0651,-2.2963,-0.0126
759442822.3594954,52.405859, 13.658631,810647.4256,810645.0516,-0.0651,-2.2964,-0.0126
759442822.4089668,52.408708999999995, 13.657245999999999,810648.1132,810645.7392,-0.0651,-2.2964,-0.0126
759442822.4584129,52.411558, 13.655861999999999,810651.6651,810649.2910,-0.0651,-2.2964,-0.0126
759442822.5078714,52.414407, 13.654477,810645.5107,810643.1366,-0.0651,-2.2965,-0.0125
759442822.5573301,52.417257, 13.653092,810645.9416,810643.5675,-0.0651,-2.2965,-0.0125
759442822.6068017,52.420106999999994, 13.651705999999999,810655.5116,810653.1374,-0.0651,-2.2965,-0.0125
759442822.6562476,52.422956, 13.650322,810652.5550,810650.1808,-0.0651,-2.2966,-0.0125
759442822.7057064,52.425805, 13.648935999999999,810652.6452,810650.2709,-0.0651,-2.2966,-0.0125
759442822.7551525,52.428653999999995, 13.647551,810653.3156,810650.9413,-0.0652,-2.2966,-0.0125
759442822.8046112,52.431503, 13.646165,810654.0914,810651.7171,-0.0652,-2.2967,-0.0125
759442822.8540566,52.434351, 13.644779999999999,810655.0776,810652.7032,-0.0652,-2.2967,-0.0125
759442822.9035277,52.437200999999995, 13.643393,810655.6881,810653.3137,-0.0652,-2.2967,-0.0125
759442822.952986,52.440051, 13.642007,810656.0926,810653.7181,-0.0652,-2.2968,-0.0125
759442823.0024314,52.442899, 13.640621,810656.4136,810654.0391,-0.0652,-2.2968,-0.0125
759442823.0519035,52.445749, 13.639235,810656.7358,810654.3613,-0.0652,-2.2968,-0.0125
759442823.1013489,52.448598, 13.637848,810657.0324,810654.6580,-0.0652,-2.2967,-0.0125
759442823.1508071,52.451446999999995, 13.636462,810653.0609,810650.6865,-0.0652,-2.2967,-0.0125
759442823.200278,52.454297, 13.635074,810653.4994,810651.1251,-0.0652,-2.2966,-0.0125
759442823.2497237,52.457145, 13.633688,810654.2063,810651.8320,-0.0652,-2.2966,-0.0125
759442823.2991819,52.459995, 13.632299999999999,810655.0567,810652.6825,-0.0652,-2.2965,-0.0125
759442823.3486402,52.462844, 13.630913,810659.4941,810657.1199,-0.0652,-2.2965,-0.0125
759442823.3980856,52.465692, 13.629526,810659.9534,810657.5793,-0.0652,-2.2964,-0.0125
759442823.4475439,52.468540999999995, 13.628138,810659.8579,810657.4838,-0.0652,-2.2964,-0.0125
761775621.7313504,52.332105, 13.693565,810405.8703,810403.4227,-0.1076,-2.3174,-0.0226
761775621.7807839,52.334953, 13.692186,810406.7977,810404.3500,-0.1076,-2.3174,-0.0226
761775621.8302171,52.337801999999996, 13.690807,810407.6111,810405.1634,-0.1076,-2.3174,-0.0226
761775621.8796504,52.340651, 13.689427,810408.2798,810405.8321,-0.1077,-2.3174,-0.0226
761775621.9290965,52.3435, 13.688047,810408.7944,810406.3467,-0.1077,-2.3174,-0.0226
761775621.9785423,52.346349, 13.686667,810414.2118,810411.7641,-0.1077,-2.3174,-0.0226
761775622.0279884,52.349197999999994, 13.685286999999999,810412.6377,810410.1900,-0.1077,-2.3174,-0.0226
761775622.0774353,52.352047999999996, 13.683905999999999,810413.3178,810410.8701,-0.1077,-2.3174,-0.0226
761775622.1268554,52.354895, 13.682526,810413.7877,810411.3400,-0.1077,-2.3174,-0.0226
761775622.1762881,52.357744, 13.681146,810414.2702,810411.8225,-0.1078,-2.3174,-0.0226
761775622.2257335,52.360592999999994, 13.679765,810414.6433,810412.1956,-0.1078,-2.3174,-0.0226
761775622.2751791,52.363442, 13.678384,810415.3091,810412.8614,-0.1078,-2.3173,-0.0226
761775622.3246248,52.366291, 13.677003,810415.9640,810413.5163,-0.1078,-2.3173,-0.0226
761775622.3740702,52.369141, 13.675621,810416.4591,810414.0114,-0.1078,-2.3173,-0.0226
761775622.4235158,52.37199, 13.67424,810417.7826,810415.3349,-0.1078,-2.3173,-0.0226
761775622.4729612,52.374838999999994, 13.672858,810417.7519,810415.3042,-0.1078,-2.3173,-0.0226
761775622.522394,52.377686999999995, 13.671477,810418.5029,810416.0551,-0.1079,-2.3173,-0.0226
761775622.5718267,52.380536, 13.670095,810419.1681,810416.7203,-0.1079,-2.3173,-0.0226
761775622.6212595,52.383384, 13.668712999999999,810419.7785,810417.3307,-0.1079,-2.3173,-0.0226
761775622.6707051,52.386233, 13.667330999999999,810420.5449,810418.0971,-0.1079,-2.3173,-0.0226
761775622.7201505,52.389081999999995, 13.665949,810421.6185,810419.1707,-0.1079,-2.3173,-0.0226
761775622.7695832,52.391929999999995, 13.664567,810422.1258,810419.6780,-0.1079,-2.3172,-0.0226
761775622.8190289,52.394779, 13.663184,810422.4753,810420.0275,-0.1079,-2.3172,-0.0226
761775622.8684742,52.397628, 13.661800999999999,810422.8411,810420.3933,-0.1080,-2.3172,-0.0226
761775622.917907,52.400476999999995, 13.660418,810423.4941,810421.0463,-0.1080,-2.3172,-0.0226
761775622.9673398,52.403324999999995, 13.659035,810424.0773,810421.6295,-0.1080,-2.3172,-0.0226
761775623.0167713,52.406172999999995, 13.657653,810424.7720,810422.3242,-0.1080,-2.3172,-0.0226
761775623.0662043,52.409020999999996, 13.656269,810424.2038,810421.7560,-0.1080,-2.3172,-0.0226
761775623.1156497,52.41187, 13.654886,810428.5242,810426.0763,-0.1080,-2.3172,-0.0226
761775623.1650956,52.414719, 13.653502,810429.3212,810426.8733,-0.1080,-2.3173,-0.0226
761775623.2145283,52.417567, 13.652118,810423.3980,810420.9501,-0.1081,-2.3173,-0.0226
761775623.2639611,52.420415999999996, 13.650735,810434.1527,810431.7047,-0.1081,-2.3173,-0.0226
761775623.3133938,52.423263999999996, 13.649351,810428.4622,810426.0142,-0.1081,-2.3173,-0.0226
761775623.3628399,52.426113, 13.647966,810429.1524,810426.7044,-0.1081,-2.3173,-0.0226
761775623.4122732,52.428961, 13.646581999999999,810429.6864,810427.2384,-0.1081,-2.3174,-0.0226
761775623.4617193,52.43181, 13.645197999999999,810430.8717,810428.4236,-0.1081,-2.3174,-0.0226
761775623.5111525,52.434658, 13.643813,810431.8843,810429.4362,-0.1082,-2.3174,-0.0225
761775623.5605984,52.437507, 13.642427999999999,810432.3766,810429.9285,-0.1082,-2.3174,-0.0225
761775623.6100445,52.440355, 13.641043,810432.7667,810430.3185,-0.1082,-2.3174,-0.0225
761775623.6594777,52.443203999999994, 13.639657999999999,810433.2357,810430.7875,-0.1082,-2.3175,-0.0225
761775623.7089112,52.446051999999995, 13.638273,810433.7059,810431.2577,-0.1082,-2.3175,-0.0225
761775623.758357,52.448899999999995, 13.636887,810434.8418,810432.3935,-0.1082,-2.3175,-0.0225
761775623.8077898,52.451747999999995, 13.635501999999999,810430.5559,810428.1076,-0.1082,-2.3175,-0.0225
761775623.8572352,52.454597, 13.634115999999999,810430.9260,810428.4777,-0.1083,-2.3175,-0.0225
761775623.906668,52.457445, 13.632729999999999,810431.5125,810429.0642,-0.1083,-2.3176,-0.0225
761775623.956101,52.460293, 13.631343999999999,810432.4099,810429.9615,-0.1083,-2.3176,-0.0225
761775624.0055592,52.463142999999995, 13.629958,810435.5058,810433.0574,-0.1083,-2.3176,-0.0225
761775624.0549929,52.465990999999995, 13.628572,810437.1391,810434.6907,-0.1083,-2.3176,-0.0225
761775624.1044257,52.468838999999996, 13.627184999999999,810437.0580,810434.6096,-0.1083,-2.3176,-0.0225
761775621.7316816,52.332124, 13.693556,810406.2922,810403.8446,-0.1076,-2.3174,-0.0226
761775621.7811275,52.334973, 13.692176,810406.8082,810404.3605,-0.1076,-2.3174,-0.0226
761775621.8305609,52.337821999999996, 13.690797,810407.6142,810405.1665,-0.1076,-2.3174,-0.0226
761775621.8800068,52.340671, 13.689416999999999,810408.2817,810405.8340,-0.1077,-2.3174,-0.0226
761775621.92944,52.34352, 13.688037,810408.7965,810406.3488,-0.1077,-2.3174,-0.0226
761775621.9788861,52.346368999999996, 13.686656999999999,810414.2188,810411.7711,-0.1077,-2.3174,-0.0226
761775622.0283322,52.349218, 13.685277,810412.6393,810410.1916,-0.1077,-2.3174,-0.0226
761775622.0777535,52.352066, 13.683897,810413.3142,810410.8665,-0.1077,-2.3174,-0.0226
761775622.1271863,52.354915, 13.682516999999999,810413.7915,810411.3438,-0.1077,-2.3174,-0.0226
761775622.1766319,52.357763999999996, 13.681135999999999,810414.2719,810411.8242,-0.1078,-2.3174,-0.0226
761775622.2260776,52.360613, 13.679755,810414.6485,810412.2008,-0.1078,-2.3174,-0.0226
761775622.275523,52.363462, 13.678374,810415.3116,810412.8639,-0.1078,-2.3173,-0.0226
761775622.3249686,52.366310999999996, 13.676993,810415.9692,810413.5215,-0.1078,-2.3173,-0.0226
761775622.374414,52.36916, 13.675612,810416.4682,810414.0205,-0.1078,-2.3173,-0.0226
761775622.4238596,52.372009999999996, 13.67423,810417.7883,810415.3406,-0.1078,-2.3173,-0.0226
761775622.4732924,52.374857999999996, 13.672849,810417.7561,810415.3084,-0.1078,-2.3173,-0.0226
761775622.5227377,52.377707, 13.671467,810418.5084,810416.0606,-0.1079,-2.3173,-0.0226
761775622.5721705,52.380555, 13.670085,810419.1726,810416.7248,-0.1079,-2.3173,-0.0226
761775622.6216035,52.383404, 13.668704,810419.7812,810417.3334,-0.1079,-2.3173,-0.0226
761775622.6710489,52.386252999999996, 13.667321,810420.5534,810418.1056,-0.1079,-2.3173,-0.0226
761775622.7204943,52.389102, 13.665939,810421.6301,810419.1823,-0.1079,-2.3173,-0.0226
761775622.7699399,52.391951, 13.664556,810422.1264,810419.6786,-0.1079,-2.3172,-0.0226
761775622.8193982,52.394801, 13.663172999999999,810422.4766,810420.0288,-0.1079,-2.3172,-0.0226
761775622.8688436,52.39765, 13.661791,810422.8445,810420.3967,-0.1080,-2.3172,-0.0226
761775622.9182763,52.400498, 13.660407999999999,810423.3999,810420.9521,-0.1080,-2.3172,-0.0226
761775622.9677091,52.403346, 13.659025,810424.0802,810421.6324,-0.1080,-2.3172,-0.0226
761775623.0171409,52.406194, 13.657642,810424.7730,810422.3252,-0.1080,-2.3172,-0.0226
761775623.0665736,52.409043, 13.656258999999999,810425.3085,810422.8607,-0.1080,-2.3172,-0.0226
761775623.116019,52.411891999999995, 13.654874999999999,810428.5292,810426.0813,-0.1080,-2.3172,-0.0226
761775623.1654649,52.414739999999995, 13.653492,810429.3281,810426.8802,-0.1080,-2.3173,-0.0226
761775623.2149103,52.417589, 13.652108,810423.4067,810420.9588,-0.1081,-2.3173,-0.0226
761775623.264343,52.420438, 13.650723999999999,810434.1453,810431.6973,-0.1081,-2.3173,-0.0226
761775623.313776,52.423286, 13.649339999999999,810428.4657,810426.0177,-0.1081,-2.3173,-0.0226
761775623.3632345,52.426134999999995, 13.647955,810429.1553,810426.7073,-0.1081,-2.3173,-0.0226
761775623.4126678,52.428984, 13.646571,810429.6896,810427.2416,-0.1081,-2.3174,-0.0226
761775623.4621139,52.431832, 13.645185999999999,810430.8912,810428.4431,-0.1081,-2.3174,-0.0226
761775623.5115471,52.434681, 13.643801999999999,810431.8895,810429.4414,-0.1082,-2.3174,-0.0225
761775623.5609932,52.437529, 13.642417,810432.3815,810429.9334,-0.1082,-2.3174,-0.0225
761775623.6104391,52.440377999999995, 13.641032,810432.7687,810430.3205,-0.1082,-2.3174,-0.0225
761775623.6598725,52.443225999999996, 13.639647,810433.2386,810430.7904,-0.1082,-2.3175,-0.0225
761775623.7093058,52.446073999999996, 13.638262,810433.7103,810431.2621,-0.1082,-2.3175,-0.0225
761775623.7587516,52.448923, 13.636875999999999,810434.8531,810432.4048,-0.1082,-2.3175,-0.0225
761775623.8081846,52.451771, 13.635491,810430.5645,810428.1162,-0.1082,-2.3175,-0.0225
761775623.85763,52.45462, 13.634105,810430.9307,810428.4824,-0.1083,-2.3175,-0.0225
761775623.9070628,52.457468, 13.632719,810431.5170,810429.0687,-0.1083,-2.3176,-0.0225
761775623.9564955,52.460316, 13.631333,810432.4158,810429.9674,-0.1083,-2.3176,-0.0225
761775624.0059538,52.463165, 13.629947,810435.5128,810433.0644,-0.1083,-2.3176,-0.0225
761775624.0553877,52.466013, 13.62856,810437.1434,810434.6950,-0.1083,-2.3176,-0.0225
761775624.1048205,52.468861, 13.627174,810437.0473,810434.5989,-0.1083,-2.3176,-0.0225
761775621.731185,52.332094999999995, 13.69357,810405.8696,810403.4234,-0.1080,-2.3174,-0.0209
761775621.7806311,52.334944, 13.69219,810406.7927,810404.3464,-0.1080,-2.3173,-0.0209
761775621.8300643,52.337793, 13.690811,810407.6098,810405.1635,-0.1080,-2.3173,-0.0209
761775621.8795104,52.340641999999995, 13.689430999999999,810408.2791,810405.8328,-0.1081,-2.3173,-0.0209
761775621.9289436,52.343491, 13.688051,810408.7934,810406.3471,-0.1081,-2.3173,-0.0209
761775621.9783769,52.346339, 13.686672,810414.2100,810411.7637,-0.1081,-2.3173,-0.0209
761775622.027823,52.349188999999996, 13.685291,810412.6376,810410.1913,-0.1081,-2.3173,-0.0209
761775622.0772698,52.352038, 13.683911,810413.3198,810410.8735,-0.1081,-2.3173,-0.0209
761775622.1267152,52.354887, 13.68253,810413.7864,810411.3401,-0.1082,-2.3173,-0.0209
761775622.1761479,52.357735999999996, 13.681149999999999,810414.2700,810411.8237,-0.1082,-2.3173,-0.0209
761775622.2255807,52.360583999999996, 13.679768999999999,810414.6412,810412.1949,-0.1082,-2.3173,-0.0209
761775622.2750137,52.363433, 13.678389,810415.3082,810412.8618,-0.1082,-2.3173,-0.0209
761775622.3244464,52.366281, 13.677007999999999,810415.9612,810413.5148,-0.1082,-2.3173,-0.0209
761775622.3738792,52.369129, 13.675626999999999,810416.4543,810414.0079,-0.1082,-2.3173,-0.0209
761775622.423312,52.371978, 13.674246,810417.7801,810415.3337,-0.1083,-2.3173,-0.0209
761775622.4727576,52.374826999999996, 13.672863999999999,810417.7492,810415.3028,-0.1083,-2.3173,-0.0209
761775622.5221903,52.377674999999996, 13.671482,810418.4996,810416.0532,-0.1083,-2.3172,-0.0208
761775622.5716484,52.380525, 13.6701,810419.1656,810416.7192,-0.1083,-2.3172,-0.0208
761775622.6210814,52.383373, 13.668718,810419.7771,810417.3307,-0.1083,-2.3172,-0.0208
761775622.6705141,52.386222, 13.667337,810420.5403,810418.0939,-0.1084,-2.3172,-0.0208
761775622.7199595,52.389070999999994, 13.665954,810421.6120,810419.1656,-0.1084,-2.3172,-0.0208
761775622.7693923,52.391918999999994, 13.664572,810422.1254,810419.6789,-0.1084,-2.3172,-0.0208
761775622.818825,52.394766999999995, 13.66319,810422.4742,810420.0277,-0.1084,-2.3172,-0.0208
761775622.8682704,52.397616, 13.661807,810422.8392,810420.3927,-0.1084,-2.3172,-0.0208
761775622.9177034,52.400465, 13.660423999999999,810423.3959,810420.9494,-0.1085,-2.3172,-0.0208
761775622.9671361,52.403313, 13.659041,810424.0757,810421.6292,-0.1085,-2.3172,-0.0208
761775623.0165677,52.406161, 13.657658,810424.7699,810422.3234,-0.1085,-2.3172,-0.0208
761775623.0660131,52.409009999999995, 13.656274999999999,810424.2275,810421.7809,-0.1085,-2.3172,-0.0208
761775623.1154587,52.411859, 13.654891,810428.5214,810426.0748,-0.1086,-2.3172,-0.0208
761775623.1648917,52.414707, 13.653507999999999,810429.3174,810426.8708,-0.1086,-2.3173,-0.0208
761775623.2143245,52.417555, 13.652123999999999,810423.3940,810420.9473,-0.1086,-2.3173,-0.0208
761775623.2637572,52.420404, 13.650741,810434.1552,810431.7085,-0.1086,-2.3173,-0.0208
761775623.3132029,52.423252, 13.649356,810428.4592,810426.0124,-0.1087,-2.3173,-0.0208
761775623.3626361,52.426100999999996, 13.647972,810429.1508,810426.7040,-0.1087,-2.3173,-0.0208
761775623.4120822,52.428948999999996, 13.646588,810429.6848,810427.2379,-0.1087,-2.3174,-0.0208
761775623.4615154,52.431798, 13.645202999999999,810430.8640,810428.4171,-0.1087,-2.3174,-0.0208
761775623.5109615,52.434647, 13.643818999999999,810431.8798,810429.4328,-0.1088,-2.3174,-0.0208
761775623.5604076,52.437495, 13.642434,810432.3739,810429.9269,-0.1088,-2.3174,-0.0208
761775623.6098409,52.440343, 13.641048999999999,810432.7653,810430.3183,-0.1088,-2.3174,-0.0208
761775623.6592867,52.443191999999996, 13.639662999999999,810433.2340,810430.7869,-0.1088,-2.3175,-0.0208
761775623.7087328,52.446041, 13.638278,810433.7038,810431.2567,-0.1089,-2.3175,-0.0208
761775623.7581658,52.448888999999994, 13.636892999999999,810434.8363,810432.3891,-0.1089,-2.3175,-0.0208
761775623.8075988,52.451736999999994, 13.635506999999999,810430.5517,810428.1045,-0.1089,-2.3175,-0.0208
761775623.8570571,52.454587, 13.634120999999999,810430.9241,810428.4768,-0.1089,-2.3175,-0.0208
761775623.9064898,52.457435, 13.632735,810431.5104,810429.0631,-0.1090,-2.3176,-0.0208
761775623.9559352,52.460283, 13.631349,810432.4066,810429.9592,-0.1090,-2.3176,-0.0208
761775624.0053809,52.463131999999995, 13.629963,810435.5028,810433.0554,-0.1090,-2.3176,-0.0208
761775624.0548272,52.465981, 13.628575999999999,810437.1373,810434.6899,-0.1090,-2.3176,-0.0208
761775624.1042728,52.46883, 13.627189999999999,810437.0636,810434.6162,-0.1090,-2.3176,-0.0208
764108422.3668647,52.332794, 13.678581999999999,810425.9701,810423.5804,-0.0458,-2.3142,-0.0297
764108422.4162974,52.335642, 13.677201,810427.1111,810424.7214,-0.0459,-2.3142,-0.0297
764108422.4657302,52.33849, 13.675821,810428.0280,810425.6382,-0.0459,-2.3142,-0.0297
764108422.515163,52.341339, 13.674439999999999,810428.6965,810426.3067,-0.0459,-2.3142,-0.0297
764108422.5645957,52.344187, 13.673058999999999,810431.8551,810429.4653,-0.0459,-2.3142,-0.0297
764108422.6140285,52.347035, 13.671676999999999,810431.8445,810429.4546,-0.0459,-2.3142,-0.0297
764108422.6634612,52.349883, 13.670295999999999,810431.8803,810429.4904,-0.0460,-2.3142,-0.0297
764108422.7129068,52.352731999999996, 13.668914,810432.6118,810430.2219,-0.0460,-2.3142,-0.0297
764108422.7623396,52.355581, 13.667532,810433.2337,810430.8437,-0.0460,-2.3143,-0.0297
764108422.811785,52.35843, 13.66615,810433.9479,810431.5579,-0.0460,-2.3143,-0.0297
764108422.8612177,52.361278, 13.664767999999999,810434.9062,810432.5162,-0.0460,-2.3143,-0.0297
764108422.9106505,52.364126, 13.663386,810436.0304,810433.6404,-0.0461,-2.3143,-0.0297
764108422.9600832,52.366974, 13.662004,810436.5205,810434.1304,-0.0461,-2.3143,-0.0297
764108423.0095415,52.369823999999994, 13.660620999999999,810436.6150,810434.2249,-0.0461,-2.3143,-0.0297
764108423.0589752,52.372671999999994, 13.659238,810437.1046,810434.7144,-0.0461,-2.3144,-0.0297
764108423.1084082,52.375519999999995, 13.657855,810437.9072,810435.5169,-0.0461,-2.3144,-0.0297
764108423.157841,52.378367999999995, 13.656471999999999,810438.7560,810436.3657,-0.0461,-2.3145,-0.0297
764108423.2072864,52.381217, 13.655089,810439.1408,810436.7504,-0.0462,-2.3145,-0.0297
764108423.256732,52.384066, 13.653704999999999,810439.7114,810437.3209,-0.0462,-2.3146,-0.0297
764108423.3061647,52.386914, 13.652322,810440.2635,810437.8730,-0.0462,-2.3147,-0.0297
764108423.3555975,52.389762, 13.650939,810440.9307,810438.5401,-0.0462,-2.3147,-0.0297
764108423.4050558,52.392612, 13.649554,810441.5737,810439.1830,-0.0462,-2.3148,-0.0297
764108423.454489,52.39546, 13.648169999999999,810442.2520,810439.8613,-0.0462,-2.3148,-0.0297
764108423.5039225,52.398308, 13.646785999999999,810442.8499,810440.4591,-0.0463,-2.3149,-0.0296
764108423.5533683,52.401157, 13.645401999999999,810443.6660,810441.2751,-0.0463,-2.3150,-0.0296
764108423.6028144,52.404005, 13.644017,810444.3882,810441.9973,-0.0463,-2.3150,-0.0296
764108423.6522477,52.406853, 13.642633,810445.1622,810442.7712,-0.0463,-2.3151,-0.0296
764108423.7016809,52.409701, 13.641248,810445.9064,810443.5153,-0.0463,-2.3151,-0.0296
764108423.751127,52.412549999999996, 13.639863,810446.7374,810444.3462,-0.0463,-2.3152,-0.0296
764108423.8005602,52.415397999999996, 13.638478,810446.5618,810444.1706,-0.0463,-2.3153,-0.0296
764108423.8500061,52.418247, 13.637093,810447.3143,810444.9230,-0.0464,-2.3153,-0.0296
764108423.8994389,52.421095, 13.635708,810447.9631,810445.5717,-0.0464,-2.3154,-0.0296
764108423.9488845,52.423942999999994, 13.634322,810449.2604,810446.8690,-0.0464,-2.3154,-0.0296
764108423.9983172,52.426790999999994, 13.632937,810454.8919,810452.5004,-0.0464,-2.3155,-0.0296
764108424.0477743,52.429641, 13.631549999999999,810457.0722,810454.6807,-0.0464,-2.3155,-0.0296
764108424.0972071,52.432489, 13.630165,810457.7742,810455.3827,-0.0464,-2.3155,-0.0296
764108424.1466527,52.435337, 13.628777999999999,810458.4786,810456.0871,-0.0464,-2.3155,-0.0296
764108424.1960855,52.438185, 13.627391999999999,810458.5694,810456.1778,-0.0464,-2.3155,-0.0296
764108424.2455308,52.441033999999995, 13.626005999999999,810461.1671,810458.7755,-0.0464,-2.3155,-0.0296
764108424.2949765,52.443881999999995, 13.624619,810461.0108,810458.6192,-0.0464,-2.3156,-0.0296
764108424.3444092,52.446729999999995, 13.623232,810449.7235,810447.3319,-0.0464,-2.3156,-0.0296
764108424.3938546,52.449579, 13.621844999999999,810450.4777,810448.0861,-0.0464,-2.3156,-0.0296
764108424.4432874,52.452425999999996, 13.620458,810456.0534,810453.6618,-0.0464,-2.3156,-0.0296
764108424.492733,52.455275, 13.619071,810451.5329,810449.1413,-0.0464,-2.3156,-0.0296
764108424.5421658,52.458123, 13.617683999999999,810455.8866,810453.4949,-0.0465,-2.3156,-0.0296
764108424.5916111,52.460971, 13.616296,810456.5574,810454.1657,-0.0465,-2.3156,-0.0296
764108424.6410568,52.46382, 13.614908999999999,810457.0413,810454.6496,-0.0465,-2.3156,-0.0296
764108424.6904895,52.466667, 13.613520999999999,810456.7905,810454.3988,-0.0465,-2.3156,-0.0296
764108424.7399349,52.469516, 13.612133,810456.5109,810454.1192,-0.0465,-2.3156,-0.0296
764108422.3667881,52.332789, 13.678583999999999,810425.9703,810423.5806,-0.0458,-2.3142,-0.0297
764108422.4162209,52.335637, 13.677204,810427.1100,810424.7203,-0.0459,-2.3142,-0.0297
764108422.4656539,52.338485999999996, 13.675823,810428.0229,810425.6331,-0.0459,-2.3142,-0.0297
764108422.5150993,52.341335, 13.674441999999999,810428.6961,810426.3063,-0.0459,-2.3142,-0.0297
764108422.564532,52.344183, 13.67306,810431.8548,810429.4650,-0.0459,-2.3142,-0.0297
764108422.6139648,52.347030999999994, 13.671679,810431.8443,810429.4544,-0.0459,-2.3142,-0.0297
764108422.6633976,52.34988, 13.670297999999999,810431.8799,810429.4900,-0.0460,-2.3142,-0.0297
764108422.7128432,52.352729, 13.668916,810432.6109,810430.2210,-0.0460,-2.3142,-0.0297
764108422.7622886,52.355577999999994, 13.667534,810433.2335,810430.8435,-0.0460,-2.3143,-0.0297
764108422.8117213,52.358425999999994, 13.666151999999999,810433.9480,810431.5580,-0.0460,-2.3143,-0.0297
764108422.8611541,52.361273999999995, 13.664769999999999,810434.9048,810432.5148,-0.0460,-2.3143,-0.0297
764108422.9105868,52.364121999999995, 13.663388,810436.0288,810433.6388,-0.0461,-2.3143,-0.0297
764108422.9600196,52.366969999999995, 13.662006,810436.5202,810434.1301,-0.0461,-2.3143,-0.0297
764108423.0094779,52.36982, 13.660622,810436.6153,810434.2252,-0.0461,-2.3143,-0.0297
764108423.0589116,52.372668, 13.659239999999999,810437.1035,810434.7133,-0.0461,-2.3144,-0.0297
764108423.1083446,52.375516, 13.657857,810437.9064,810435.5161,-0.0461,-2.3144,-0.0297
764108423.1577773,52.378364999999995, 13.656474,810438.7551,810436.3648,-0.0461,-2.3145,-0.0297
764108423.2072227,52.381212999999995, 13.655090999999999,810439.1402,810436.7498,-0.0462,-2.3145,-0.0297
764108423.2566683,52.384062, 13.653706999999999,810439.7073,810437.3168,-0.0462,-2.3146,-0.0297
764108423.3061011,52.38691, 13.652324,810440.2633,810437.8728,-0.0462,-2.3147,-0.0297
764108423.3555467,52.389759, 13.650939999999999,810440.9304,810438.5398,-0.0462,-2.3147,-0.0297
764108423.4049921,52.392607999999996, 13.649555999999999,810441.5732,810439.1825,-0.0462,-2.3148,-0.0297
764108423.4544253,52.395455999999996, 13.648171999999999,810442.2515,810439.8608,-0.0462,-2.3148,-0.0297
764108423.5038588,52.398303999999996, 13.646787999999999,810442.8494,810440.4586,-0.0463,-2.3149,-0.0296
764108423.5533047,52.401153, 13.645404,810443.6653,810441.2744,-0.0463,-2.3150,-0.0296
764108423.6027379,52.404001, 13.64402,810444.3873,810441.9964,-0.0463,-2.3150,-0.0296
764108423.652184,52.40685, 13.642634999999999,810445.1613,810442.7703,-0.0463,-2.3151,-0.0296
764108423.7016301,52.409698, 13.64125,810445.9056,810443.5145,-0.0463,-2.3151,-0.0296
764108423.7510633,52.412546, 13.639864999999999,810446.7365,810444.3453,-0.0463,-2.3152,-0.0296
764108423.8004966,52.415394, 13.63848,810446.5593,810444.1681,-0.0463,-2.3153,-0.0296
764108423.8499424,52.418243, 13.637094999999999,810447.3136,810444.9223,-0.0464,-2.3153,-0.0296
764108423.8993752,52.421091, 13.63571,810447.9624,810445.5710,-0.0464,-2.3154,-0.0296
764108423.9488208,52.423939999999995, 13.634324,810449.2581,810446.8667,-0.0464,-2.3154,-0.0296
764108423.9982536,52.426787999999995, 13.632938999999999,810454.8880,810452.4965,-0.0464,-2.3155,-0.0296
764108424.0476978,52.429635999999995, 13.631553,810457.0714,810454.6799,-0.0464,-2.3155,-0.0296
764108424.0971308,52.432483999999995, 13.630167,810457.7733,810455.3818,-0.0464,-2.3155,-0.0296
764108424.1465762,52.435333, 13.628781,810458.4778,810456.0863,-0.0464,-2.3155,-0.0296
764108424.1960089,52.438181, 13.627393999999999,810458.5837,810456.1921,-0.0464,-2.3155,-0.0296
764108424.2454545,52.441029, 13.626007999999999,810461.1667,810458.7751,-0.0464,-2.3155,-0.0296
764108424.2949,52.443878, 13.624621,810461.0127,810458.6211,-0.0464,-2.3156,-0.0296
764108424.3443327,52.446726, 13.623235,810449.7248,810447.3332,-0.0464,-2.3156,-0.0296
764108424.3937783,52.449574, 13.621848,810450.4761,810448.0845,-0.0464,-2.3156,-0.0296
764108424.4432111,52.452422, 13.620460999999999,810456.0503,810453.6587,-0.0464,-2.3156,-0.0296
764108424.4926565,52.45527, 13.619073,810451.5314,810449.1398,-0.0464,-2.3156,-0.0296
764108424.5420892,52.458118, 13.617685999999999,810455.8860,810453.4943,-0.0465,-2.3156,-0.0296
764108424.5915349,52.460967, 13.616299,810456.5570,810454.1653,-0.0465,-2.3156,-0.0296
764108424.6409802,52.463815, 13.614911,810457.0407,810454.6490,-0.0465,-2.3156,-0.0296
764108424.6904259,52.466663999999994, 13.613522999999999,810456.8010,810454.4093,-0.0465,-2.3156,-0.0296
764108424.7398586,52.469511, 13.612134999999999,810456.5098,810454.1181,-0.0465,-2.3156,-0.0296
764108422.3670557,52.332805, 13.678576999999999,810425.9710,810423.5868,-0.0448,-2.3145,-0.0249
764108422.4164884,52.335653, 13.677195999999999,810427.1141,810424.7299,-0.0448,-2.3145,-0.0249
764108422.4659212,52.338501, 13.675815,810428.0294,810425.6452,-0.0448,-2.3145,-0.0249
764108422.5153539,52.34135, 13.674434,810428.6977,810426.3135,-0.0448,-2.3145,-0.0249
764108422.5647869,52.344198, 13.673053,810431.8557,810429.4715,-0.0448,-2.3145,-0.0249
764108422.6142197,52.347046, 13.671672,810431.8451,810429.4609,-0.0448,-2.3145,-0.0249
764108422.6636524,52.349894, 13.67029,810431.8815,810429.4973,-0.0448,-2.3145,-0.0249
764108422.7130978,52.352743, 13.668909,810432.5397,810430.1555,-0.0448,-2.3145,-0.0249
764108422.7625306,52.355591999999994, 13.667527,810433.2348,810430.8506,-0.0448,-2.3145,-0.0249
764108422.8119762,52.358441, 13.666145,810433.9500,810431.5658,-0.0448,-2.3145,-0.0249
764108422.861409,52.361289, 13.664762999999999,810434.9105,810432.5263,-0.0448,-2.3145,-0.0249
764108422.9108417,52.364137, 13.663381,810436.0349,810433.6507,-0.0448,-2.3145,-0.0249
764108422.9602871,52.366986, 13.661997999999999,810436.5212,810434.1370,-0.0448,-2.3145,-0.0249
764108423.0097454,52.369836, 13.660615,810436.6138,810434.2296,-0.0448,-2.3145,-0.0249
764108423.0591791,52.372684, 13.659232,810437.1080,810434.7237,-0.0448,-2.3146,-0.0249
764108423.1086118,52.375532, 13.657848999999999,810437.9096,810435.5252,-0.0449,-2.3146,-0.0249
764108423.1580446,52.37838, 13.656467,810438.7591,810436.3746,-0.0449,-2.3147,-0.0249
764108423.2074902,52.381229, 13.655083,810439.1411,810436.7565,-0.0449,-2.3148,-0.0249
764108423.2569356,52.384077999999995, 13.653699999999999,810439.7132,810437.3285,-0.0450,-2.3148,-0.0249
764108423.3063686,52.386925999999995, 13.652315999999999,810440.2648,810437.8800,-0.0450,-2.3149,-0.0249
764108423.3558013,52.389773999999996, 13.650933,810440.9320,810438.5471,-0.0450,-2.3150,-0.0249
764108423.4052596,52.392623, 13.649548,810441.5750,810439.1900,-0.0450,-2.3150,-0.0249
764108423.4546928,52.395472, 13.648164999999999,810442.2538,810439.8687,-0.0451,-2.3151,-0.0249
764108423.5041261,52.39832, 13.646780999999999,810442.8515,810440.4663,-0.0451,-2.3152,-0.0249
764108423.5535722,52.401168, 13.645396,810443.6666,810441.2813,-0.0451,-2.3152,-0.0249
764108423.603018,52.404016999999996, 13.644010999999999,810444.3909,810442.0056,-0.0452,-2.3153,-0.0249
764108423.6524513,52.406864999999996, 13.642627,810445.1654,810442.7800,-0.0452,-2.3153,-0.0249
764108423.7018847,52.409712999999996, 13.641242,810445.9100,810443.5245,-0.0452,-2.3154,-0.0249
764108423.7513306,52.412561999999994, 13.639857,810446.7406,810444.3550,-0.0453,-2.3155,-0.0249
764108423.8007641,52.415409999999994, 13.638473,810446.5704,810444.1847,-0.0453,-2.3155,-0.0249
764108423.85021,52.418259, 13.637087,810447.3174,810444.9316,-0.0453,-2.3156,-0.0249
764108423.8996427,52.421107, 13.635702,810447.9646,810445.5787,-0.0453,-2.3157,-0.0249
764108423.949101,52.423956, 13.634316,810449.2684,810446.8824,-0.0454,-2.3157,-0.0249
764108423.9985337,52.426804, 13.63293,810454.9034,810452.5173,-0.0454,-2.3158,-0.0249
764108424.0479908,52.429652999999995, 13.631544,810457.0745,810454.6884,-0.0454,-2.3158,-0.0249
764108424.0974236,52.432500999999995, 13.630158,810457.7764,810455.3903,-0.0454,-2.3158,-0.0249
764108424.1468692,52.43535, 13.628772,810458.4811,810456.0949,-0.0455,-2.3158,-0.0249
764108424.1963019,52.438198, 13.627386,810458.5601,810456.1739,-0.0455,-2.3158,-0.0249
764108424.2457473,52.441046, 13.625999,810461.1682,810458.7820,-0.0455,-2.3158,-0.0249
764108424.295193,52.443895, 13.624613,810461.0172,810458.6310,-0.0455,-2.3158,-0.0249
764108424.3446257,52.446742, 13.623225999999999,810449.7197,810447.3334,-0.0455,-2.3158,-0.0249
764108424.3940711,52.449591, 13.621839,810450.4823,810448.0960,-0.0456,-2.3158,-0.0249
764108424.4435039,52.452439, 13.620452,810456.0627,810453.6764,-0.0456,-2.3158,-0.0249
764108424.4929621,52.455287999999996, 13.619064999999999,810451.5374,810449.1511,-0.0456,-2.3158,-0.0249
764108424.5423949,52.458135999999996, 13.617676999999999,810455.8885,810453.5021,-0.0456,-2.3159,-0.0249
764108424.5918405,52.460983999999996, 13.61629,810456.5589,810454.1725,-0.0456,-2.3159,-0.0249
764108424.6412859,52.463833, 13.614901999999999,810457.0432,810454.6568,-0.0457,-2.3159,-0.0249
764108424.6907187,52.466680999999994, 13.613513999999999,810456.7672,810454.3808,-0.0457,-2.3159,-0.0249
764108424.7401643,52.469528999999994, 13.612126,810456.5134,810454.1269,-0.0457,-2.3159,-0.0249
766441226.4858017,52.332713999999996, 13.684125,810635.7306,810633.3133,-0.0729,-2.3023,-0.0421
766441226.53526,52.335564, 13.682744,810636.4581,810634.0408,-0.0729,-2.3023,-0.0421
766441226.5847311,52.338414, 13.681363,810637.3692,810634.9520,-0.0728,-2.3023,-0.0421
766441226.6341891,52.341263999999995, 13.679983,810638.0001,810635.5829,-0.0728,-2.3023,-0.0421
766441226.6836474,52.344113, 13.678602,810642.4640,810640.0468,-0.0728,-2.3023,-0.0421
766441226.7331059,52.346962999999995, 13.67722,810642.4989,810640.0818,-0.0727,-2.3023,-0.0421
766441226.7825642,52.349813, 13.675839,810642.7195,810640.3024,-0.0727,-2.3023,-0.0421
766441226.8320224,52.352661999999995, 13.674458,810642.4994,810640.0824,-0.0726,-2.3023,-0.0421
766441226.8814933,52.355512999999995, 13.673076,810643.0718,810640.6548,-0.0726,-2.3023,-0.0421
766441226.9309516,52.358363, 13.671693999999999,810643.7639,810641.3469,-0.0726,-2.3023,-0.0421
766441226.9804096,52.361211999999995, 13.670312,810644.4284,810642.0115,-0.0725,-2.3023,-0.0421
766441227.0298669,52.364062, 13.66893,810645.0877,810642.6708,-0.0725,-2.3023,-0.0421
766441227.0793378,52.366912, 13.667546999999999,810645.6155,810643.1986,-0.0725,-2.3024,-0.0421
766441227.1287961,52.369761999999994, 13.666165,810645.9461,810643.5291,-0.0724,-2.3024,-0.0421
766441227.1782417,52.372609999999995, 13.664783,810646.5776,810644.1606,-0.0724,-2.3025,-0.0421
766441227.2277,52.37546, 13.6634,810647.5008,810645.0838,-0.0724,-2.3025,-0.0421
766441227.2771583,52.37831, 13.662016999999999,810648.2154,810645.7984,-0.0724,-2.3026,-0.0421
766441227.3266037,52.381158, 13.660635,810648.8870,810646.4699,-0.0724,-2.3026,-0.0421
766441227.3760619,52.384007999999994, 13.659251999999999,810649.5216,810647.1045,-0.0723,-2.3027,-0.0421
766441227.425533,52.386858, 13.657867999999999,810650.1747,810647.7576,-0.0723,-2.3027,-0.0421
766441227.4749918,52.389708, 13.656483999999999,810650.7593,810648.3422,-0.0723,-2.3028,-0.0421
766441227.5244632,52.392558, 13.655101,810651.4462,810649.0290,-0.0723,-2.3028,-0.0420
766441227.5739093,52.395407, 13.653716999999999,810652.1134,810649.6962,-0.0723,-2.3029,-0.0420
766441227.623368,52.398255999999996, 13.652332999999999,810652.6566,810650.2394,-0.0723,-2.3029,-0.0420
766441227.6728268,52.401106, 13.650948999999999,810653.5553,810651.1381,-0.0722,-2.3030,-0.0420
766441227.7222855,52.403954999999996, 13.649564999999999,810654.7207,810652.3034,-0.0722,-2.3030,-0.0420
766441227.7717443,52.406804, 13.648181,810655.7490,810653.3317,-0.0722,-2.3031,-0.0420
766441227.821203,52.409653999999996, 13.646796,810656.4162,810653.9989,-0.0722,-2.3031,-0.0420
766441227.8706489,52.412503, 13.645411999999999,810657.2734,810654.8561,-0.0722,-2.3032,-0.0420
766441227.9201198,52.415352999999996, 13.644027,810658.6696,810656.2522,-0.0721,-2.3032,-0.0420
766441227.9695652,52.418200999999996, 13.642641999999999,810661.3214,810658.9040,-0.0721,-2.3033,-0.0420
766441228.019036,52.421051, 13.641257,810662.9120,810660.4946,-0.0721,-2.3033,-0.0420
766441228.0684829,52.423899999999996, 13.639871999999999,810663.8606,810661.4432,-0.0721,-2.3033,-0.0420
766441228.1179538,52.42675, 13.638485999999999,810665.7153,810663.2980,-0.0720,-2.3033,-0.0420
766441228.167412,52.429598999999996, 13.6371,810659.7949,810657.3776,-0.0720,-2.3033,-0.0420
766441228.2168703,52.432449, 13.635715,810660.7646,810658.3474,-0.0720,-2.3033,-0.0420
766441228.2663157,52.435297, 13.634329,810661.2897,810658.8725,-0.0719,-2.3033,-0.0420
766441228.3157866,52.438147, 13.632943,810661.8124,810659.3952,-0.0719,-2.3033,-0.0420
766441228.3652449,52.440996999999996, 13.631556999999999,810662.3288,810659.9117,-0.0719,-2.3033,-0.0420
766441228.4147031,52.443846, 13.63017,810662.9458,810660.5287,-0.0719,-2.3033,-0.0420
766441228.464174,52.446695999999996, 13.628784,810663.5759,810661.1588,-0.0718,-2.3033,-0.0420
766441228.5136323,52.449545, 13.627397,810664.8336,810662.4166,-0.0718,-2.3032,-0.0420
766441228.5630906,52.452394, 13.626009999999999,810666.1966,810663.7796,-0.0718,-2.3032,-0.0420
766441228.6125615,52.455244, 13.624623,810668.0083,810665.5913,-0.0717,-2.3032,-0.0420
766441228.6620324,52.458093999999996, 13.623235,810668.5010,810666.0841,-0.0717,-2.3032,-0.0420
766441228.711478,52.460941999999996, 13.621849,810666.2481,810663.8312,-0.0717,-2.3032,-0.0420
766441228.7609363,52.463792, 13.620460999999999,810666.6787,810664.2618,-0.0716,-2.3032,-0.0420
766441228.8103945,52.466640999999996, 13.619074,810667.1287,810664.7119,-0.0716,-2.3032,-0.0420
766441228.8598528,52.46949, 13.617685999999999,810666.4108,810663.9940,-0.0716,-2.3032,-0.0420
766441226.4859545,52.332722999999994, 13.684121,810635.7318,810633.3145,-0.0729,-2.3023,-0.0421
766441226.5354128,52.335573, 13.682739999999999,810636.4615,810634.0442,-0.0729,-2.3023,-0.0421
766441226.584871,52.338421999999994, 13.681358999999999,810637.3704,810634.9532,-0.0728,-2.3023,-0.0421
766441226.634342,52.341273, 13.679978,810637.9545,810635.5373,-0.0728,-2.3023,-0.0421
766441226.6838002,52.344122, 13.678597,810642.4642,810640.0470,-0.0728,-2.3023,-0.0421
766441226.7332587,52.346972, 13.677216,810642.4993,810640.0822,-0.0727,-2.3023,-0.0421
766441226.782717,52.349821999999996, 13.675835,810642.7199,810640.3028,-0.0727,-2.3023,-0.0421
766441226.8321624,52.352671, 13.674453999999999,810642.5003,810640.0833,-0.0726,-2.3023,-0.0421
766441226.8816206,52.35552, 13.673072,810643.0727,810640.6557,-0.0726,-2.3023,-0.0421
766441226.9310918,52.358371, 13.67169,810643.7646,810641.3476,-0.0726,-2.3023,-0.0421
766441226.9805496,52.361219999999996, 13.670307999999999,810644.4293,810642.0124,-0.0725,-2.3023,-0.0421
766441227.0300069,52.36407, 13.668925999999999,810645.0889,810642.6720,-0.0725,-2.3023,-0.0421
766441227.0794525,52.366918999999996, 13.667544,810645.6164,810643.1995,-0.0725,-2.3024,-0.0421
766441227.1289234,52.369769, 13.666160999999999,810645.9459,810643.5289,-0.0724,-2.3024,-0.0421
766441227.1783817,52.372619, 13.664779,810646.5788,810644.1618,-0.0724,-2.3025,-0.0421
766441227.2278273,52.375468, 13.663395999999999,810647.5019,810645.0849,-0.0724,-2.3025,-0.0421
766441227.2772856,52.378316999999996, 13.662014,810648.2162,810645.7992,-0.0724,-2.3026,-0.0421
766441227.3267438,52.381167, 13.660630999999999,810648.8880,810646.4709,-0.0724,-2.3026,-0.0421
766441227.3761892,52.384015, 13.659248,810649.5228,810647.1057,-0.0723,-2.3027,-0.0421
766441227.4256604,52.386866, 13.657864,810650.1763,810647.7592,-0.0723,-2.3027,-0.0421
766441227.4751062,52.389714, 13.656481,810650.7602,810648.3431,-0.0723,-2.3028,-0.0421
766441227.524565,52.392564, 13.655097999999999,810651.4468,810649.0296,-0.0723,-2.3028,-0.0420
766441227.5740237,52.395413, 13.653713999999999,810652.1110,810649.6938,-0.0723,-2.3029,-0.0420
766441227.6234825,52.398263, 13.65233,810652.6574,810650.2402,-0.0723,-2.3029,-0.0420
766441227.6729412,52.401112, 13.650946,810653.5592,810651.1420,-0.0722,-2.3030,-0.0420
766441227.7224002,52.403962, 13.649562,810654.7231,810652.3058,-0.0722,-2.3030,-0.0420
766441227.7718589,52.406811, 13.648176999999999,810655.7513,810653.3340,-0.0722,-2.3031,-0.0420
766441227.8213177,52.409661, 13.646792999999999,810656.4173,810654.0000,-0.0722,-2.3031,-0.0420
766441227.8707635,52.412509, 13.645408,810657.2760,810654.8587,-0.0722,-2.3032,-0.0420
766441227.9202344,52.415358999999995, 13.644022999999999,810658.6752,810656.2578,-0.0721,-2.3032,-0.0420
766441227.9696798,52.418208, 13.642638999999999,810661.3262,810658.9088,-0.0721,-2.3033,-0.0420
766441228.0191381,52.421057, 13.641254,810662.9138,810660.4964,-0.0721,-2.3033,-0.0420
766441228.0685976,52.423907, 13.639868,810663.8686,810661.4512,-0.0721,-2.3033,-0.0420
766441228.1180558,52.426756, 13.638482999999999,810665.7166,810663.2993,-0.0720,-2.3033,-0.0420
766441228.1675141,52.429606, 13.637096999999999,810659.7966,810657.3793,-0.0720,-2.3033,-0.0420
766441228.216985,52.432455999999995, 13.635710999999999,810660.7659,810658.3486,-0.0720,-2.3033,-0.0420
766441228.2664304,52.435303999999995, 13.634326,810661.2912,810658.8740,-0.0719,-2.3033,-0.0420
766441228.3159013,52.438154, 13.63294,810661.8133,810659.3961,-0.0719,-2.3033,-0.0420
766441228.3653595,52.441002999999995, 13.631553,810662.3305,810659.9133,-0.0719,-2.3033,-0.0420
766441228.4148049,52.443852, 13.630167,810662.9467,810660.5295,-0.0719,-2.3033,-0.0420
766441228.4642758,52.446701999999995, 13.628781,810663.5762,810661.1591,-0.0718,-2.3033,-0.0420
766441228.5137341,52.449551, 13.627393999999999,810664.8356,810662.4185,-0.0718,-2.3033,-0.0420
766441228.5631924,52.4524, 13.626007,810666.1991,810663.7820,-0.0718,-2.3033,-0.0420
766441228.6126633,52.45525, 13.62462,810668.0121,810665.5951,-0.0717,-2.3033,-0.0420
766441228.6621089,52.458099, 13.623232999999999,810668.4934,810666.0764,-0.0717,-2.3033,-0.0420
766441228.7115672,52.460947999999995, 13.621846,810666.2484,810663.8314,-0.0717,-2.3033,-0.0420
766441228.7610254,52.463797, 13.620458999999999,810666.6794,810664.2625,-0.0716,-2.3033,-0.0420
766441228.8104837,52.466646, 13.619071,810667.1281,810664.7112,-0.0716,-2.3033,-0.0420
766441228.8599291,52.469494, 13.617683999999999,810666.4107,810663.9938,-0.0716,-2.3033,-0.0420
766441226.4860692,52.332729, 13.684116999999999,810635.7325,810633.3293,-0.0657,-2.3026,-0.0350
766441226.5355275,52.335578999999996, 13.682737,810636.4640,810634.0608,-0.0657,-2.3025,-0.0349
766441226.5849857,52.338429, 13.681356,810637.3714,810634.9683,-0.0656,-2.3025,-0.0349
766441226.6344566,52.341279, 13.679974999999999,810637.9562,810635.5532,-0.0655,-2.3025,-0.0349
766441226.6839149,52.344128999999995, 13.678593999999999,810642.4645,810640.0616,-0.0655,-2.3025,-0.0349
766441226.7333734,52.346979, 13.677213,810642.4993,810640.0964,-0.0654,-2.3025,-0.0349
766441226.7828317,52.349827999999995, 13.675830999999999,810642.7200,810640.3172,-0.0654,-2.3025,-0.0349
766441226.832277,52.352677, 13.67445,810642.5009,810640.0982,-0.0653,-2.3025,-0.0349
766441226.8817353,52.355526999999995, 13.673069,810643.0733,810640.6706,-0.0652,-2.3025,-0.0349
766441226.9312062,52.358377, 13.671686999999999,810643.7653,810641.3627,-0.0652,-2.3025,-0.0349
766441226.9806643,52.361227, 13.670304999999999,810644.4301,810642.0276,-0.0651,-2.3025,-0.0349
766441227.0301089,52.364076, 13.668923,810645.0898,810642.6873,-0.0651,-2.3025,-0.0349
766441227.0795798,52.366926, 13.667539999999999,810645.6174,810643.2149,-0.0651,-2.3026,-0.0349
766441227.1290381,52.369775999999995, 13.666158,810645.9482,810643.5456,-0.0650,-2.3026,-0.0349
766441227.1784964,52.372625, 13.664774999999999,810646.5799,810644.1773,-0.0650,-2.3027,-0.0349
766441227.227942,52.375474, 13.663393,810647.5029,810645.1003,-0.0650,-2.3027,-0.0349
766441227.2774129,52.378324, 13.662009999999999,810648.2171,810645.8145,-0.0650,-2.3028,-0.0349
766441227.3268712,52.381173999999994, 13.660627,810648.8888,810646.4861,-0.0649,-2.3028,-0.0349
766441227.3763294,52.384023, 13.659244,810649.5240,810647.1213,-0.0649,-2.3029,-0.0349
766441227.4258003,52.386874, 13.65786,810650.1777,810647.7750,-0.0649,-2.3029,-0.0349
766441227.4752464,52.389722, 13.656476999999999,810650.7613,810648.3586,-0.0649,-2.3030,-0.0349
766441227.5246923,52.392571, 13.655094,810651.4477,810649.0449,-0.0648,-2.3030,-0.0349
766441227.5741639,52.395421, 13.65371,810652.1122,810649.7094,-0.0648,-2.3031,-0.0349
766441227.6236227,52.398271, 13.652325999999999,810652.6584,810650.2556,-0.0648,-2.3031,-0.0349
766441227.6730814,52.40112, 13.650941999999999,810653.5642,810651.1614,-0.0648,-2.3032,-0.0349
766441227.7225401,52.40397, 13.649557999999999,810654.7258,810652.3229,-0.0647,-2.3032,-0.0349
766441227.7719989,52.406819, 13.648173,810655.7538,810653.3509,-0.0647,-2.3033,-0.0349
766441227.8214703,52.409669, 13.646787999999999,810656.4185,810654.0156,-0.0647,-2.3033,-0.0349
766441227.8709164,52.412518, 13.645404,810657.2794,810654.8765,-0.0647,-2.3034,-0.0349
766441227.9203873,52.415368, 13.644019,810658.6825,810656.2795,-0.0646,-2.3034,-0.0349
766441227.9698327,52.418217, 13.642634,810661.3326,810658.9296,-0.0646,-2.3035,-0.0349
766441228.0192909,52.421065999999996, 13.641249,810662.9162,810660.5132,-0.0646,-2.3035,-0.0349
766441228.0687504,52.423916, 13.639864,810663.8730,810661.4700,-0.0646,-2.3035,-0.0349
766441228.1182213,52.426766, 13.638478,810665.7182,810663.3153,-0.0645,-2.3035,-0.0349
766441228.1676669,52.429614, 13.637093,810659.7984,810657.3955,-0.0645,-2.3035,-0.0349
766441228.2171378,52.432463999999996, 13.635707,810660.7674,810658.3646,-0.0645,-2.3035,-0.0349
766441228.2665832,52.435313, 13.634322,810661.2931,810658.8903,-0.0644,-2.3035,-0.0349
766441228.3160541,52.438162999999996, 13.632935,810661.8144,810659.4116,-0.0644,-2.3035,-0.0349
766441228.3655124,52.441012, 13.631549,810662.3326,810659.9299,-0.0644,-2.3035,-0.0349
766441228.4149578,52.443861, 13.630163,810662.9480,810660.5453,-0.0644,-2.3035,-0.0349
766441228.4644287,52.446711, 13.628776,810663.5838,810661.1811,-0.0643,-2.3035,-0.0349
766441228.5138869,52.44956, 13.62739,810664.8387,810662.4361,-0.0643,-2.3034,-0.0349
766441228.5633452,52.452408999999996, 13.626002999999999,810666.2032,810663.8006,-0.0643,-2.3034,-0.0349
766441228.6128161,52.455259, 13.624616,810668.0211,810665.6185,-0.0642,-2.3034,-0.0349
766441228.6622617,52.458107, 13.623229,810668.4771,810666.0746,-0.0642,-2.3034,-0.0349
766441228.7117326,52.460957, 13.621841,810666.2492,810663.8467,-0.0642,-2.3034,-0.0349
766441228.7611909,52.463806, 13.620453999999999,810666.6849,810664.2824,-0.0641,-2.3034,-0.0349
766441228.8106492,52.466654999999996, 13.619066,810667.1339,810664.7315,-0.0641,-2.3034,-0.0349
766441228.8600948,52.469504, 13.617678999999999,810666.4108,810664.0084,-0.0641,-2.3034,-0.0349
768774027.5406873,52.330512999999996, 13.689314,810662.0585,810659.6065,-0.1229,-2.3163,-0.0127
768774027.5901456,52.333363, 13.687934,810662.7302,810660.2782,-0.1230,-2.3163,-0.0127
768774027.6396039,52.336213, 13.686554,810663.5932,810661.1411,-0.1230,-2.3163,-0.0127
768774027.6890621,52.339062999999996, 13.685172999999999,810664.2931,810661.8410,-0.1231,-2.3163,-0.0127
768774027.7385209,52.341912, 13.683793,810664.7991,810662.3469,-0.1232,-2.3163,-0.0127
768774027.7879796,52.344761999999996, 13.682412,810669.7887,810667.3365,-0.1232,-2.3163,-0.0127
768774027.8374512,52.347612999999996, 13.681030999999999,810671.8267,810669.3744,-0.1233,-2.3162,-0.0127
768774027.88691,52.350462, 13.679649999999999,810670.4982,810668.0459,-0.1234,-2.3162,-0.0127
768774027.9363687,52.353311999999995, 13.678269,810670.3436,810667.8913,-0.1234,-2.3162,-0.0127
768774027.9858401,52.356162999999995, 13.676886999999999,810670.0292,810667.5768,-0.1235,-2.3162,-0.0127
768774028.0352991,52.359012, 13.675505999999999,810670.6034,810668.1510,-0.1235,-2.3162,-0.0127
768774028.0847585,52.361861999999995, 13.674123999999999,810671.1705,810668.7180,-0.1235,-2.3163,-0.0127
768774028.1342173,52.364712, 13.672742,810671.8500,810669.3975,-0.1236,-2.3163,-0.0127
768774028.1836755,52.367560999999995, 13.67136,810672.4979,810670.0453,-0.1236,-2.3163,-0.0127
768774028.2331464,52.370411999999995, 13.669977999999999,810674.5426,810672.0900,-0.1236,-2.3164,-0.0127
768774028.2826047,52.373261, 13.668595999999999,810675.0522,810672.5995,-0.1236,-2.3164,-0.0127
768774028.332063,52.376110999999995, 13.667214,810674.4803,810672.0276,-0.1236,-2.3164,-0.0127
768774028.3815212,52.37896, 13.665830999999999,810674.9437,810672.4909,-0.1237,-2.3165,-0.0127
768774028.4309924,52.381811, 13.664448,810675.6174,810673.1646,-0.1237,-2.3165,-0.0127
768774028.4804506,52.38466, 13.663065,810676.4241,810673.9712,-0.1237,-2.3165,-0.0127
768774028.5299089,52.38751, 13.661681999999999,810677.5704,810675.1175,-0.1237,-2.3166,-0.0126
768774028.5793798,52.39036, 13.660299,810677.8105,810675.3575,-0.1237,-2.3166,-0.0126
768774028.6288381,52.393209999999996, 13.658916,810678.1893,810675.7363,-0.1238,-2.3166,-0.0126
768774028.678309,52.39606, 13.657532,810678.7851,810676.3320,-0.1238,-2.3167,-0.0126
768774028.7277672,52.398908999999996, 13.656148,810679.3644,810676.9113,-0.1238,-2.3167,-0.0126
768774028.7772126,52.401758, 13.654765,810680.0925,810677.6393,-0.1238,-2.3167,-0.0126
768774028.8266838,52.404607999999996, 13.653381,810681.6010,810679.1478,-0.1238,-2.3168,-0.0126
768774028.8761292,52.407457, 13.651997,810682.6143,810680.1610,-0.1239,-2.3168,-0.0126
768774028.9255874,52.410306, 13.650613,810683.5271,810681.0738,-0.1239,-2.3168,-0.0126
768774028.9750583,52.413156, 13.649229,810684.2849,810681.8315,-0.1239,-2.3169,-0.0126
768774029.0245154,52.416005999999996, 13.647844,810685.7150,810683.2616,-0.1239,-2.3169,-0.0126
768774029.0739865,52.418856, 13.646459,810688.8920,810686.4385,-0.1239,-2.3170,-0.0126
768774029.1234319,52.421704999999996, 13.645074999999999,810690.4752,810688.0217,-0.1240,-2.3170,-0.0126
768774029.1729028,52.424555, 13.64369,810688.8481,810686.3945,-0.1240,-2.3170,-0.0126
768774029.2223485,52.427403, 13.642304999999999,810689.8156,810687.3619,-0.1240,-2.3171,-0.0126
768774029.2718194,52.430253, 13.640919,810690.4434,810687.9897,-0.1240,-2.3171,-0.0126
768774029.3212776,52.433102999999996, 13.639534,810691.0024,810688.5486,-0.1241,-2.3171,-0.0126
768774029.3707488,52.435953, 13.638148,810691.9312,810689.4774,-0.1241,-2.3172,-0.0126
768774029.420207,52.438801999999995, 13.636762,810692.0656,810689.6117,-0.1241,-2.3172,-0.0126
768774029.4696786,52.441652, 13.635375999999999,810690.8220,810688.3680,-0.1241,-2.3172,-0.0126
768774029.5191374,52.444500999999995, 13.633989999999999,810690.1986,810687.7446,-0.1242,-2.3173,-0.0126
768774029.5685961,52.447351, 13.632603999999999,810690.6001,810688.1460,-0.1242,-2.3173,-0.0126
768774029.6180549,52.450199999999995, 13.631217999999999,810691.7399,810689.2858,-0.1242,-2.3173,-0.0126
768774029.6675136,52.453049, 13.629831,810693.1898,810690.7356,-0.1242,-2.3174,-0.0126
768774029.7169724,52.455898, 13.628445,810695.0246,810692.5703,-0.1243,-2.3174,-0.0126
768774029.7664311,52.458748, 13.627058,810702.4050,810699.9507,-0.1243,-2.3174,-0.0126
768774029.8159027,52.461597999999995, 13.625670999999999,810704.2645,810701.8101,-0.1243,-2.3175,-0.0126
768774029.8653738,52.464448, 13.624283,810693.0511,810690.5967,-0.1243,-2.3175,-0.0126
768774029.9148448,52.467298, 13.622895999999999,810693.4126,810690.9581,-0.1244,-2.3175,-0.0126
768774027.5406873,52.330515999999996, 13.689314,810662.0585,810659.6068,-0.1229,-2.3161,-0.0127
768774027.5901456,52.333366, 13.687933,810662.7302,810660.2784,-0.1230,-2.3161,-0.0127
768774027.6396039,52.336214999999996, 13.686553,810663.5932,810661.1414,-0.1230,-2.3161,-0.0127
768774027.6890621,52.339065, 13.685172999999999,810664.2931,810661.8412,-0.1231,-2.3161,-0.0127
768774027.7385335,52.341916, 13.683791999999999,810664.7992,810662.3473,-0.1232,-2.3161,-0.0127
768774027.7879922,52.344764999999995, 13.682411,810669.7887,810667.3367,-0.1232,-2.3160,-0.0127
768774027.8374512,52.347615, 13.681030999999999,810671.8261,810669.3741,-0.1233,-2.3160,-0.0127
768774027.8869226,52.350466, 13.679649,810670.4983,810668.0462,-0.1234,-2.3160,-0.0127
768774027.9363813,52.353314999999995, 13.678268,810670.3436,810667.8915,-0.1234,-2.3160,-0.0127
768774027.9858527,52.356165999999995, 13.676886,810670.0292,810667.5770,-0.1235,-2.3160,-0.0127
768774028.0353117,52.359016, 13.675505,810670.6035,810668.1513,-0.1235,-2.3160,-0.0127
768774028.0847714,52.361864999999995, 13.674123,810671.1706,810668.7183,-0.1235,-2.3161,-0.0127
768774028.1342428,52.364715999999994, 13.672741,810671.8501,810669.3978,-0.1236,-2.3161,-0.0127
768774028.183701,52.367565, 13.671358999999999,810672.4981,810670.0457,-0.1236,-2.3161,-0.0127
768774028.2331593,52.370414999999994, 13.669977,810674.5428,810672.0904,-0.1236,-2.3161,-0.0127
768774028.2826176,52.373264999999996, 13.668595,810675.0523,810672.5998,-0.1236,-2.3162,-0.0127
768774028.3320885,52.376115, 13.667212999999999,810674.4805,810672.0280,-0.1236,-2.3162,-0.0127
768774028.3815467,52.378963999999996, 13.66583,810674.9439,810672.4914,-0.1237,-2.3162,-0.0127
768774028.431005,52.381814, 13.664447,810675.6175,810673.1649,-0.1237,-2.3163,-0.0127
768774028.4804633,52.384664, 13.663065,810676.4245,810673.9719,-0.1237,-2.3163,-0.0127
768774028.5299342,52.387513999999996, 13.661681,810677.5700,810675.1173,-0.1237,-2.3163,-0.0126
768774028.5793924,52.390363, 13.660298,810677.8105,810675.3578,-0.1237,-2.3163,-0.0126
768774028.6288636,52.393214, 13.658914999999999,810678.1894,810675.7366,-0.1238,-2.3164,-0.0126
768774028.6783216,52.396063, 13.657530999999999,810678.6930,810676.2402,-0.1238,-2.3164,-0.0126
768774028.7277672,52.398911999999996, 13.656148,810679.3644,810676.9115,-0.1238,-2.3164,-0.0126
768774028.7772381,52.401762, 13.654764,810680.0931,810677.6402,-0.1238,-2.3165,-0.0126
768774028.8266964,52.404610999999996, 13.653379999999999,810681.6012,810679.1483,-0.1238,-2.3165,-0.0126
768774028.8761547,52.407461, 13.651995999999999,810682.6147,810680.1617,-0.1239,-2.3165,-0.0126
768774028.9256129,52.410309999999996, 13.650611999999999,810683.5274,810681.0744,-0.1239,-2.3166,-0.0126
768774028.9750712,52.41316, 13.649227999999999,810684.2851,810681.8320,-0.1239,-2.3166,-0.0126
768774029.0245409,52.41601, 13.647843,810685.7159,810683.2628,-0.1239,-2.3166,-0.0126
768774029.0739992,52.418859, 13.646459,810688.8933,810686.4401,-0.1239,-2.3167,-0.0126
768774029.1234701,52.421709, 13.645073,810690.4759,810688.0226,-0.1240,-2.3167,-0.0126
768774029.1729283,52.424558999999995, 13.643689,810688.8478,810686.3945,-0.1240,-2.3167,-0.0126
768774029.2223995,52.427409, 13.642303,810689.8162,810687.3628,-0.1240,-2.3168,-0.0126
768774029.2718449,52.430257, 13.640918,810690.4435,810687.9900,-0.1240,-2.3168,-0.0126
768774029.321316,52.433107, 13.639533,810691.0028,810688.5493,-0.1241,-2.3169,-0.0126
768774029.3707743,52.435956999999995, 13.638147,810691.9315,810689.4779,-0.1241,-2.3169,-0.0126
768774029.4202454,52.438807, 13.636761,810692.0654,810689.6118,-0.1241,-2.3169,-0.0126
768774029.4696913,52.441655, 13.635375999999999,810690.8211,810688.3674,-0.1241,-2.3170,-0.0126
768774029.5191629,52.444505, 13.633989,810690.1983,810687.7445,-0.1242,-2.3170,-0.0126
768774029.5686216,52.447354999999995, 13.632603,810690.6006,810688.1468,-0.1242,-2.3171,-0.0126
768774029.6180804,52.450204, 13.631217,810691.7405,810689.2866,-0.1242,-2.3171,-0.0126
768774029.6675391,52.453053, 13.62983,810693.1907,810690.7367,-0.1242,-2.3171,-0.0126
768774029.7170105,52.455903, 13.628442999999999,810695.0263,810692.5723,-0.1243,-2.3172,-0.0126
768774029.7664821,52.458752999999994, 13.627056,810702.4074,810699.9533,-0.1243,-2.3172,-0.0126
768774029.8159535,52.461603, 13.625669,810704.2661,810701.8119,-0.1243,-2.3173,-0.0126
768774029.8653994,52.464451999999994, 13.624282,810693.0514,810690.5972,-0.1243,-2.3173,-0.0126
768774029.9148703,52.467302, 13.622895,810693.4122,810690.9579,-0.1244,-2.3173,-0.0126
768774027.5409422,52.330529999999996, 13.689307,810662.1581,810659.6656,-0.1237,-2.3169,-0.0518
768774027.5904005,52.333379, 13.687927,810662.7318,810660.2393,-0.1237,-2.3169,-0.0518
768774027.6398587,52.336228999999996, 13.686546,810663.5957,810661.1032,-0.1237,-2.3169,-0.0518
768774027.6893296,52.339079999999996, 13.685165999999999,810664.2957,810661.8032,-0.1238,-2.3169,-0.0518
768774027.7387881,52.341929, 13.683784999999999,810664.8006,810662.3081,-0.1238,-2.3169,-0.0518
768774027.7882469,52.344778999999996, 13.682404,810669.7908,810667.2983,-0.1239,-2.3169,-0.0518
768774027.8377056,52.347629, 13.681023999999999,810671.8163,810669.3237,-0.1239,-2.3168,-0.0518
768774027.8871772,52.350479, 13.679642,810670.4996,810668.0070,-0.1239,-2.3168,-0.0518
768774027.936636,52.353328999999995, 13.678261,810670.3453,810667.8527,-0.1240,-2.3168,-0.0518
768774027.9860947,52.356179, 13.676879999999999,810670.0295,810667.5369,-0.1240,-2.3168,-0.0518
768774028.0355537,52.359029, 13.675498,810670.6119,810668.1193,-0.1240,-2.3168,-0.0518
768774028.0850132,52.361878, 13.674116999999999,810671.1723,810668.6796,-0.1240,-2.3168,-0.0518
768774028.1344848,52.364729, 13.672735,810671.8515,810669.3588,-0.1241,-2.3168,-0.0518
768774028.183943,52.367577999999995, 13.671353,810672.5003,810670.0076,-0.1241,-2.3168,-0.0518
768774028.2334013,52.370428, 13.669970999999999,810674.4619,810671.9692,-0.1241,-2.3168,-0.0518
768774028.2828596,52.373278, 13.668588999999999,810675.0537,810672.5609,-0.1241,-2.3168,-0.0518
768774028.3323305,52.376127999999994, 13.667206,810674.4819,810671.9891,-0.1242,-2.3168,-0.0518
768774028.3817887,52.378977, 13.665823,810674.9488,810672.4560,-0.1242,-2.3168,-0.0518
768774028.431247,52.381826999999994, 13.664441,810675.6192,810673.1263,-0.1242,-2.3168,-0.0518
768774028.4807053,52.384676, 13.663058,810676.4296,810673.9367,-0.1242,-2.3168,-0.0518
768774028.5301762,52.387527, 13.661674999999999,810677.5710,810675.0781,-0.1243,-2.3169,-0.0518
768774028.5796344,52.390375999999996, 13.660292,810677.8133,810675.3204,-0.1243,-2.3169,-0.0518
768774028.6291053,52.393226999999996, 13.658907999999998,810678.1904,810675.6974,-0.1243,-2.3169,-0.0518
768774028.6785636,52.396076, 13.657525,810678.7993,810676.3063,-0.1243,-2.3169,-0.0518
768774028.7280219,52.398925999999996, 13.656141,810679.3660,810676.8730,-0.1244,-2.3169,-0.0518
768774028.7774928,52.401776, 13.654757,810680.0963,810677.6032,-0.1244,-2.3169,-0.0518
768774028.826951,52.404624999999996, 13.653373,810681.6055,810679.1124,-0.1244,-2.3169,-0.0518
768774028.8764093,52.407475, 13.651988999999999,810682.6202,810680.1271,-0.1244,-2.3169,-0.0518
768774028.9258802,52.410325, 13.650604999999999,810683.5301,810681.0369,-0.1245,-2.3169,-0.0518
768774028.9753385,52.413174, 13.649220999999999,810684.2898,810681.7966,-0.1245,-2.3169,-0.0518
768774029.0248084,52.416024, 13.647836,810685.7285,810683.2353,-0.1245,-2.3169,-0.0518
768774029.0742667,52.418873999999995, 13.646450999999999,810688.9107,810686.4174,-0.1246,-2.3170,-0.0518
768774029.1237376,52.421724, 13.645066,810690.4802,810687.9868,-0.1246,-2.3171,-0.0518
768774029.1731832,52.424572, 13.643682,810688.8459,810686.3524,-0.1246,-2.3171,-0.0518
768774029.2226541,52.427422, 13.642296,810689.8197,810687.3261,-0.1247,-2.3172,-0.0518
768774029.2720997,52.430271, 13.640911,810690.4450,810687.9513,-0.1247,-2.3173,-0.0518
768774029.3215706,52.433121, 13.639526,810691.0064,810688.5126,-0.1247,-2.3173,-0.0518
768774029.3710289,52.43597, 13.63814,810691.9353,810689.4414,-0.1248,-2.3174,-0.0518
768774029.4204998,52.438821, 13.636754,810692.0636,810689.5696,-0.1248,-2.3174,-0.0518
768774029.4699714,52.441671, 13.635368,810690.8170,810688.3229,-0.1248,-2.3175,-0.0518
768774029.5194302,52.44452, 13.633982,810690.1964,810687.7022,-0.1249,-2.3176,-0.0517
768774029.5689015,52.44737, 13.632595,810690.6069,810688.1126,-0.1249,-2.3176,-0.0517
768774029.6183603,52.450219, 13.631209,810691.7467,810689.2523,-0.1249,-2.3177,-0.0517
768774029.6678319,52.453069, 13.629821999999999,810693.1995,810690.7050,-0.1250,-2.3178,-0.0517
768774029.7172906,52.455918, 13.628435999999999,810695.0373,810692.5427,-0.1250,-2.3178,-0.0517
768774029.766762,52.458768, 13.627049,810702.4221,810699.9274,-0.1250,-2.3179,-0.0517
768774029.8162336,52.461617999999994, 13.625661,810704.2773,810701.7825,-0.1251,-2.3180,-0.0517
768774029.8656795,52.464467, 13.624274999999999,810693.0551,810690.5603,-0.1251,-2.3180,-0.0517
768774029.9151504,52.467316999999994, 13.622886999999999,810693.4095,810690.9146,-0.1251,-2.3181,-0.0517
771106828.4559009,52.332727, 13.684342,810468.8258,810466.3627,-0.1058,-2.3025,-0.0547
771106828.5053465,52.335575999999996, 13.682962,810469.5853,810467.1223,-0.1058,-2.3026,-0.0547
771106828.5547919,52.338425, 13.681581999999999,810470.5662,810468.1032,-0.1058,-2.3026,-0.0547
771106828.6042376,52.341274999999996, 13.680202,810471.1447,810468.6817,-0.1058,-2.3026,-0.0547
771106828.653683,52.344124, 13.678822,810476.0023,810473.5393,-0.1058,-2.3026,-0.0547
771106828.7031286,52.346973, 13.677441,810475.1342,810472.6712,-0.1058,-2.3026,-0.0547
771106828.752574,52.349821999999996, 13.676060999999999,810475.9087,810473.4457,-0.1057,-2.3026,-0.0547
771106828.8020196,52.352671, 13.674679999999999,810475.8460,810473.3830,-0.1057,-2.3026,-0.0547
771106828.851465,52.35552, 13.673299,810476.0069,810473.5439,-0.1057,-2.3026,-0.0547
771106828.9009106,52.358368999999996, 13.671918,810476.7060,810474.2430,-0.1057,-2.3026,-0.0547
771106828.950356,52.361218, 13.670537,810477.2517,810474.7887,-0.1057,-2.3026,-0.0547
771106828.9998016,52.364067999999996, 13.669155,810477.9261,810475.4631,-0.1057,-2.3026,-0.0547
771106829.0492458,52.366917, 13.667774,810478.5561,810476.0931,-0.1057,-2.3026,-0.0547
771106829.0986915,52.369766, 13.666392,810480.3624,810477.8993,-0.1057,-2.3027,-0.0547
771106829.1481369,52.372614999999996, 13.665011,810480.2250,810477.7619,-0.1057,-2.3027,-0.0547
771106829.1975825,52.375464, 13.663629,810480.5218,810478.0586,-0.1057,-2.3027,-0.0547
771106829.2470407,52.378313, 13.662246,810481.0954,810478.6322,-0.1057,-2.3028,-0.0547
771106829.2964864,52.381161999999996, 13.660864,810481.7821,810479.3189,-0.1058,-2.3028,-0.0547
771106829.3459325,52.384011, 13.659481999999999,810482.4933,810480.0300,-0.1058,-2.3028,-0.0547
771106829.3953784,52.38686, 13.658099,810483.6606,810481.1973,-0.1058,-2.3029,-0.0547
771106829.4448118,52.389708999999996, 13.656716999999999,810483.5211,810481.0577,-0.1058,-2.3029,-0.0547
771106829.4942577,52.392558, 13.655334,810484.0732,810481.6098,-0.1058,-2.3029,-0.0547
771106829.5437038,52.395407, 13.653951,810484.7419,810482.2785,-0.1058,-2.3030,-0.0546
771106829.593137,52.398255, 13.652567999999999,810485.3933,810482.9298,-0.1058,-2.3030,-0.0546
771106829.6425958,52.401104, 13.651183999999999,810486.5082,810484.0447,-0.1058,-2.3030,-0.0546
771106829.6920419,52.403952999999994, 13.649801,810487.4558,810484.9922,-0.1058,-2.3031,-0.0546
771106829.7414875,52.406802, 13.648417,810488.2394,810485.7758,-0.1058,-2.3031,-0.0546
771106829.7909331,52.409651, 13.647034,810488.9922,810486.5286,-0.1059,-2.3032,-0.0546
771106829.8403914,52.412501, 13.645648999999999,810489.6577,810487.1940,-0.1059,-2.3032,-0.0546
771106829.8898242,52.415349, 13.644266,810490.9138,810488.4501,-0.1059,-2.3032,-0.0546
771106829.9392695,52.418198, 13.642881,810494.0399,810491.5761,-0.1059,-2.3033,-0.0546
771106829.9887152,52.421046, 13.641497,810495.4327,810492.9689,-0.1059,-2.3033,-0.0546
771106830.0381615,52.423894999999995, 13.640112,810491.0875,810488.6237,-0.1059,-2.3033,-0.0546
771106830.0876071,52.426744, 13.638727999999999,810491.6601,810489.1963,-0.1059,-2.3033,-0.0546
771106830.1370654,52.429593999999994, 13.637343,810492.2303,810489.7665,-0.1059,-2.3033,-0.0546
771106830.1865108,52.432441999999995, 13.635957999999999,810492.8795,810490.4157,-0.1059,-2.3033,-0.0546
771106830.2359436,52.435289999999995, 13.634573,810493.4475,810490.9837,-0.1059,-2.3033,-0.0546
771106830.2854018,52.43814, 13.633187,810494.1062,810491.6424,-0.1059,-2.3033,-0.0546
771106830.3348477,52.440988999999995, 13.631801999999999,810494.7482,810492.2844,-0.1059,-2.3033,-0.0546
771106830.3842931,52.443836999999995, 13.630415999999999,810495.3195,810492.8557,-0.1059,-2.3033,-0.0546
771106830.4337387,52.446686, 13.629031,810495.9358,810493.4720,-0.1059,-2.3033,-0.0546
771106830.4831841,52.449535, 13.627645,810497.0214,810494.5576,-0.1059,-2.3033,-0.0546
771106830.5326424,52.452383999999995, 13.626258,810498.6129,810496.1490,-0.1060,-2.3034,-0.0545
771106830.5820751,52.455231999999995, 13.624872,810500.9693,810498.5054,-0.1060,-2.3034,-0.0545
771106830.6315334,52.458081, 13.623486,810505.5912,810503.1273,-0.1060,-2.3034,-0.0545
771106830.6809661,52.460929, 13.6221,810498.3069,810495.8430,-0.1060,-2.3034,-0.0545
771106830.7304244,52.463778999999995, 13.620712999999999,810498.8033,810496.3394,-0.1060,-2.3034,-0.0545
771106830.7798572,52.466626, 13.619326,810499.4122,810496.9483,-0.1060,-2.3034,-0.0545
771106830.8293154,52.469476, 13.617939,810498.6786,810496.2147,-0.1060,-2.3034,-0.0545
771106828.4556592,52.332713, 13.684349,810468.8246,810466.3615,-0.1058,-2.3025,-0.0547
771106828.5051045,52.335561999999996, 13.682969,810469.5772,810467.1142,-0.1058,-2.3026,-0.0547
771106828.5545499,52.338412, 13.681588999999999,810470.5638,810468.1008,-0.1058,-2.3026,-0.0547
771106828.6039956,52.341260999999996, 13.680209,810471.1407,810468.6777,-0.1058,-2.3026,-0.0547
771106828.653441,52.34411, 13.678828,810475.9987,810473.5357,-0.1058,-2.3026,-0.0547
771106828.7028866,52.346959, 13.677448,810475.1352,810472.6722,-0.1058,-2.3026,-0.0547
771106828.752332,52.349807999999996, 13.676067,810475.9129,810473.4499,-0.1057,-2.3026,-0.0547
771106828.8017776,52.352657, 13.674686999999999,810475.8544,810473.3914,-0.1057,-2.3026,-0.0547
771106828.851223,52.355506, 13.673306,810476.0049,810473.5419,-0.1057,-2.3026,-0.0547
771106828.9006686,52.358356, 13.671925,810476.7040,810474.2410,-0.1057,-2.3026,-0.0547
771106828.950114,52.361205, 13.670542999999999,810477.2503,810474.7873,-0.1057,-2.3026,-0.0547
771106828.9995596,52.364053999999996, 13.669162,810477.9241,810475.4611,-0.1057,-2.3026,-0.0547
771106829.0490038,52.366903, 13.667781,810478.5521,810476.0891,-0.1057,-2.3026,-0.0547
771106829.0984368,52.369751, 13.666399,810480.3620,810477.8989,-0.1057,-2.3027,-0.0547
771106829.1478822,52.3726, 13.665018,810480.2278,810477.7647,-0.1057,-2.3027,-0.0547
771106829.1973279,52.375448999999996, 13.663635999999999,810480.5192,810478.0560,-0.1057,-2.3027,-0.0547
771106829.2467732,52.378298, 13.662253999999999,810481.1123,810478.6491,-0.1057,-2.3028,-0.0547
771106829.2962317,52.381147999999996, 13.660871,810481.7794,810479.3162,-0.1058,-2.3028,-0.0547
771106829.3456779,52.383997, 13.659488999999999,810482.4883,810480.0250,-0.1058,-2.3028,-0.0547
771106829.3951111,52.386845, 13.658106,810483.6643,810481.2010,-0.1058,-2.3029,-0.0547
771106829.4445572,52.389694, 13.656723999999999,810483.5192,810481.0558,-0.1058,-2.3029,-0.0547
771106829.494003,52.392542999999996, 13.655341,810484.1869,810481.7235,-0.1058,-2.3029,-0.0547
771106829.5434492,52.395392, 13.653958,810484.7406,810482.2772,-0.1058,-2.3030,-0.0546
771106829.5928824,52.398239999999994, 13.652574999999999,810485.3907,810482.9272,-0.1058,-2.3030,-0.0546
771106829.6423411,52.401089999999996, 13.651190999999999,810486.5004,810484.0369,-0.1058,-2.3030,-0.0546
771106829.6917872,52.403939, 13.649808,810487.4522,810484.9886,-0.1058,-2.3031,-0.0546
771106829.7412329,52.406788, 13.648423999999999,810488.2349,810485.7713,-0.1058,-2.3031,-0.0546
771106829.7906783,52.409637, 13.647041,810488.9898,810486.5262,-0.1059,-2.3032,-0.0546
771106829.8401365,52.412485999999994, 13.645655999999999,810489.6520,810487.1883,-0.1059,-2.3032,-0.0546
771106829.8895822,52.415335, 13.644271999999999,810490.9090,810488.4453,-0.1059,-2.3032,-0.0546
771106829.9390278,52.418184, 13.642888,810494.0296,810491.5658,-0.1059,-2.3033,-0.0546
771106829.9884732,52.421032999999994, 13.641504,810495.4317,810492.9679,-0.1059,-2.3033,-0.0546
771106830.0379324,52.423882, 13.640118999999999,810491.0867,810488.6229,-0.1059,-2.3033,-0.0546
771106830.087378,52.426731, 13.638734,810491.6577,810489.1939,-0.1059,-2.3033,-0.0546
771106830.1368363,52.429579999999994, 13.637348999999999,810492.2285,810489.7647,-0.1059,-2.3033,-0.0546
771106830.1862817,52.432429, 13.635964,810492.8775,810490.4137,-0.1059,-2.3033,-0.0546
771106830.2357144,52.435277, 13.634578999999999,810493.4455,810490.9817,-0.1059,-2.3033,-0.0546
771106830.2851727,52.438126999999994, 13.633194,810494.1069,810491.6431,-0.1059,-2.3033,-0.0546
771106830.3346183,52.440974999999995, 13.631808,810494.7462,810492.2824,-0.1059,-2.3033,-0.0546
771106830.384064,52.443824, 13.630422999999999,810495.3173,810492.8535,-0.1059,-2.3033,-0.0546
771106830.4335222,52.446673999999994, 13.629036999999999,810495.9345,810493.4707,-0.1059,-2.3033,-0.0546
771106830.482955,52.449521999999995, 13.627651,810497.0129,810494.5491,-0.1059,-2.3033,-0.0546
771106830.5324132,52.452371, 13.626265,810498.6077,810496.1438,-0.1060,-2.3034,-0.0545
771106830.581846,52.455219, 13.624879,810500.9582,810498.4943,-0.1060,-2.3034,-0.0545
771106830.6313043,52.458068, 13.623491999999999,810505.5832,810503.1193,-0.1060,-2.3034,-0.0545
771106830.6807497,52.460916999999995, 13.622105999999999,810498.3049,810495.8410,-0.1060,-2.3034,-0.0545
771106830.7301953,52.463764999999995, 13.620719,810498.7958,810496.3319,-0.1060,-2.3034,-0.0545
771106830.7796407,52.466614, 13.619332,810499.4114,810496.9475,-0.1060,-2.3034,-0.0545
771106830.8290989,52.469463, 13.617944999999999,810498.6780,810496.2141,-0.1060,-2.3034,-0.0545
771106828.4556081,52.33271, 13.68435,810468.8243,810466.3516,-0.1071,-2.3034,-0.0622
771106828.5050409,52.335558, 13.682971,810469.5751,810467.1025,-0.1070,-2.3035,-0.0621
771106828.5544863,52.338408, 13.681591,810470.5634,810468.0908,-0.1070,-2.3035,-0.0621
771106828.6039319,52.341257, 13.680209999999999,810471.1397,810468.6672,-0.1069,-2.3035,-0.0621
771106828.6533773,52.344106, 13.67883,810475.9975,810473.5251,-0.1068,-2.3035,-0.0621
771106828.7028229,52.346954999999994, 13.677449999999999,810475.1328,810472.6605,-0.1067,-2.3035,-0.0621
771106828.7522683,52.349804, 13.676069,810475.9173,810473.4450,-0.1067,-2.3035,-0.0621
771106828.801714,52.352653, 13.674688,810475.8554,810473.3832,-0.1066,-2.3035,-0.0621
771106828.8511593,52.355501999999994, 13.673307999999999,810476.0044,810473.5323,-0.1065,-2.3035,-0.0621
771106828.900605,52.358352, 13.671927,810476.7035,810474.2315,-0.1064,-2.3035,-0.0621
771106828.9500504,52.361200999999994, 13.670544999999999,810477.2499,810474.7779,-0.1064,-2.3035,-0.0621
771106828.999496,52.36405, 13.669163999999999,810477.9236,810475.4517,-0.1063,-2.3035,-0.0621
771106829.048953,52.366899, 13.667781999999999,810478.5513,810476.0794,-0.1063,-2.3035,-0.0621
771106829.0983984,52.369749, 13.666400999999999,810480.3618,810477.8899,-0.1062,-2.3035,-0.0621
771106829.1478441,52.372597999999996, 13.665019,810480.2278,810477.7559,-0.1062,-2.3036,-0.0621
771106829.1973023,52.375446999999994, 13.663635999999999,810480.5188,810478.0469,-0.1062,-2.3036,-0.0621
771106829.2467477,52.378296, 13.662253999999999,810481.1119,810478.6400,-0.1062,-2.3036,-0.0621
771106829.2961936,52.381145, 13.660872,810481.7810,810479.3091,-0.1061,-2.3036,-0.0621
771106829.3456395,52.383993999999994, 13.65949,810482.4880,810480.0161,-0.1061,-2.3037,-0.0621
771106829.3950856,52.386843, 13.658107,810483.6648,810481.1929,-0.1061,-2.3037,-0.0621
771106829.4445317,52.389692, 13.656723999999999,810483.5191,810481.0472,-0.1060,-2.3037,-0.0621
771106829.4939904,52.392542, 13.655341,810484.1867,810481.7148,-0.1060,-2.3037,-0.0621
771106829.5434237,52.39539, 13.653958999999999,810484.7405,810482.2687,-0.1060,-2.3038,-0.0621
771106829.5928824,52.398239999999994, 13.652574999999999,810485.3906,810482.9188,-0.1059,-2.3038,-0.0621
771106829.6423156,52.401087999999994, 13.651192,810486.4999,810484.0281,-0.1059,-2.3038,-0.0621
771106829.6917617,52.403937, 13.649809,810487.4520,810484.9802,-0.1059,-2.3038,-0.0621
771106829.7412074,52.406786, 13.648425,810488.2347,810485.7629,-0.1059,-2.3039,-0.0621
771106829.7906656,52.409636, 13.647041,810488.9900,810486.5182,-0.1058,-2.3039,-0.0621
771106829.8401113,52.412484, 13.645657,810489.6516,810487.1798,-0.1058,-2.3039,-0.0621
771106829.889544,52.415333, 13.644273,810490.9083,810488.4365,-0.1058,-2.3039,-0.0621
771106829.9389894,52.418181, 13.642889,810494.0278,810491.5560,-0.1057,-2.3040,-0.0621
771106829.988435,52.421029999999995, 13.641504999999999,810495.4324,810492.9606,-0.1057,-2.3040,-0.0621
771106830.0378687,52.423877999999995, 13.640120999999999,810491.0868,810488.6150,-0.1057,-2.3040,-0.0621
771106830.0873144,52.426727, 13.638736,810491.6571,810489.1854,-0.1056,-2.3040,-0.0621
771106830.1367724,52.429576999999995, 13.637350999999999,810492.2280,810489.7563,-0.1056,-2.3040,-0.0621
771106830.186218,52.432424999999995, 13.635966,810492.8770,810490.4053,-0.1056,-2.3040,-0.0621
771106830.2356634,52.435274, 13.634580999999999,810493.4449,810490.9733,-0.1055,-2.3040,-0.0621
771106830.285109,52.438123, 13.633194999999999,810494.1064,810491.6348,-0.1055,-2.3040,-0.0621
771106830.334542,52.440971, 13.63181,810494.7455,810492.2739,-0.1055,-2.3040,-0.0621
771106830.3840003,52.443819999999995, 13.630424,810495.3162,810492.8447,-0.1054,-2.3040,-0.0621
771106830.433433,52.446667999999995, 13.629038999999999,810495.9340,810493.4625,-0.1054,-2.3040,-0.0621
771106830.4828913,52.449518, 13.627652999999999,810497.0099,810494.5384,-0.1054,-2.3040,-0.0621
771106830.5323241,52.452366, 13.626266999999999,810498.6058,810496.1344,-0.1053,-2.3041,-0.0620
771106830.5817823,52.455214999999995, 13.624881,810500.9566,810498.4852,-0.1053,-2.3041,-0.0620
771106830.6312277,52.458064, 13.623493999999999,810505.5802,810503.1088,-0.1053,-2.3041,-0.0620
771106830.6806734,52.460912, 13.622107999999999,810498.3046,810495.8333,-0.1052,-2.3041,-0.0620
771106830.7301188,52.463761, 13.620721,810498.7953,810496.3240,-0.1052,-2.3041,-0.0620
771106830.7795644,52.466609, 13.619333999999998,810499.4112,810496.9399,-0.1052,-2.3041,-0.0620
771106830.8290098,52.469457999999996, 13.617947,810498.6778,810496.2066,-0.1051,-2.3041,-0.0620
773439626.0133953,52.332665999999996, 13.690477999999999,810316.3645,810313.9329,-0.0931,-2.2842,-0.0543
773439626.0628281,52.335515, 13.689098,810317.2073,810314.7757,-0.0931,-2.2842,-0.0543
773439626.1122608,52.338364, 13.687719,810317.9272,810315.4957,-0.0931,-2.2841,-0.0543
773439626.1616938,52.341212, 13.686339,810318.4427,810316.0112,-0.0931,-2.2841,-0.0543
773439626.2111263,52.344060999999996, 13.684959,810324.2059,810321.7744,-0.0931,-2.2841,-0.0543
773439626.2605467,52.346909, 13.683579,810324.5743,810322.1429,-0.0931,-2.2840,-0.0543
773439626.3099799,52.349757, 13.682198999999999,810327.5399,810325.1085,-0.0931,-2.2840,-0.0543
773439626.3594131,52.352605999999994, 13.680819,810327.9232,810325.4919,-0.0931,-2.2840,-0.0543
773439626.4088464,52.355453999999995, 13.679438,810323.4634,810321.0321,-0.0931,-2.2840,-0.0543
773439626.4582798,52.358303, 13.678056999999999,810324.0479,810321.6166,-0.0931,-2.2839,-0.0543
773439626.5077131,52.361151, 13.676675999999999,810324.7193,810322.2881,-0.0930,-2.2839,-0.0543
773439626.5571463,52.364, 13.675295,810325.3558,810322.9246,-0.0930,-2.2839,-0.0543
773439626.6065669,52.366847, 13.673915,810325.9415,810323.5103,-0.0930,-2.2838,-0.0543
773439626.6560001,52.369696, 13.672533,810326.5755,810324.1444,-0.0930,-2.2838,-0.0543
773439626.7054329,52.372544, 13.671152,810328.8282,810326.3971,-0.0930,-2.2838,-0.0543
773439626.7548659,52.375392999999995, 13.66977,810327.7849,810325.3538,-0.0930,-2.2837,-0.0543
773439626.8042986,52.378240999999996, 13.668388,810328.4526,810326.0216,-0.0930,-2.2837,-0.0543
773439626.8537314,52.38109, 13.667005999999999,810329.1359,810326.7049,-0.0930,-2.2837,-0.0543
773439626.9031768,52.383939, 13.665624,810329.6956,810327.2646,-0.0930,-2.2837,-0.0543
773439626.9526098,52.386787, 13.664242,810330.6954,810328.2645,-0.0930,-2.2836,-0.0543
773439627.0020425,52.389635, 13.662859,810331.3951,810328.9642,-0.0930,-2.2836,-0.0543
773439627.051487,52.392483999999996, 13.661475999999999,810331.6942,810329.2633,-0.0930,-2.2837,-0.0543
773439627.1009197,52.395333, 13.660093999999999,810332.2208,810329.7898,-0.0930,-2.2837,-0.0543
773439627.1503525,52.398181, 13.658711,810332.8767,810330.4457,-0.0930,-2.2838,-0.0543
773439627.199785,52.401028999999994, 13.657328,810333.4374,810331.0064,-0.0929,-2.2838,-0.0543
773439627.2492177,52.403878, 13.655945,810334.0576,810331.6266,-0.0929,-2.2838,-0.0543
773439627.2986505,52.406726, 13.654561999999999,810336.3249,810333.8938,-0.0929,-2.2839,-0.0543
773439627.3480835,52.409574, 13.653177999999999,810337.3175,810334.8864,-0.0929,-2.2839,-0.0543
773439627.3975163,52.412422, 13.651795,810338.1371,810335.7060,-0.0929,-2.2840,-0.0543
773439627.4469616,52.415271, 13.650409999999999,810339.2548,810336.8236,-0.0929,-2.2840,-0.0543
773439627.4963944,52.418119, 13.649027,810341.6695,810339.2383,-0.0929,-2.2841,-0.0543
773439627.5458272,52.420967999999995, 13.647642999999999,810344.4563,810342.0251,-0.0928,-2.2841,-0.0542
773439627.5952599,52.423815999999995, 13.646258,810338.4785,810336.0472,-0.0928,-2.2842,-0.0542
773439627.64468,52.426663, 13.644874,810339.0497,810336.6184,-0.0928,-2.2842,-0.0542
773439627.6941257,52.429511999999995, 13.643488999999999,810339.7998,810337.3685,-0.0928,-2.2843,-0.0542
773439627.7435584,52.432359999999996, 13.642104999999999,810340.4292,810337.9979,-0.0928,-2.2843,-0.0542
773439627.7929912,52.435207999999996, 13.64072,810341.0478,810338.6164,-0.0928,-2.2844,-0.0542
773439627.8424239,52.438057, 13.639334999999999,810341.6473,810339.2159,-0.0927,-2.2844,-0.0542
773439627.8918695,52.440905, 13.63795,810342.2627,810339.8313,-0.0927,-2.2845,-0.0542
773439627.9412899,52.443753, 13.636565,810342.8323,810340.4008,-0.0927,-2.2845,-0.0542
773439627.9907231,52.446601, 13.635178999999999,810343.4771,810341.0456,-0.0927,-2.2846,-0.0542
773439628.0401697,52.44945, 13.633792999999999,810344.1058,810341.6743,-0.0927,-2.2846,-0.0542
773439628.0895908,52.452296999999994, 13.632408,810346.6866,810344.2552,-0.0926,-2.2846,-0.0542
773439628.139024,52.455144999999995, 13.631022,810348.2793,810345.8479,-0.0926,-2.2846,-0.0542
773439628.1884573,52.457992999999995, 13.629636,810341.6171,810339.1858,-0.0926,-2.2846,-0.0542
773439628.2379034,52.460842, 13.62825,810342.5345,810340.1032,-0.0925,-2.2846,-0.0542
773439628.287324,52.463688999999995, 13.626864,810345.9090,810343.4777,-0.0925,-2.2846,-0.0542
773439628.3367572,52.466536999999995, 13.625477,810346.7273,810344.2961,-0.0925,-2.2846,-0.0542
773439628.3862026,52.469386, 13.624089999999999,810345.9323,810343.5011,-0.0924,-2.2846,-0.0542
773439626.013217,52.332656, 13.690482,810316.3635,810313.9254,-0.0998,-2.2844,-0.0539
773439626.0626371,52.335504, 13.689103,810317.2050,810314.7670,-0.0997,-2.2844,-0.0539
773439626.1120698,52.338352, 13.687724,810317.9259,810315.4880,-0.0997,-2.2843,-0.0539
773439626.1615026,52.341201, 13.686344,810318.4393,810316.0015,-0.0996,-2.2843,-0.0539
773439626.2109354,52.344049999999996, 13.684963999999999,810324.2033,810321.7656,-0.0996,-2.2843,-0.0539
773439626.2603683,52.346897999999996, 13.683584,810324.5745,810322.1368,-0.0995,-2.2842,-0.0539
773439626.3098016,52.349747, 13.682203,810327.5305,810325.0929,-0.0995,-2.2842,-0.0539
773439626.3592222,52.352595, 13.680823,810327.9184,810325.4809,-0.0994,-2.2842,-0.0539
773439626.4086556,52.355443, 13.679443,810323.4636,810321.0262,-0.0994,-2.2842,-0.0539
773439626.4580889,52.358292, 13.678061999999999,810324.0465,810321.6092,-0.0993,-2.2841,-0.0539
773439626.5075221,52.36114, 13.676680999999999,810324.7179,810322.2807,-0.0992,-2.2841,-0.0539
773439626.5569553,52.363989, 13.6753,810325.3544,810322.9172,-0.0992,-2.2841,-0.0539
773439626.6063888,52.366837, 13.673919,810325.9408,810323.5037,-0.0991,-2.2840,-0.0539
773439626.6558218,52.369685, 13.672538,810326.5740,810324.1370,-0.0991,-2.2840,-0.0539
773439626.7052548,52.372533999999995, 13.671156,810328.8317,810326.3948,-0.0990,-2.2840,-0.0539
773439626.7546875,52.375381999999995, 13.669775,810327.7834,810325.3466,-0.0990,-2.2839,-0.0539
773439626.8041203,52.378231, 13.668393,810328.4511,810326.0144,-0.0989,-2.2839,-0.0539
773439626.853553,52.381079, 13.667010999999999,810329.1343,810326.6977,-0.0989,-2.2839,-0.0539
773439626.9029987,52.383928, 13.665628,810329.6939,810327.2573,-0.0988,-2.2839,-0.0539
773439626.9524314,52.386776999999995, 13.664245999999999,810330.6916,810328.2551,-0.0988,-2.2838,-0.0539
773439627.0018642,52.389624999999995, 13.662863999999999,810331.3946,810328.9582,-0.0987,-2.2838,-0.0539
773439627.051296,52.392472999999995, 13.661481,810331.6922,810329.2558,-0.0987,-2.2839,-0.0539
773439627.1007288,52.395322, 13.660098999999999,810332.2192,810329.7827,-0.0987,-2.2839,-0.0539
773439627.1501615,52.39817, 13.658716,810332.8750,810330.4385,-0.0986,-2.2840,-0.0539
773439627.199594,52.401018, 13.657333,810333.4364,810330.9999,-0.0986,-2.2840,-0.0539
773439627.2490268,52.403866, 13.655949999999999,810334.0549,810331.6184,-0.0986,-2.2840,-0.0539
773439627.2984595,52.406715, 13.654565999999999,810336.3198,810333.8833,-0.0986,-2.2841,-0.0539
773439627.3478923,52.409563, 13.653182999999999,810337.3140,810334.8774,-0.0986,-2.2841,-0.0539
773439627.3973379,52.412411999999996, 13.651798999999999,810338.1324,810335.6958,-0.0985,-2.2842,-0.0539
773439627.4467707,52.415259999999996, 13.650414999999999,810339.2517,810336.8151,-0.0985,-2.2842,-0.0539
773439627.4962034,52.418108, 13.649030999999999,810341.6505,810339.2139,-0.0985,-2.2843,-0.0539
773439627.5456362,52.420956, 13.647647,810344.4508,810342.0141,-0.0985,-2.2843,-0.0538
773439627.5950563,52.423804, 13.646263999999999,810338.4765,810336.0398,-0.0985,-2.2844,-0.0538
773439627.6445017,52.426652999999995, 13.644879,810339.0472,810336.6105,-0.0984,-2.2844,-0.0538
773439627.6939344,52.429500999999995, 13.643493999999999,810339.7970,810337.3603,-0.0984,-2.2845,-0.0538
773439627.7433674,52.432348999999995, 13.642109999999999,810340.4263,810337.9895,-0.0984,-2.2845,-0.0538
773439627.7927873,52.435196999999995, 13.640725,810341.0451,810338.6083,-0.0984,-2.2846,-0.0538
773439627.8422201,52.438044999999995, 13.639339999999999,810341.6455,810339.2087,-0.0984,-2.2846,-0.0538
773439627.8916657,52.440892999999996, 13.637955,810342.2604,810339.8236,-0.0983,-2.2847,-0.0538
773439627.9410989,52.443742, 13.636569999999999,810342.8310,810340.3941,-0.0983,-2.2847,-0.0538
773439627.9905195,52.446588999999996, 13.635183999999999,810343.4758,810341.0389,-0.0983,-2.2848,-0.0538
773439628.0399661,52.449438, 13.633799,810344.1043,810341.6674,-0.0983,-2.2848,-0.0538
773439628.0893998,52.452286, 13.632413,810346.6785,810344.2417,-0.0982,-2.2848,-0.0538
773439628.138833,52.455134, 13.631027,810348.2719,810345.8351,-0.0982,-2.2848,-0.0538
773439628.1882536,52.457981, 13.629641,810341.6157,810339.1789,-0.0982,-2.2848,-0.0538
773439628.2376869,52.460829, 13.628255,810342.5310,810340.0943,-0.0982,-2.2848,-0.0538
773439628.2871201,52.463677, 13.626869,810345.8974,810343.4607,-0.0981,-2.2848,-0.0538
773439628.336566,52.466525999999995, 13.625482,810346.7257,810344.2890,-0.0981,-2.2848,-0.0538
773439628.3859987,52.469373999999995, 13.624094999999999,810345.9300,810343.4934,-0.0981,-2.2848,-0.0538
775772423.6020541,52.330462, 13.694841,810420.6127,810418.0737,-0.2064,-2.2938,-0.0388
775772423.6515002,52.333310999999995, 13.693461,810423.1042,810420.5654,-0.2063,-2.2938,-0.0388
775772423.7009335,52.33616, 13.692082,810423.7955,810421.2568,-0.2061,-2.2938,-0.0388
775772423.7503793,52.339009, 13.690702,810424.5056,810421.9671,-0.2060,-2.2938,-0.0388
775772423.7998252,52.341857999999995, 13.689321999999999,810425.1845,810422.6461,-0.2058,-2.2938,-0.0388
775772423.8492703,52.344707, 13.687942,810431.5289,810428.9906,-0.2057,-2.2938,-0.0388
775772423.898716,52.347556999999995, 13.686561999999999,810431.3552,810428.8171,-0.2055,-2.2938,-0.0388
775772423.9481614,52.350406, 13.685182,810431.5202,810428.9822,-0.2054,-2.2938,-0.0388
775772423.997607,52.353255, 13.683800999999999,810431.4403,810428.9025,-0.2052,-2.2938,-0.0388
775772424.0470536,52.356103999999995, 13.682419999999999,810431.5416,810429.0040,-0.2050,-2.2938,-0.0388
775772424.0964992,52.358953, 13.681039,810435.9049,810433.3674,-0.2049,-2.2938,-0.0388
775772424.1459448,52.361802999999995, 13.679658,810431.3361,810428.7988,-0.2047,-2.2938,-0.0388
775772424.19539,52.364652, 13.678277,810432.0039,810429.4668,-0.2045,-2.2938,-0.0388
775772424.2448354,52.367501, 13.676896,810432.6783,810430.1413,-0.2043,-2.2938,-0.0388
775772424.294281,52.370349999999995, 13.675514,810433.3054,810430.7686,-0.2042,-2.2938,-0.0388
775772424.3437264,52.373199, 13.674133,810436.2310,810433.6944,-0.2040,-2.2938,-0.0388
775772424.393172,52.376048, 13.672751,810434.5500,810432.0135,-0.2038,-2.2938,-0.0388
775772424.4426048,52.378896999999995, 13.671368999999999,810435.2313,810432.6950,-0.2037,-2.2938,-0.0388
775772424.4920502,52.381746, 13.669986999999999,810435.7969,810433.2608,-0.2035,-2.2938,-0.0388
775772424.5414958,52.384595, 13.668605,810436.6164,810434.0804,-0.2033,-2.2939,-0.0388
775772424.5909412,52.387443999999995, 13.667223,810438.0003,810435.4645,-0.2031,-2.2939,-0.0388
775772424.6403868,52.390293, 13.66584,810438.6407,810436.1051,-0.2030,-2.2939,-0.0388
775772424.6898196,52.393141, 13.664458,810439.1340,810436.5985,-0.2028,-2.2939,-0.0388
775772424.7392523,52.395989, 13.663075,810439.5274,810436.9921,-0.2026,-2.2939,-0.0388
775772424.788698,52.398838, 13.661691999999999,810439.7018,810437.1667,-0.2024,-2.2939,-0.0388
775772424.8381433,52.401686999999995, 13.660309,810440.3749,810437.8399,-0.2023,-2.2939,-0.0388
775772424.887589,52.404536, 13.658926,810440.9466,810438.4118,-0.2021,-2.2939,-0.0388
775772424.9370217,52.407384, 13.657542999999999,810443.8165,810441.2819,-0.2019,-2.2939,-0.0388
775772424.9864545,52.410233, 13.65616,810444.8744,810442.3400,-0.2017,-2.2939,-0.0388
775772425.0358994,52.413081, 13.654776,810445.4757,810442.9414,-0.2016,-2.2939,-0.0388
775772425.0853455,52.415929999999996, 13.653392,810446.9386,810444.4044,-0.2014,-2.2940,-0.0388
775772425.1347785,52.418779, 13.652007999999999,810449.3654,810446.8313,-0.2012,-2.2940,-0.0388
775772425.1842244,52.421627, 13.650623999999999,810452.3546,810449.8207,-0.2011,-2.2941,-0.0388
775772425.2336705,52.424476, 13.649239999999999,810445.2955,810442.7617,-0.2009,-2.2942,-0.0388
775772425.2831037,52.427324999999996, 13.647855999999999,810446.0125,810443.4788,-0.2007,-2.2942,-0.0388
775772425.3325498,52.430172999999996, 13.646471,810446.9726,810444.4390,-0.2005,-2.2943,-0.0388
775772425.381983,52.433022, 13.645087,810447.8269,810445.2935,-0.2004,-2.2943,-0.0388
775772425.4314163,52.435869999999994, 13.643702,810448.6109,810446.0776,-0.2002,-2.2944,-0.0388
775772425.4808619,52.438717999999994, 13.642317,810449.0461,810446.5129,-0.2000,-2.2944,-0.0388
775772425.5302947,52.441565999999995, 13.640932,810449.3922,810446.8591,-0.1998,-2.2945,-0.0387
775772425.5797274,52.444413999999995, 13.639546999999999,810450.0071,810447.4741,-0.1997,-2.2945,-0.0387
775772425.6291857,52.447264, 13.638161,810450.4895,810447.9567,-0.1995,-2.2946,-0.0387
775772425.6786184,52.450112, 13.636776,810452.2158,810449.6831,-0.1993,-2.2946,-0.0387
775772425.7280641,52.452960999999995, 13.63539,810454.4086,810451.8760,-0.1992,-2.2947,-0.0387
775772425.7775097,52.455808999999995, 13.634004,810456.0277,810453.4952,-0.1990,-2.2948,-0.0387
775772425.8269424,52.458656999999995, 13.632617999999999,810463.9988,810461.4665,-0.1988,-2.2948,-0.0387
775772425.8763878,52.461506, 13.631231999999999,810466.4079,810463.8757,-0.1986,-2.2949,-0.0387
775772425.9258206,52.464354, 13.629845999999999,810453.5683,810451.0362,-0.1985,-2.2949,-0.0387
775772425.9752662,52.467203, 13.628459,810454.0082,810451.4762,-0.1983,-2.2950,-0.0387
778105220.1590395,52.330816999999996, 13.696605,810600.7955,810598.3177,-0.1154,-2.3159,-0.0465
778105220.2084851,52.333666, 13.695226,810594.6193,810592.1416,-0.1154,-2.3159,-0.0465
778105220.2579434,52.336515999999996, 13.693845999999999,810593.0874,810590.6097,-0.1153,-2.3159,-0.0465
778105220.3073885,52.339365, 13.692466999999999,810591.1971,810588.7194,-0.1153,-2.3159,-0.0465
778105220.3568468,52.342214999999996, 13.691087,810603.5682,810601.0905,-0.1153,-2.3159,-0.0465
778105220.4063051,52.345065, 13.689706999999999,810609.8677,810607.3900,-0.1153,-2.3159,-0.0465
778105220.4557633,52.347915, 13.688327,810609.7316,810607.2539,-0.1153,-2.3159,-0.0465
778105220.5052216,52.350764999999996, 13.686947,810610.1197,810607.6421,-0.1153,-2.3159,-0.0464
778105220.5546799,52.353615, 13.685566,810609.9896,810607.5120,-0.1153,-2.3159,-0.0464
778105220.6041381,52.356465, 13.684185999999999,810610.1787,810607.7011,-0.1153,-2.3159,-0.0464
778105220.6535964,52.359314, 13.682805,810608.9871,810606.5095,-0.1153,-2.3159,-0.0464
778105220.7030547,52.362164, 13.681424,810609.5532,810607.0756,-0.1153,-2.3159,-0.0464
778105220.7525129,52.365013999999995, 13.680043,810610.2408,810607.7632,-0.1152,-2.3159,-0.0464
778105220.8019712,52.367864, 13.678662,810610.8997,810608.4221,-0.1152,-2.3159,-0.0464
778105220.8514421,52.370714, 13.677280999999999,810611.4298,810608.9523,-0.1152,-2.3159,-0.0464
778105220.9009006,52.373563999999995, 13.675899,810614.4973,810612.0198,-0.1152,-2.3159,-0.0464
778105220.9503593,52.376414, 13.674517,810612.8291,810610.3516,-0.1152,-2.3159,-0.0464
778105220.9998055,52.379262999999995, 13.673136,810613.5234,810611.0459,-0.1152,-2.3159,-0.0464
778105221.0492635,52.382113, 13.671754,810614.2729,810611.7954,-0.1152,-2.3160,-0.0464
778105221.0987093,52.384961999999994, 13.670371999999999,810615.1116,810612.6340,-0.1152,-2.3160,-0.0464
778105221.1481552,52.387811, 13.668991,810616.1920,810613.7144,-0.1152,-2.3161,-0.0464
778105221.197614,52.39066, 13.667608,810616.9624,810614.4847,-0.1151,-2.3161,-0.0464
778105221.2470601,52.393508999999995, 13.666226,810617.4845,810615.0068,-0.1151,-2.3162,-0.0464
778105221.2965312,52.396359999999994, 13.664843,810617.9878,810615.5100,-0.1151,-2.3163,-0.0464
778105221.3459895,52.399209, 13.663459999999999,810617.9944,810615.5166,-0.1151,-2.3163,-0.0464
778105221.3954351,52.402058, 13.662078,810618.5885,810616.1106,-0.1151,-2.3164,-0.0464
778105221.4448807,52.404906999999994, 13.660694999999999,810619.1491,810616.6712,-0.1151,-2.3164,-0.0464
778105221.4943516,52.407758, 13.659310999999999,810619.8058,810617.3279,-0.1151,-2.3165,-0.0464
778105221.5438099,52.410607, 13.657928,810623.4047,810620.9267,-0.1150,-2.3166,-0.0464
778105221.5932555,52.413456, 13.656544,810624.0542,810621.5762,-0.1150,-2.3166,-0.0464
778105221.6427135,52.416306, 13.655161,810626.0315,810623.5534,-0.1150,-2.3167,-0.0464
778105221.6921847,52.419156, 13.653777,810628.6796,810626.2015,-0.1150,-2.3167,-0.0464
778105221.741643,52.422005, 13.652393,810622.9544,810620.4762,-0.1150,-2.3168,-0.0464
778105221.7910883,52.424853999999996, 13.651009,810623.5490,810621.0708,-0.1150,-2.3168,-0.0464
778105221.8405595,52.427704, 13.649624,810624.2492,810621.7709,-0.1149,-2.3169,-0.0464
778105221.8900175,52.430554, 13.64824,810625.0270,810622.5487,-0.1149,-2.3170,-0.0464
778105221.9394631,52.433403, 13.646854999999999,810626.3522,810623.8739,-0.1149,-2.3170,-0.0464
778105221.988934,52.436253, 13.64547,810627.7163,810625.2379,-0.1149,-2.3171,-0.0464
778105222.0383806,52.439102, 13.644084999999999,810628.5567,810626.0783,-0.1149,-2.3171,-0.0464
778105222.0878386,52.441950999999996, 13.6427,810628.7609,810626.2825,-0.1149,-2.3171,-0.0464
778105222.1373098,52.444801, 13.641314999999999,810628.2687,810625.7903,-0.1148,-2.3171,-0.0464
778105222.1867552,52.447649999999996, 13.63993,810628.7205,810626.2422,-0.1148,-2.3171,-0.0464
778105222.2362263,52.4505, 13.638544,810629.8206,810627.3423,-0.1148,-2.3171,-0.0464
778105222.2856717,52.453348999999996, 13.637158,810643.5146,810641.0363,-0.1148,-2.3171,-0.0464
778105222.3351429,52.456199, 13.635772,810644.0980,810641.6197,-0.1148,-2.3171,-0.0464
778105222.3845882,52.459047999999996, 13.634387,810644.1676,810641.6893,-0.1147,-2.3171,-0.0464
778105222.4340594,52.461898, 13.633,810645.4352,810642.9569,-0.1147,-2.3171,-0.0464
778105222.4835048,52.464746, 13.631613999999999,810647.3734,810644.8951,-0.1147,-2.3171,-0.0464
778105222.5329757,52.467596, 13.630227,810632.3273,810629.8491,-0.1147,-2.3172,-0.0464
780438021.4995143,52.330549999999995, 13.68327,810682.3676,810679.8775,-0.1659,-2.2827,-0.0416
780438021.5489852,52.3334, 13.681889,810682.8867,810680.3965,-0.1660,-2.2827,-0.0415
780438021.598444,52.33625, 13.680508,810677.2580,810674.7678,-0.1660,-2.2827,-0.0415
780438021.6479027,52.339099999999995, 13.679127,810675.5744,810673.0841,-0.1661,-2.2826,-0.0415
780438021.6973488,52.341949, 13.677745999999999,810688.8867,810686.3964,-0.1661,-2.2826,-0.0415
780438021.7468202,52.344798999999995, 13.676364,810689.6181,810687.1278,-0.1662,-2.2826,-0.0415
780438021.796279,52.347648, 13.674982,810689.4732,810686.9828,-0.1663,-2.2826,-0.0415
780438021.8457506,52.350499, 13.673599999999999,810690.3076,810687.8172,-0.1663,-2.2826,-0.0415
780438021.8952093,52.353348, 13.672217999999999,810689.2207,810686.7303,-0.1664,-2.2825,-0.0415
780438021.944668,52.356198, 13.670836,810689.9056,810687.4151,-0.1664,-2.2825,-0.0415
780438021.9941394,52.359047999999994, 13.669454,810690.5714,810688.0809,-0.1665,-2.2825,-0.0415
780438022.0435987,52.361898, 13.668071,810691.2311,810688.7406,-0.1665,-2.2825,-0.0415
780438022.0930569,52.364746999999994, 13.666689,810691.7798,810689.2893,-0.1664,-2.2826,-0.0415
780438022.1425278,52.367598, 13.665306,810692.5609,810690.0705,-0.1664,-2.2826,-0.0415
780438022.1919734,52.370446, 13.663922999999999,810693.7766,810691.2862,-0.1663,-2.2826,-0.0415
780438022.2414317,52.373295999999996, 13.66254,810693.6470,810691.1566,-0.1663,-2.2826,-0.0415
780438022.29089,52.376145, 13.661157,810694.3511,810691.8607,-0.1662,-2.2827,-0.0415
780438022.3403482,52.378994999999996, 13.659773999999999,810695.0053,810692.5149,-0.1662,-2.2827,-0.0415
780438022.3898191,52.381845, 13.658389999999999,810695.5422,810693.0519,-0.1661,-2.2827,-0.0415
780438022.4392774,52.384693999999996, 13.657005999999999,810696.2057,810693.7154,-0.1661,-2.2828,-0.0415
780438022.4887483,52.387544, 13.655622,810696.8777,810694.3874,-0.1660,-2.2828,-0.0415
780438022.5382066,52.390394, 13.654238,810697.5561,810695.0658,-0.1660,-2.2828,-0.0415
780438022.5876648,52.393243, 13.652854,810698.1052,810695.6149,-0.1659,-2.2829,-0.0415
780438022.6371229,52.396093, 13.65147,810698.7512,810696.2610,-0.1659,-2.2829,-0.0415
780438022.6865938,52.398942999999996, 13.650084999999999,810699.4977,810697.0075,-0.1658,-2.2829,-0.0415
780438022.7360394,52.401790999999996, 13.648700999999999,810700.4495,810697.9593,-0.1658,-2.2829,-0.0415
780438022.7855103,52.404641, 13.647316,810701.3397,810698.8495,-0.1657,-2.2830,-0.0415
780438022.8349557,52.407489999999996, 13.645932,810701.8508,810699.3606,-0.1657,-2.2830,-0.0415
780438022.8844268,52.41034, 13.644546,810702.3572,810699.8671,-0.1656,-2.2830,-0.0415
780438022.9338722,52.413188, 13.643162,810703.8906,810701.4005,-0.1656,-2.2831,-0.0415
780438022.9833434,52.416038, 13.641776,810704.9087,810702.4186,-0.1655,-2.2831,-0.0415
780438023.0328007,52.418887999999995, 13.640391,810708.2740,810705.7839,-0.1655,-2.2831,-0.0415
780438023.0822589,52.421737, 13.639005,810704.5639,810702.0738,-0.1655,-2.2831,-0.0415
780438023.1317298,52.424586999999995, 13.637618999999999,810705.0765,810702.5864,-0.1654,-2.2832,-0.0415
780438023.1811881,52.427436, 13.636232999999999,810705.7733,810703.2832,-0.1654,-2.2832,-0.0415
780438023.2306464,52.430285, 13.634846999999999,810706.3364,810703.8463,-0.1654,-2.2832,-0.0415
780438023.2801175,52.433135, 13.633460999999999,810707.1225,810704.6324,-0.1653,-2.2833,-0.0415
780438023.3295891,52.435984999999995, 13.632074,810707.7129,810705.2228,-0.1653,-2.2833,-0.0415
780438023.3790479,52.438834, 13.630688,810708.6240,810706.1339,-0.1653,-2.2833,-0.0415
780438023.4285066,52.441683999999995, 13.629301,810709.6363,810707.1462,-0.1652,-2.2834,-0.0415
780438023.4779782,52.444533, 13.627913999999999,810709.6954,810707.2053,-0.1652,-2.2834,-0.0415
780438023.527437,52.447382999999995, 13.626527,810710.2697,810707.7797,-0.1652,-2.2834,-0.0414
780438023.5768957,52.450232, 13.62514,810719.6059,810717.1159,-0.1652,-2.2834,-0.0414
780438023.6263671,52.453081999999995, 13.623752,810719.8108,810717.3208,-0.1651,-2.2835,-0.0414
780438023.675813,52.455929999999995, 13.622364999999999,810719.8446,810717.3546,-0.1651,-2.2835,-0.0414
780438023.7252841,52.45878, 13.620977,810721.1091,810718.6191,-0.1651,-2.2835,-0.0414
780438023.7747552,52.461628999999995, 13.619589,810712.8833,810710.3933,-0.1650,-2.2836,-0.0414
780438023.8242261,52.464479, 13.618201,810713.3667,810710.8767,-0.1650,-2.2836,-0.0414
780438023.8736844,52.467327999999995, 13.616812999999999,810713.6866,810711.1966,-0.1650,-2.2836,-0.0414
782770823.0891445,52.331311, 13.687619,810525.9582,810523.4550,-0.1678,-2.3156,-0.0198
782770823.1385906,52.33416, 13.686238,810526.4742,810523.9710,-0.1679,-2.3156,-0.0198
782770823.1880364,52.337008999999995, 13.684858,810530.4156,810527.9123,-0.1679,-2.3156,-0.0198
782770823.2374825,52.339858, 13.683478,810530.9286,810528.4253,-0.1679,-2.3156,-0.0198
782770823.2869413,52.342707999999995, 13.682096999999999,810532.8022,810530.2989,-0.1679,-2.3156,-0.0198
782770823.3363869,52.345557, 13.680715999999999,810533.1101,810530.6068,-0.1679,-2.3156,-0.0198
782770823.3858323,52.348406, 13.679335,810532.8484,810530.3451,-0.1680,-2.3156,-0.0198
782770823.4352779,52.351254999999995, 13.677954,810533.1386,810530.6353,-0.1680,-2.3156,-0.0198
782770823.4847236,52.354105, 13.676573,810532.7297,810530.2264,-0.1680,-2.3156,-0.0198
782770823.534169,52.356953, 13.675192,810533.4379,810530.9345,-0.1680,-2.3155,-0.0198
782770823.5836146,52.359803, 13.67381,810534.1056,810531.6022,-0.1680,-2.3155,-0.0198
782770823.6330597,52.362651, 13.672429,810534.6330,810532.1296,-0.1681,-2.3155,-0.0198
782770823.6825054,52.3655, 13.671047,810535.3286,810532.8252,-0.1681,-2.3155,-0.0198
782770823.7319636,52.36835, 13.669665,810535.9615,810533.4581,-0.1681,-2.3155,-0.0198
782770823.781409,52.371199, 13.668282999999999,810537.6244,810535.1210,-0.1681,-2.3155,-0.0198
782770823.8308547,52.374047999999995, 13.666901,810537.1747,810534.6713,-0.1681,-2.3155,-0.0198
782770823.8803,52.376897, 13.665517999999999,810537.8563,810535.3528,-0.1682,-2.3155,-0.0198
782770823.9297583,52.379746999999995, 13.664135,810538.5364,810536.0329,-0.1682,-2.3155,-0.0198
782770823.9792166,52.382596, 13.662752,810539.0518,810536.5483,-0.1682,-2.3155,-0.0198
782770824.028661,52.385445, 13.66137,810540.0172,810537.5136,-0.1682,-2.3155,-0.0198
782770824.0781066,52.388293999999995, 13.659987,810540.6416,810538.1380,-0.1683,-2.3156,-0.0198
782770824.127552,52.391143, 13.658603999999999,810541.0801,810538.5764,-0.1683,-2.3156,-0.0198
782770824.1770103,52.393992, 13.657219999999999,810541.6089,810539.1051,-0.1684,-2.3157,-0.0198
782770824.2264559,52.396840999999995, 13.655837,810542.2769,810539.7730,-0.1684,-2.3157,-0.0198
782770824.2759013,52.39969, 13.654453,810542.8370,810540.3330,-0.1684,-2.3158,-0.0198
782770824.3253596,52.402539, 13.653068999999999,810543.4870,810540.9829,-0.1685,-2.3158,-0.0198
782770824.3748052,52.405387999999995, 13.651684999999999,810544.7813,810542.2771,-0.1685,-2.3159,-0.0198
782770824.4242506,52.408237, 13.650300999999999,810527.4717,810524.9674,-0.1686,-2.3159,-0.0198
782770824.4737089,52.411086999999995, 13.648916999999999,810546.7913,810544.2869,-0.1686,-2.3160,-0.0198
782770824.5231545,52.413934999999995, 13.647532,810548.4977,810545.9933,-0.1687,-2.3160,-0.0197
782770824.5726125,52.416785, 13.646147,810550.0793,810547.5748,-0.1687,-2.3161,-0.0197
782770824.6220586,52.419633, 13.644763,810552.6751,810550.1705,-0.1688,-2.3161,-0.0197
782770824.6715047,52.422481999999995, 13.643378,810547.6830,810545.1783,-0.1688,-2.3162,-0.0197
782770824.7209635,52.425332, 13.641993,810548.6562,810546.1514,-0.1688,-2.3162,-0.0197
782770824.7704093,52.42818, 13.640607999999999,810549.3076,810546.8027,-0.1689,-2.3163,-0.0197
782770824.8198555,52.431028999999995, 13.639222,810550.0481,810547.5431,-0.1689,-2.3163,-0.0197
782770824.8693142,52.433878, 13.637837,810550.8896,810548.3845,-0.1690,-2.3164,-0.0197
782770824.9187603,52.436727, 13.636451,810551.4414,810548.9362,-0.1690,-2.3164,-0.0197
782770824.968219,52.439577, 13.635064999999999,810551.9327,810549.4275,-0.1691,-2.3165,-0.0197
782770825.0176647,52.442425, 13.633678999999999,810552.4817,810549.9764,-0.1691,-2.3165,-0.0197
782770825.0671239,52.445274999999995, 13.632292999999999,810553.0401,810550.5348,-0.1691,-2.3165,-0.0197
782770825.1165566,52.448122, 13.630906999999999,810554.0470,810551.5417,-0.1692,-2.3164,-0.0197
782770825.1660149,52.450972, 13.62952,810555.2056,810552.7003,-0.1692,-2.3164,-0.0197
782770825.2154605,52.45382, 13.628134,810556.1063,810553.6010,-0.1692,-2.3164,-0.0197
782770825.2649059,52.456669, 13.626747,810564.3184,810561.8131,-0.1692,-2.3163,-0.0197
782770825.3143516,52.459517, 13.625361,810555.8234,810553.3181,-0.1693,-2.3163,-0.0197
782770825.3638098,52.462367, 13.623973,810556.3319,810553.8266,-0.1693,-2.3163,-0.0197
782770825.4132681,52.465216, 13.622586,810556.6494,810554.1441,-0.1693,-2.3163,-0.0197
782770825.4627135,52.468064, 13.621198999999999,810555.5934,810553.0881,-0.1693,-2.3162,-0.0197
